chr,start,stop,CpG_count,mean_group1,mean_group2,logFC,logCPM,PValue,FDR,fold_change
chr1,3780001,3780500,21,16.5,2.5,1.97707024786834,1.36609244878907,0.00111896284230236,0.042244195419431,3.93692778079617
chr1,7492501,7493000,26,30.5,3,2.61969396044699,2.0617268020827,8.61674567510779e-6,0.00626755523960233,6.14619679134344
chr1,7493001,7493500,25,51,5.5,2.50611670525363,2.74037085341171,3.8059639083824e-7,0.00101089767861199,5.68088896495015
chr1,7766501,7767000,6,4.5,11,-1.96095238210662,1.15283934865769,5.3847666330657e-4,0.029818069377163,0.256858837641191
chr1,7933001,7933500,14,19,2.5,2.18187908921258,1.51299598130881,6.1092893925983e-4,0.0332296418298876,4.53744164549091
chr1,8593501,8594000,4,2.5,8,-2.31632267984283,0.721001592347713,8.6570265407353e-4,0.0375689514448215,0.200778587099777
chr1,9793001,9793500,19,16.5,2.5,1.9737442170584,1.36275736669227,9.0646919322598e-4,0.0375689514448215,3.92786192815295
chr1,10602501,10603000,7,2.5,8,-2.31579994978062,0.723140032036042,9.5738305310524e-4,0.0375689514448215,0.200851348159042
chr1,16622501,16623000,18,35,3,2.79780078597674,2.21574980955457,4.18882218960651e-9,5.20486675170798e-5,6.95379620198671
chr1,16728501,16729000,15,2.5,8,-2.31580000287742,0.723140032036042,9.5736872557504e-4,0.0375689514448215,0.200851340766931
chr1,17058001,17058500,15,17,2.5,2.01781068938236,1.39633101660924,0.00133083108938928,0.0468148723918073,4.04968779401343
chr1,21273501,21274000,12,17,2.5,2.01697445940153,1.39566048802411,0.001200937811076,0.0450936922553617,4.04734115179914
chr1,33709501,33710000,8,3.5,11,-2.30985863471101,1.07794578390927,1.9354719298074e-4,0.0214969026490991,0.201680200865411
chr1,33764501,33765000,2,5.5,12,-1.80342070299872,1.29570514875844,9.4888517307432e-4,0.0375689514448215,0.286494489850157
chr1,34298001,34298500,4,4,10,-1.98972556135683,1.03514802231027,6.733764545022e-4,0.0354058278541578,0.25178677944439
chr1,36336501,36337000,19,20.5,2.5,2.28502696951778,1.593116108928,7.22578161826145e-5,0.0141074087975906,4.87373216264384
chr1,37850501,37851000,5,9.5,16.5,-1.48935795546492,1.77621752412543,2.717380999464e-4,0.0221995249485186,0.356171020907717
chr1,39989501,39990000,10,20.5,2.5,2.27666760525598,1.58856270919296,3.4258010647646e-4,0.0258622574211189,4.84557410019547
chr1,40218001,40218500,3,5.5,12,-1.80469092094606,1.29501061227175,7.5825031903543e-4,0.0375689514448215,0.286242357363797
chr1,41599501,41600000,6,8,17,-1.77567100358834,1.73325209643519,3.64135913924381e-5,0.0130507276524771,0.292058442924377
chr1,45949501,45950000,4,3,9.5,-2.31009925270745,0.911937276960517,5.3508096666042e-4,0.0297607045315696,0.201646566703047
chr1,47443501,47444000,24,28,4.5,1.90731268610059,2.02146515493305,3.06197679888738e-5,0.0122369044545199,3.75109730114078
chr1,52367001,52367500,15,21,2.5,2.33362076173275,1.62077833226497,2.2219821002176e-4,0.0217239916706777,5.04068835681913
chr1,58693001,58693500,3,4,9.5,-1.91533720305587,0.994374918023686,9.1693449057221e-4,0.0375689514448215,0.265109963590953
chr1,61044501,61045000,6,4.5,13,-2.20017434598643,1.29705242033118,8.24988185568414e-5,0.0149461258298752,0.217611341463835
chr1,63745501,63746000,4,3.5,9.5,-2.10211181809697,0.952701858020413,0.00139200092276234,0.0476049343097729,0.232917054064535
chr1,64334501,64335000,4,3.5,11.5,-2.37058386482567,1.11792069714094,2.3816184529034e-4,0.0217239916706777,0.193367351764707
chr1,64969501,64970000,6,2.5,8,-2.31621878886922,0.721707585381221,8.5888038110361e-4,0.0375689514448215,0.200793046034873
chr1,67948001,67948500,2,7,13,-1.57986318893451,1.4541368497165,9.4806272481996e-4,0.0375689514448215,0.334513609186379
chr1,67977501,67978000,4,2.5,8,-2.31618039467457,0.723120441178209,8.5888038110361e-4,0.0375689514448215,0.200798389776731
chr1,69450001,69450500,6,4.5,11.5,-2.02479093718743,1.1902248791605201,5.6352280919363e-4,0.0308579585640042,0.245740757668681
chr1,70225001,70225500,4,4,10.5,-2.0582681951752,1.0776212550986,8.9459648484345e-4,0.0375689514448215,0.240104076796481
chr1,78045501,78046000,28,20.5,3.5,1.81460660578423,1.64664990290036,6.1875794225655e-4,0.0335487341158451,3.5176369833274
chr1,79334001,79334500,7,5.5,12.5,-1.86311254075518,1.32968891279115,4.7567056267043e-4,0.0281127206952951,0.274882593641354
chr1,83603001,83603500,2,3,9,-2.23421606044892,0.866691135594642,6.6850122310863e-4,0.0351595086219071,0.212536707775727
chr1,85145001,85145500,3,4.5,13,-2.2000640117654102,1.29701364235825,7.97100512788602e-5,0.0146893623099335,0.217627984548689
chr1,87382501,87383000,5,4,11,-2.12489284917482,1.1155362586438,1.9354719298074e-4,0.0214969026490991,0.229268038202332
chr1,87869001,87869500,4,5,11.5,-1.87736544399085,1.22496489192202,5.118616161639e-4,0.028919031002322,0.272180300069644
chr1,89225501,89226000,7,2.5,8,-2.31618039467457,0.723120441178209,8.5888038110361e-4,0.0375689514448215,0.200798389776731
chr1,92740501,92741000,3,14,19.5,-1.17713622457457,2.09809917660181,9.2626072637582e-4,0.0375689514448215,0.4422284588559
chr1,97364501,97365000,6,5,12,-1.93743141284834,1.26122505696397,5.6536334591221e-4,0.030914193581426,0.261080857354455
chr1,99679001,99679500,5,6.5,15.5,-1.93623977118117,1.57520446134979,4.26033034951079e-5,0.0130634844750863,0.261296594805874
chr1,101032501,101033000,7,3.5,11,-2.30981997114534,1.07932507306288,1.9354719298074e-4,0.0214969026490991,0.201685605874758
chr1,103555501,103556000,8,7,14,-1.68605004848644,1.51399054977352,3.9175805168684e-4,0.0281127206952951,0.310776635896876
chr1,106914001,106914500,5,4.5,11.5,-2.02454550311862,1.19019251689603,1.9663862002146e-4,0.0217153799289572,0.245782567117597
chr1,108168501,108169000,6,9.5,16,-1.44557732173386,1.75117388592706,4.4814395816398e-4,0.0281127206952951,0.367145208813087
chr1,112869001,112869500,8,7.5,13.5,-1.53662286748075,1.51031995694412,6.1769885268887e-4,0.0334963509066742,0.344691381670535
chr1,113739501,113740000,4,2.5,8.5,-2.4026475179358,0.77288307983055,4.9049913259967e-4,0.0281127206952951,0.18911719949921801
chr1,114512501,114513000,15,27,4.5,1.85501850983754,1.98285575104357,5.22263832575982e-5,0.0135727932641176,3.61756392344261
chr1,114657501,114658000,4,13,20,-1.31916970201367,2.0811241421965,3.6327234361795e-4,0.0271638358633624,0.400765520491071
chr1,115181501,115182000,3,17,23.5,-1.16849225696616,2.3482168240301,5.1242829407425e-4,0.0289449960229128,0.444886042703986
chr1,115422001,115422500,6,8,13.5,-1.44522895056925,1.54006071162429,0.00126996188760929,0.0468148723918073,0.367233874985839
chr1,115916501,115917000,9,17,2.5,2.02538316296029,1.39698279656342,0.00131769224372348,0.0468148723918073,4.07099983487482
chr1,116023501,116024000,3,5,11.5,-1.87734625305229,1.2256497206224,5.118616161639e-4,0.028919031002322,0.272183920675531
chr1,116069001,116069500,2,2.5,9.5,-2.56380210637237,0.866286603476454,1.6162920201923e-4,0.0191207805866105,0.169129226646476
chr1,116080501,116081000,1,4.5,11.5,-2.02452685836253,1.19089248291712,1.9663862002146e-4,0.0217153799289572,0.245785743523904
chr1,116251001,116251500,11,20.5,3,2.03056410794554,1.61784612318338,2.740699281129e-4,0.0221995249485186,4.08564571819077
chr1,116344001,116344500,7,4.5,10.5,-1.89442629799895,1.11453453534673,8.8297719639636e-4,0.0375689514448215,0.268980539130643
chr1,116976001,116976500,6,10.5,17.5,-1.43153420938335,1.87185710103803,3.108932803994e-4,0.0242410264927834,0.370736429632321
chr1,118065001,118065500,4,6.5,12.5,-1.62825856183408,1.39073368234758,0.0010726184264012,0.0406524752745375,0.323478434165412
chr1,118185001,118185500,27,18.5,2.5,2.13769268124324,1.48124995862248,4.9433937668299e-4,0.0281127206952951,4.40057693934752
chr1,118516501,118517000,8,7,17,-1.96492293693933,1.68166131405951,6.44056664725449e-5,0.0137575259285099,0.256152888066512
chr1,118543001,118543500,2,4.5,10.5,-1.89440683189481,1.11521817666985,8.8297719639636e-4,0.0375689514448215,0.268984168475974
chr1,118543501,118544000,4,3.5,9.5,-2.1002826985689,0.954109527013555,9.1693449057221e-4,0.0375689514448215,0.233212545008188
chr1,118772001,118772500,2,7,13.5,-1.63398070219113,1.48268171952517,6.1130901066744e-4,0.0332296418298876,0.322197967383908
chr1,118820001,118820500,3,8.5,15,-1.51040313248976,1.64992176751959,7.2400860514845e-4,0.0368089479892141,0.35101312158071
chr1,118820501,118821000,5,8.5,15,-1.51042231417637,1.6492618278658,7.2400860514845e-4,0.0368089479892141,0.351008454635346
chr1,118832501,118833000,7,2.5,9.5,-2.56229932194235,0.866981571274585,3.0408335078629e-4,0.0241175800831843,0.169305492026684
chr1,118943001,118943500,3,7.5,16.5,-1.82416617057135,1.68067847892593,2.47439052493872e-5,0.0105908420662836,0.282404274257639
chr1,118943501,118944000,1,3,9,-2.23754353862976,0.864561889337862,7.5421565071886e-4,0.0375689514448215,0.212047071160223
chr1,118983501,118984000,24,28.5,4.5,1.93270032688644,2.04035551270902,1.95089168002197e-5,0.00958240475830527,3.8176909726868
chr1,118984001,118984500,33,26.5,4,1.99459665726407,1.94276051036647,3.35717848410354e-5,0.0129753448062692,3.98504677259687
chr1,118985501,118986000,13,31.5,7.5,1.35141596133635,2.26144502877373,5.4293739293998e-4,0.030051227485286,2.55162436784108
chr1,118986001,118986500,25,60,14,1.395043474339,3.1105524060436,1.0442777524851e-4,0.0161166266587933,2.62996477087824
chr1,118999001,118999500,13,20,2.5,2.24943035590856,1.56431940864298,1.8385892105222e-4,0.0208690299986604,4.75495061038828
chr1,118999501,119000000,20,24,4,1.8618277244953,1.83863377243431,4.9159734659778e-4,0.0281127206952951,3.6346784146412
chr1,119016001,119016500,26,19,3,1.92178194300126,1.53793042117988,6.8486906549201e-4,0.0359643756014137,3.78890756243243
chr1,119021501,119022000,11,4.5,11.5,-2.02452685836253,1.19089248291712,1.9663862002146e-4,0.0217153799289572,0.245785743523904
chr1,119048501,119049000,20,34,5,2.0369915954012,2.25320223846427,1.69595220296537e-6,0.00224402915308109,4.10388867356672
chr1,119050001,119050500,3,10.5,20.5,-1.65866335653339,2.00584670311154,1.60327257242817e-5,0.00879341726243976,0.316732462260286
chr1,119064501,119065000,6,12,18.5,-1.32123361879115,1.98139225027117,9.0885420782994e-4,0.0375689514448215,0.400192596010873
chr1,119085001,119085500,13,27.5,5.5,1.59525432530969,2.04225481593405,5.9372503769831e-4,0.0323635230966586,3.02147776499925
chr1,119172501,119173000,22,27,3,2.44840657303855,1.92368561606954,9.53090666947285e-5,0.0161166266587933,5.45812930526288
chr1,119198001,119198500,3,10,16,-1.37236943966948,1.77523093405335,8.1054752997944e-4,0.0375689514448215,0.386256351151946
chr1,119250501,119251000,11,18,2.5,2.0986750254387,1.45355992960288,7.5825031903543e-4,0.0375689514448215,4.28315838039258
chr1,119321001,119321500,6,22.5,3,2.16690875765961,1.72058927890805,7.03859049046029e-5,0.0139051779983942,4.49060167403515
chr1,119580501,119581000,9,24.5,3.5,2.07840609780199,1.83766357152143,1.074295094394e-4,0.0161166266587933,4.22340353029949
chr1,119649501,119650000,14,26.5,3,2.39848957125166,1.89740126035765,5.6488576944386e-6,0.00479721079511063,5.27250870250427
chr1,120001001,120001500,10,6.5,14,-1.78545502098798,1.48706149243559,8.2821693468566e-4,0.0375689514448215,0.290084472534674
chr1,121400001,121400500,4,25.5,41.5,-1.39046204087015,3.04426832551037,4.4840446876545e-5,0.0133662435452248,0.381442620974956
chr1,121598001,121598500,1,3.5,10,-2.17382153362073,0.996063332205891,0.00102825648609514,0.039290730361262,0.22162283861673
chr1,121775501,121776000,11,18,26.5,-1.25864973907413,2.4789339140411,9.48652359820071e-5,0.0161166266587933,0.417934934379918
chr1,125069501,125070000,23,7.5,14,-1.58732884921487,1.54372477787394,9.8199286282727e-4,0.0376293566522436,0.332787038883932
chr1,125178501,125179000,25,7,21.5,-2.30158534255327,1.90380115509096,3.17400921859604e-8,2.1716410364306e-4,0.202840080536913
chr1,125179001,125179500,22,7,23,-2.39846900284659,1.97122272856974,3.6651804615562104e-9,4.89155889382122e-5,0.189665738542763
chr1,125179501,125180000,27,141.5,488.5,-2.47156373651809,6.36662517157262,4.12461504330968e-19,4.9542492789322e-14,0.18029562114875
chr1,125180001,125180500,27,1878.5,2344.5,-1.00555945596649,9.02339979718218,1.01593619637169e-5,0.00674353514489981,0.498076947028135
chr1,125180501,125181000,22,4.5,14,-2.30628013003885,1.36357817970389,8.65405812792669e-6,0.00626755523960233,0.202181075507128
chr1,125182001,125182500,26,11,64.5,-3.22762112516515,3.25075538708184,3.61645142582898e-18,3.55407750178278e-13,0.10675524625619
chr1,125182501,125183000,29,69.5,148.5,-1.77948220414601,4.75544223858131,5.631784134301881e-9,6.75576619640228e-5,0.291287923638734
chr1,125183001,125183500,25,28,46.5,-1.42237546080521,3.19298597086276,1.1195417802247e-5,0.00674353514489981,0.373097484717609
chr1,143195001,143195500,30,52.5,88,-1.43199055387143,4.09846897813248,6.53253535623958e-7,0.00136066543951541,0.370619179093109
chr1,143202501,143203000,30,7,26.5,-2.60198635539972,2.11980742823453,4.3827363067115e-11,1.50442836637981e-6,0.164711551754515
chr1,143212501,143213000,25,5.5,24.5,-2.82862998266314,1.97674161571816,4.4533266228214296e-11,1.50442836637981e-6,0.140765921784939
chr1,143213001,143213500,18,18.5,51,-2.16150984616035,3.11078711721234,1.84275705472786e-16,1.5323630564295e-11,0.223522219085138
chr1,143214001,143214500,28,10,29.5,-2.24895736785205,2.33579920337905,9.88771149049617e-10,1.81167677578781e-5,0.210376087167164
chr1,143214501,143215000,25,82,146.5,-1.54310470816479,4.80984545853615,6.3393615175332e-28,2.28434243419196e-22,0.343146201986819
chr1,143215501,143216000,26,8.5,16,-1.60292617233426,1.70372895185032,2.0039279904216e-4,0.0217239916706777,0.329208576818577
chr1,143219501,143220000,27,21,38,-1.55372724401942,2.86959928071054,3.30834787713774e-7,9.2413867930916e-4,0.340628901886285
chr1,143220001,143220500,26,29,55.5,-1.63907442492963,3.37413500873382,1.1577513363528699e-12,5.95981719826128e-8,0.32106238903657
chr1,143220501,143221000,29,11.5,22.5,-1.66293473424701,2.12718951754527,5.99284915619147e-6,0.00483058848803727,0.31579610136635
chr1,143222501,143223000,30,20.5,31.5,-1.32103422334856,2.69200673178779,6.50888063128654e-6,0.00502591586505602,0.400247910607621
chr1,143238001,143238500,26,11.5,20.5,-1.52924351173624,2.04546063958529,3.39139592945093e-5,0.0130068934895622,0.346458987846921
chr1,143239501,143240000,26,9.5,16.5,-1.48919548088541,1.77880714730794,5.5921943791155e-4,0.0306588837877395,0.356211134718254
chr1,143240001,143240500,28,14,22.5,-1.38255848107032,2.2168667127648,1.2293402821864e-4,0.0161574622075557,0.383538024016075
chr1,143240501,143241000,33,5,12.5,-1.99690292050234,1.29532361340573,2.3082983004961e-4,0.0217239916706777,0.250537259450121
chr1,143245501,143246000,25,11.5,20.5,-1.51690271007679,2.04802292212481,6.5510157364504e-4,0.0344698536848066,0.349435306770034
chr1,143246501,143247000,26,2.5,18,-3.47667517863504,1.49643379319915,4.74187335013006e-10,9.85788050758539e-6,0.0898289836644044
chr1,143247001,143247500,21,5,20.5,-2.68895401979977,1.76792662404076,5.23147254459758e-7,0.00112881602833158,0.155075854565382
chr1,143252501,143253000,31,23,83,-2.54546608511936,3.72523802487023,4.59603817819796e-18,4.1403716330841597e-13,0.171292502969568
chr1,143253001,143253500,24,33.5,88.5,-2.0985198518893,3.91612660942817,5.468104771222071e-15,4.22226740330332e-10,0.233497684435656
chr1,143263001,143263500,21,9,55,-3.29708873612439,3.01678751548401,7.2387309769282e-27,1.95631771763168e-21,0.101736640406036
chr1,143263501,143264000,25,6.5,51.5,-3.65822515749842,2.8805751862431,4.8681004477218795e-23,7.5179327011427e-18,0.0792071700144837
chr1,143264001,143264500,21,17,33,-1.65590438079677,2.6425198709453,3.39014425012134e-8,2.2622474434692e-4,0.317338753443343
chr1,143265001,143265500,19,11.5,18.5,-1.38186362329535,1.95987266713159,5.0350749331626e-4,0.028545505479583,0.383722795267202
chr1,143272501,143273000,27,3,9,-2.23531085207715,0.865976756016936,5.3625693651824e-4,0.0297607045315696,0.212375485107044
chr1,148362001,148362500,17,24.5,3,2.31314078806843,1.8160163157778,4.7340503035276e-4,0.0281127206952951,4.96963807481383
chr1,151423001,151423500,3,2.5,8.5,-2.40266698903901,0.772184637092593,4.9049913259967e-4,0.0281127206952951,0.189114647126363
chr1,153984501,153985000,6,4.5,11.5,-2.02541109929698,1.18949928708218,2.7373982559852e-4,0.0221995249485186,0.245635145358639
chr1,161777001,161777500,5,7,13.5,-1.63398097589015,1.48268813353486,6.1130901066744e-4,0.0332296418298876,0.322197906258543
chr1,164635501,164636000,19,17.5,2.5,2.05835590447068,1.42325997910204,0.001200937811076,0.0450936922553617,4.16511377333518
chr1,167740001,167740500,1,4,12,-2.24939467809458,1.19121135873088,3.89135082166807e-5,0.0130507276524771,0.210312327555448
chr1,168472501,168473000,5,2.5,8,-2.31621878886922,0.721707585381221,8.5888038110361e-4,0.0375689514448215,0.200793046034873
chr1,169825001,169825500,6,5,13.5,-2.10693973971561,1.36257905662272,7.09617554415957e-5,0.0139326168819391,0.232138909141437
chr1,170534501,170535000,6,4.5,10.5,-1.8944910725079,1.11454101395947,0.00112753332938926,0.0425465334794303,0.268968462641351
chr1,171529501,171530000,3,5,12.5,-1.99658797421977,1.2973890168965,1.9505621590243e-4,0.0216419271433569,0.250591958738348
chr1,172545001,172545500,1,3.5,11.5,-2.37358827076088,1.11726844949755,2.77326437769515e-5,0.0112875619114873,0.192965084129832
chr1,173978001,173978500,5,9.5,15.5,-1.39924506122694,1.72962549123367,0.00126446516374462,0.0468148723918073,0.379127480953403
chr1,175005501,175006000,6,5.5,12,-1.80470693407219,1.29431633329331,7.6678866140375e-4,0.0375689514448215,0.286239180247771
chr1,182028501,182029000,7,2.5,8.5,-2.40266726291731,0.772191161645853,4.9049913259967e-4,0.0281127206952951,0.189114611225225
chr1,183909501,183910000,7,4,11,-2.12491204232136,1.11484599826866,1.9354719298074e-4,0.0214969026490991,0.229264988115059
chr1,184899001,184899500,7,6,13.5,-1.85113497261069,1.42494030780097,1.1335362910833e-4,0.0161166266587933,0.277174228407603
chr1,185801501,185802000,4,4,9.5,-1.91535612235991,0.993673485046738,9.1693449057221e-4,0.0375689514448215,0.265106486998204
chr1,192529501,192530000,4,4.5,10,-1.82470167238431,1.07451012184023,0.00143831407736382,0.0488396089466156,0.282299470447052
chr1,192602501,192603000,3,5.5,12,-1.80342069342527,1.29570514875844,9.4888677751229e-4,0.0375689514448215,0.286494491751279
chr1,192651001,192651500,3,2.5,9,-2.48434384218379,0.820361649676044,1.7508197483749e-4,0.020225317065038,0.178705526752085
chr1,198324501,198325000,7,7,13,-1.57992102069453,1.4521266343426,9.4806272481996e-4,0.0375689514448215,0.334500200168891
chr1,200423001,200423500,4,2.5,8,-2.31621878886922,0.721707585381221,8.5888038110361e-4,0.0375689514448215,0.200793046034873
chr1,200617501,200618000,5,4.5,11,-1.9609718479378,1.15215751283859,5.3847666330657e-4,0.029818069377163,0.256855371948928
chr1,204495501,204496000,9,5,11.5,-1.87585793233817,1.22562385975156,0.00130324054993719,0.0468148723918073,0.272464857381985
chr1,207742001,207742500,9,2.5,8.5,-2.40266726291731,0.772191161645853,4.9049913259967e-4,0.0281127206952951,0.189114611225225
chr1,208281001,208281500,7,3.5,10.5,-2.24335092370724,1.03687199158456,1.0444273332139e-4,0.0161166266587933,0.211195218354301
chr1,211772001,211772500,8,2.5,8,-2.31623937892867,0.722407340880041,8.9233244500891e-4,0.0375689514448215,0.200790180348685
chr1,214664001,214664500,3,4,9.5,-1.91930313671733,0.992985300466131,0.00135728554181368,0.0470578560588441,0.264382183516934
chr1,219289001,219289500,6,8,15.5,-1.64292869928232,1.65421465127531,3.2518726815906e-4,0.0249088350555267,0.320205790117189
chr1,220280001,220280500,5,4.5,11.5,-2.02452631082111,1.19087953284133,1.9663862002146e-4,0.0217153799289572,0.245785836806196
chr1,220623001,220623500,5,3,9.5,-2.31232319785451,0.912617765686555,3.1896213366599e-4,0.0244856781841461,0.201335963685799
chr1,227140501,227141000,3,3.5,10,-2.17333914804371,0.996765723714099,5.933198720004e-4,0.0323430686596165,0.221696953750488
chr1,230136501,230137000,23,23.5,4,1.82204698678582,1.81157236960825,3.2127730303948e-4,0.0246440250283703,3.53582527981772
chr1,231577001,231577500,6,8,16,-1.68872743968596,1.68035588029941,9.1365481591839e-5,0.0158424628530433,0.310200423326245
chr1,235507501,235508000,6,5,11.5,-1.88308879432417,1.22357662033532,0.00115006107950507,0.0433398950238866,0.271102665996328
chr1,235814001,235814500,2,4.5,10,-1.82464436931626,1.07659162099809,0.00143831407736382,0.0488396089466156,0.282310683452277
chr1,236078001,236078500,5,3.5,9.5,-2.10030161948743,0.953405552794186,9.1693449057221e-4,0.0375689514448215,0.233209486450068
chr1,237951001,237951500,8,11.5,20.5,-1.5292829549101,2.04421833537285,3.39139592945093e-5,0.0130068934895622,0.346449515813747
chr1,238780501,238781000,5,7,13.5,-1.63392314414813,1.48469386846529,6.1130901066744e-4,0.0332296418298876,0.322210822113342
chr1,239968501,239969000,7,6.5,12.5,-1.62758934808616,1.39211081442101,0.00131778616723076,0.0468148723918073,0.323628518850427
chr1,241306001,241306500,6,23.5,3,2.22669286774785,1.76716648927809,2.78443495790608e-5,0.0113245002019386,4.68059801735527
chr1,241649001,241649500,3,4,10,-1.98864296199419,1.03516748032777,5.4925102199915e-4,0.0301953170433493,0.251975791327355
chr1,243884501,243885000,6,7,14.5,-1.73884227730069,1.54139490797581,4.2764730700406e-4,0.0281127206952951,0.29961000842191
chr1,245041001,245041500,7,7,15,-1.78493778620634,1.57220206718075,1.5813298703289e-4,0.0188765665532463,0.290188492216066
chr1,245678001,245678500,11,17.5,2.5,2.05856266712277,1.42590741265445,7.7446714039359e-4,0.0375689514448215,4.16571074751207
chr2,286001,286500,7,6.5,13.5,-1.73848443479938,1.45379119556588,2.740699281129e-4,0.0221995249485186,0.299684332162783
chr2,1742001,1742500,23,19,2.5,2.18187911405056,1.51299598130881,6.1093104365816e-4,0.0332296418298876,4.53744172360921
chr2,3256001,3256500,18,23,2.5,2.4331431384155,1.71321475258343,3.1640549833662e-4,0.0243759409247321,5.40068774848715
chr2,3419501,3420000,16,16.5,2.5,1.97706611231281,1.36609878353795,0.00112021308670281,0.0422836707114985,3.93691649541731
chr2,8847501,8848000,10,5,11,-1.81375231071024,1.18918076843214,8.2667203922442e-4,0.0375689514448215,0.284450138636013
chr2,8848001,8848500,10,5.5,13.5,-1.97093846283879,1.39476128280174,3.3284159456392e-4,0.0252696005887154,0.255087045141913
chr2,8979501,8980000,7,5.5,11.5,-1.74378221307415,1.26022269484935,0.001200937811076,0.0450936922553617,0.298585867409567
chr2,9374501,9375000,27,21,3,2.06510159637687,1.64436563889572,1.7187626673274e-4,0.0199273977770873,4.18463443594929
chr2,9678501,9679000,12,19.5,3,1.9547810789677,1.56398174091747,0.00115791024077062,0.0435931389482408,3.87657097479631
chr2,11160501,11161000,17,16,2.5,1.93010216315168,1.33185577555069,0.00137461472330829,0.0470578560588441,3.81082184254216
chr2,11408501,11409000,4,2.5,10,-2.63547944531388,0.911534775392162,6.12201529997438e-5,0.0135727932641176,0.160931712981627
chr2,11777501,11778000,15,20,2.5,2.24845263794262,1.56300897665484,2.1510908042306e-4,0.0217239916706777,4.75172926038467
chr2,12509001,12509500,9,6,13,-1.79687928960024,1.3937641316892,7.1535770913702e-4,0.0368089479892141,0.287796451774787
chr2,14747001,14747500,6,19.5,2.5,2.21556769236762,1.53893096863922,1.8475527442734e-4,0.0209377948216421,4.64464293881828
chr2,17446501,17447000,6,3,11,-2.52207663644754,1.03927945249499,5.99342283540676e-5,0.0135727932641176,0.174092187002264
chr2,17684501,17685000,3,2.5,8,-2.3162193366617,0.721720634536982,8.5888038110361e-4,0.0375689514448215,0.200792969793606
chr2,18253001,18253500,5,5,11.5,-1.87736517022011,1.2249584292672,5.118616161639e-4,0.028919031002322,0.272180351719512
chr2,18463001,18463500,5,5,12.5,-1.98832247407204,1.29805859000683,5.1270984960906e-4,0.0289593867654104,0.2520317727828
chr2,19248001,19248500,1,2.5,9,-2.48424347424357,0.820342084688092,1.5741336353817e-4,0.0187989674722654,0.178717959684233
chr2,24850501,24851000,9,2.5,8,-2.31619959189953,0.722413868262201,8.5888038110361e-4,0.0375689514448215,0.200795717870261
chr2,26123501,26124000,4,3,11,-2.52207691023617,1.03928595493873,5.99342283540676e-5,0.0135727932641176,0.17409215396378
chr2,27833001,27833500,6,9,16.5,-1.57347292600003,1.75148331193329,7.9341257233048e-4,0.0375689514448215,0.335998587685636
chr2,30285001,30285500,5,5.5,13,-1.92225673841116,1.36087021419108,7.8387820716135e-4,0.0375689514448215,0.263841472661051
chr2,31940001,31940500,2,4.5,11,-1.96095272645679,1.152826397695,5.4924635689987e-4,0.0301953170433493,0.256858776332756
chr2,36398501,36399000,4,6,13,-1.79812285008979,1.39239863624656,7.1459357983508e-4,0.0368089479892141,0.28754848662322
chr2,36399001,36399500,4,6,14,-1.9047608728005,1.4534520015013,8.81725203079124e-5,0.01559412835906,0.267060613732292
chr2,37702001,37702500,3,2.5,10.5,-2.7017023335494,0.95688413859823,1.1134049388407e-4,0.0161166266587933,0.153711569930221
chr2,39716001,39716500,1,2.5,8,-2.31623939753329,0.722407340880041,8.9234821308788e-4,0.0375689514448215,0.200790177759347
chr2,43355501,43356000,2,3.5,9.5,-2.10028297241133,0.954116031330883,9.1693449057221e-4,0.0375689514448215,0.233212500741393
chr2,43924001,43924500,5,9,17,-1.60883290253248,1.77979561000787,1.7736931487223e-4,0.0204786068266264,0.327863475531586
chr2,45526501,45527000,4,3.5,10,-2.17404475553959,0.995374208701747,6.1670571065271e-4,0.0334811239943494,0.221588550533057
chr2,45921001,45921500,6,3,9,-2.2306245385108,0.86665854942468,0.00127018802097321,0.0468148723918073,0.213066467117381
chr2,46694501,46695000,6,3,9.5,-2.3125207164861,0.911224491461764,3.1252679489692e-4,0.0242410264927834,0.201308400770039
chr2,46760001,46760500,8,5.5,12,-1.8046911946989,1.29501706724838,7.5825031903543e-4,0.0375689514448215,0.286242303049025
chr2,53981501,53982000,6,8,13.5,-1.44522812947203,1.54004151195268,0.00126996188760929,0.0468148723918073,0.367234083993836
chr2,53993501,53994000,11,27,5.5,1.57106078870715,2.02396945579669,5.913678591426e-4,0.0322480434843225,2.97123103305163
chr2,54260001,54260500,2,5,11,-1.81325481605164,1.18986091566475,9.1648850763806e-4,0.0375689514448215,0.284548244488437
chr2,57868001,57868500,7,2.5,9,-2.48511642646197,0.820368171394057,3.6774776815809e-4,0.0274889803842071,0.178609852950523
chr2,61924501,61925000,15,24.5,3.5,2.06872751396082,1.83257859902394,1.1859593615822e-4,0.0161166266587933,4.19516488238571
chr2,62634501,62635000,5,2.5,9,-2.48422482473935,0.821058501743381,1.5741336353817e-4,0.0187989674722654,0.178720269959649
chr2,63506501,63507000,4,4,9.5,-1.91533720305587,0.994374918023686,9.1693449057221e-4,0.0375689514448215,0.265109963590953
chr2,71419001,71419500,6,4.5,11.5,-2.02452658459179,1.19088600786585,1.9663862002146e-4,0.0217153799289572,0.24578579016505
chr2,85797501,85798000,17,19.5,3,1.958946676099,1.5659330634935,4.5097789109835e-4,0.0281127206952951,3.88778025181229
chr2,86391501,86392000,6,2.5,8.5,-2.40266671516076,0.772178112567097,4.9049913259967e-4,0.0281127206952951,0.189114683027501
chr2,89815001,89815500,14,8,15,-1.59622331161596,1.62494601527163,3.4951854610665e-4,0.0262643775101197,0.330741661234932
chr2,89821001,89821500,13,6,13,-1.79706098679277,1.39308770090127,2.9937496273369e-4,0.0237528887509429,0.287760208138346
chr2,89822501,89823000,7,5,11.5,-1.88308867942324,1.22357662033532,0.00115004316442993,0.0433398950238866,0.271102687587827
chr2,89828001,89828500,3,13.5,21,-1.33544470058566,2.13858261594688,1.6884572390398e-4,0.0195928462022836,0.396269902071227
chr2,89831001,89831500,10,16.5,26,-1.35669328376551,2.4161935752347,6.9621253667312893e-05,0.0138045716451702,0.390476252533225
chr2,89834501,89835000,8,11.5,19,-1.42083733839118,1.98105954398871,0.00139502323503243,0.0477067849078054,0.373495472934453
chr2,89835001,89835500,6,12.5,20,-1.37502619503056,2.06357322384809,1.9737311328393e-4,0.0217239916706777,0.385545705930585
chr2,89837501,89838000,9,11.5,20.5,-1.52235515342505,2.04670991849322,5.9227776837493e-4,0.0322927750739306,0.34811716236477
chr2,91446501,91447000,1,20,26.5,-1.10800961878933,2.53113596197169,2.673406166583e-4,0.0221995249485186,0.463933645069903
chr2,94220501,94221000,2,23,33,-1.21452660088045,2.79146785356047,2.9565685219288e-4,0.0235234662259785,0.430914454888518
chr2,94221001,94221500,1,21,34.5,-1.41661478485349,2.78179779928735,2.15023848492166e-6,0.00272824883671114,0.374590239890969
chr2,94221501,94222000,3,5,13,-2.05286059358142,1.33002179294383,1.1724369351535e-4,0.0161166266587933,0.241005738993596
chr2,99361501,99362000,8,3,9.5,-2.31252099032859,0.91123100299825,3.1252679489692e-4,0.0242410264927834,0.201308362559061
chr2,100016501,100017000,7,18,2.5,2.09869473234812,1.45420731063552,7.5825031903543e-4,0.0375689514448215,4.28321688783063
chr2,105081001,105081500,19,21,3.5,1.84906359285094,1.67140862556955,3.9175805168684e-4,0.0281127206952951,3.60266271840153
chr2,105401501,105402000,7,12.5,18,-1.22385742308683,1.97660800654549,0.00131351200023836,0.0468148723918073,0.428136451531758
chr2,108808501,108809000,4,3,10,-2.38580755612038,0.955143946177073,1.8113381757618e-4,0.0207554463395178,0.191337617420197
chr2,109424501,109425000,12,6.5,14,-1.79059270021323,1.48437573660422,1.7187626673274e-4,0.0199273977770873,0.289053270263612
chr2,112684501,112685000,5,4.5,11,-1.96099076593663,1.15146298983806,5.3847666330657e-4,0.029818069377163,0.256852003837424
chr2,112841001,112841500,6,3,10,-2.38743013609183,0.953728915267227,2.4598527213109e-4,0.0218286789329611,0.191122543508526
chr2,113915001,113915500,10,5.5,11.5,-1.74482301787552,1.25750549818653,5.768065667054e-4,0.0314984870272992,0.29837053601716
chr2,119807501,119808000,8,4,11.5,-2.1889738416041,1.15387231553094,9.30940363507047e-5,0.0160454814936431,0.219307363544577
chr2,119845501,119846000,3,3.5,9.5,-2.10211181630377,0.952701858020413,0.00139200036059347,0.0476049343097729,0.23291705435404
chr2,135938001,135938500,5,4.5,10,-1.82468275416629,1.07520800965527,0.00143831407736382,0.0488396089466156,0.282303172295186
chr2,140609501,140610000,4,9,15,-1.42936684178893,1.67573203790854,0.00141483183314583,0.0482103333939154,0.371293807297573
chr2,142707501,142708000,12,19,2.5,2.17603078584287,1.51037581436228,2.9658620355118e-4,0.0235696530509832,4.51908529055573
chr2,143362001,143362500,5,2.5,8,-2.31618094246705,0.723133501722226,8.5888038110361e-4,0.0375689514448215,0.200798313533434
chr2,143510501,143511000,9,6,12.5,-1.7410839400026,1.3599048651602,5.501778906379e-4,0.0302045454654669,0.299144835224349
chr2,144399001,144399500,6,3.5,14,-2.65513883145405,1.29975401538303,1.1179333152733e-6,0.00178247376982782,0.158753595123646
chr2,144482001,144482500,9,9.5,15.5,-1.39967304871408,1.72634239215143,0.00120640767536187,0.0452739178116049,0.379015026312956
chr2,148061001,148061500,4,3.5,9.5,-2.10043286444284,0.953399051275435,0.00124987493225466,0.0468148723918073,0.233188271865138
chr2,148295001,148295500,2,2.5,9.5,-2.56141494396523,0.868404953525516,8.85327139054372e-5,0.01559412835906,0.169409308804488
chr2,148295501,148296000,7,2.5,8.5,-2.40266753679566,0.772197686226881,4.9049913259967e-4,0.0281127206952951,0.189114575324088
chr2,148934501,148935000,12,19.5,3.5,1.74296856158298,1.59506875183714,9.4806272481996e-4,0.0375689514448215,3.34723202889902
chr2,152426501,152427000,4,3.5,9.5,-2.10228955643463,0.952734352176969,0.0014124596759224,0.0481401241737511,0.232888360724071
chr2,157070001,157070500,4,2.5,9.5,-2.56145306482804,0.866994608558412,8.85327139054372e-5,0.01559412835906,0.169404832499021
chr2,159475501,159476000,6,4,10.5,-2.05826819677954,1.0776212550986,8.9459617480779e-4,0.0375689514448215,0.240104076529475
chr2,169699501,169700000,3,4,10,-1.98858483414036,1.03723543514181,0.00143831407736382,0.0488396089466156,0.251985943928303
chr2,172991001,172991500,7,5.5,11.5,-1.74378303438635,1.26024206914966,0.001200937811076,0.0450936922553617,0.298585697427595
chr2,174337501,174338000,45,19.5,2.5,2.22216100987288,1.54088337525367,5.5542738778898e-4,0.0304651109531053,4.66591818308105
chr2,177746001,177746500,3,3,10,-2.38146417669478,0.956521023446841,3.2395797487644e-4,0.0248198186863738,0.191914526667464
chr2,178176001,178176500,5,2.5,8.5,-2.40262886821212,0.773601394567644,4.9049913259967e-4,0.0281127206952951,0.189119644233699
chr2,178176501,178177000,1,3,10.5,-2.4555508261285,0.997811980852986,1.0444273332139e-4,0.0161166266587933,0.182307923922813
chr2,191187001,191187500,7,4,12,-2.24767439276335,1.19187933826597,1.9759016071192e-4,0.0217239916706777,0.210563255848017
chr2,195659001,195659500,7,2.5,8.5,-2.4026861860087,0.771479953897244,4.9049913259967e-4,0.0281127206952951,0.189112130722069
chr2,197586001,197586500,7,2.5,8.5,-2.4026475179358,0.77288307983055,4.9049913259967e-4,0.0281127206952951,0.18911719949921801
chr2,200170501,200171000,7,5.5,12.5,-1.86248662632174,1.32902172013182,6.1171080584385e-4,0.0332466822031055,0.275001877555173
chr2,203794501,203795000,5,4.5,10,-1.8246632880443,1.07589319878628,0.00143831407736382,0.0488396089466156,0.282306981405849
chr2,214709001,214709500,4,4.5,11,-1.96112898038486,1.1521380942798,5.6695276153554e-4,0.0309979673223369,0.256827397835114
chr2,221076501,221077000,4,4,10,-1.98864241434518,1.03515450828901,5.4925102199915e-4,0.0301953170433493,0.251975886977729
chr2,221570501,221571000,23,22.5,3,2.16391770804492,1.71803162797873,4.18501040185203e-5,0.0130634844750863,4.48130123410722
chr2,222297001,222297500,29,22.5,3.5,1.95718946609472,1.74569706824531,6.5249914058215e-4,0.0343379340349162,3.88304779806579
chr2,223001501,223002000,7,2.5,8.5,-2.40268673376536,0.771492997378269,4.9049913259967e-4,0.0281127206952951,0.189112058920749
chr2,223870501,223871000,16,19,2.5,2.17603133403028,1.51036323817273,2.9658620355118e-4,0.0235696530509832,4.51908700769352
chr2,223982001,223982500,8,9.5,16.5,-1.48935768187327,1.77621117439496,2.717380999464e-4,0.0221995249485186,0.35617108845174
chr2,226921001,226921500,3,2.5,8.5,-2.40268591213046,0.771473432198349,4.9049913259967e-4,0.0281127206952951,0.189112166622729
chr2,232091001,232091500,1,2.5,9.5,-2.56141521780767,0.868411477818097,8.85327139054372e-5,0.01559412835906,0.169409276648384
chr2,235262001,235262500,8,5,12,-1.93829279500496,1.25987810666169,3.1498270333189e-4,0.0242853893756727,0.260925021739926
chr2,235812501,235813000,21,18,2.5,2.11837391545969,1.45751695276394,0.00127266324831864,0.0468148723918073,4.34204270558851
chr2,235834501,235835000,12,21.5,4,1.69488123812508,1.72124609381482,0.00109793529405193,0.0415420809582574,3.23750234577904
chr2,235970501,235971000,16,23.5,2.5,2.4802709592219,1.73927588103205,9.8758699272299e-6,0.00674353514489981,5.58002257681578
chr2,236124501,236125000,17,25,2.5,2.56954827415414,1.81122349256203,2.26442331317617e-6,0.00286639930374264,5.93623528204463
chr2,236170501,236171000,14,23.5,3,2.22620430660855,1.76396660355243,2.52434982166034e-5,0.0105908420662836,4.67901322564288
chr2,237084501,237085000,9,22.5,3,2.16310568329451,1.71609369064533,7.7154819068982e-5,0.0142575247433339,4.47877963147111
chr2,239345501,239346000,10,27.5,5,1.73892798118432,2.02675407933603,2.7163016485166e-4,0.0221995249485186,3.33787049517237
chr2,240405001,240405500,17,17.5,2.5,2.05856267591148,1.42590741265445,7.7446825096599e-4,0.0375689514448215,4.16571077288901
chr3,8750501,8751000,6,6,11.5,-1.6215801390611,1.29264181371199,0.001200937811076,0.0450936922553617,0.324979329100705
chr3,11550501,11551000,6,2.5,8.5,-2.40262859433382,0.773594864355223,4.9049913259967e-4,0.0281127206952951,0.189119680135792
chr3,12398501,12399000,5,3,10,-2.38575214811461,0.955150454742393,1.9351421866744e-4,0.0214969026490991,0.191344966055283
chr3,15396001,15396500,7,3,9.5,-2.31253936466654,0.910511994517991,3.1252679489692e-4,0.0242410264927834,0.201305798687815
chr3,21691001,21691500,8,5.5,13,-1.91935466988421,1.36022458171252,1.1724369351535e-4,0.0161166266587933,0.264372739935674
chr3,29717501,29718000,8,5.5,11.5,-1.74384032935508,1.25818765199273,5.118616161639e-4,0.028919031002322,0.29857383967664
chr3,32215501,32216000,6,2.5,8,-2.31618039467457,0.723120441178209,8.5888038110361e-4,0.0375689514448215,0.200798389776731
chr3,33285501,33286000,8,3.5,14,-2.64339535845764,1.30107577590219,7.91874845092411e-5,0.0146031879911388,0.160051115991905
chr3,33657001,33657500,4,6.5,13,-1.68436637005219,1.42461337978194,6.8486906549201e-4,0.0359643756014137,0.311139535434567
chr3,37208501,37209000,4,3,10.5,-2.45646718266149,0.997122163445562,1.6109473785639e-4,0.0190638119622794,0.182192164175843
chr3,37324501,37325000,3,3.5,12,-2.43321898461267,1.15692942492107,5.12041220487898e-5,0.0135727932641176,0.185151868682706
chr3,37325001,37325500,1,4,10.5,-2.0583856843891,1.07553202759132,3.2698525815796e-4,0.0249351170750558,0.240084524160747
chr3,40296501,40297000,3,3.5,9.5,-2.10026363830026,0.954122535675568,9.2272092072404e-4,0.0375689514448215,0.233215626132746
chr3,41016001,41016500,1,4,10.5,-2.05838595819569,1.07553851062311,3.2698525815796e-4,0.0249351170750558,0.240084478595528
chr3,43711001,43711500,4,4,9.5,-1.91930325103492,0.992985300466131,0.00135730066413807,0.0470578560588441,0.264382162567578
chr3,45715001,45715500,6,5,12,-1.93659911470101,1.26127029198576,0.00120508062245081,0.0452351086887307,0.261231519691041
chr3,50809001,50809500,7,4.5,11.5,-2.02479092531579,1.1902248791605201,5.6349400592596e-4,0.0308579585640042,0.245740759690831
chr3,51369001,51369500,9,6,11.5,-1.62159932728243,1.29196131991381,0.001200937811076,0.0450936922553617,0.324975006819385
chr3,56797001,56797500,5,4,10,-1.98860430162152,1.03654801656344,5.4925102199915e-4,0.0301953170433493,0.251982543695835
chr3,66311001,66311500,12,2.5,11.5,-2.83460292727494,1.04029916582142,8.50757769224318e-6,0.00620575553136995,0.140184337357187
chr3,69831001,69831500,7,3.5,10,-2.17333915934372,0.996765723714099,5.9331763343426e-4,0.0323430686596165,0.221696952014029
chr3,69888501,69889000,12,11,17,-1.32377247436579,1.87086913171889,0.00127656161875869,0.0468148723918073,0.399488956161438
chr3,71081001,71081500,8,6,12.5,-1.74068540720364,1.36055036848684,5.4696338758188e-4,0.0301953170433493,0.299227482972666
chr3,71515501,71516000,6,5.5,14,-2.02231582323564,1.42665632328793,3.4772993567169e-4,0.0261572470182518,0.246162716856033
chr3,72572501,72573000,19,18.5,2.5,2.13790029458104,1.48323660053563,4.7567056267043e-4,0.0281127206952951,4.40121025697995
chr3,77292501,77293000,12,2.5,8.5,-2.40301608750537,0.772171588069366,7.1395282082001e-4,0.0368089479892141,0.189068891339834
chr3,78849001,78849500,4,4.5,10.5,-1.89442575038573,1.11452157820199,8.8297719639636e-4,0.0375689514448215,0.268980641229369
chr3,79127001,79127500,7,3.5,11,-2.30986763799417,1.07792630633403,1.9958296289303e-4,0.0217239916706777,0.20167894226381
chr3,81687501,81688000,9,5.5,11.5,-1.74378939148446,1.25956561940543,0.00144664224375157,0.0491038925985389,0.298584381741094
chr3,89588501,89589000,12,6,12.5,-1.74091019454911,1.36057613683808,4.7567056267043e-4,0.0281127206952951,0.299180863756656
chr3,93470001,93470500,6,187.5,54.5,1.07546192576085,4.74133003929709,3.23761956120613e-8,2.2012310685607e-4,2.10739671552991
chr3,94612001,94612500,2,2.5,8,-2.31618066857078,0.72312697143628,8.5888038110361e-4,0.0375689514448215,0.200798351655082
chr3,100602001,100602500,12,6.5,12.5,-1.62825938303878,1.39075297220998,0.0010726184264012,0.0406524752745375,0.323478250036454
chr3,102399001,102399500,4,4.5,10,-1.82482597985775,1.07381897989088,0.00145847668044317,0.0494574525206601,0.282275147619875
chr3,102724001,102724500,6,2.5,8.5,-2.40266726291731,0.772191161645853,4.9049913259967e-4,0.0281127206952951,0.189114611225225
chr3,106799501,106800000,5,4,12,-2.24933737087733,1.19328086214626,1.1783287098584e-4,0.0161166266587933,0.210320681818326
chr3,107668001,107668500,3,4.5,11,-1.96093318980911,1.15352791606908,5.3847666330657e-4,0.029818069377163,0.256862254679359
chr3,110364001,110364500,3,8,14.5,-1.54764641150609,1.5965188293701,5.406036732416e-4,0.0299312526339065,0.342067652676357
chr3,112657001,112657500,6,3.5,9.5,-2.10036177411695,0.952708356797093,9.2591828027723e-4,0.0375689514448215,0.23319976274728
chr3,113376501,113377000,1,3.5,10.5,-2.24331253444052,1.03826037386359,3.2698525815796e-4,0.0249351170750558,0.211200838209646
chr3,116118001,116118500,1,4.5,11,-1.96093291602048,1.15352143793091,5.3847666330657e-4,0.029818069377163,0.256862303425608
chr3,119649001,119649500,6,4.5,10,-1.82468275416629,1.07520800965527,0.00143831407736382,0.0488396089466156,0.282303172295186
chr3,122533001,122533500,2,3.5,11.5,-2.3734709502108,1.1165580508587,1.94785650606664e-5,0.00958240475830527,0.192980776767358
chr3,129370001,129370500,2,18.5,2.5,2.13806492722444,1.48389506587638,4.8772529398201e-4,0.0281127206952951,4.40171252821718
chr3,136527501,136528000,7,7,13,-1.57988182776966,1.45345156151708,0.00146087551760723,0.0495025930737536,0.334509287480431
chr3,138822501,138823000,17,17,2.5,2.02002198598284,1.39631836504309,7.8988716715536e-4,0.0375689514448215,4.05589972866235
chr3,139908501,139909000,3,6,11.5,-1.6215801390611,1.29264181371199,0.001200937811076,0.0450936922553617,0.324979329100705
chr3,150952001,150952500,16,26,5,1.65206199761183,1.96594342242278,2.3745405182329e-4,0.0217239916706777,3.14282512186899
chr3,155369501,155370000,6,4.5,11,-1.96110111505635,1.15285877530291,6.1136531875458e-4,0.0332296418298876,0.256832358446139
chr3,157787501,157788000,1,3.5,11,-2.3098580871337,1.07793279883203,1.9354719298074e-4,0.0214969026490991,0.201680277413483
chr3,158499501,158500000,6,4,10.5,-2.05647038514399,1.07831387200798,0.00110794110078882,0.0418532813468755,0.240403468264639
chr3,161225001,161225500,8,7.5,13.5,-1.54132486363788,1.50965840015667,0.00106166929868495,0.0403648661280481,0.34356980071326
chr3,168297501,168298000,5,3,11.5,-2.58562003145726,1.08033689650819,3.45886385339206e-5,0.0130068934895622,0.166590723044915
chr3,169222001,169222500,3,2.5,8,-2.31619986579574,0.722420395672211,8.5888038110361e-4,0.0375689514448215,0.20079567974912
chr3,169561501,169562000,4,3.5,9.5,-2.10036177449445,0.952708356797093,9.2591836341275e-4,0.0375689514448215,0.23319976268626
chr3,170256001,170256500,2,3,11,-2.52209610610144,1.03859121422335,5.99342283540676e-5,0.0135727932641176,0.17408983758561
chr3,170256501,170257000,4,12,18,-1.28189052244101,1.96018185649792,0.00131351200023836,0.0468148723918073,0.411256240965994
chr3,171427501,171428000,7,7,14,-1.68606896081968,1.51331490638577,3.9175805168684e-4,0.0281127206952951,0.310772561943191
chr3,173551501,173552000,5,2.5,8,-2.3162193366617,0.721720634536982,8.5888038110361e-4,0.0375689514448215,0.200792969793606
chr3,173679001,173679500,4,5,11,-1.81329311424619,1.19056720775167,8.7442566672339e-4,0.0375689514448215,0.284540690889739
chr3,174310501,174311000,7,2.5,8.5,-2.40366270424406,0.772165063599402,8.9883733117121e-4,0.0375689514448215,0.18898416954269
chr3,175625501,175626000,5,4.5,10.5,-1.89449107473281,1.11454101395947,0.00112754282829749,0.0425465334794303,0.26896846222655
chr3,177566501,177567000,11,24,4.5,1.68627500115548,1.8586552123048,4.1406511920041e-4,0.0281127206952951,3.21824687553787
chr3,177738001,177738500,4,2.5,8,-2.31619986579574,0.722420395672211,8.5888038110361e-4,0.0375689514448215,0.20079567974912
chr3,177909501,177910000,7,4.5,10.5,-1.89440683189481,1.11521817666985,8.8297719639636e-4,0.0375689514448215,0.268984168475974
chr3,180763501,180764000,2,5.5,13,-1.91933520684223,1.36089598815669,1.1724369351535e-4,0.0161166266587933,0.26437630654698
chr3,180764001,180764500,1,3.5,10,-2.17356981204561,0.99678522763047,5.4925102199915e-4,0.0301953170433493,0.221661510765454
chr3,180921501,180922000,10,6,11.5,-1.62159905351169,1.2919548766415,0.001200937811076,0.0450936922553617,0.324975068487757
chr3,181466501,181467000,5,4.5,11.5,-2.02454550311862,1.19019251689603,1.9663862002146e-4,0.0217153799289572,0.245782567117597
chr3,181696001,181696500,36,16.5,2.5,1.97421966787699,1.36344162385211,8.3713772950493e-4,0.0375689514448215,3.92915659741775
chr3,182417001,182417500,4,4,10,-1.99465157180367,1.03448085111352,0.00105691378248018,0.0402605233604772,0.250928532067014
chr3,182742501,182743000,12,21,3,2.06107089647357,1.64244268504312,3.8257106900621e-4,0.0281127206952951,4.17295943536301
chr3,182831501,182832000,4,2.5,8,-2.31621906276544,0.721714109945186,8.5888038110361e-4,0.0375689514448215,0.200793007914239
chr3,183323001,183323500,9,16,2.5,1.9302739356855,1.33252308530579,0.00133821916477082,0.0468148723918073,3.81127559990322
chr3,183374001,183374500,9,21,3,2.06513962527608,1.64566740639434,1.7187626673274e-4,0.0199273977770873,4.18474474279455
chr3,183782001,183782500,18,21.5,2.5,2.35900368593525,1.64471048909875,9.22780344522784e-5,0.0159353257233031,5.1301595180543504
chr3,183805501,183806000,11,18.5,2.5,2.13806477942996,1.48388876429884,4.876158538334e-4,0.0281127206952951,4.40171207729113
chr3,184140001,184140500,4,21.5,2.5,2.35304347903837,1.64404419830525,4.24281112034967e-5,0.0130634844750863,5.10900900657081
chr3,184414501,184415000,10,21.5,3,2.09881297544866,1.66979458078143,1.0720515351094e-4,0.0161166266587933,4.28356795412396
chr3,185201501,185202000,9,23.5,4,1.82232945572645,1.81412806312546,3.0923474234849e-4,0.0242410264927834,3.53651763584175
chr3,185500001,185500500,16,22,3.5,1.91566066959508,1.71898937482311,1.5813298703289e-4,0.0188765665532463,3.77286549893636
chr3,185560501,185561000,11,17.5,2.5,2.05839367567542,1.42459586356204,0.001200937811076,0.0450936922553617,4.16522282162333
chr3,185610501,185611000,13,19.5,3.5,1.74293052555904,1.59375906845754,0.00146087551760723,0.0495025930737536,3.34714378175345
chr3,185888501,185889000,11,19.5,2.5,2.21341597101255,1.53956688759357,1.8971536934054e-4,0.0212437980409641,4.63772080488685
chr3,186555501,186556000,10,26,2.5,2.62540931813426,1.85419353119655,1.1853869446545e-6,0.00187071018687002,6.17059376003736
chr3,186556501,186557000,5,4.5,11,-1.96095210831799,1.15283287316294,5.3847666330657e-4,0.029818069377163,0.256858886386792
chr3,186787501,186788000,7,5,12,-1.93523482009277,1.26194738089108,6.9093033997618e-4,0.0362791453061868,0.261478671938313
chr3,188268501,188269000,6,8,14.5,-1.54764702879213,1.59719525872144,5.6366222057123e-4,0.0308579585640042,0.342067506315874
chr3,188451501,188452000,4,5.5,11.5,-1.74382114003011,1.2588700553204,0.001200937811076,0.0450936922553617,0.298577811041605
chr3,189294501,189295000,4,10,16.5,-1.41640797677759,1.80116000228686,9.140376701625e-4,0.0375689514448215,0.374643940664389
chr3,189649501,189650000,2,9.5,17.5,-1.57371681538619,1.82705518609205,2.3745405182329e-4,0.0217239916706777,0.335941791508487
chr3,189812001,189812500,5,5,11,-1.81375258449887,1.18918723677067,8.2667203922442e-4,0.0375689514448215,0.28445008465426
chr3,189980001,189980500,11,21.5,2.5,2.35325864143013,1.6446917202702,4.4374996400635e-5,0.0132662095157593,5.10977101693486
chr3,190301501,190302000,3,9,18.5,-1.73019300643222,1.85192013494213,3.06197679888738e-5,0.0122369044545199,0.301411630815401
chr3,190420501,190421000,10,21,2.5,2.31929352453944,1.6168636307018,6.95219111979916e-5,0.0137874027918808,4.99087760689818
chr3,190628001,190628500,6,4.5,10.5,-1.89442602419232,1.1145280567609,8.8297719639636e-4,0.0375689514448215,0.268980590180006
chr3,191332501,191333000,4,5,11,-1.81281638693477,1.1891678318352,0.00143333229667199,0.0488238072222942,0.284634730675796
chr3,191381001,191381500,6,7.5,16.5,-1.82417500547949,1.68068486837367,2.42102133762766e-5,0.0104645815856576,0.282402544849753
chr3,191645001,191645500,2,6,14.5,-1.95351433528874,1.48736996017929,4.24281112034967e-5,0.0130634844750863,0.258186534415754
chr3,191645501,191646000,4,6.5,12.5,-1.62823992218604,1.39142212407623,0.0010726184264012,0.0406524752745375,0.323482613540084
chr3,192218001,192218500,9,22,4,1.72784298573286,1.74601327047664,7.2400860514845e-4,0.0368089479892141,3.31232213246488
chr3,192278001,192278500,6,5.5,12,-1.80472957411345,1.29365456068261,7.5825031903543e-4,0.0375689514448215,0.28623468836569
chr3,192278501,192279000,4,4.5,11,-1.96091399725659,1.15421674232593,5.3847666330657e-4,0.029818069377163,0.256865671808388
chr3,193816001,193816500,12,20,3.5,1.77916239588032,1.61947864859218,9.4806272481996e-4,0.0375689514448215,3.43226845068315
chr3,193828501,193829000,9,16,2.5,1.93027627464617,1.33250408364499,0.00133793410018442,0.0468148723918073,3.81128177891589
chr3,193941001,193941500,15,22,3,2.12380959499653,1.69155461749604,4.3489669030486e-4,0.0281127206952951,4.35843319058452
chr3,193941501,193942000,13,28.5,6,1.52529908312065,2.10327154908356,3.4877682825044e-4,0.0262141081199971,2.87846382854152
chr3,194007001,194007500,9,23.5,4,1.82233000380617,1.81411563526436,3.0923474234849e-4,0.0242410264927834,3.53651897936473
chr3,194096001,194096500,16,21.5,3.5,1.88275609465532,1.6957392504391,2.4959336851758e-4,0.02207637211437,3.68778895285564
chr3,194266501,194267000,6,17,2.5,2.0169550238776,1.39500283723641,0.001200937811076,0.0450936922553617,4.04728662768716
chr3,194324501,194325000,6,24.5,2.5,2.54613867412518,1.78954694439252,1.45568377589996e-5,0.00817472686178485,5.84068943192683
chr3,194326501,194327000,2,20.5,2.5,2.29042140542482,1.59377999360448,2.8524984343243e-4,0.022742288502237,4.8919898326707
chr3,194352001,194352500,12,40,5,2.2797250135041,2.44103944617745,2.73230282315912e-6,0.00332277228902671,4.85585389392387
chr3,194603501,194604000,13,22,2.5,2.38592890375281,1.66751799344147,2.57711574672944e-5,0.0106699895881097,5.22680343149928
chr3,194877501,194878000,13,17,2.5,2.01549335362871,1.39301861382997,0.00102229173134099,0.039071528033069,4.04318818519355
chr3,195030001,195030500,12,24,3,2.25653772528978,1.7892378636803,1.62097732218846e-5,0.00888150974480863,4.77843344736793
chr3,195249001,195249500,14,21.5,4,1.69498665256496,1.72252662473572,0.00111032032231967,0.0419344081009536,3.23773891134229
chr3,195253001,195253500,10,18,2.5,2.09867557362611,1.45354732307899,7.5825031903543e-4,0.0375689514448215,4.28316000788412
chr3,195334501,195335000,2,7,13.5,-1.63396151643147,1.48335220537007,6.1130901066744e-4,0.0332296418298876,0.322202252179858
chr3,195697001,195697500,18,29,2.5,2.7793701524715,1.97594881580336,1.99756860963353e-7,7.0800904883112e-4,6.86552550633018
chr3,195702501,195703000,11,31,4,2.21967195193679,2.11615798400072,7.64540912031153e-7,0.0015351649981407,4.65787509177246
chr3,195715501,195716000,14,29,5,1.82016200137504,2.08448823254789,2.44497798346e-4,0.0217239916706777,3.53120848511345
chr3,195957001,195957500,13,19.5,3,1.96633251191416,1.56857134838611,0.00129467665508099,0.0468148723918073,3.90773466556271
chr3,195974001,195974500,18,37,7,1.69572836165663,2.41807784390262,3.4443739293877e-4,0.0259240037606226,3.23940390479995
chr3,196057001,196057500,14,21,3,2.06776592221992,1.64503831912695,8.4027996564854e-4,0.0375689514448215,4.19236963342812
chr3,196137001,196137500,11,20,3.5,1.77918182349925,1.62012206761974,9.4806272481996e-4,0.0375689514448215,3.4323146706053
chr3,196221501,196222000,21,23.5,2.5,2.48954624037215,1.74374518440168,4.85210820650159e-5,0.0135727932641176,5.6160128643841
chr3,196337501,196338000,14,17,2.5,2.01697498741477,1.39500915820374,0.00121260247927607,0.0454890595239789,4.0473426330894
chr3,196354001,196354500,8,5.5,12.5,-1.86051297288544,1.32902817200743,0.00127393352744358,0.0468148723918073,0.275378346462393
chr3,196812501,196813000,7,3,9,-2.23531085207715,0.865976756016936,5.3625693651824e-4,0.0297607045315696,0.212375485107044
chr3,197110001,197110500,2,23.5,29,-1.0065444103068,2.69545014653179,6.1926976369467e-4,0.0335714334339966,0.497737016821144
chr3,197166001,197166500,6,23,3.5,1.97941129473768,1.76812803422481,2.2468852642605e-4,0.0217239916706777,3.9433213802948
chr3,197316001,197316500,13,28.5,3,2.50355473700041,1.98185756176267,9.46046985441131e-7,0.00161564499301336,5.67080967477862
chr3,197380001,197380500,14,21,2.5,2.31931240155401,1.61751867778154,6.95219111979916e-5,0.0137874027918808,4.99094291071015
chr3,197678501,197679000,16,28.5,5.5,1.6528538694797,2.08420812336279,5.1824301147352e-4,0.0290951018046358,3.14455064102699
chr3,197679001,197679500,14,35,3,2.79779996374949,2.21576795908381,4.18882218960651e-9,5.20486675170798e-5,6.95379223884905
chr3,197679501,197680000,13,28.5,2.5,2.75753234058296,1.96055919730215,9.52156471567786e-8,4.4752513310694e-4,6.76238587028671
chr3,197763001,197763500,11,18.5,3,1.88356609930441,1.51135942650397,0.00112607882244525,0.0424954708673481,3.68986005231436
chr3,197994001,197994500,3,4.5,10.5,-1.89338741268854,1.11519873308842,0.00119434271604462,0.0449298822357862,0.269174301886823
chr4,709501,710000,11,20,3,1.99533202858123,1.59410156743712,2.7774605082964e-4,0.0222887133721529,3.98707855062565
chr4,740001,740500,14,19,2.5,2.1760310599366,1.51036952625511,2.9658620355118e-4,0.0235696530509832,4.51908614912463
chr4,755001,755500,23,22,2.5,2.41779675381246,1.67333864982786,4.670157978353e-4,0.0281127206952951,5.34354346468284
chr4,1301001,1301500,15,19,3.5,1.70580168675474,1.56888683934245,0.00146087551760723,0.0495025930737536,3.26210153318825
chr4,1373001,1373500,12,19.5,3,1.95898658417909,1.56595189357734,4.3454440351936e-4,0.0281127206952951,3.88788779775044
chr4,1425001,1425500,4,6,14.5,-1.94156653983147,1.48874022828136,5.9248889102019e-4,0.032302656893372,0.260333605344543
chr4,1697501,1698000,14,20.5,3,2.03464556649186,1.62108762120563,4.9061796633051e-4,0.0281127206952951,4.09722058550052
chr4,4485501,4486000,12,17.5,2.5,2.05754946020536,1.42260499594444,0.00132530489594921,0.0468148723918073,4.16278618961093
chr4,6665001,6665500,10,34.5,5,2.07998061253999,2.27636896443291,7.49245430933378e-5,0.0141666089873896,4.22801534425777
chr4,7800001,7800500,10,19.5,3.5,1.74291082278228,1.59312022939076,0.00146087551760723,0.0495025930737536,3.34709807037681
chr4,11589001,11589500,3,3.5,9.5,-2.0990156650936,0.954096518460962,0.00132761782913838,0.0468148723918073,0.233417451718084
chr4,11599001,11599500,3,5,11.5,-1.8775143732387,1.22358953516309,5.2031535949411e-4,0.0290951018046358,0.272152204377866
chr4,11599501,11600000,8,2.5,8,-2.31627382100431,0.722433450575786,9.0790565014276e-4,0.0375689514448215,0.200785386856066
chr4,15025501,15026000,2,5.5,12,-1.80469092094606,1.29501061227175,7.5825031903543e-4,0.0375689514448215,0.286242357363797
chr4,15026001,15026500,7,7,13,-1.57988264892053,1.4534708279485,9.4806272481996e-4,0.0375689514448215,0.334509097085018
chr4,15154501,15155000,2,4,11,-2.11594350980424,1.1176345739384,0.00114101231461145,0.043007889136673,0.23069465607115
chr4,15227001,15227500,4,2.5,8.5,-2.40270538272313,0.770775557416773,4.9049913259967e-4,0.0281127206952951,0.189109614384719
chr4,22921001,22921500,5,10,16,-1.37235026154541,1.77588247051002,8.1054752997944e-4,0.0375689514448215,0.386261485793193
chr4,22996501,22997000,2,6,11.5,-1.6215801390611,1.29264181371199,0.001200937811076,0.0450936922553617,0.324979329100705
chr4,23154001,23154500,3,2.5,8.5,-2.40264779181405,0.772889607184618,4.9049913259967e-4,0.0281127206952951,0.189117163597603
chr4,24086501,24087000,4,2.5,8,-2.31740061335612,0.721701060845084,0.00104795179827676,0.0399807670763997,0.200628628079566
chr4,26718001,26718500,3,3.5,10,-2.1735890068065302,0.996089326473174,5.4925102199915e-4,0.0301953170433493,0.221658561624242
chr4,26783001,26783500,6,2.5,8.5,-2.40268645988701,0.771486475623883,4.9049913259967e-4,0.0281127206952951,0.189112094821409
chr4,28451001,28451500,3,3.5,10,-2.17355034320501,0.997474895838525,5.4925102199915e-4,0.0301953170433493,0.22166450205718
chr4,38095501,38096000,9,4,10,-1.99332728428438,1.03514153635863,0.00128620407832962,0.0468148723918073,0.251158971678042
chr4,39229501,39230000,4,5,12.5,-1.99658796597777,1.2973890168965,1.9505649916011e-4,0.0216419271433569,0.250591960169958
chr4,41665001,41665500,5,4.5,10.5,-1.89440683189481,1.11521817666985,8.8297719639636e-4,0.0375689514448215,0.268984168475974
chr4,41981501,41982000,17,18.5,2.5,2.1357484901525,1.48059238990839,6.6977347341077e-4,0.0352247082663249,4.39465066938558
chr4,53462001,53462500,6,5,11,-1.81422091260307,1.18712244736644,8.7352775580082e-4,0.0375689514448215,0.284357761366839
chr4,53496501,53497000,7,18.5,2.5,2.13790029458104,1.48323660053563,4.7567056267043e-4,0.0281127206952951,4.40121025697995
chr4,53583501,53584000,4,12.5,22.5,-1.5459730705432,2.16116068508242,4.06567533214212e-5,0.0130507276524771,0.342464637403041
chr4,53584001,53584500,3,6.5,15,-1.89830758880237,1.54307665633301,6.0361581585422e-4,0.0328579283036036,0.268257871766199
chr4,53592501,53593000,12,26,4,1.96726677556171,1.92181337159834,5.28589070315604e-5,0.0135727932641176,3.91026606458206
chr4,53596001,53596500,3,5,11.5,-1.87734597928155,1.22564325536476,5.118616161639e-4,0.028919031002322,0.272183972326085
chr4,53657501,53658000,10,24,4,1.85251715309947,1.83671675808793,2.0039279904216e-4,0.0217239916706777,3.61129719505402
chr4,53701001,53701500,7,16.5,21.5,-1.08280582089277,2.26319623580629,0.00142975703298612,0.0487050918842543,0.472109748769344
chr4,53866001,53866500,11,23,3,2.19515864243454,1.74022438540265,4.33406071010439e-5,0.0130836106711051,4.57940017725868
chr4,53899501,53900000,7,16,23,-1.22346449304239,2.3020570486559,4.5919904229231e-4,0.0281127206952951,0.42825307395115
chr4,53919001,53919500,5,26.5,5,1.69277225023396,1.98877823638478,0.00103236061812195,0.0394350082786972,3.2327730960962
chr4,53922001,53922500,5,19.5,2.5,2.21323624758933,1.53891211646017,1.8385892105222e-4,0.0208690299986604,4.63714309780354
chr4,53928001,53928500,10,20,2.5,2.26835123510741,1.56889077577273,4.140964933514e-4,0.0281127206952951,4.81772229338481
chr4,53996501,53997000,2,4.5,14.5,-2.35649997912372,1.39748032854245,4.93963828300489e-6,0.00468411166122825,0.195264287696088
chr4,54006001,54006500,7,19,3.5,1.70574421795154,1.56692624975359,0.00146087551760723,0.0495025930737536,3.2619715921183
chr4,54006501,54007000,5,18,2.5,2.09774294184961,1.45224062155666,8.851094039511e-4,0.0375689514448215,4.2803920492152
chr4,54022001,54022500,11,2.5,8.5,-2.40553137053141,0.770788595248471,6.5378740062064e-4,0.0344040542334682,0.188739544223007
chr4,54025501,54026000,10,29,4.5,1.95774376028281,2.06207901338346,2.76765328434196e-5,0.0112732128661101,3.88453998060825
chr4,54072001,54072500,13,30,6.5,1.48504673182415,2.17435002561682,5.2885716207615e-4,0.0295121515695261,2.79926240351962
chr4,54091501,54092000,24,20,3,1.99527701219164,1.59409529248765,2.740699281129e-4,0.0221995249485186,3.98692650845579
chr4,54093501,54094000,18,33,8.5,1.23973339141845,2.342464919633,0.00128092676099487,0.0468148723918073,2.3615488706942
chr4,54101001,54101500,28,46,3.5,2.97452165096413,2.55733162865759,2.89347297738276e-12,1.35996752425832e-7,7.85995825910282
chr4,54109001,54109500,29,38,8.5,1.44240831645476,2.48939162638941,7.56381714913604e-5,0.0141666089873896,2.71774164473852
chr4,54124501,54125000,18,32.5,4.5,2.1212441094115,2.18577290523694,1.8170946307718e-6,0.00237271242501248,4.35068965414913
chr4,54199001,54199500,9,19.5,2.5,2.2107530019979,1.53693655677054,2.8756951578648e-4,0.0229086734349027,4.6291682588764
chr4,54219001,54219500,8,22,3,2.13173697313795,1.69411024517731,6.65228063661932e-5,0.0137575259285099,4.38244800112517
chr4,54226001,54226500,26,45.5,10,1.467292256268,2.72113755479506,6.661287909764e-4,0.0350432563458876,2.76502448560824
chr4,54231501,54232000,30,20.5,3.5,1.8145263793424,1.6453474502579,6.1130901066744e-4,0.0332296418298876,3.51744137743401
chr4,54244501,54245000,9,5.5,14.5,-2.066461478246,1.45846631456328,4.4495435797645e-4,0.0281127206952951,0.2387443541639
chr4,54248001,54248500,6,3.5,10,-2.17356953822108,0.996778726297744,5.4925102199915e-4,0.0301953170433493,0.221661552836968
chr4,54273501,54274000,12,28.5,6,1.52498164283932,2.09957449190526,3.5056770820515e-4,0.0263413851717243,2.87783054165653
chr4,54279501,54280000,3,8,14.5,-1.54758858718338,1.59850401893279,0.00109793529405193,0.0415420809582574,0.342081363284749
chr4,54294001,54294500,8,35.5,8,1.43115111338006,2.40371665479453,1.8662483008053e-4,0.0210605841572388,2.6966179027242
chr4,54295001,54295500,11,22.5,3.5,1.9480433526955,1.74503685852345,2.3017294825839e-4,0.0217239916706777,3.85850868400352
chr4,54321001,54321500,5,21,2.5,2.31933127882136,1.61817393993658,6.95219111979916e-5,0.0137874027918808,4.99100821625109
chr4,54452001,54452500,3,3,9,-2.2353105782168,0.865970241569794,5.3625693651824e-4,0.0297607045315696,0.212375525421336
chr4,55317501,55318000,5,2.5,8.5,-2.40266671516076,0.772178112567097,4.9049913259967e-4,0.0281127206952951,0.189114683027501
chr4,55431001,55431500,4,17.5,30.5,-1.49959530196242,2.58424206415512,9.6500295183339e-4,0.0375689514448215,0.353652581641673
chr4,55637001,55637500,16,18,2.5,2.09869445825443,1.45421361627225,7.5825031903543e-4,0.0375689514448215,4.28321607407405
chr4,55822001,55822500,6,2.5,8.5,-2.40366268666301,0.772165063599402,8.9882096089523e-4,0.0375689514448215,0.1889841718457
chr4,55842501,55843000,10,2.5,8,-2.31621906276544,0.721714109945186,8.5888038110361e-4,0.0375689514448215,0.200793007914239
chr4,55952001,55952500,5,11,18.5,-1.44511367063939,1.93933926206983,2.6792910905346e-4,0.0221995249485186,0.367263220332981
chr4,55956501,55957000,12,20,3,1.99521927667366,1.59214779331491,4.3454440351936e-4,0.0281127206952951,3.98676695799316
chr4,55997501,55998000,5,11.5,20,-1.49380597683397,2.02389196966145,5.17566326354526e-5,0.0135727932641176,0.355074589202921
chr4,56047501,56048000,15,23,3,2.19539186430257,1.74086436035681,4.10755339587748e-5,0.0130507276524771,4.58014052956072
chr4,56443001,56443500,11,20.5,3.5,1.81460725997962,1.64663111232241,6.1852675809572e-4,0.0335395638167486,3.51763857841322
chr4,56506001,56506500,22,22.5,4,1.767877769495,1.77101059701394,0.0012622313524644,0.0468148723918073,3.40552628988319
chr4,56507001,56507500,13,25.5,3.5,2.12726500544099,1.87739630778599,3.64135913924381e-5,0.0130507276524771,4.36888461997323
chr4,56610501,56611000,2,3,10.5,-2.4555313562014,0.998502064200456,1.0444273332139e-4,0.0161166266587933,0.182310384280574
chr4,56634001,56634500,9,29.5,5.5,1.70616254280183,2.12204490653408,3.367413918865e-4,0.0255296215294401,3.26291757279564
chr4,56788501,56789000,8,28,3,2.47868727052229,1.96028233854413,5.19107114455619e-6,0.00479721079511063,5.57390058298134
chr4,56817501,56818000,12,25.5,5.5,1.4891475015335,1.96688591059976,0.00127656161875869,0.0468148723918073,2.80723044941148
chr4,56833501,56834000,10,17,2.5,2.0169550238776,1.39500283723641,0.001200937811076,0.0450936922553617,4.04728662768716
chr4,56926001,56926500,15,27.5,3.5,2.23583138548592,1.96308189283875,5.79111742491349e-6,0.00479721079511063,4.71034060668006
chr4,56930001,56930500,4,7,14.5,-1.73634115548934,1.54337825916278,2.4959336851758e-4,0.02207637211437,0.300129876477546
chr4,57055501,57056000,18,32,5.5,1.81493343929712,2.20623707406971,1.43736917980951e-5,0.00808447622118164,3.51843397219625
chr4,57194001,57194500,12,34,5,2.05064388130645,2.25859364075531,3.58119038480858e-5,0.0130068934895622,4.14290828147823
chr4,57302001,57302500,4,5,11,-1.81379096612105,1.1878147620438,8.2667203922442e-4,0.0375689514448215,0.284442517212671
chr4,57313501,57314000,2,8,14,-1.49733639490365,1.56888976391875,8.3117616330095e-4,0.0375689514448215,0.354206748692198
chr4,57471501,57472000,6,5.5,12,-1.80470959866573,1.29434214288964,7.6830456842298e-4,0.0375689514448215,0.286238651577232
chr4,60783001,60783500,4,2.5,10,-2.63547220012073,0.912267251943597,1.1872590034213e-4,0.0161166266587933,0.160932521180339
chr4,61522501,61523000,6,10,15.5,-1.32685698850922,1.75081371648002,0.00122941400433796,0.0460829043786913,0.398635752281249
chr4,64863501,64864000,12,3,9,-2.23062449467655,0.86665854942468,0.00127019765345792,0.0468148723918073,0.213066473591106
chr4,65068001,65068500,3,5,12.5,-1.99667548461824,1.29669383495789,1.9270198175852e-4,0.0214969026490991,0.250576758896064
chr4,65068501,65069000,5,7,15,-1.78499561713065,1.57021033918678,6.65228063661932e-5,0.0137575259285099,0.290176860144211
chr4,65296501,65297000,4,2.5,8,-2.31623940192454,0.722407340880041,8.9235193485693e-4,0.0375689514448215,0.200790177148186
chr4,65384501,65385000,5,7.5,14,-1.58838264253207,1.54169630807878,0.00115363516218508,0.0434730683622064,0.332544048715255
chr4,65596501,65597000,4,19,24,-1.03890999874249,2.42770250228994,0.00118742570781928,0.0446778893206803,0.486695048173346
chr4,65946501,65947000,19,22,3,2.12728587582243,1.69153592274926,2.2263123983251e-4,0.0217239916706777,4.36894782179028
chr4,65998001,65998500,9,3,9.5,-2.31363576439071,0.910538029545496,4.8120538986665e-4,0.0281127206952951,0.201152871166449
chr4,66724001,66724500,4,7,13,-1.57988264892053,1.4534708279485,9.4806272481996e-4,0.0375689514448215,0.334509097085018
chr4,67482001,67482500,4,9,16.5,-1.56600789463895,1.75477157390133,2.717380999464e-4,0.0221995249485186,0.337741672956862
chr4,67482501,67483000,1,5.5,12.5,-1.86329496003396,1.32697643778963,1.97315569072e-4,0.0217239916706777,0.274847838746513
chr4,67576001,67576500,4,3,10,-2.38526417069271,0.956540565475608,1.947045099638e-4,0.0216210608112124,0.191409697556708
chr4,67697501,67698000,1,3.5,10,-2.17356926439659,0.996772224992287,5.4925102199915e-4,0.0301953170433493,0.221661594908483
chr4,67980001,67980500,2,2.5,9.5,-2.5634376694157,0.866968534101125,0.00133788991974166,0.0468148723918073,0.169171955514711
chr4,68152501,68153000,6,16.5,2.5,1.9770703635139,1.36609244878907,0.00111897785863526,0.042244195419431,3.93692809637793
chr4,68312501,68313000,1,4,10.5,-2.05827316214426,1.07760178185564,8.9316287822189e-4,0.0375689514448215,0.240103250157842
chr4,70703001,70703500,15,22,3.5,1.91569896715959,1.7202746882934,1.5813298703289e-4,0.0188765665532463,3.77296565418304
chr4,70726501,70727000,11,21,2.5,2.31929297635213,1.61687614221238,6.95219111979916e-5,0.0137874027918808,4.99087571049237
chr4,71036001,71036500,5,5.5,14.5,-2.07543343324152,1.45783737115626,5.13323301827261e-5,0.0135727932641176,0.237264237515195
chr4,71036501,71037000,6,7,17.5,-1.98319250327181,1.71130335572778,4.5820504545064e-4,0.0281127206952951,0.252929548831195
chr4,71096001,71096500,5,3,9,-2.23731089223457,0.865256156511389,0.00114143237364446,0.0430210686062806,0.212081268244932
chr4,72313501,72314000,4,4,12,-2.25030705170476,1.1911984058284,8.25170625308118e-5,0.0149468075712041,0.21017936615301
chr4,72431001,72431500,5,17,24.5,-1.22765555208834,2.38300544368215,1.9060006531907e-4,0.0213406532793111,0.42701079517671
chr4,73096001,73096500,2,8,15.5,-1.64292867308304,1.65421465127531,3.25188976732e-4,0.0249088350555267,0.320205795932113
chr4,73096501,73097000,5,9,17.5,-1.65019408512392,1.80508688399177,1.2434332247754e-4,0.0163347445875866,0.318597293194133
chr4,74075501,74076000,14,16.5,2.5,1.97372067319269,1.36277633426948,9.0829289258274e-4,0.0375689514448215,3.92779782846689
chr4,74364501,74365000,15,24,4,1.8523893879095,1.83482628789903,2.0591386392768e-4,0.0217239916706777,3.61097739244227
chr4,75222501,75223000,3,6.5,14.5,-1.84404657218542,1.51435652749755,6.7046611309999e-4,0.0352594201844841,0.278539420923083
chr4,77958001,77958500,5,4.5,11,-1.96097157414912,1.15215103995885,5.3847666330657e-4,0.029818069377163,0.256855420693881
chr4,80023501,80024000,5,3.5,10,-2.17356953822108,0.996778726297744,5.4925102199915e-4,0.0301953170433493,0.221661552836968
chr4,102560001,102560500,5,2.5,9,-2.48414549841163,0.821749104926232,1.5898887368693e-4,0.0189307741623729,0.178730097131765
chr4,137955501,137956000,3,6.5,13,-1.68475661642602,1.42191017557617,7.3461115103183e-4,0.0369367934192102,0.31105538414035
chr4,140124001,140124500,7,2.5,8,-2.31623942056692,0.722407340880041,8.923677352078e-4,0.0375689514448215,0.200790174553593
chr4,149886501,149887000,5,2.5,8.5,-2.40266753679566,0.772197686226881,4.9049913259967e-4,0.0281127206952951,0.189114575324088
chr4,155891501,155892000,8,2.5,10,-2.63579790816333,0.912221641861141,2.6544656640274e-4,0.0221995249485186,0.160896192574155
chr4,169470501,169471000,6,4,11,-2.12145783820518,1.11694351706867,7.6693079456716e-4,0.0375689514448215,0.229814568480822
chr5,1806501,1807000,20,30.5,4,2.19633928655655,2.09826433795262,1.24306228328654e-6,0.00195317606682657,4.58314930971014
chr5,4243501,4244000,6,5.5,12.5,-1.86313200457972,1.32901526828255,4.7567056267043e-4,0.0281127206952951,0.27487888514418
chr5,4564001,4564500,2,2.5,9,-2.48383713230215,0.821065026242945,1.8401187531771e-4,0.0208841983780528,0.178768303539709
chr5,8783001,8783500,1,2.5,9,-2.48424374810391,0.820348606323064,1.5741336353817e-4,0.0187989674722654,0.178717925759005
chr5,14405501,14406000,15,20.5,2.5,2.28477518719838,1.59051288919918,1.1335362910833e-4,0.0161166266587933,4.87288166237891
chr5,14710501,14711000,21,21.5,3.5,1.88271834300694,1.69443811822059,2.4959336851758e-4,0.02207637211437,3.68769245409019
chr5,15741501,15742000,5,3,9,-2.23521808234977,0.865989784993901,5.8635675244731e-4,0.0319816641814455,0.21238914194287
chr5,31504001,31504500,5,2.5,8,-2.31579980811587,0.723140032036042,9.5742128048232e-4,0.0375689514448215,0.200851367881546
chr5,32128001,32128500,5,17.5,2.5,2.058355630377,1.42326628636603,0.001200937811076,0.0450936922553617,4.16511298201669
chr5,33058501,33059000,4,3.5,12.5,-2.48702433914461,1.19364563403536,3.3837522195278e-4,0.0256283254702708,0.178373803914567
chr5,33985001,33985500,6,10,17,-1.45927410531575,1.8260889240262,3.5952108941617e-4,0.0269131198843148,0.363676067590936
chr5,34191501,34192000,17,21,2.5,2.31443938902938,1.61493102361403,1.5075535708994e-4,0.0180777329078453,4.9741133672146
chr5,34192501,34193000,12,27.5,3.5,2.23556893681176,1.9605921154599,5.47966724204947e-6,0.00479721079511063,4.70948380037327
chr5,37877501,37878000,4,5,11,-1.81332436192622,1.19055426055477,8.7023451285236e-4,0.0375689514448215,0.284534528020994
chr5,40635501,40636000,5,3,12.5,-2.70498088278775,1.15864894590544,6.23153829649166e-6,0.00489213317471299,0.1533626543582
chr5,40942001,40942500,2,7,13.5,-1.63398097589015,1.48268813353486,6.1130901066744e-4,0.0332296418298876,0.322197906258543
chr5,44822001,44822500,7,4,9.5,-1.91535584851748,0.993666996071993,9.1693449057221e-4,0.0375689514448215,0.265106537318896
chr5,49602001,49602500,10,31.5,46,-1.25012019915746,3.23866995056621,1.66897981101889e-7,6.1944394986814e-4,0.420413179146371
chr5,49661001,49661500,10,18,27.5,-1.31215522411656,2.50689447258018,2.87274962451378e-5,0.0116398904838414,0.402718813404076
chr5,52969001,52969500,7,3,9,-2.23754360558019,0.864561889337862,7.5422328496351e-4,0.0375689514448215,0.21204706131986
chr5,53380001,53380500,6,7.5,14.5,-1.63889978073874,1.57053556137112,5.406036732416e-4,0.0299312526339065,0.321101257316809
chr5,54770501,54771000,4,3,13,-2.76120356775002,1.19393265231475,7.75618393374751e-7,0.0015351649981407,0.147500978704728
chr5,55318501,55319000,5,4.5,10.5,-1.89449107695781,1.11454101395947,0.00112755232764757,0.0425465334794303,0.268968461811734
chr5,57549001,57549500,6,4,13,-2.364000858329,1.26327040521689,1.30534409506528e-5,0.00751391648775415,0.194251701626254
chr5,57590001,57590500,4,4.5,11,-1.96709438809155,1.15144357928033,9.2888866274876e-4,0.0375689514448215,0.255767633329832
chr5,59061001,59061500,4,2.5,9,-2.48424402196431,0.820355127985714,1.5741336353817e-4,0.0187989674722654,0.178717891833778
chr5,59637001,59637500,5,4.5,10,-1.8245742430231,1.07658513407122,0.0014520807776303,0.0492838522771696,0.282324406299
chr5,59792001,59792500,6,3.5,10,-2.17356981204561,0.99678522763047,5.4925102199915e-4,0.0301953170433493,0.221661510765454
chr5,61485501,61486000,6,5.5,12.5,-1.86535893829902,1.3276235703155,0.00121135946869733,0.0454476740351865,0.274454911373894
chr5,62506001,62506500,5,3.5,9.5,-2.10211181451056,0.952701858020413,0.00139199979842231,0.0476049343097729,0.232917054643547
chr5,68328501,68329000,2,4,12,-2.24628678206518,1.19326789341462,2.0043533114638e-4,0.0217239916706777,0.210765876897652
chr5,68329001,68329500,1,3,12,-2.64639485141747,1.12034090469204,1.14003089882867e-5,0.00674353514489981,0.159718700983155
chr5,72517001,72517500,4,4.5,10.5,-1.89442575038573,1.11452157820199,8.8297719639636e-4,0.0375689514448215,0.268980641229369
chr5,73747501,73748000,4,2.5,8,-2.31618039467457,0.723120441178209,8.5888038110361e-4,0.0375689514448215,0.200798389776731
chr5,74476501,74477000,8,3,9.5,-2.31253991235136,0.910525011976835,3.1252679489692e-4,0.0242410264927834,0.201305722266877
chr5,77925001,77925500,4,7.5,13.5,-1.53650150302877,1.51232519149491,0.00126996188760929,0.0468148723918073,0.344720379510745
chr5,77957001,77957500,13,20,3,1.99515299473496,1.5914844299601,4.3929886332371e-4,0.0281127206952951,3.98658379761243
chr5,78211001,78211500,4,2.5,9,-2.48434383014455,0.820361649676044,1.7507973745474e-4,0.020225317065038,0.178705528243376
chr5,83205501,83206000,4,2.5,9,-2.48424374810391,0.820348606323064,1.5741336353817e-4,0.0187989674722654,0.178717925759005
chr5,83418501,83419000,9,3.5,10.5,-2.24342224339253,1.03618469247407,1.0536155125265e-4,0.0161166266587933,0.21118477816855
chr5,83545001,83545500,5,2.5,8.5,-2.40576930516901,0.771499519160396,8.4479063842916e-4,0.0375689514448215,0.188708419161358
chr5,84355001,84355500,6,3.5,10,-2.17360447245764,0.996069830731837,5.7256359207133e-4,0.0312810064592759,0.221656185463301
chr5,87324501,87325000,3,2.5,9,-2.48141743782492,0.822466101328145,6.9710452996328e-4,0.0365879326825666,0.179068386105384
chr5,88330001,88330500,3,5.5,13,-1.9192971011447,1.36225885640175,2.9658620355118e-4,0.0235696530509832,0.264383289572729
chr5,88740001,88740500,7,3.5,13,-2.54894717524396,1.23006911124304,3.50590064666094e-6,0.00358220866187011,0.170879688194475
chr5,89746001,89746500,2,4,10,-1.98858483414036,1.03723543514181,0.00143831407736382,0.0488396089466156,0.251985943928303
chr5,92674001,92674500,6,5.5,11.5,-1.74375490609798,1.25953334181619,0.00141580808931033,0.0482420786475122,0.298591519022762
chr5,93443001,93443500,9,3.5,10.5,-2.24329333942445,1.03895496715685,3.2698525815796e-4,0.0249351170750558,0.211203648249424
chr5,93605501,93606000,9,21,3.5,1.84906414096641,1.6713961158077,3.9175805168684e-4,0.0281127206952951,3.60266408714232
chr5,94569001,94569500,7,9.5,20,-1.76960139053009,1.94158905161586,8.13002390620887e-5,0.0147580042988243,0.293289760617556
chr5,94569501,94570000,16,9,19,-1.79031412075782,1.87221949927055,2.454658329473e-4,0.0217843722567409,0.289109090846144
chr5,95804501,95805000,6,8,15.5,-1.64323699890829,1.65224398284241,1.4365410417343e-4,0.0177288155785391,0.320137370405976
chr5,95805001,95805500,3,3.5,9.5,-2.10030189332982,0.953412054340271,9.1693449057221e-4,0.0375689514448215,0.233209442183862
chr5,96369001,96369500,3,2.5,8.5,-2.40266753679566,0.772197686226881,4.9049913259967e-4,0.0281127206952951,0.189114575324088
chr5,97684001,97684500,10,5,11,-1.81373366709405,1.18988032854782,8.2667203922442e-4,0.0375689514448215,0.284453814543481
chr5,102668001,102668500,4,3,9.5,-2.31292717889661,0.909812797775335,3.3354187548456e-4,0.0253081189986344,0.201251692477518
chr5,107891001,107891500,6,3,10,-2.38578835999991,0.955842118565953,1.8113381757618e-4,0.0207554463395178,0.191340163325109
chr5,108384001,108384500,7,4,10,-1.98862322119864,1.03584788292142,5.4925102199915e-4,0.0301953170433493,0.251979239205438
chr5,111671501,111672000,2,2.5,8.5,-2.40409302815616,0.772210735472231,9.1496068411848e-4,0.0375689514448215,0.188927808165247
chr5,112340501,112341000,6,2.5,10,-2.65148407691155,0.91082213484525,4.9958126403222e-4,0.0284033519877051,0.159156272709439
chr5,112391001,112391500,5,5,11,-1.81454383443387,1.18848147456915,0.00143315679325761,0.0488193673200469,0.284294120021768
chr5,112982501,112983000,5,6,11.5,-1.62159877974101,1.29194843339553,0.001200937811076,0.0450936922553617,0.32497513015613
chr5,115383501,115384000,4,2.5,8,-2.3162193366617,0.721720634536982,8.5888038110361e-4,0.0375689514448215,0.200792969793606
chr5,116223501,116224000,4,3.5,10.5,-2.24342224830025,1.03618469247407,1.053616385526e-4,0.0161166266587933,0.211184777450147
chr5,116256001,116256500,8,11,17.5,-1.36230910714793,1.89465841630041,0.00137697145664899,0.047105844931593,0.388959242206928
chr5,119965501,119966000,2,4,10,-1.98864268816966,1.03516099429484,5.4925102199915e-4,0.0301953170433493,0.251975839152542
chr5,123472001,123472500,10,5.5,12.5,-1.86318902584938,1.32696354944072,1.9270198175852e-4,0.0214969026490991,0.274868021009457
chr5,124267501,124268000,6,3.5,10,-2.17358845915752,0.996076329285032,5.4925102199915e-4,0.0301953170433493,0.221658645766152
chr5,125304001,125304500,4,3,9.5,-2.312417799326,0.911930762628818,3.1865473869264e-4,0.0244856781841461,0.201322761967189
chr5,125304501,125305000,3,4.5,11,-1.96086728333185,1.15422322313597,5.428193653104e-4,0.0300493103667951,0.256873989157231
chr5,126458501,126459000,10,3,9,-2.2353105782168,0.865970241569794,5.3625693651824e-4,0.0297607045315696,0.212375525421336
chr5,128087001,128087500,2,2.5,9.5,-2.56143414144547,0.867702899945892,8.85327139054372e-5,0.01559412835906,0.169407054544144
chr5,128087501,128088000,3,3,10,-2.38580700847136,0.955130929128596,1.8113381757618e-4,0.0207554463395178,0.191337690052233
chr5,131335501,131336000,4,2.5,8.5,-2.40262886821212,0.773601394567644,4.9049913259967e-4,0.0281127206952951,0.189119644233699
chr5,134737501,134738000,23,21.5,3,2.08497284626317,1.66592307351861,9.2811448914907e-4,0.0375689514448215,4.24267111113381
chr5,142676001,142676500,7,8,13.5,-1.44522895056925,1.54006071162429,0.00126996188760929,0.0468148723918073,0.367233874985839
chr5,142913501,142914000,7,11.5,19,-1.42010544570685,1.98299287401856,3.4136880751078e-4,0.0258423837006843,0.373684998750331
chr5,142956501,142957000,7,4,11,-2.1251583297347,1.11416247689363,1.9981267355321e-4,0.0217239916706777,0.229225852843991
chr5,143853001,143853500,9,5,12.5,-1.99556946670071,1.29604412370614,5.2906144401999e-4,0.0295220272908713,0.250768933012997
chr5,146011001,146011500,6,5,11,-1.8137715016488,1.18849440592425,8.2667203922442e-4,0.0375689514448215,0.284446354864202
chr5,146735501,146736000,3,6,12,-1.68310173925937,1.32665708993613,0.00126314469173476,0.0468148723918073,0.311412392228667
chr5,147147501,147148000,4,5,11,-1.81373311951673,1.18986738659905,8.2667203922442e-4,0.0375689514448215,0.284453922508422
chr5,148404001,148404500,3,4,9.5,-1.9153366553709401,0.994361934609706,9.1693449057221e-4,0.0375689514448215,0.265110064233677
chr5,149527501,149528000,5,2.5,8.5,-2.40266726291731,0.772191161645853,4.9049913259967e-4,0.0281127206952951,0.189114611225225
chr5,151481001,151481500,6,5,12.5,-1.99669549701644,1.29603120561915,1.9270198175852e-4,0.0214969026490991,0.250573283035292
chr5,158445501,158446000,6,2.5,10,-2.63034191932601,0.912921811751362,2.8230506880853e-4,0.0225674542574834,0.16150582234629
chr5,158964501,158965000,4,2.5,8.5,-2.40576939464627,0.771499519160396,8.4480342022806e-4,0.0375689514448215,0.188708407457491
chr5,160093001,160093500,9,3.5,10.5,-2.24333200300803,1.03757254430592,3.2698525815796e-4,0.0249351170750558,0.211197988161704
chr5,167333001,167333500,4,5,11.5,-1.87736517022011,1.2249584292672,5.118616161639e-4,0.028919031002322,0.272180351719512
chr5,167852001,167852500,5,4,9.5,-1.9153366553709401,0.994361934609706,9.1693449057221e-4,0.0375689514448215,0.265110064233677
chr5,167959501,167960000,3,2.5,10,-2.63629675431815,0.912273767779688,2.7183259489143e-4,0.0221995249485186,0.160840568502547
chr5,169302001,169302500,11,24,3,2.25842747145231,1.79050643424493,2.42498506205207e-5,0.0104775249866508,4.78469668574288
chr5,171842001,171842500,17,24,4,1.85249773505404,1.83608848236248,2.0039279904216e-4,0.0217239916706777,3.61124858889741
chr5,172449501,172450000,12,7,13,-1.57988210148656,1.45345798363502,0.00146087551760723,0.0495025930737536,0.334509224015293
chr5,172737501,172738000,8,4,10,-1.98860430162152,1.03654801656344,5.4925102199915e-4,0.0301953170433493,0.251982543695835
chr5,172921001,172921500,15,19,2.5,2.17990397655413,1.5116948982560099,3.6575761104041e-4,0.0273441958527264,4.53123393955232
chr5,178721501,178722000,5,6.5,12.5,-1.62818886406437,1.39140282678069,0.00117951743272744,0.0443865134287073,0.32349406204891
chr5,179937001,179937500,13,5,12,-1.94458701201288,1.25990393473231,0.0014203902826568,0.0483966863075587,0.259789132797296
chr6,1314001,1314500,9,8,14,-1.49735557820225,1.56822465451531,8.3117616330095e-4,0.0375689514448215,0.354202038889739
chr6,2491001,2491500,15,25.5,4,1.93944784354406,1.90181288434834,8.28336348450557e-5,0.0149866909806328,3.83558821819883
chr6,2583001,2583500,1,4,10,-1.99020502890698,1.03447436775179,6.5404963943579e-4,0.0344161786224686,0.251703114131646
chr6,3023501,3024000,19,16,2.5,1.9301021776347,1.33185577555069,0.00137461036627323,0.0470578560588441,3.81082188079846
chr6,5570501,5571000,5,2.5,9,-2.48422427701861,0.821045452827351,1.5741336353817e-4,0.0187989674722654,0.178720337811006
chr6,7259501,7260000,15,18.5,2.5,2.14331776362554,1.4845600583883,9.8284437038812e-4,0.0376606509298149,4.41776832572674
chr6,7301501,7302000,5,6,13.5,-1.85430149291226,1.42357830982419,3.5719976761991e-4,0.0267773581301505,0.276566535645944
chr6,7302001,7302500,5,2.5,8.5,-2.40955458736746,0.771460388883792,0.00107702453163554,0.0408051615807978,0.188213942973164
chr6,14782501,14783000,24,23,4.5,1.62525598868216,1.81380185924736,9.4504212448876e-4,0.0375689514448215,3.08496899246869
chr6,16290501,16291000,12,27.5,4.5,1.88465783254978,2.00601755159389,5.95910456675424e-5,0.0135727932641176,3.69265334358369
chr6,16795001,16795500,5,4.5,14,-2.30227217354549,1.36560971443192,2.81199623773654e-5,0.0114108358441736,0.20274353643545
chr6,17315001,17315500,7,5,13,-2.05307444326845,1.32798181105921,4.3042807369515e-5,0.0130634844750863,0.240970017527321
chr6,21522501,21523000,11,4.5,13.5,-2.25410088038827,1.33169686214479,2.46070319181936e-5,0.0105908420662836,0.209627387411746
chr6,25088001,25088500,2,2.5,9,-2.48188138754222,0.821071550770212,3.8714116606326e-4,0.0281127206952951,0.179010809578304
chr6,25344001,25344500,7,23,3.5,1.99691457911535,1.77068780201217,6.3822768597198e-4,0.034059436190498,3.9914545379885
chr6,26216001,26216500,30,18,2.5,2.09871389132335,1.45486752385203,7.5825031903543e-4,0.0375689514448215,4.28327376928433
chr6,27478001,27478500,9,2.5,8,-2.31579983713554,0.723140032036042,9.5741344959701e-4,0.0375689514448215,0.20085136384144
chr6,27619501,27620000,4,3.5,10,-2.17387428100647,0.994698336876505,1.8807354043976e-4,0.0211277941675687,0.221614735856739
chr6,27680501,27681000,27,23,2.5,2.4494665806755,1.71513122302547,1.60734722955128e-5,0.00881129493340448,5.46214109194328
chr6,27681001,27681500,27,21.5,2.5,2.3564841996464,1.64534570902001,7.80125124029101e-5,0.0144012483363888,5.12120815515427
chr6,28088001,28088500,2,4.5,12,-2.08031794446859,1.22801210217944,3.3775365865574e-4,0.0255876754755275,0.236462293831674
chr6,37301001,37301500,3,2.5,8,-2.316200139692,0.722426923110073,8.5888038110361e-4,0.0375689514448215,0.200795641627979
chr6,38637501,38638000,4,4.5,12,-2.08545448474338,1.22666678975244,1.1783287098584e-4,0.0161166266587933,0.235621895541826
chr6,38638001,38638500,3,3.5,11.5,-2.37345230324654,1.11726195998044,1.94785650606664e-5,0.00958240475830527,0.192983271077522
chr6,46398001,46398500,4,4,9.5,-1.91615056706437,0.994381409771476,0.00128673162758412,0.0468148723918073,0.264960541763267
chr6,54115001,54115500,3,6.5,12.5,-1.62855047490874,1.39072725244556,0.00122580373829505,0.0459635159070974,0.323412988572898
chr6,56782501,56783000,4,2.5,8,-2.316200139692,0.722426923110073,8.5888038110361e-4,0.0375689514448215,0.200795641627979
chr6,57008501,57009000,3,2.5,8,-2.31740056030274,0.721701060845084,0.00104794260396979,0.0399807670763997,0.200628635457443
chr6,58585001,58585500,8,2.5,9,-2.48424374810391,0.820348606323064,1.5741336353817e-4,0.0187989674722654,0.178717925759005
chr6,58585501,58586000,6,3,9.5,-2.31253963850892,0.910518503233686,3.1252679489692e-4,0.0242410264927834,0.201305760477346
chr6,59163001,59163500,10,3,18.5,-3.27065820892234,1.5527552633821,3.2771990064170504e-9,4.48448593355571e-5,0.103617658370483
chr6,66490001,66490500,5,3,9,-2.23529192981707,0.866684618305486,5.3625693651824e-4,0.0297607045315696,0.21237827062332
chr6,67655001,67655500,3,2.5,8,-2.31623946162087,0.722407340880041,8.9240253125911e-4,0.0375689514448215,0.200790168839821
chr6,73523001,73523500,24,18,2.5,2.09869473234812,1.45420731063552,7.5825031903543e-4,0.0375689514448215,4.28321688783063
chr6,75849501,75850000,8,4.5,13,-2.18690532097865,1.29975764134614,3.337116560254e-4,0.0253105763060287,0.219622029611065
chr6,78925001,78925500,8,2.5,8.5,-2.40266753679566,0.772197686226881,4.9049913259967e-4,0.0281127206952951,0.189114575324088
chr6,79035501,79036000,3,4,10.5,-2.05624598217635,1.07762774623372,0.00137028047788941,0.0470578560588441,0.240440864558377
chr6,79164501,79165000,8,6.5,12.5,-1.62806870797392,1.39276112844205,0.00109695985986285,0.0415197060112678,0.323521005650555
chr6,79491501,79492000,2,3,9,-2.23731091478743,0.865256156511389,0.00114144156281367,0.0430210686062806,0.212081264929582
chr6,80857501,80858000,3,3,9.5,-2.31252044264366,0.911217979952751,3.1252679489692e-4,0.0242410264927834,0.201308438981016
chr6,83191001,83191500,5,2.5,8.5,-2.40409301159762,0.772210735472231,9.1494889806905e-4,0.0375689514448215,0.188927810333666
chr6,87259501,87260000,6,5,11.5,-1.87701815118358,1.22563032492934,6.3717708406791e-4,0.0340067276640716,0.272245828567454
chr6,87260001,87260500,10,6,18,-2.27197762369729,1.68362863035203,8.97103523492585e-5,0.0156595192603608,0.207045876605007
chr6,88341001,88341500,5,4.5,10.5,-1.89338638128903,1.11523113919212,0.00122168305379646,0.0458174877129413,0.269174494322739
chr6,88676001,88676500,4,2.5,8.5,-2.4026861860087,0.771479953897244,4.9049913259967e-4,0.0281127206952951,0.189112130722069
chr6,99554501,99555000,2,4.5,10.5,-1.89338634354376,1.11523113919212,0.00122169738741784,0.0458174877129413,0.269174501365159
chr6,100643001,100643500,4,4,9.5,-1.9161499402008,0.992978814181119,9.9262178840903e-4,0.0380073177172199,0.264960656890958
chr6,105620501,105621000,7,8.5,17.5,-1.7315186743078,1.77884488254047,5.28589070315604e-5,0.0135727932641176,0.301134796015684
chr6,107891001,107891500,8,5.5,12.5,-1.86315119441443,1.32833541383657,4.7567056267043e-4,0.0281127206952951,0.27487522890004
chr6,108979501,108980000,7,8,16,-1.68872743968596,1.68035588029941,9.1365481591839e-5,0.0158424628530433,0.310200423326245
chr6,111673501,111674000,9,9.5,16,-1.44534473940817,1.75244890226461,9.6397516938347e-4,0.0375689514448215,0.367204402452507
chr6,112599501,112600000,5,6,11.5,-1.62159877974101,1.29194843339553,0.001200937811076,0.0450936922553617,0.32497513015613
chr6,116641501,116642000,5,3,11,-2.53543817383644,1.03786425689708,6.1295262735865e-4,0.0333041291138051,0.17248727356298801
chr6,118418001,118418500,6,5,11,-1.81377177543743,1.18850087164183,8.2667203922442e-4,0.0375689514448215,0.284446300883168
chr6,118821501,118822000,4,6,14,-1.903300255344,1.4541180631861,6.95219111979916e-5,0.0137874027918808,0.267331128920582
chr6,118822001,118822500,2,3,10,-2.3858264781611,0.954439542359153,1.8113381757618e-4,0.0207554463395178,0.191335107898542
chr6,118944501,118945000,1,6.5,12.5,-1.62827802243198,1.39006477132187,0.0010726184264012,0.0406524752745375,0.323474070775298
chr6,121892001,121892500,7,2.5,8,-2.3162193366617,0.721720634536982,8.5888038110361e-4,0.0375689514448215,0.200792969793606
chr6,122432501,122433000,6,3,9.5,-2.31231477425174,0.912624282732806,3.1936004439215e-4,0.0245125944396764,0.201337139248953
chr6,124255001,124255500,3,4,10,-1.98862349502312,1.03585437162722,5.4925102199915e-4,0.0301953170433493,0.251979191379615
chr6,124627501,124628000,5,9,16.5,-1.56292012313957,1.75605521001122,5.0574299617413e-4,0.0286002479424635,0.338465308856999
chr6,124628001,124628500,3,10.5,17,-1.38990446367004,1.84963422560244,6.9317099217003e-4,0.036391493920819,0.38159007057948
chr6,125297001,125297500,3,4,10,-1.98864241434518,1.03515450828901,5.4925102199915e-4,0.0301953170433493,0.251975886977729
chr6,128313501,128314000,3,3,9,-2.23531085207715,0.865976756016936,5.3625693651824e-4,0.0297607045315696,0.212375485107044
chr6,128446001,128446500,5,3,9.5,-2.31242700873727,0.91191121979869,3.1774303122522e-4,0.0244737523020552,0.201321476831978
chr6,128723001,128723500,4,4.5,10,-1.82470194620879,1.07451660072621,0.00143831407736382,0.0488396089466156,0.282299416866429
chr6,130034501,130035000,7,6,13.5,-1.86229164225728,1.42226868126028,5.4425701169722e-4,0.0301134747078015,0.275039047300663
chr6,131539501,131540000,10,8.5,15.5,-1.55733954321822,1.67936741419867,3.0923474234849e-4,0.0242410264927834,0.339777083365512
chr6,132307001,132307500,3,4.5,11,-1.95940877831841,1.15420378078643,4.2878852030199e-4,0.0281127206952951,0.257133809447076
chr6,132465501,132466000,3,4.5,11,-1.96110111552788,1.15285877530291,6.1136653847507e-4,0.0332296418298876,0.256832358362196
chr6,139308001,139308500,7,4,11,-2.12487420335054,1.1162397514988,1.9354719298074e-4,0.0214969026490991,0.229271001350509
chr6,140267001,140267500,4,18.5,2.5,2.13741455724895,1.48059867962023,5.0724565226086e-4,0.0286822237144187,4.39972867409698
chr6,141013501,141014000,3,5.5,12,-1.80467145710368,1.29568577613121,7.5825031903543e-4,0.0375689514448215,0.286246219173501
chr6,141458001,141458500,5,6,12.5,-1.74090992081416,1.36056969471097,4.7567056267043e-4,0.0281127206952951,0.299180920522823
chr6,142018501,142019000,7,7,16.5,-1.92165018920562,1.65490433088302,2.4998529750804e-5,0.0105908420662836,0.26395242229139
chr6,142026001,142026500,10,5,14.5,-2.20935802909897,1.42629535969161,4.93963828300489e-6,0.00468411166122825,0.216230504741717
chr6,143006501,143007000,5,4.5,10,-1.82470167238431,1.07451012184023,0.00143831407736382,0.0488396089466156,0.282299470447052
chr6,143116501,143117000,7,16.5,2.5,1.97552943214022,1.36541989716525,0.00100127732740683,0.0383017178956639,3.93272533890601
chr6,143218001,143218500,9,10.5,16.5,-1.34720817406773,1.82314576861796,0.00104743271365078,0.0399807670763997,0.39305192644497
chr6,143715001,143715500,3,6,12,-1.68246883716266,1.327310538003,7.5825031903543e-4,0.0375689514448215,0.311549037041761
chr6,145709001,145709500,4,4,10,-1.98862349502312,1.03585437162722,5.4925102199915e-4,0.0301953170433493,0.251979191379615
chr6,145709501,145710000,1,4.5,10,-1.82468275416629,1.07520800965527,0.00143831407736382,0.0488396089466156,0.282303172295186
chr6,146296501,146297000,3,3.5,9.5,-2.10211181271734,0.952701858020413,0.00139199923624895,0.0476049343097729,0.232917054933054
chr6,149367501,149368000,3,3.5,11,-2.30987671377462,1.07795227648851,2.0092535089434e-4,0.0217239916706777,0.201677673535498
chr6,149386001,149386500,3,3.5,10.5,-2.24335119751382,1.03687848446242,1.0444273332139e-4,0.0161166266587933,0.211195178271932
chr6,149842501,149843000,13,17,2.5,2.02538318127538,1.39698279656342,0.00131769538144053,0.0468148723918073,4.07099988655637
chr6,150854001,150854500,4,4,11.5,-2.18717323563241,1.15452239898613,2.1592701326281e-4,0.0217239916706777,0.219581248645389
chr6,150898001,150898500,11,21.5,4,1.69721991283413,1.72253912074888,8.4845653648039e-4,0.0375689514448215,3.24275474133372
chr6,152329501,152330000,10,19,2.5,2.18445223144901,1.51300227882464,3.9062262379704e-4,0.0281127206952951,4.5455416947763
chr6,154311501,154312000,3,6.5,12.5,-1.62822073481351,1.3920979444166801,0.0010726184264012,0.0406524752745375,0.323486915781729
chr6,157132001,157132500,8,17.5,2.5,2.06130229172149,1.42657616119097,0.0010653017812555,0.0404927955926301,4.1736287940264
chr6,158093501,158094000,10,19,3,1.92169514760256,1.53793670194215,6.9658169004761e-4,0.0365670038959256,3.78867962108587
chr6,159955501,159956000,4,2.5,8,-2.31618039467457,0.723120441178209,8.5888038110361e-4,0.0375689514448215,0.200798389776731
chr6,160098501,160099000,10,19.5,3.5,1.74296828752522,1.59507503045418,9.4806272481996e-4,0.0375689514448215,3.34723139305097
chr6,160854001,160854500,11,4,10,-1.98854445586675,1.0365609994598,5.7602024361349e-4,0.0314573845235332,0.251992996631397
chr6,161118001,161118500,5,8.5,17.5,-1.72612148564746,1.78273889332033,2.2853096790957e-4,0.0217239916706777,0.302263465055863
chr6,161177001,161177500,11,3,9.5,-2.31115066162694,0.91119844559056,9.1697756149312e-4,0.0375689514448215,0.201499664027126
chr6,161780501,161781000,7,6,12.5,-1.74094802377673,1.35920808142891,4.7567056267043e-4,0.0281127206952951,0.29917301897152
chr6,161894001,161894500,3,3.5,9.5,-2.10030244101474,0.953425057514454,9.1693449057221e-4,0.0375689514448215,0.23320935365145
chr6,163340001,163340500,9,6,12,-1.68509598640215,1.32597810472966,0.00144654817330598,0.049103783165629,0.310982222148162
chr6,163934501,163935000,7,12.5,18.5,-1.2631238296268399,2.00006783487393,9.0885420782994e-4,0.0375689514448215,0.416640840862889
chr6,169104501,169105000,3,2.5,8.5,-2.40264833957071,0.772902661976114,4.9049913259967e-4,0.0281127206952951,0.189117091794372
chr6,169182501,169183000,5,3,10.5,-2.45548489702394,0.998489047754642,1.0576517268809e-4,0.0161166266587933,0.182316255325138
chr6,169212501,169213000,9,4,10,-1.98864241434518,1.03515450828901,5.4925102199915e-4,0.0301953170433493,0.251975886977729
chr7,698501,699000,12,19.5,3.5,1.74296856158298,1.59506875183714,9.4806272481996e-4,0.0375689514448215,3.34723202889902
chr7,2060001,2060500,55,18,2.5,2.09871500469845,1.45421992193401,7.6555071256357e-4,0.0375689514448215,4.2832770748285
chr7,2715001,2715500,18,20.5,2.5,2.28465600180978,1.5898626164864,1.1585616524039e-4,0.0161166266587933,4.87247911555586
chr7,3693001,3693500,5,5,11,-1.81390875675655,1.18712890784679,8.3764282185503e-4,0.0375689514448215,0.28441929449672
chr7,4017001,4017500,23,20.5,2.5,2.29616345357989,1.59443154892908,3.8237776233834e-4,0.0281127206952951,4.91149916416541
chr7,5010001,5010500,4,5,12,-1.93827387807418,1.26056760952728,3.1498270333189e-4,0.0242853893756727,0.260928443067924
chr7,5226001,5226500,17,20.5,2.5,2.2850273751458,1.59312238018879,7.22845026167571e-5,0.0141100706563358,4.87373353294217
chr7,5703501,5704000,5,2.5,8,-2.31584488714836,0.723113910948007,9.3861751954997e-4,0.0375689514448215,0.200845092096555
chr7,6144001,6144500,8,4.5,11,-1.96095210831799,1.15283287316294,5.3847666330657e-4,0.029818069377163,0.256858886386792
chr7,7866501,7867000,2,3.5,10.5,-2.24338286183218,1.03688497736743,1.0546958279047e-4,0.0161166266587933,0.211190543004059
chr7,11734001,11734500,3,4.5,10,-1.82470167238431,1.07451012184023,0.00143831407736382,0.0488396089466156,0.282299470447052
chr7,12399001,12399500,4,4.5,10.5,-1.89403011158702,1.11589559054401,9.3187887426848e-4,0.0375689514448215,0.269054415497715
chr7,12744001,12744500,5,5.5,13,-1.91931588861138,1.36158696935025,2.9959370071022e-4,0.0237675674262049,0.264379846669162
chr7,13019501,13020000,3,4,9.5,-1.91533692921338,0.994368426303097,9.1693449057221e-4,0.0375689514448215,0.265110013912315
chr7,16674501,16675000,6,4.5,10.5,-1.89711110445588,1.11245279529813,0.00113985750388397,0.0429658592596911,0.268480440962852
chr7,17784001,17784500,5,7,13,-1.57986749956608,1.45347725014404,0.00147320297113162,0.0498926585675587,0.334512609693951
chr7,17822001,17822500,5,4,11.5,-2.19403565239986,1.15314473590831,2.798947984238e-4,0.0224195401711983,0.218539254415036
chr7,18656501,18657000,5,4,10,-1.98862322119864,1.03584788292142,5.4925102199915e-4,0.0301953170433493,0.251979239205438
chr7,18756001,18756500,4,3,9,-2.23424042893549,0.866665066603509,6.5927855499822e-4,0.0346862596852398,0.212533117859617
chr7,24601501,24602000,2,4,11.5,-2.19066649093813,1.15315121278891,1.1996122192763e-4,0.0161166266587933,0.219050210941158
chr7,24642501,24643000,5,5.5,13.5,-1.97339598315307,1.39344011246679,7.09617554415957e-5,0.0139326168819391,0.254652893808278
chr7,24771001,24771500,4,5.5,13.5,-1.97093844462703,1.39476128280174,3.3284414722164e-4,0.0252696005887154,0.255087048361987
chr7,27144001,27144500,25,17.5,2.5,2.05856279877571,1.42591372954244,7.7462321548186e-4,0.0375689514448215,4.16571112765344
chr7,27160001,27160500,28,21.5,4,1.69724303611334,1.72317031448938,0.00147281725546104,0.0498878565459468,3.24280671609075
chr7,27802001,27802500,6,5,12,-1.93791811358105,1.26191505722996,3.4216566417867e-4,0.0258622574211189,0.260992795213939
chr7,29051501,29052000,6,2.5,9,-2.47522755735424,0.822472631451959,0.00120250074792924,0.0451508102716979,0.179838329231656
chr7,35642501,35643000,8,2.5,8,-2.31627381522934,0.722433450575786,9.079017002641e-4,0.0375689514448215,0.200785387659791
chr7,36780001,36780500,2,6.5,14,-1.79700404077036,1.48371771039968,8.8377460477414e-4,0.0375689514448215,0.287771566826227
chr7,37175001,37175500,7,4,10.5,-2.05827316351991,1.07760178185564,8.9316262066346e-4,0.0375689514448215,0.240103249928896
chr7,38887001,38887500,11,4.5,10.5,-1.89338737572811,1.11519873308842,0.00119435556836438,0.0449298822357862,0.269174308782804
chr7,39636001,39636500,5,3,9.5,-2.31255910796142,0.909825809706151,3.1252679489692e-4,0.0242410264927834,0.201303043834962
chr7,41326001,41326500,9,3,9,-2.2353303218028,0.865282203105006,5.3625693651824e-4,0.0297607045315696,0.212372619037354
chr7,43450001,43450500,6,2.5,8,-2.31584495830848,0.723113910948007,9.3859995928671e-4,0.0375689514448215,0.200845082189984
chr7,46592001,46592500,8,10.5,16.5,-1.34711753753507,1.82447440432098,0.00102627549547082,0.0392164208666605,0.393076620494535
chr7,54833501,54834000,26,21.5,2.5,2.34600994966881,1.64016967668521,1.96274158784e-4,0.0217153799289572,5.08416182045531
chr7,54844501,54845000,6,20.5,2.5,2.30258047969874,1.59506448303998,3.1028016349471e-4,0.0242410264927834,4.93339389241208
chr7,54872001,54872500,4,2.5,8.5,-2.40301606686754,0.772171588069366,7.1393763711829e-4,0.0368089479892141,0.189068894044474
chr7,54943001,54943500,5,26,3,2.37646358166943,1.87897188827548,1.59395095072864e-5,0.00874672897646841,5.19262334706677
chr7,55023001,55023500,9,22,2.5,2.39211016589791,1.67075240546727,7.44896627916433e-5,0.0141666089873896,5.24924584167859
chr7,55053501,55054000,12,35.5,8.5,1.34462609515587,2.41787083974938,3.230545161303e-4,0.0247541095451734,2.53964367756038
chr7,55054001,55054500,9,31,3.5,2.40752740758082,2.09610924701429,2.84828396251542e-7,8.2538627395865e-4,5.30564227607343
chr7,55054501,55055000,15,28.5,2.5,2.75706559159792,1.95745587511374,1.41687864520019e-7,5.5495851016792e-4,6.76019841824114
chr7,55067501,55068000,14,57.5,14.5,1.28296930515838,3.07638869374286,7.84411884843659e-5,0.0144729682718684,2.43339294374464
chr7,55077501,55078000,13,18.5,3,1.88363229139294,1.51068413954874,0.0010726184264012,0.0406524752745375,3.69002935014888
chr7,55093001,55093500,9,23.5,3.5,2.01018571524952,1.78955360280861,1.4365410417343e-4,0.0177288155785391,4.02834072710323
chr7,55093501,55094000,9,40.5,7.5,1.71243239151709,2.52833554732891,2.97170554020676e-6,0.00332277228902671,3.27712883569981
chr7,55101001,55101500,14,36.5,6,1.88037154752291,2.36604705049042,3.13970582780557e-6,0.00334724843355128,3.68169865447561
chr7,55104001,55104500,14,23.5,5,1.50691253500838,1.8583510886937,0.00122906705528586,0.0460714969534854,2.84201178101417
chr7,55120001,55120500,8,31,4,2.21967195193679,2.11615798400072,7.64540912031153e-7,0.0015351649981407,4.65787509177246
chr7,55146501,55147000,14,33,3,2.71327395511815,2.14635811442255,2.05985232991493e-8,1.6617597347039e-4,6.55808206505914
chr7,55151501,55152000,19,21,2.5,2.31927409959043,1.61622130552972,6.95219111979916e-5,0.0137874027918808,4.99081040843448
chr7,55153501,55154000,13,29.5,4,2.16044653553404,2.06297722750935,6.65317871953672e-5,0.0137575259285099,4.4705320342098
chr7,55155501,55156000,21,36,2.5,3.09268431232493,2.23421131061804,4.3454543527662103e-10,9.58685271033092e-6,8.53081934539127
chr7,55173501,55174000,11,28,5,1.75738120306023,2.0425562145553,1.3080896909318e-4,0.0169472864622323,3.38083873807267
chr7,55174501,55175000,11,21,3,2.0651207477379,1.64501328853925,1.7187626673274e-4,0.0199273977770873,4.18468998613457
chr7,55177501,55178000,14,28.5,4,2.09506595906214,2.01926161846073,2.69908479772546e-5,0.0110758878591196,4.27245696162994
chr7,55505001,55505500,7,17,2.5,2.01999326346723,1.3963373424302301,7.9299442237045e-4,0.0375689514448215,4.05581898083948
chr7,55963001,55963500,15,24,3.5,2.04039228370546,1.81315106622256,9.1365481591839e-5,0.0158424628530433,4.11357367780455
chr7,56058501,56059000,4,4,13.5,-2.42263019915343,1.29733998886067,2.45153331355453e-5,0.0105711055240735,0.186515806137384
chr7,60996501,60997000,2,10,16.5,-1.41644855027482,1.80184225960394,0.00102627549547082,0.0392164208666605,0.374633404549194
chr7,65144501,65145000,2,5,12.5,-1.99646794106226,1.29603766464942,2.3773748541416e-4,0.0217239916706777,0.250612809018238
chr7,65146001,65146500,1,6,14,-1.90357857479164,1.45545087168701,1.1456897603052e-4,0.0161166266587933,0.26727956135178
chr7,65146501,65147000,1,5.5,12.5,-1.86364835103274,1.32763001694161,2.4260693245716e-4,0.0217239916706777,0.274780522470706
chr7,65469001,65469500,8,3,10,-2.38580728229584,0.95513743763914,1.8113381757618e-4,0.0207554463395178,0.191337653736215
chr7,65476501,65477000,14,19.5,3,1.96160220095265,1.56855877638002,6.1114077957731e-4,0.0332296418298876,3.89494296066583
chr7,65505001,65505500,4,15,21.5,-1.21876899900098,2.21434978241276,4.5681044257003e-4,0.0281127206952951,0.429649166398824
chr7,66332501,66333000,6,2.5,9,-2.48547061156742,0.820322519949253,7.6978583471271e-4,0.0375689514448215,0.178566009183762
chr7,66799501,66800000,6,3,10,-2.38188667067632,0.955855141221326,4.6505428849568e-4,0.0281127206952951,0.191858332628677
chr7,68953501,68954000,24,18.5,3,1.8836706058762,1.51199718305873,0.0010726184264012,0.0406524752745375,3.69012734968526
chr7,69075001,69075500,8,5.5,14,-2.0241529502734,1.42664988107837,1.4008366710851e-4,0.0177288155785391,0.245849452890957
chr7,70059501,70060000,7,6.5,12.5,-1.62805060788485,1.39278044085052,0.00110104357396841,0.0416249643020577,0.323525064578868
chr7,70176501,70177000,1,5,11,-1.81371689368808,1.18917430012032,8.4492993742338e-4,0.0375689514448215,0.284457121747646
chr7,70466501,70467000,5,2.5,8,-2.31618066857078,0.72312697143628,8.5888038110361e-4,0.0375689514448215,0.200798351655082
chr7,70620001,70620500,13,27,3.5,2.2207681527448,1.94432267018414,3.76606961604428e-5,0.0130507276524771,4.66141562294175
chr7,70770501,70771000,6,15,22.5,-1.28415237793997,2.24860349381295,2.207130436078e-4,0.0217239916706777,0.410611979109006
chr7,71188001,71188500,8,3.5,10,-2.17356926439659,0.996772224992287,5.4925102199915e-4,0.0301953170433493,0.221661594908483
chr7,71416001,71416500,10,22,3,2.13125571607677,1.69217919826197,1.1715228912589e-4,0.0161166266587933,4.38098633927087
chr7,75537001,75537500,15,24,2.5,2.51052363758152,1.76236315944737,5.73335549897023e-6,0.00479721079511063,5.69826863878752
chr7,76565501,76566000,11,3,9.5,-2.3134939987111,0.910505485829749,4.7321759573269e-4,0.0281127206952951,0.201172638320149
chr7,77343001,77343500,7,3,9,-2.23521807527026,0.865989784993901,5.8636069144079e-4,0.0319816641814455,0.212389142985093
chr7,77736001,77736500,2,3,9.5,-2.31349397132724,0.910505485829749,4.7321215894138e-4,0.0281127206952951,0.201172642138615
chr7,78200001,78200500,3,6.5,12.5,-1.62823992218604,1.39142212407623,0.0010726184264012,0.0406524752745375,0.323482613540084
chr7,78200501,78201000,1,5,12,-1.93825413962999,1.26123798112324,3.1498270333189e-4,0.0242853893756727,0.26093201302318
chr7,78463501,78464000,3,10,15.5,-1.32682063254253,1.75082006809087,0.00120640767536187,0.0452739178116049,0.398645798043057
chr7,79046001,79046500,3,6,11.5,-1.6215801390611,1.29264181371199,0.001200937811076,0.0450936922553617,0.324979329100705
chr7,79055501,79056000,1,3.5,9.5,-2.09972400708154,0.954800766744891,9.897671559188e-4,0.0379017360619411,0.233302875321738
chr7,79344501,79345000,6,6.5,12.5,-1.62820333677215,1.39143498907028,0.00119722880869918,0.0450281647379313,0.323490816864437
chr7,79451501,79452000,9,2.5,10.5,-2.70448290073553,0.95615297357585,2.76511222229096e-5,0.0112713564684719,0.153415600427553
chr7,80731501,80732000,1,5,12,-1.93503860739375,1.26259884564173,5.1442739917073e-4,0.0290548810068308,0.261514236575011
chr7,80921001,80921500,7,3,11,-2.52211557550018,1.03790323881677,5.99342283540676e-5,0.0135727932641176,0.174087488231451
chr7,84210001,84210500,4,5.5,17,-2.30269228700763,1.6040996165769,6.190397789308e-4,0.0335623318189483,0.202684506019273
chr7,84244501,84245000,5,6,12.5,-1.74089100581817,1.36125408958584,0.0010726184264012,0.0406524752745375,0.299184843072531
chr7,90611001,90611500,3,9.5,16.5,-1.4893385026466,1.77686304252827,2.717380999464e-4,0.0221995249485186,0.356175823431243
chr7,90734501,90735000,7,6,13.5,-1.85115443478586,1.42427205460883,1.1335362910833e-4,0.0161166266587933,0.277170489310396
chr7,90950001,90950500,12,20.5,3,2.03462824550255,1.6211001628559,4.9217412277623e-4,0.0281127206952951,4.09717139458635
chr7,91105501,91106000,1,6.5,14,-1.79052488443243,1.48569245183177,0.00017403824314807001,0.0201305600164645,0.289066857912689
chr7,91106001,91106500,1,6.5,13.5,-1.73843253998095,1.45445092420663,2.967163582116e-4,0.0235782631053198,0.299695112225983
chr7,91874001,91874500,14,9,16,-1.52190421970491,1.7286237781404,4.9888332921531e-4,0.0283696395378734,0.348225988068006
chr7,91877501,91878000,5,6.5,12.5,-1.62827802243198,1.39006477132187,0.0010726184264012,0.0406524752745375,0.323474070775298
chr7,92097501,92098000,4,2.5,9.5,-2.56145333867043,0.867001127241717,8.85327139054372e-5,0.01559412835906,0.169404800343772
chr7,92317501,92318000,6,3.5,12,-2.44379855656405,1.154834607814,0.00105192790050819,0.0400776596331347,0.183799079113159
chr7,92701501,92702000,18,28,5.5,1.63388916719677,2.06705366466698,5.1648584628776e-4,0.0290951018046358,3.10348498753257
chr7,92897001,92897500,2,3,9,-2.23559669869053,0.865262668118483,5.9604848395685e-4,0.0324626129262894,0.212333410518982
chr7,92897501,92898000,5,3,11.5,-2.58568950088412,1.07895679779539,3.42394274643166e-5,0.0130068934895622,0.166582701472031
chr7,93109501,93110000,5,3.5,10.5,-2.2433128082471,1.03826687215218,3.2698525815796e-4,0.0249351170750558,0.21120079812621
chr7,93357001,93357500,7,3,10.5,-2.46225853175454,0.997141672110001,0.00107202734324132,0.0406524752745375,0.181462263935453
chr7,94664501,94665000,23,23.5,2.5,2.48204715199376,1.74247614748545,1.4351830014124e-5,0.00807638214289874,5.58689672494835
chr7,95063501,95064000,3,3,9,-2.24192871589317,0.864555380513812,0.00142547319955076,0.0485622224241763,0.211403517113945
chr7,95088501,95089000,4,7,13.5,-1.63378043099929,1.48404859743793,6.8028809269318e-4,0.0357620344421285,0.322242697176448
chr7,96124001,96124500,4,4.5,12,-2.08545448474338,1.22666678975244,1.1783287098584e-4,0.0161166266587933,0.235621895541826
chr7,97003001,97003500,22,20,3.5,1.7791629439959,1.61946611786637,9.4806272481996e-4,0.0375689514448215,3.43226975468719
chr7,98153501,98154000,10,20,3.5,1.7789737006265,1.61882917268784,9.8185808373187e-4,0.0376255257192662,3.43181956135064
chr7,98174501,98175000,11,19,3.5,1.70578253023391,1.56823309365511,0.00146087551760723,0.0495025930737536,3.26205821835086
chr7,99244001,99244500,5,10,18,-1.54129137944397,1.87348554192515,1.0197663218989e-4,0.0161166266587933,0.34357777488036
chr7,100024001,100024500,12,19,2.5,2.17605049029802,1.51101951875181,2.9658620355118e-4,0.0235696530509832,4.5191470130397
chr7,101935501,101936000,12,20,3,1.9952195507494,1.59214152526212,4.3454440351936e-4,0.0281127206952951,3.98676771537861
chr7,101947001,101947500,12,19.5,3,1.95856561110412,1.56464660274775,7.2880817068704e-4,0.0368089479892141,3.88675349197737
chr7,102080501,102081000,15,34.5,6.5,1.69089626121872,2.3253236433827,8.82419878375515e-5,0.01559412835906,3.22857213517723
chr7,102251001,102251500,5,3.5,10,-2.17356926439659,0.996772224992287,5.4925102199915e-4,0.0301953170433493,0.221661594908483
chr7,103066501,103067000,16,20,2.5,2.24948781735079,1.56627727253521,1.1335362910833e-4,0.0161166266587933,4.75514000021312
chr7,104131001,104131500,4,9.5,17.5,-1.57485073580187,1.82639307212984,7.4028490442345e-4,0.0370649210161214,0.335677853820126
chr7,107020501,107021000,6,7,13.5,-1.63396206382957,1.48336503831192,6.1130901066744e-4,0.0332296418298876,0.322202129927503
chr7,107378001,107378500,8,8,14,-1.49735475715884,1.56820547177344,8.3117616330095e-4,0.0375689514448215,0.354202240467567
chr7,107378501,107379000,6,7,14,-1.68606923450077,1.5133213195962,3.9175805168684e-4,0.0281127206952951,0.310772502989246
chr7,107397501,107398000,3,4.5,10,-1.82468248034181,1.07520152809066,0.00143831407736382,0.0488396089466156,0.282303225876521
chr7,108339501,108340000,9,6.5,12.5,-1.62823992218604,1.39142212407623,0.0010726184264012,0.0406524752745375,0.323482613540084
chr7,108481001,108481500,8,6.5,13,-1.68763393564548,1.4219037513381,9.2712201091979e-4,0.0375689514448215,0.310435631732092
chr7,108514501,108515000,7,5,12.5,-1.99669494954659,1.29601828763796,1.9270198175852e-4,0.0214969026490991,0.250573378122154
chr7,108576001,108576500,2,4,10.5,-2.05834784545418,1.07692890317157,3.2698525815796e-4,0.0249351170750558,0.240090821168475
chr7,111242001,111242500,5,2.5,8,-2.3175683371326,0.721727159156608,0.00106689684046195,0.0405487252086616,0.200605304900201
chr7,111923501,111924000,2,3,9.5,-2.31242701274173,0.91191121979869,3.1774274683472e-4,0.0244737523020552,0.201321476273174
chr7,116148501,116149000,7,5,12.5,-1.99673360490367,1.29466146573595,1.9270198175852e-4,0.0214969026490991,0.250566664386146
chr7,116619001,116619500,1,4,10,-1.98854473136197,1.03653503377561,5.7192713416419e-4,0.0312620339784219,0.251992948511136
chr7,116870501,116871000,5,5,11.5,-1.87734570551087,1.22563679013374,5.118616161639e-4,0.028919031002322,0.27218402397664
chr7,116898001,116898500,3,4,12,-2.24939495184737,1.19121783522228,3.89135082166807e-5,0.0130507276524771,0.210312287648483
chr7,121611501,121612000,3,3.5,10,-2.17360447149524,0.996069830731837,5.7256219227258e-4,0.0312810064592759,0.221656185611166
chr7,122210001,122210500,4,4,9.5,-1.91535584851748,0.993666996071993,9.1693449057221e-4,0.0375689514448215,0.265106537318896
chr7,122679001,122679500,9,2.5,9.5,-2.56154350027882,0.866293119344187,9.02359755863847e-5,0.0157397210174843,0.169394213676752
chr7,123556501,123557000,6,6.5,13,-1.684404745052,1.42326451806904,6.8486906549201e-4,0.0359643756014137,0.311131259381433
chr7,124965001,124965500,4,4,13,-2.37269333610209,1.26188310455544,7.31552691562195e-5,0.0141666089873896,0.193084821641859
chr7,127355501,127356000,2,4.5,11,-1.9627858745544,1.15145004943945,4.4945847198393e-4,0.0281127206952951,0.25653260819376
chr7,127870501,127871000,4,9,15,-1.4292445392102,1.67770774702678,0.00143617360985066,0.0488396089466156,0.371325284577014
chr7,128134501,128135000,24,28.5,6,1.52519100393329,2.10203036240248,3.4136880751078e-4,0.0258423837006843,2.87824819712267
chr7,128324501,128325000,18,20.5,3.5,1.81442392668968,1.64405209478883,6.1858807246557e-4,0.0335412061394048,3.51719159602203
chr7,128861001,128861500,8,22,4.5,1.56160109751753,1.76941259726884,0.00141483183314583,0.0482103333939154,2.9518125278733
chr7,128896501,128897000,16,19,3,1.92197552977301,1.53990705397158,7.2905611744131e-4,0.0368089479892141,3.78941600779042
chr7,129172001,129172500,4,3,13,-2.76123436710802,1.19392616504698,7.99366943367654e-7,0.0015351649981407,0.147497829815442
chr7,129183001,129183500,13,18,2.5,2.11108281936123,1.45685583358689,0.00108360260118703,0.0410414390286601,4.32015423501634
chr7,129413001,129413500,11,20.5,3,2.03058326015367,1.61849525553016,2.740699281129e-4,0.0221995249485186,4.08569995671958
chr7,129605001,129605500,5,10,16.5,-1.41624462332977,1.80312484281066,0.00105631155932893,0.0402390010697807,0.374686363243348
chr7,129911501,129912000,5,4.5,10,-1.82464436931626,1.07659162099809,0.00143831407736382,0.0488396089466156,0.282310683452277
chr7,130417001,130417500,7,5.5,17.5,-2.34553298030166,1.63124607674908,3.89818966304326e-7,0.00101468957601916,0.196754293029164
chr7,130417501,130418000,2,3,13,-2.761172739915,1.19461463591723,3.5788599254453e-6,0.00364641638782684,0.147504130572787
chr7,130493001,130493500,28,19.5,2.5,2.21317878284639,1.53694911077646,1.8385892105222e-4,0.0208690299986604,4.63695839700288
chr7,130514001,130514500,2,7,15,-1.7848547747584,1.57286214484921,1.6144846248227e-4,0.0191014893838551,0.290205189895947
chr7,130522001,130522500,3,13.5,23.5,-1.49439522861345,2.23751517357869,6.19291561034723e-5,0.0137083482517702,0.354929592786492
chr7,131237001,131237500,4,9.5,15.5,-1.39963496312516,1.72765882400507,0.00120640767536187,0.0452739178116049,0.379025032031845
chr7,131555501,131556000,28,22.5,3,2.16391770859044,1.71803162797873,4.18500421685199e-5,0.0130634844750863,4.48130123580171
chr7,132865501,132866000,8,3.5,9.5,-2.10026460919079,0.954103022723581,9.2193388550986e-4,0.0375689514448215,0.233215469185671
chr7,133489501,133490000,5,2.5,8,-2.31618066857078,0.72312697143628,8.5888038110361e-4,0.0375689514448215,0.200798351655082
chr7,133903501,133904000,4,4.5,13,-2.2000598437552,1.29702656824332,4.16716801071436e-5,0.0130634844750863,0.217628613286535
chr7,134292001,134292500,5,5,11.5,-1.87559883356395,1.22631539868226,7.6493861558043e-4,0.0375689514448215,0.272513794716749
chr7,134795501,134796000,5,8,14,-1.49845106702184,1.568199077577,0.00126462694694884,0.0468148723918073,0.353933182978041
chr7,135604501,135605000,5,8,13.5,-1.44522812947203,1.54004151195268,0.00126996188760929,0.0468148723918073,0.367234083993836
chr7,135956001,135956500,5,7,16,-1.88232811193948,1.62563424553432,4.37405851585761e-5,0.0131559111431508,0.271245646593926
chr7,135956501,135957000,3,7.5,14,-1.59229591258049,1.53904822830118,6.201684152412e-4,0.0336117227309422,0.331643254502703
chr7,137299501,137300000,4,4,10.5,-2.05796287011063,1.07690294964066,4.3407256671261e-4,0.0281127206952951,0.240154896650081
chr7,137482501,137483000,6,2.5,9.5,-2.56026320169582,0.867722464531112,1.4784405377894e-4,0.0178195519866809,0.1695446068128
chr7,137521501,137522000,7,5,17,-2.43743934440848,1.57686532466073,1.80685204584013e-7,6.5545558839277e-4,0.184611029727368
chr7,137909001,137909500,11,27.5,3,2.45160695689742,1.93835781938708,2.0983103629615e-6,0.00267565580397989,5.47025071543202
chr7,138317001,138317500,5,2.5,8,-2.316200139692,0.722426923110073,8.5888038110361e-4,0.0375689514448215,0.200795641627979
chr7,138394001,138394500,14,22.5,4.5,1.59375126795988,1.79083540033958,0.00141483183314583,0.0482103333939154,3.01833150794538
chr7,138536001,138536500,8,4,10,-1.98903456610821,1.03446788441714,5.7324751117275e-4,0.0313167884833264,0.251907404479942
chr7,138829501,138830000,7,18,2.5,2.10184996720399,1.45554058367626,0.00117966304869027,0.0443889027184916,4.29259471479115
chr7,138836501,138837000,3,4.5,11.5,-2.02553952940114,1.18953163609516,2.8065295364198e-4,0.0224387028451807,0.245613279654327
chr7,138917501,138918000,17,22.5,4,1.76001230001631,1.76845655866351,7.2400860514845e-4,0.0368089479892141,3.38701012603248
chr7,139040501,139041000,9,20,2.5,2.2638641929502,1.56824336098512,3.2713439212177e-4,0.024944730030798,4.80276158418758
chr7,139568001,139568500,12,24,3,2.22494559677568,1.78286320243172,0.00146749208478823,0.0497117082424934,4.6749327018196
chr7,139571501,139572000,29,27.5,6,1.4739614924561,2.06553612362055,7.386700921001e-4,0.0369909228851993,2.77783612621807
chr7,139582501,139583000,11,20,3.5,1.77922376132107,1.62010326479325,0.00122312821392645,0.0458695568876875,3.43241444629537
chr7,139635501,139636000,18,26.5,4.5,1.8283927930608601,1.96435189883337,7.44101799986257e-5,0.0141666089873896,3.55141213701427
chr7,139636001,139636500,10,21,3,2.06513962527608,1.64566740639434,1.7187626673274e-4,0.0199273977770873,4.18474474279455
chr7,139648501,139649000,18,33.5,6.5,1.6435243383387,2.2925345953425,5.16448142001993e-5,0.0135727932641176,3.12428126426799
chr7,139680001,139680500,12,35.5,5.5,1.96397312123874,2.31930334481096,3.48663650778625e-6,0.00358220866187011,3.90134915964076
chr7,139701001,139701500,15,28.5,4.5,1.92809002283459,2.03912694886357,5.36979661868349e-5,0.0135727932641176,3.80551055825355
chr7,139702001,139702500,16,18.5,2.5,2.13797097890026,1.48322400214658,4.8548535861333e-4,0.0281127206952951,4.40142589795957
chr7,139716501,139717000,23,36,3,2.83826793507333,2.248909161543,1.43092125723376e-9,2.37877057202947e-5,7.15160936126636
chr7,139748001,139748500,12,26,3.5,2.15512194515947,1.89898631486167,2.2827237211185e-5,0.00997448770732937,4.45406294087622
chr7,139940001,139940500,3,20.5,3.5,1.81456468451736,1.64664363935004,6.1130901066744e-4,0.0332296418298876,3.51753477069611
chr7,139982501,139983000,6,6,16,-2.09467319740457,1.57487862822969,9.38241825754646e-6,0.00666403209206237,0.23412108949954
chr7,139983001,139983500,4,5,11.5,-1.87742255908802,1.22426739588144,5.1680454361362e-4,0.0290951018046358,0.272169524891155
chr7,139991001,139991500,17,32,3,2.66918462674211,2.11367955164653,5.87855559416229e-8,3.1535907373051e-4,6.36069595606925
chr7,139993001,139993500,9,21.5,3.5,1.88372661153801,1.69700996161737,3.0068159217935e-4,0.0238495282288108,3.69027060382423
chr7,140042001,140042500,11,27,5.5,1.57039186984691,2.02335571354592,6.7051808189702e-4,0.035260437857517,2.96985371371056
chr7,140064001,140064500,17,38.5,8.5,1.46064253865098,2.50174323857496,7.93897652874171e-5,0.0146354978153353,2.75230916989221
chr7,140266501,140267000,14,32.5,5.5,1.85623747081893,2.22761815685912,2.3751311269025e-4,0.0217239916706777,3.62062176489737
chr7,140356501,140357000,13,23.5,4,1.82902331226027,1.81603754692268,4.9201017272725e-4,0.0281127206952951,3.55296459464769
chr7,140475001,140475500,13,18.5,3,1.88368921534613,1.51266662880203,0.0010726184264012,0.0406524752745375,3.69017494931991
chr7,140540001,140540500,13,23,3,2.19546817554895,1.74343247910746,2.52434982166034e-5,0.0105908420662836,4.58038280215919
chr7,140578501,140579000,12,19.5,3,1.95472338510551,1.56399428044721,0.00116074935858309,0.043693939606183,3.87641595251283
chr7,140579001,140579500,16,29,4,2.12387137298321,2.03940965659719,5.22817194456735e-6,0.00479721079511063,4.35861982808238
chr7,140583001,140583500,15,20,3,1.99523843023477,1.59279883821814,4.3454440351936e-4,0.0281127206952951,3.98681988760704
chr7,140590001,140590500,15,21.5,3,2.09926192178394,1.67042179855393,1.2396351380562e-4,0.0162868290474312,4.28490114743998
chr7,140641501,140642000,15,29,4,2.1239473504282,2.04189219466968,5.22817194456735e-6,0.00479721079511063,4.35884937452771
chr7,141685501,141686000,16,31,4,2.21959572002802,2.1137071650405,1.24306228328654e-6,0.00195317606682657,4.6576289764688
chr7,143282501,143283000,18,21.5,2.5,2.35109968534524,1.64081595276164,6.05323197217412e-5,0.0135727932641176,5.10213009445871
chr7,143304501,143305000,17,19,3.5,1.70580168675474,1.56888683934245,0.00146087551760723,0.0495025930737536,3.26210153318825
chr7,143384501,143385000,8,28.5,2.5,2.75708499804485,1.95807250036796,1.41687864520019e-7,5.5495851016792e-4,6.76028935382382
chr7,143386001,143386500,12,19,2.5,2.17605049029802,1.51101951875181,2.9658620355118e-4,0.0235696530509832,4.5191470130397
chr7,144615501,144616000,5,2.5,8.5,-2.40262859433382,0.773594864355223,4.9049913259967e-4,0.0281127206952951,0.189119680135792
chr7,148400001,148400500,16,21.5,4,1.69490038838621,1.72188938245463,0.00109793529405193,0.0415420809582574,3.23754532050694
chr7,148724501,148725000,8,21,2.5,2.33362004650318,1.62077833226497,2.2216718400844e-4,0.0217239916706777,5.04068585785132
chr7,148739001,148739500,10,30,6.5,1.483333963537,2.17250774522939,4.6306422364531e-4,0.0281127206952951,2.79594108969164
chr7,148739501,148740000,3,29.5,6,1.57104982782015,2.13512111703091,4.4365492901283e-4,0.0281127206952951,2.97120845918608
chr7,148791501,148792000,16,26.5,4,2.00150986440633,1.94465793589869,1.6243843610569e-4,0.0192039039486513,4.00418842435786
chr7,149089501,149090000,20,36,3.5,2.62221105424413,2.26641863497249,1.3967624181276e-8,1.3481600744139e-4,6.15692952216865
chr7,149092501,149093000,28,27,2.5,2.6881864892909,1.8995933796837,4.60929759532595e-6,0.00440174890537104,6.44502738795793
chr7,149102001,149102500,16,19.5,2.5,2.21317850875271,1.53695538781641,1.8385892105222e-4,0.0208690299986604,4.63695751603993
chr7,149124001,149124500,23,20,2.5,2.24946893737743,1.56561816046604,1.1335362910833e-4,0.0161166266587933,4.75507777200371
chr7,149146501,149147000,19,21,3.5,1.84892245581739,1.66947657767041,4.0028604058619e-4,0.0281127206952951,3.60231029169741
chr7,149164001,149164500,16,26,4.5,1.79915704324418,1.94182503389879,2.1221903566693e-4,0.0217239916706777,3.48016822073336
chr7,149202001,149202500,14,25.5,4,1.93938987485293,1.89993738337984,8.28336348450557e-5,0.0149866909806328,3.83543410415844
chr7,149205501,149206000,10,20.5,3,2.02818835975566,1.61718468717331,4.5884152701066e-4,0.0281127206952951,4.07892324566402
chr7,149213501,149214000,12,19.5,3,1.95902544241218,1.56724548389281,4.3454440351936e-4,0.0281127206952951,3.88799251737629
chr7,149431001,149431500,19,38,3.5,2.70288147577199,2.33325957716649,1.16441683618295e-8,1.1340245077344e-4,6.51101054824741
chr7,149433001,149433500,13,20,3.5,1.77920097731332,1.62077196287519,9.4806272481996e-4,0.0375689514448215,3.43236023973225
chr7,149455501,149456000,12,19,2.5,2.176070596778,1.51103209964219,2.9960430378944e-4,0.0237675674262049,4.51920999570033
chr7,149578501,149579000,10,9,16.5,-1.5660073474556,1.75475884220969,2.717380999464e-4,0.0221995249485186,0.337741801055074
chr7,149860501,149861000,14,33.5,5.5,1.88432801459432,2.25892939455853,1.05479920911682e-5,0.00674353514489981,3.6918092537808
chr7,151031501,151032000,9,23.5,5,1.50710608678703,1.86089632958276,0.00120640767536187,0.0452739178116049,2.84239309052194
chr7,151041501,151042000,10,24,4.5,1.6862555836329,1.85802861151734,4.1406511920041e-4,0.0281127206952951,3.2182035607977
chr7,151112501,151113000,17,22.5,2.5,2.41813651720579,1.69249513924218,1.55832452425697e-5,0.00859452573147687,5.34480204963021
chr7,151133501,151134000,12,27,2.5,2.68352713730771,1.89894610693374,1.46157608693687e-6,0.00219386767048579,6.42424599596422
chr7,151219001,151219500,12,24.5,3.5,2.06460533459944,1.83260337303419,1.634446062796e-4,0.0193207431205276,4.18319524267875
chr7,151472501,151473000,12,33.5,7,1.53805544068952,2.30844414061912,9.79641816741492e-5,0.0161166266587933,2.90402815527687
chr7,151473001,151473500,7,27.5,6.5,1.36025066223728,2.08544739091818,0.00133435045090224,0.0468148723918073,2.56729781364939
chr7,151557001,151557500,10,19.5,2.5,2.21317878284639,1.53694911077646,1.8385892105222e-4,0.0208690299986604,4.63695839700288
chr7,151558501,151559000,11,19,3,1.92180082468706,1.53859117199482,6.8486906549201e-4,0.0359643756014137,3.78895715117314
chr7,151587001,151587500,12,24.5,4.5,1.71586300562372,1.88119552259894,2.717380999464e-4,0.0221995249485186,3.28493086014548
chr7,151602001,151602500,10,23,4,1.78863823533791,1.78859491816706,7.2935264449644e-4,0.0368089479892141,3.45488630696453
chr7,151611501,151612000,15,23,2.5,2.44962126724396,1.71642024400845,1.55832452425697e-5,0.00859452573147687,5.4627267771616
chr7,151615001,151615500,6,19,3,1.91967909524457,1.53726989297017,0.00139874647783605,0.0478310855484183,3.78338893810827
chr7,151624501,151625000,13,31.5,4.5,2.11976193264224,2.15949321162317,8.1165563218426e-4,0.0375689514448215,4.3462221959513
chr7,151732001,151732500,10,30.5,2.5,2.8544430247661,2.03721591782791,5.40941198730028e-8,3.1535907373051e-4,7.23224235992136
chr7,151732501,151733000,11,22.5,2.5,2.41811654762107,1.69187048607317,1.55832452425697e-5,0.00859452573147687,5.34472806813334
chr7,151842501,151843000,5,17.5,23,-1.09547113336132,2.34669660404775,0.00123872102295272,0.046425326237711,0.467983271915222
chr7,151846001,151846500,17,34,3.5,2.54018514208236,2.20251797148524,2.21713552220325e-8,1.7494785250338e-4,5.81663647448935
chr7,151921501,151922000,10,21,2.5,2.31968434193443,1.61882941724314,7.61429612392784e-5,0.0141666089873896,4.99222978871479
chr7,152027001,152027500,18,22.5,2.5,2.41813596901848,1.69250760853644,1.55832452425697e-5,0.00859452573147687,5.34480001874217
chr7,152027501,152028000,14,21,3.5,1.84900641358409,1.6694640813457,3.9175805168684e-4,0.0281127206952951,3.60251993456645
chr7,152065001,152065500,10,6,13,-1.79706083783193,1.39311345654475,2.9993387133291e-4,0.0237919660301786,0.287760237850104
chr7,152128001,152128500,16,19,3,1.92182025477744,1.53923957461922,6.8486906549201e-4,0.0359643756014137,3.78900818085964
chr7,152139001,152139500,16,27,6,1.44762881446466,2.04628387057696,7.386700921001e-4,0.0369909228851993,2.72759380720714
chr7,152148001,152148500,16,22.5,4,1.76001230001631,1.76845655866351,7.2400860514845e-4,0.0368089479892141,3.38701012603248
chr7,152305001,152305500,7,14,22,-1.35035184204448,2.19570740525884,9.79641816741492e-5,0.0161166266587933,0.39219638908724
chr7,152305501,152306000,4,9.5,17,-1.53214569896365,1.80217151367667,1.7736931487223e-4,0.0204786068266264,0.345762736625115
chr7,152382001,152382500,3,5,12.5,-1.996714687955,1.29534943899515,1.9270198175852e-4,0.0214969026490991,0.250569949895328
chr7,152415501,152416000,14,32.5,4.5,2.12517650459452,2.18941816234511,5.60508319111405e-6,0.00479721079511063,4.36256463014577
chr7,152462501,152463000,20,23.5,3,2.22620430660855,1.76396660355243,2.52434982166034e-5,0.0105908420662836,4.67901322564288
chr7,152539501,152540000,10,18.5,2.5,2.13788141105335,1.48257206146497,4.7567056267043e-4,0.0281127206952951,4.40115264963433
chr7,152743501,152744000,11,20,3,1.99520039744125,1.59149069569167,4.3454440351936e-4,0.0281127206952951,3.98671478715639
chr7,155225501,155226000,16,24,4.5,1.68629359686489,1.85930060523699,4.1406511920041e-4,0.0281127206952951,3.21828835760282
chr7,155231001,155231500,16,26.5,4,2.00159277990053,1.94463323062022,1.6052181347797e-4,0.0189980922903945,4.00441856225503
chr7,155247001,155247500,16,27.5,2.5,2.70590370203754,1.91769373323485,2.86319922087583e-7,8.2538627395865e-4,6.52466441956219
chr7,155267501,155268000,23,24.5,3.5,2.06996114332136,1.83575372086904,5.78186146840475e-5,0.0135727932641176,4.19875364626945
chr7,155714001,155714500,13,19,3,1.92191160880482,1.5405558904845,6.9270182500434e-4,0.0363686288723066,3.7892481152232
chr7,155764001,155764500,18,18,2.5,2.09871389132335,1.45486752385203,7.5825031903543e-4,0.0375689514448215,4.28327376928433
chr7,155767001,155767500,8,20,3,1.99520039744125,1.59149069569167,4.3454440351936e-4,0.0281127206952951,3.98671478715639
chr7,155784001,155784500,14,27.5,5,1.73249039431327,2.02424798808904,2.0653064644844e-4,0.0217239916706777,3.32300944661447
chr7,155853001,155853500,4,3.5,10.5,-2.24337711867701,1.03686549873384,1.0534101306347e-4,0.0161166266587933,0.211191383723988
chr7,155870001,155870500,12,23,3,2.20214687939225,1.74472085647086,8.71319391781559e-5,0.01559412835906,4.60163603768693
chr7,155873001,155873500,12,26,5.5,1.51696588718242,1.98599411100759,8.7136568454005e-4,0.0375689514448215,2.86188536938432
chr7,155921501,155922000,15,17,2.5,2.01646729559224,1.39435173115141,0.00142434677508609,0.0485253772518283,4.0459186029277
chr7,155963001,155963500,17,19,2.5,2.17603160812391,1.51035695011515,2.9658620355118e-4,0.0235696530509832,4.51908786626241
chr7,155970001,155970500,9,18.5,3,1.8836511744323,1.51134684282173,0.0010726184264012,0.0406524752745375,3.69007764824616
chr7,155971501,155972000,10,20,3,1.99520039744125,1.59149069569167,4.3454440351936e-4,0.0281127206952951,3.98671478715639
chr7,156063001,156063500,19,25,2.5,2.5691848117257,1.81060074316282,1.99935425160548e-6,0.00257304515226734,5.93473993710474
chr7,156063501,156064000,16,27.5,6.5,1.3601757072218,2.08423327309371,0.00131351200023836,0.0468148723918073,2.56716443352183
chr7,156638501,156639000,5,17,2.5,2.01695529797128,1.39499651629433,0.001200937811076,0.0450936922553617,4.04728739662014
chr7,156649001,156649500,8,4,10,-1.98862349502312,1.03585437162722,5.4925102199915e-4,0.0301953170433493,0.251979191379615
chr7,156655001,156655500,12,22.5,3,2.16394403733988,1.71866762496054,4.10755339587748e-5,0.0130507276524771,4.48138301894416
chr7,156684001,156684500,10,20,2.5,2.24552553407019,1.56367975492529,2.293247244402e-4,0.0217239916706777,4.74209818494639
chr7,156684501,156685000,9,18,2.5,2.10249332928635,1.45488644800288,8.508812107608e-4,0.0375689514448215,4.29450940117233
chr7,156775001,156775500,11,19.5,2.5,2.21319766341399,1.53760950750465,1.8385892105222e-4,0.0208690299986604,4.63701908133109
chr7,156872501,156873000,16,27.5,3.5,2.23558779780722,1.96122199043239,5.47966724204947e-6,0.00479721079511063,4.70954536995706
chr7,156962001,156962500,20,23,2.5,2.45816705574458,1.71963076083046,5.47146229036452e-5,0.0135727932641176,5.49518120709198
chr7,156966001,156966500,12,23,3,2.2194549337459,1.74663933028886,5.7596410555766e-4,0.0314573845235332,4.65717448105944
chr7,157035001,157035500,9,5.5,12,-1.80469064719327,1.29500415732154,7.5825031903543e-4,0.0375689514448215,0.286242411678568
chr7,157143001,157143500,11,28.5,6,1.52515273897507,2.10080209801545,3.4136880751078e-4,0.0258423837006843,2.87817185764459
chr7,157177501,157178000,14,19.5,3,1.95856564127151,1.56464660274775,7.2880456131201e-4,0.0368089479892141,3.8867535732511
chr7,157191001,157191500,15,35.5,7.5,1.52309437988507,2.38647849200319,5.69041801019393e-5,0.0135727932641176,2.87406836605134
chr7,157192501,157193000,5,6.5,12.5,-1.62823964845114,1.39141569161832,0.0010726184264012,0.0406524752745375,0.323482674917219
chr7,157194501,157195000,5,8.5,20,-1.92311328952813,1.90086632038406,3.2510430943917e-6,0.00344555746494517,0.263684872252133
chr7,157196001,157196500,10,12,17.5,-1.2416147821038,1.93481046054503,0.00109726119035462,0.0415296572399227,0.422899048030712
chr7,157198001,157198500,8,18.5,3,1.88356609573204,1.51135942650397,0.00112608115466579,0.0424954708673481,3.6898600431776
chr7,157199501,157200000,10,17,2.5,2.02528841082843,1.39700178123679,0.0013227121822925,0.0468148723918073,4.0707324718941
chr7,157244001,157244500,13,21.5,3.5,1.88138828582986,1.69315029307758,3.08524300278e-4,0.0242410264927834,3.68429424350374
chr7,157253001,157253500,8,16,24,-1.27827775240071,2.33735277836705,9.2576046032307e-4,0.0375689514448215,0.412287391737286
chr7,157265001,157265500,14,43,5,2.374232846452,2.51926126669182,3.76848195356907e-9,4.9680908650035e-5,5.18460057247189
chr7,157265501,157266000,14,48,4.5,2.68172144345257,2.63843194318579,1.2294555379554499e-11,4.92250318994408e-7,6.41621036491811
chr7,157271001,157271500,10,24,4,1.85339392277994,1.83733901024323,2.4989096666362e-4,0.0221008861908246,3.61349255728517
chr7,157271501,157272000,13,36.5,5.5,2.00889468831239,2.35316546211092,5.25454775538893e-6,0.00479721079511063,4.0247374915203
chr7,157305001,157305500,14,22.5,2.5,2.41811654762107,1.69187048607317,1.55832452425697e-5,0.00859452573147687,5.34472806813334
chr7,157305501,157306000,15,20.5,3,2.03359312927863,1.62045645381696,5.0530088265038e-4,0.0285767409139306,4.09423277805557
chr7,157332001,157332500,8,19,3,1.92183968512087,1.5398881906815,6.8486906549201e-4,0.0359643756014137,3.789059211898
chr7,157336001,157336500,26,25,2.5,2.56087450167165,1.80744022498759,1.67557927842795e-5,0.00906717332553371,5.90065251525037
chr7,157341001,157341500,18,17.5,2.5,2.05856280762202,1.42591372954244,7.7462434077362e-4,0.0375689514448215,4.16571115319673
chr7,157355501,157356000,9,24,3.5,2.04031543513991,1.81061527355107,9.1365481591839e-5,0.0158424628530433,4.11335456440351
chr7,157365001,157365500,11,24,3.5,2.04033430433039,1.81125668981792,9.1365481591839e-5,0.0158424628530433,4.11340836383871
chr7,157365501,157366000,14,19.5,2.5,2.21874293483263,1.54023445424988,4.3279385643032e-4,0.0281127206952951,4.6548766391886804
chr7,157371001,157371500,9,30.5,5.5,1.74553612400549,2.15224164636399,5.7861617006451e-5,0.0135727932641176,3.35319439727148
chr7,157378001,157378500,8,28,4.5,1.90731296012249,2.02145901612559,3.06197679888738e-5,0.0122369044545199,3.75109801361492
chr7,157378501,157379000,12,20,3,1.99525758404884,1.59345009623353,4.3454440351936e-4,0.0281127206952951,3.98687281862269
chr7,157389001,157389500,5,7,14.5,-1.73634088182613,1.54337184678732,2.4959336851758e-4,0.02207637211437,0.300129933408851
chr7,157574501,157575000,19,27,4,2.02141826127847,1.96341685336384,2.12252932817633e-5,0.00958240475830527,4.05982702707589
chr7,157620001,157620500,13,23,3.5,1.9792441569898,1.76493275535913,2.2815641534494e-4,0.0217239916706777,3.94286456879961
chr7,158895001,158895500,3,4.5,10.5,-1.89446413421574,1.11314212826573,8.8297719639636e-4,0.0375689514448215,0.268973484921507
chr7,158909501,158910000,14,29.5,6,1.57471984092034,2.13939718880504,1.5451020676603e-4,0.0185074636897364,2.97877641708683
chr7,158922001,158922500,17,23,3.5,1.97939242208606,1.76748235964359,2.2468852642605e-4,0.0217239916706777,3.94326979597395
chr7,159285501,159286000,4,4,10,-1.98854445084041,1.0365609994598,5.7602251665515e-4,0.0314573845235332,0.251992997509338
chr8,30091501,30092000,24,20.5,3.5,1.81454607991891,1.64598291807153,6.1130901066744e-4,0.0332296418298876,3.51748940982763
chr8,32255501,32256000,4,4,10.5,-2.05796286223436,1.07690294964066,4.340750511871e-4,0.0281127206952951,0.240154897961185
chr8,34841501,34842000,3,2.5,8,-2.31618094246705,0.723133501722226,8.5888038110361e-4,0.0375689514448215,0.200798313533434
chr8,44933001,44933500,9,14.5,28.5,-1.67051065454374,2.43912195603694,6.153519841522e-6,0.00488767615521002,0.314142130591065
chr8,45815501,45816000,9,4.5,11,-1.9609577955034,1.15281992225389,5.9857951587161e-4,0.0325936239804395,0.256857873836536
chr8,45816001,45816500,12,4.5,15,-2.40511767808597,1.42862432152922,5.3218583612084e-6,0.00479721079511063,0.188793673000875
chr8,47830501,47831000,14,21,2.5,2.31968395553119,1.61881062943197,7.59755485576761e-5,0.0141666089873896,4.99222845162454
chr8,48572501,48573000,14,17,2.5,2.02084964186322,1.39564784136339,0.00129153429487982,0.0468148723918073,4.05822721454958
chr8,48678001,48678500,5,22.5,3,2.15738188974561,1.715458491451,1.935665407245e-4,0.0214969026490991,4.46104558327571
chr8,48678501,48679000,9,27,6,1.44757167997782,2.0444208020611,0.00107764383105843,0.0408229020360037,2.72748578951644
chr8,53702001,53702500,3,3,9.5,-2.3100588320139,0.911904705576969,5.2583757694245e-4,0.0293451625691473,0.201652216412811
chr8,53828001,53828500,10,6.5,15,-1.89830755446254,1.54307665633301,6.0361017518625e-4,0.0328579283036036,0.268257878151421
chr8,53973001,53973500,3,8,13.5,-1.44524786016873,1.53938773432812,0.00126996188760929,0.0468148723918073,0.367229061633201
chr8,54012001,54012500,9,16.5,2.5,1.97422286190695,1.36342264894891,8.3687422007127e-4,0.0375689514448215,3.92916529631629
chr8,54052501,54053000,6,2.5,8,-2.3162193366617,0.721720634536982,8.5888038110361e-4,0.0375689514448215,0.200792969793606
chr8,54061001,54061500,15,18,2.5,2.09867529953243,1.45355362632843,7.5825031903543e-4,0.0375689514448215,4.28315919413835
chr8,54792501,54793000,3,3.5,13.5,-2.60077836960754,1.265631323497,2.98236462556279e-5,0.0119496651832576,0.164849524459479
chr8,54913001,54913500,11,21.5,4,1.69490038838621,1.72188938245463,0.00109793529405193,0.0415420809582574,3.23754532050694
chr8,58097001,58097500,6,5,14,-2.15906664845064,1.39443711918802,8.47015750379993e-6,0.00618263161783783,0.223901073684317
chr8,58147001,58147500,15,21.5,4,1.69490038838621,1.72188938245463,0.00109793529405193,0.0415420809582574,3.23754532050694
chr8,58303501,58304000,4,6,13,-1.79705582866613,1.39377701447623,6.8486906549201e-4,0.0359643756014137,0.287761236981038
chr8,58450501,58451000,3,2.5,8,-2.316200139692,0.722426923110073,8.5888038110361e-4,0.0375689514448215,0.200795641627979
chr8,58612501,58613000,5,3,9,-2.23759434944732,0.865295226567055,0.00116081781399285,0.0436949949449864,0.21203960312643
chr8,58981001,58981500,4,6,16,-2.09469265949033,1.5742178331729,9.38241825754646e-6,0.00666403209206237,0.234117931206304
chr8,58981501,58982000,2,8.5,14.5,-1.46178731983168,1.62330051815782,0.00109793529405193,0.0415420809582574,0.363043085356108
chr8,59070501,59071000,4,10.5,18.5,-1.51130209839981,1.9171705833948,1.3649843821774e-4,0.017579060480063,0.350794467929008
chr8,59386001,59386500,4,4,11,-2.12489312296346,1.11554274130549,1.9354719298074e-4,0.0214969026490991,0.229267994692806
chr8,59708501,59709000,4,2.5,8,-2.31756846104808,0.721727159156608,0.00106691773000808,0.0405487252086616,0.200605287669877
chr8,60780001,60780500,1,5,11.5,-1.87734625305229,1.2256497206224,5.118616161639e-4,0.028919031002322,0.272183920675531
chr8,60810001,60810500,4,4,13,-2.36132985504392,1.26461988690769,3.43302747729542e-5,0.0130068934895622,0.194611672036625
chr8,60853001,60853500,14,23.5,2.5,2.48045312712621,1.74055539125238,9.38241825754646e-6,0.00666403209206237,5.58072720611657
chr8,60965501,60966000,9,16.5,2.5,1.97706622710304,1.36609878353795,0.00112022809404951,0.0422836707114985,3.93691680866409
chr8,61011001,61011500,11,20,2.5,2.24944950946967,1.564971814524,1.8385892105222e-4,0.0208690299986604,4.75501373865799
chr8,61849501,61850000,12,4,10,-1.98858483414036,1.03723543514181,0.00143831407736382,0.0488396089466156,0.251985943928303
chr8,62694501,62695000,3,6.5,14,-1.79061161339504,1.48369845645318,1.7187626673274e-4,0.0199273977770873,0.289049480910309
chr8,63001501,63002000,1,7,13.5,-1.63394287781524,1.48403575949377,6.1130901066744e-4,0.0332296418298876,0.322206414835687
chr8,66112001,66112500,8,9,16.5,-1.56662217112588,1.75278400269357,3.2100329706644e-4,0.0246283571484135,0.337597898561909
chr8,66762001,66762500,15,18.5,3,1.88367005772476,1.51200977139626,0.0010726184264012,0.0406524752745375,3.69012594762302
chr8,67095501,67096000,3,4.5,11,-1.96117010614002,1.15216398574514,5.7242851382574e-4,0.0312810064592759,0.256820076765976
chr8,67586001,67586500,4,2.5,9,-2.48385870518214,0.821038928410887,1.804764154807e-4,0.0207554463395178,0.178765630404906
chr8,69348501,69349000,5,4,10.5,-2.05834729784097,1.07691592635202,3.2698525815796e-4,0.0249351170750558,0.240090912301339
chr8,69900001,69900500,4,14.5,20.5,-1.19885265629174,2.15604305687066,7.7745227953719e-4,0.0375689514448215,0.435621584213263
chr8,70295001,70295500,5,4.5,10,-1.82468302799082,1.07521449124688,0.00143831407736382,0.0488396089466156,0.28230311871385
chr8,70535501,70536000,27,21.5,4,1.69498665854024,1.72252662473572,0.00111032143762566,0.0419344081009536,3.2377389247522
chr8,73057001,73057500,8,5.5,12,-1.80469064719327,1.29500415732154,7.5825031903543e-4,0.0375689514448215,0.286242411678568
chr8,73396501,73397000,11,23,3,2.19734320011595,1.7440672187174,3.8031484982652e-5,0.0130507276524771,4.58633964920194
chr8,73438501,73439000,12,24.5,3,2.28596032211271,1.81028738777343,9.40798470631649e-6,0.00667342184455374,4.87688624733249
chr8,73464001,73464500,5,5.5,14,-2.02550288012514,1.42527375081006,2.56183937190922e-5,0.0106495443825248,0.245619519131801
chr8,73729001,73729500,6,10,16,-1.37236943966948,1.77523093405335,8.1054752997944e-4,0.0375689514448215,0.386256351151946
chr8,74237501,74238000,8,19,3.5,1.70576309990836,1.56758584656398,0.00146087551760723,0.0495025930737536,3.26201428500077
chr8,74266501,74267000,1,4.5,10,-1.82470222003332,1.07452307963917,0.00143831407736382,0.0488396089466156,0.282299363285806
chr8,74390001,74390500,2,12,18,-1.28196721780739,1.95762535683974,7.386700921001e-4,0.0369909228851993,0.411234378681307
chr8,74769501,74770000,2,3,9,-2.23533004794241,0.865275691415292,5.3625693651824e-4,0.0297607045315696,0.212372659351109
chr8,74823501,74824000,1,2.5,8.5,-2.40264779181405,0.772889607184618,4.9049913259967e-4,0.0281127206952951,0.189117163597603
chr8,76987501,76988000,5,3,9.5,-2.31252044264366,0.911217979952751,3.1252679489692e-4,0.0242410264927834,0.201308438981016
chr8,77113001,77113500,5,7,18,-2.04645975651098,1.73457548363082,5.6488576944386e-6,0.00479721079511063,0.242077390049638
chr8,77240501,77241000,5,6,12.5,-1.7409288355554,1.35988554635398,4.7567056267043e-4,0.0281127206952951,0.299176998077372
chr8,78543501,78544000,8,3,13,-2.76404054315488,1.19396508905624,2.68244874401625e-5,0.011042658799872,0.14721121165679
chr8,78781501,78782000,4,4.5,10.5,-1.89444521623482,1.11383819841933,8.8297719639636e-4,0.0375689514448215,0.268977011979183
chr8,79332001,79332500,5,2.5,10,-2.62554089449157,0.912908775005607,0.0012239796326424,0.0458983021477781,0.162044179419714
chr8,79355001,79355500,10,11,20,-1.55711272895324,2.00358534572736,8.18956166559184e-5,0.0148393319950242,0.339830505846055
chr8,80172001,80172500,12,13,19,-1.24586572981774,2.04005556887465,0.00124609694486482,0.0466952886894527,0.421654796288466
chr8,81204001,81204500,9,4,10,-1.9885444458135,1.0365609994598,5.7602478996227e-4,0.0314573845235332,0.251992998387379
chr8,81583501,81584000,4,4.5,11,-1.96105481295857,1.15145651962537,5.4417387754777e-4,0.0301104376474797,0.256840601399409
chr8,81812001,81812500,1,3,10,-2.38580728229584,0.95513743763914,1.8113381757618e-4,0.0207554463395178,0.191337653736215
chr8,85659501,85660000,11,2.5,9.5,-2.56722156132633,0.866280087636293,3.6086280984399e-4,0.0270006141919409,0.168728833685888
chr8,86440501,86441000,1,7.5,15.5,-1.73518539643532,1.62530606651015,1.2391083551038e-4,0.016281886798361,0.300370410196202
chr8,86485501,86486000,5,14.5,21,-1.23340263869369,2.17707168078508,5.4293739293998e-4,0.030051227485286,0.425313148444957
chr8,86832001,86832500,3,2.5,8,-2.31618039467457,0.723120441178209,8.5888038110361e-4,0.0375689514448215,0.200798389776731
chr8,87992001,87992500,1,4.5,12.5,-2.1439144866667,1.26158312737992,7.02449804195658e-5,0.013884949843299,0.226265026803932
chr8,88130501,88131000,4,4.5,10,-1.82468248034181,1.07520152809066,0.00143831407736382,0.0488396089466156,0.282303225876521
chr8,90733001,90733500,5,3,9.5,-2.30665676619386,0.91194379131971,0.00108407803802416,0.0410580076827655,0.202128300137596
chr8,90733501,90734000,4,3.5,10,-2.17150260246482,0.997487903984822,7.6078703454477e-4,0.0375689514448215,0.22197935288068
chr8,93727501,93728000,5,19.5,24.5,-1.03133683248407,2.45924473507605,0.00135676177866229,0.0470578560588441,0.489256582933368
chr8,93955501,93956000,17,19,3.5,1.70574394389373,1.56693253018082,0.00146087551760723,0.0495025930737536,3.2619709724664
chr8,94063501,94064000,12,19.5,2.5,2.2132168183283,1.53826384503671,1.8385892105222e-4,0.0208690299986604,4.63708064825293
chr8,94347501,94348000,2,7.5,13,-1.48256018726556,1.48035167288731,9.5675877018552e-4,0.0375689514448215,0.357853206702485
chr8,94726501,94727000,7,14,20.5,-1.25159687789638,2.13701493039673,7.772612227676e-4,0.0375689514448215,0.419983082989856
chr8,96564501,96565000,8,14.5,21.5,-1.26717967052851,2.19660524667849,3.7724589781863e-4,0.0281127206952951,0.415471185574288
chr8,97225501,97226000,9,2.5,8.5,-2.40268673376536,0.771492997378269,4.9049913259967e-4,0.0281127206952951,0.189112058920749
chr8,97738001,97738500,17,19,3,1.92182052885314,1.53923328921541,6.8486906549201e-4,0.0359643756014137,3.78900890067576
chr8,98587001,98587500,5,4,9.5,-1.91533638152856,0.994355442943514,9.1693449057221e-4,0.0375689514448215,0.265110114555038
chr8,98675501,98676000,16,24,4.5,1.68643376491005,1.86054853294305,4.2399573024495e-4,0.0281127206952951,3.21860105230934
chr8,98988501,98989000,2,8.5,15,-1.5107310528834,1.65056916084607,9.5900260491204e-4,0.0375689514448215,0.35093334638409
chr8,99308001,99308500,8,6.5,12.5,-1.62822018734376,1.3920850745167,0.0010726184264012,0.0406524752745375,0.323487038537633
chr8,100231501,100232000,18,18,2.5,2.09869445825443,1.45421361627225,7.5825031903543e-4,0.0375689514448215,4.28321607407405
chr8,101347501,101348000,4,8,14,-1.4973808100373,1.56823104881345,8.3882420580971e-4,0.0375689514448215,0.354195844171512
chr8,101388001,101388500,4,2.5,8,-2.31618066857078,0.72312697143628,8.5888038110361e-4,0.0375689514448215,0.200798351655082
chr8,101689001,101689500,22,18,2.5,2.09384483542639,1.45158130565589,6.1474028780063e-4,0.0333928678880731,4.26884220543594
chr8,102029501,102030000,8,2.5,8,-2.31619959189953,0.722413868262201,8.5888038110361e-4,0.0375689514448215,0.200795717870261
chr8,102379001,102379500,7,3,11.5,-2.58541033007325,1.07963696676884,2.78185288754417e-5,0.0113182569187659,0.166614939419989
chr8,103368501,103369000,4,3.5,9.5,-2.10228955441452,0.952734352176969,0.00141245906894045,0.0481401241737511,0.232888361050169
chr8,106442001,106442500,7,7,14,-1.68539274545929,1.51397771851347,5.9312612001459e-4,0.0323357679795822,0.310918260397775
chr8,106989501,106990000,3,3.5,11,-2.30986763764667,1.07792630633403,1.9958274681902e-4,0.0217239916706777,0.201678942312388
chr8,107307001,107307500,4,12.5,19.5,-1.33871300076485,2.04161959331574,4.2798249340299e-4,0.0281127206952951,0.395373203142223
chr8,107547501,107548000,3,5,11,-1.81422095685133,1.18712244736644,8.735329227676e-4,0.0375689514448215,0.284357752645429
chr8,108205501,108206000,4,5.5,11.5,-1.74380195045028,1.25955270829027,0.001200937811076,0.0450936922553617,0.298581782512141
chr8,109338501,109339000,4,8,14.5,-1.54764586417962,1.5965060473749,5.406036732416e-4,0.0299312526339065,0.342067782449253
chr8,115315001,115315500,6,4.5,11,-1.96099076593663,1.15146298983806,5.3847666330657e-4,0.029818069377163,0.256852003837424
chr8,115672501,115673000,5,17,27,-1.36729957949987,2.46452548493465,2.08490687005488e-5,0.00958240475830527,0.387616105290711
chr8,115754001,115754500,9,3,11.5,-2.58567003124817,1.07964346609041,3.42394274643166e-5,0.0130068934895622,0.166584949574606
chr8,115754501,115755000,5,5,13,-2.05286031986441,1.33001533713872,1.1724369351535e-4,0.0161166266587933,0.241005784718697
chr8,115934501,115935000,1,2.5,11.5,-2.83464892840899,1.03960401453686,8.59636422828087e-6,0.00626206902221699,0.140179867572857
chr8,116114001,116114500,7,4,9.5,-1.91535584851748,0.993666996071993,9.1693449057221e-4,0.0375689514448215,0.265106537318896
chr8,116392001,116392500,6,7.5,14.5,-1.63967556770683,1.56919801829389,3.1270945376592e-4,0.0242410264927834,0.320928636493064
chr8,117824001,117824500,6,5,11,-1.81471431898255,1.18852026895473,0.00146058402925157,0.0495025930737536,0.284260526719132
chr8,117987001,117987500,6,3.5,10.5,-2.24335119751382,1.03687848446242,1.0444273332139e-4,0.0161166266587933,0.211195178271932
chr8,118045001,118045500,7,8.5,16,-1.60232866846391,1.70637285425309,2.2045760952894e-4,0.0217239916706777,0.329344949462832
chr8,120192501,120193000,9,3.5,11.5,-2.37320382106758,1.11864461767347,7.01729974345427e-5,0.013884949843299,0.19301651236009
chr8,120340501,120341000,5,8.5,14.5,-1.46176813763613,1.62396234460862,0.00109793529405193,0.0415420809582574,0.363047912439833
chr8,120863001,120863500,7,4,11,-2.12432577573949,1.11693702899536,6.1105230562613e-4,0.0332296418298876,0.22935817323799
chr8,120863501,120864000,4,3,10.5,-2.4555508261285,0.997811980852986,1.0444273332139e-4,0.0161166266587933,0.182307923922813
chr8,121062501,121063000,2,5,11,-1.81375258449887,1.18918723677067,8.2667203922442e-4,0.0375689514448215,0.28445008465426
chr8,121256501,121257000,3,10,16.5,-1.41646745531575,1.8011853909295,5.4136320015834e-4,0.0299702349332092,0.374628495394285
chr8,121275501,121276000,4,6.5,13,-1.68436664376915,1.42461981401995,6.8486906549201e-4,0.0359643756014137,0.31113947640327
chr8,121411001,121411500,20,17,2.5,2.0169293747535,1.39434541258375,0.00120945288456819,0.0453803211585498,4.0472146731637
chr8,121647001,121647500,5,6,11.5,-1.62174785997206,1.29262247629715,0.00140540250262987,0.0479296634954753,0.324941550734934
chr8,122351001,122351500,8,5.5,12.5,-1.86315037320973,1.32831606608624,4.7567056267043e-4,0.0281127206952951,0.274875385363386
chr8,122849501,122850000,8,4.5,12,-2.08541555238772,1.22802505112967,1.1783287098584e-4,0.0161166266587933,0.235628254085353
chr8,122916001,122916500,14,20.5,3,2.03894322048335,1.62174407828046,5.075454175574e-4,0.0286961719482868,4.10944402074527
chr8,123674001,123674500,8,9,17,-1.60883317610615,1.77980197238471,1.7736931487223e-4,0.0204786068266264,0.327863413359883
chr8,125131001,125131500,3,6.5,13,-1.68442420588674,1.42259686784385,6.8486906549201e-4,0.0359643756014137,0.311127062490881
chr8,125171001,125171500,5,10,19,-1.61081838318826,1.92076232647238,5.0701031068465e-4,0.0286704159721091,0.32741257022214
chr8,125200501,125201000,8,4.5,11,-1.96097130036049,1.15214456710592,5.3847666330657e-4,0.029818069377163,0.256855469438833
chr8,125224001,125224500,4,3,9,-2.23531085207715,0.865976756016936,5.3625693651824e-4,0.0297607045315696,0.212375485107044
chr8,126702501,126703000,3,3,11,-2.5220958323128,1.03858471448865,5.99342283540676e-5,0.0135727932641176,0.174089870623655
chr8,127202001,127202500,2,4.5,10,-1.82464436931626,1.07659162099809,0.00143831407736382,0.0488396089466156,0.282310683452277
chr8,127257501,127258000,9,33,6.5,1.62901020713349,2.27795864397063,1.432078472468e-4,0.0177288155785391,3.09300723291169
chr8,127490501,127491000,3,4.5,11.5,-2.02450766581001,1.19157976012904,1.9663862002146e-4,0.0217153799289572,0.245789013298204
chr8,128032001,128032500,10,18.5,3,1.88400066962635,1.51332370695355,0.00112344617142038,0.0424019540464433,3.69097168377788
chr8,128287501,128288000,7,4,13,-2.36204668529835,1.26398709811683,1.2732806392115e-4,0.0166338613032695,0.194514999573848
chr8,128301501,128302000,4,6.5,12.5,-1.62822018734376,1.3920850745167,0.0010726184264012,0.0406524752745375,0.323487038537633
chr8,128539001,128539500,3,4,9.5,-1.91535612235991,0.993673485046738,9.1693449057221e-4,0.0375689514448215,0.265106486998204
chr8,128802501,128803000,8,3,9.5,-2.31253991235136,0.910525011976835,3.1252679489692e-4,0.0242410264927834,0.201305722266877
chr8,130289501,130290000,4,5,13.5,-2.10676659460718,1.36327712581389,8.40429986832405e-5,0.0151648864597807,0.232166770974656
chr8,132737501,132738000,3,2.5,8,-2.31623950655783,0.722407340880041,8.9244061964597e-4,0.0375689514448215,0.200790162585624
chr8,133273501,133274000,8,20.5,2.5,2.29042144190056,1.59377999360448,2.8525179838991e-4,0.022742288502237,4.89198995635515
chr8,133737501,133738000,12,25.5,2.5,2.61229145533381,1.83573715390931,2.35046746606898e-5,0.0102580587158241,6.1147412671433
chr8,134637001,134637500,4,19,3,1.92178194300126,1.53793042117988,6.8486906549201e-4,0.0359643756014137,3.78890756243243
chr8,135506501,135507000,6,4,9.5,-1.91615001936602,0.992978814181119,9.9262979414989e-4,0.0380073177172199,0.264960642351732
chr8,135507001,135507500,6,4,10.5,-2.06161873791339,1.07485343583223,4.8624907053061e-4,0.0281127206952951,0.239547101481409
chr8,140009501,140010000,11,26.5,6,1.42076838651996,2.02553302350501,0.00107764383105843,0.0408229020360037,2.67728066284344
chr8,140063001,140063500,12,20.5,4,1.62693210048604,1.67303660096694,0.0013550831059771,0.0470578560588441,3.08855516808442
chr8,140129501,140130000,16,29,6,1.55015736057515,2.12054199848047,2.3024099383472e-4,0.0217239916706777,2.92849079679091
chr8,140598001,140598500,16,20,3,1.99525758404884,1.59345009623353,4.3454440351936e-4,0.0281127206952951,3.98687281862269
chr8,140707001,140707500,10,23,3.5,1.9793730015715,1.76684933222995,2.2468852642605e-4,0.0217239916706777,3.94321671489244
chr8,141077501,141078000,17,18,2.5,2.11344628979112,1.45686214881006,0.0014704642951717,0.0498108318265556,4.32723745406216
chr8,142308001,142308500,17,21.5,2.5,2.35291223628111,1.64146243668797,4.30413133960361e-5,0.0130634844750863,5.10854425836553
chr8,142351001,142351500,8,17.5,2.5,2.05839422386284,1.42458323938993,0.001200937811076,0.0450936922553617,4.16522440430235
chr8,142384501,142385000,3,3.5,9.5,-2.10026460894494,0.954103022723581,9.2193395465812e-4,0.0375689514448215,0.233215469225413
chr8,142729501,142730000,7,8.5,15,-1.51042286146707,1.64927457984398,7.2400860514845e-4,0.0368089479892141,0.351008321479258
chr8,143297501,143298000,16,30,7,1.37963465685207,2.19348104734314,9.2626072637582e-4,0.0375689514448215,2.60202469962692
chr8,143502001,143502500,22,22.5,3,2.16391770913592,1.71803162797873,4.18499803231975e-5,0.0130634844750863,4.48130123749607
chr8,143607501,143608000,16,37,3.5,2.66163090520439,2.30021804343244,8.361179658792521e-9,8.94917754869818e-5,6.32747939893686
chr8,143900001,143900500,12,21,3.5,1.84906359285094,1.67140862556955,3.9175805168684e-4,0.0281127206952951,3.60266271840153
chr9,712001,712500,12,18,2.5,2.09867557362611,1.45354732307899,7.5825031903543e-4,0.0375689514448215,4.28316000788412
chr9,2700501,2701000,6,2.5,8.5,-2.4026861860087,0.771479953897244,4.9049913259967e-4,0.0281127206952951,0.189112130722069
chr9,6988501,6989000,5,4.5,11.5,-2.02452685836253,1.19089248291712,1.9663862002146e-4,0.0217153799289572,0.245785743523904
chr9,13276001,13276500,5,2.5,9.5,-2.56354938227922,0.865591910661079,1.1912286182422e-4,0.0161166266587933,0.169158856452632
chr9,13509501,13510000,4,3,9,-2.23521077875066,0.865963727150211,5.8045463540693e-4,0.0316800986320337,0.212390217159066
chr9,14290501,14291000,1,2.5,8.5,-2.40530461415145,0.770769038542508,6.422900774551e-4,0.0341478259220867,0.188769211795265
chr9,16159001,16159500,4,3.5,9.5,-2.09906453681662,0.954129040047611,0.00134743878441681,0.046836625538281,0.233409544766504
chr9,17282501,17283000,3,2.5,9.5,-2.56343767483117,0.866968534101125,0.00133789736580196,0.0468148723918073,0.169171954879687
chr9,17422001,17422500,4,3,9.5,-2.3125207164861,0.911224491461764,3.1252679489692e-4,0.0242410264927834,0.201308400770039
chr9,20904001,20904500,4,5,11,-1.81377204922611,1.18850733738611,8.2667203922442e-4,0.0375689514448215,0.284446246902133
chr9,26916001,26916500,4,4.5,10.5,-1.89438763934229,1.11590855828545,8.8297719639636e-4,0.0375689514448215,0.268987746867091
chr9,35361501,35362000,4,3.5,12.5,-2.48951312502034,1.19497714607205,3.95818857684212e-5,0.0130507276524771,0.178066357436283
chr9,35362001,35362500,5,5.5,14.5,-2.07546116025154,1.45916633843596,4.46391786584813e-5,0.0133378115054784,0.23725967760164
chr9,35527001,35527500,2,3,9,-2.2353303218028,0.865282203105006,5.3625693651824e-4,0.0297607045315696,0.212372619037354
chr9,35795001,35795500,5,7.5,13.5,-1.53654041948508,1.51100094996026,0.00126996188760929,0.0468148723918073,0.344711080861847
chr9,41031501,41032000,3,4,10.5,-2.06702105070546,1.07485991623826,9.0587754431846e-4,0.0375689514448215,0.238651771284936
chr9,62799001,62799500,23,24,4.5,1.68629414490864,1.85928819982293,4.1406511920041e-4,0.0281127206952951,3.21828958015029
chr9,69120001,69120500,27,23.5,2.5,2.48049196577588,1.74182324785302,9.38241825754646e-6,0.00666403209206237,5.58087744634079
chr9,69542001,69542500,6,4,10.5,-2.05834702403444,1.07690943798282,3.2698525815796e-4,0.0249351170750558,0.240090957867771
chr9,69588001,69588500,2,5,11.5,-1.87734597928155,1.22564325536476,5.118616161639e-4,0.028919031002322,0.272183972326085
chr9,72390001,72390500,11,21,3.5,1.84906359285094,1.67140862556955,3.9175805168684e-4,0.0281127206952951,3.60266271840153
chr9,77017001,77017500,21,18,2.5,2.09869473234812,1.45420731063552,7.5825031903543e-4,0.0375689514448215,4.28321688783063
chr9,77022001,77022500,22,22.5,3,2.19155234518084,1.72316261695396,0.00104282080763822,0.0398148792837301,4.56796736978674
chr9,78976001,78976500,7,4.5,10.5,-1.89442602419232,1.1145280567609,8.8297719639636e-4,0.0375689514448215,0.268980590180006
chr9,79366001,79366500,4,2.5,8.5,-2.40268591213046,0.771473432198349,4.9049913259967e-4,0.0281127206952951,0.189112166622729
chr9,81295001,81295500,5,2.5,10,-2.63473990449813,0.912241188874298,4.95772215590918e-5,0.0135727932641176,0.161014229436222
chr9,81646001,81646500,9,5.5,11.5,-1.74380195045028,1.25955270829027,0.001200937811076,0.0450936922553617,0.298581782512141
chr9,82217001,82217500,6,2.5,8.5,-2.405769309557,0.771499519160396,8.4479126524873e-4,0.0375689514448215,0.188708418587397
chr9,84887001,84887500,9,3,10.5,-2.44640709542429,0.998469523290816,5.8371223090932e-4,0.0318434227672308,0.183467052008702
chr9,85716501,85717000,2,2.5,8,-2.31623950680506,0.722407340880041,8.9244082919685e-4,0.0375689514448215,0.200790162551215
chr9,88973501,88974000,8,18,2.5,2.09869445825443,1.45421361627225,7.5825031903543e-4,0.0375689514448215,4.28321607407405
chr9,91175001,91175500,5,4,11,-2.12515835943738,1.11416247689363,1.9981350555494e-4,0.0217239916706777,0.229225848124615
chr9,91410501,91411000,9,11.5,17.5,-1.3010405625409,1.91653575765223,0.00135041977871171,0.0469387348490774,0.405833379993678
chr9,92630001,92630500,6,8,16,-1.68830147121917,1.679683420459,1.2824299375893e-4,0.0166834751014474,0.310292026266576
chr9,95017001,95017500,2,3.5,9.5,-2.10030189332982,0.953412054340271,9.1693449057221e-4,0.0375689514448215,0.233209442183862
chr9,95815001,95815500,20,26.5,2.5,2.65273892574293,1.87611628589932,7.00375222095777e-7,0.00145043146665087,6.2886002309066
chr9,97660001,97660500,5,3,9.5,-2.31253991235136,0.910525011976835,3.1252679489692e-4,0.0242410264927834,0.201305722266877
chr9,101538001,101538500,3,3,10.5,-2.45579231735097,0.996400111429267,1.091571950289e-4,0.0161166266587933,0.182277410142937
chr9,101547501,101548000,7,3.5,10,-2.17158146325596,0.997461887801379,7.4479405275218e-4,0.0372889600434692,0.221967219346943
chr9,104742501,104743000,6,2.5,8.5,-2.40264833957071,0.772902661976114,4.9049913259967e-4,0.0281127206952951,0.189117091794372
chr9,106697001,106697500,7,3.5,10,-2.1736044705329,0.996069830731837,5.7256079256824e-4,0.0312810064592759,0.22165618575902
chr9,109039001,109039500,6,4,14.5,-2.52044099253977,1.36596938827206,1.4026409739414e-6,0.00212069114234674,0.174289674548917
chr9,109777501,109778000,4,3.5,9.5,-2.10028297241133,0.954116031330883,9.1693449057221e-4,0.0375689514448215,0.233212500741393
chr9,117748001,117748500,7,4,10.5,-2.05827316489553,1.07760178185564,8.9316236311277e-4,0.0375689514448215,0.240103249699956
chr9,120436001,120436500,8,10,16.5,-1.41624463065206,1.80312484281066,0.00105631020667543,0.0402390010697807,0.374686361341654
chr9,120928001,120928500,17,21,3.5,1.84720004088726,1.66883088867413,5.3650070822457e-4,0.0297727047028027,3.59801210636523
chr9,121230501,121231000,5,4,12,-2.24643323712298,1.19261237558575,2.8524873844589e-4,0.022742288502237,0.210744482104509
chr9,125546001,125546500,17,19.5,2.5,2.21323597349564,1.53891840049514,1.8385892105222e-4,0.0208690299986604,4.6371422168055
chr9,125569001,125569500,11,5.5,13.5,-1.95904925719034,1.39680603975431,5.9386291659175e-4,0.0323694065949354,0.257197895448811
chr9,129361001,129361500,29,18,2.5,2.09867529953243,1.45355362632843,7.5825031903543e-4,0.0375689514448215,4.28315919413835
chr9,131166501,131167000,5,3.5,9.5,-2.10026350355283,0.954807273780549,9.1693449057221e-4,0.0375689514448215,0.23321564791504
chr9,132606001,132606500,15,19.5,3,1.95902544241218,1.56724548389281,4.3454440351936e-4,0.0281127206952951,3.88799251737629
chr9,132852001,132852500,13,3,10,-2.38582675198564,0.954446048150247,1.8113381757618e-4,0.0207554463395178,0.191335071583008
chr9,134640001,134640500,8,21.5,3,2.10294588201876,1.67172060197384,2.1199259075493e-4,0.0217239916706777,4.29585673845664
chr9,135836001,135836500,18,27.5,5,1.74378389447105,2.02737488441248,5.7400818973655e-4,0.0313535912957671,3.34912423729859
chr9,135838001,135838500,25,49,12,1.33496563008981,2.8553660359529,0.00109602174395107,0.0414856510441153,2.52269471776527
chr9,136076001,136076500,17,20.5,3,2.03074345501206,1.6204439166854,2.7942693107753e-4,0.0223837225971756,4.08615365237018
chr9,137792501,137793000,20,21.5,2.5,2.35304347903837,1.64404419830525,4.24281112034967e-5,0.0130634844750863,5.10900900657081
chr10,13977001,13977500,9,3.5,10,-2.17361792915403,0.996095825108121,5.7693699847042e-4,0.0315040182645092,0.221654117981266
chr10,15851001,15851500,1,3.5,10,-2.17148668878761,0.996798230377731,0.00112768691650325,0.0425501267704601,0.221981801441985
chr10,18568001,18568500,4,7,13,-1.58014172522314,1.45277293598692,0.00139704350887295,0.0477743625936323,0.334449032000817
chr10,18569501,18570000,1,9.5,15.5,-1.39963496312516,1.72765882400507,0.00120640767536187,0.0452739178116049,0.379025032031845
chr10,38527001,38527500,16,17.5,26.5,-1.29895024535778,2.46418005863702,5.44596364287876e-5,0.0135727932641176,0.406421817137528
chr10,38527501,38528000,9,11,22,-1.69393845193183,2.0875061043642,4.21351704595768e-6,0.00414440113267869,0.309082000965091
chr10,38803001,38803500,11,2.5,8,-2.3162193366617,0.721720634536982,8.5888038110361e-4,0.0375689514448215,0.200792969793606
chr10,41875501,41876000,10,4.5,10,-1.82468275416629,1.07520800965527,0.00143831407736382,0.0488396089466156,0.282303172295186
chr10,41890001,41890500,5,9,15,-1.42932847985819,1.67704896482003,0.00141483183314583,0.0482103333939154,0.371303680303503
chr10,41895001,41895500,12,6,14.5,-1.95505533133781,1.48401911665073,5.48762187913611e-5,0.0135727932641176,0.257910903040481
chr10,41910501,41911000,7,9.5,20,-1.7654462446134,1.94096605469687,7.81872305727173e-6,0.00573812528795407,0.294135690182299
chr10,42296001,42296500,7,3,11.5,-2.58567030501886,1.0796499654391,3.42394274643166e-5,0.0130068934895622,0.166584917962887
chr10,42303001,42303500,7,5.5,12,-1.80471038453361,1.29433569045096,7.5825031903543e-4,0.0375689514448215,0.286238495656752
chr10,42303501,42304000,13,5,11,-1.81426671205251,1.1871353683538,8.7822130313213e-4,0.0375689514448215,0.28434873435709
chr10,42306501,42307000,14,5.5,13.5,-1.9737038707846,1.39341435110737,5.17013907695352e-5,0.0135727932641176,0.254598553765161
chr10,42310501,42311000,15,5.5,12,-1.80468509797918,1.29434859535473,0.00126872471158402,0.0468148723918073,0.286243512689824
chr10,44291501,44292000,8,3,9.5,-2.31250152036563,0.911924248324616,3.1252679489692e-4,0.0242410264927834,0.201311079344451
chr10,49516501,49517000,9,9,18,-1.69087017843873,1.82806643944421,4.78438386580866e-5,0.0135727932641176,0.309740045289075
chr10,50313001,50313500,9,9,15,-1.4293865696633,1.67508663096047,0.00141483183314583,0.0482103333939154,0.371288730141768
chr10,61378001,61378500,11,6,12,-1.68248829939159,1.3266377616621,7.5825031903543e-4,0.0375689514448215,0.311544834214684
chr10,61713001,61713500,5,2.5,8.5,-2.40266698903901,0.772184637092593,4.9049913259967e-4,0.0281127206952951,0.189114647126363
chr10,61863501,61864000,6,3,10.5,-2.45521620249288,0.997785958879925,1.4812290668315e-4,0.0178511716349919,0.182350213952185
chr10,67951501,67952000,3,2.5,8,-2.31618066857078,0.72312697143628,8.5888038110361e-4,0.0375689514448215,0.200798351655082
chr10,72492001,72492500,10,6,12.5,-1.7409291092903,1.35989198592987,4.7567056267043e-4,0.0281127206952951,0.299176941311961
chr10,73848001,73848500,10,18.5,2.5,2.13788141105335,1.48257206146497,4.7567056267043e-4,0.0281127206952951,4.40115264963433
chr10,74575501,74576000,3,5,11,-1.81373366709405,1.18988032854782,8.2667203922442e-4,0.0375689514448215,0.284453814543481
chr10,84337001,84337500,6,2.5,9.5,-2.56145361251286,0.867007645952614,8.85327139054372e-5,0.01559412835906,0.16940476818852299
chr10,84453501,84454000,4,5,13,-2.05284572606638,1.33000242560757,1.1872872069362e-4,0.0161166266587933,0.241008222661185
chr10,86774501,86775000,6,6,11.5,-1.6216799834822,1.29128107270592,0.00121128593299944,0.045447522198338,0.324956839073845
chr10,89536501,89537000,21,24,2.5,2.50629809544601,1.76171933111731,1.67003060622261e-5,0.00906717332553371,5.68160326859404
chr10,89787001,89787500,7,3,9.5,-2.31253963850892,0.910518503233686,3.1252679489692e-4,0.0242410264927834,0.201305760477346
chr10,90122501,90123000,3,4.5,12,-2.08545800860049,1.22667325910559,1.2019851632298e-4,0.0161166266587933,0.235621320023886
chr10,90166501,90167000,3,2.5,8,-2.31621906276544,0.721714109945186,8.5888038110361e-4,0.0375689514448215,0.200793007914239
chr10,93027001,93027500,2,4,10,-1.98858483414036,1.03723543514181,0.00143831407736382,0.0488396089466156,0.251985943928303
chr10,93392501,93393000,9,8,14,-1.49733557386024,1.56887057400062,8.3117616330095e-4,0.0375689514448215,0.354206950272707
chr10,93696001,93696500,9,8,14,-1.4973808118635,1.56823104881345,8.3882476778502e-4,0.0375689514448215,0.35419584372316
chr10,97888001,97888500,10,20.5,3.5,1.81005567870027,1.64341098171592,0.00114657957585723,0.0432132142987061,3.50655821312674
chr10,104066501,104067000,6,2.5,8.5,-2.40266726291731,0.772191161645853,4.9049913259967e-4,0.0281127206952951,0.189114611225225
chr10,110494001,110494500,10,17,2.5,2.02254750857523,1.39699545298704,9.335949446266e-4,0.0375689514448215,4.06300603807702
chr10,113114501,113115000,5,15,22.5,-1.28417045001313,2.2479625129297802,2.207130436078e-4,0.0217239916706777,0.410606835566511
chr10,113720501,113721000,11,8.5,15.5,-1.55514464794016,1.67868892453123,7.3413060404559e-4,0.0369367934192102,0.340294408710258
chr10,114725001,114725500,2,2.5,8.5,-2.4095544763814,0.771460388883792,0.00107700350573386,0.0408051615807978,0.188213957452402
chr10,114990501,114991000,7,6.5,14,-1.79059187916966,1.48435647546073,1.7187626673274e-4,0.0199273977770873,0.28905343476504203
chr10,115320501,115321000,8,5,11.5,-1.87720228097124,1.22701366627518,5.1979817571551e-4,0.0290951018046358,0.272211084310081
chr10,115888001,115888500,5,3,9,-2.2353105782168,0.865970241569794,5.3625693651824e-4,0.0297607045315696,0.212375525421336
chr10,116938001,116938500,4,3.5,10,-2.17404473504234,0.995374208701747,6.1670239349167e-4,0.0334811239943494,0.221588553681302
chr10,119806001,119806500,6,19,2.5,2.17638746823052,1.511688605422,3.1966917821485e-4,0.0245278979085754,4.5202026974624
chr10,119907501,119908000,14,18.5,3,1.8836706058762,1.51199718305873,0.0010726184264012,0.0406524752745375,3.69012734968526
chr10,120593001,120593500,2,4,10.5,-2.05834757164755,1.07692241474827,3.2698525815796e-4,0.0249351170750558,0.240090866734907
chr10,120683501,120684000,5,3,11.5,-2.58567030501886,1.0796499654391,3.42394274643166e-5,0.0130068934895622,0.166584917962887
chr10,123010501,123011000,6,7,13,-1.57993993248251,1.45144847217755,9.4806272481996e-4,0.0375689514448215,0.334495815350739
chr10,125724001,125724500,6,11,17.5,-1.36532578522956,1.89532814150647,5.913678591426e-4,0.0322480434843225,0.388146777418491
chr10,127176501,127177000,17,20.5,2.5,2.28465432925048,1.58986887626781,1.1587635033752e-4,0.0161166266587933,4.87247346674907
chr10,127180501,127181000,9,5,11,-1.81751561044927,1.18711598691274,0.00134495435191918,0.0468148723918073,0.283709111501111
chr10,132342501,132343000,10,19,3,1.92180082468706,1.53859117199482,6.8486906549201e-4,0.0359643756014137,3.78895715117314
chr10,132697501,132698000,19,20,3.5,1.78184430500234,1.62205983728604,9.1497472753035e-4,0.0375689514448215,3.43865482687005
chr10,133381501,133382000,22,20,2.5,2.24912527087643,1.56367348648666,1.9720749305165e-4,0.0217239916706777,4.75394519285767
chr11,14289001,14289500,4,3,10,-2.38584539994669,0.953735418258573,1.8113381757618e-4,0.0207554463395178,0.191332598443639
chr11,28732501,28733000,3,4,10,-1.98858510796485,1.03724192925268,0.00143831407736382,0.0488396089466156,0.251985896101207
chr11,29348001,29348500,5,4.5,12,-2.08535454690166,1.22733285264472,1.2210474872363e-4,0.0161166266587933,0.235638218020687
chr11,32107501,32108000,9,2.5,8,-2.31619986579574,0.722420395672211,8.5888038110361e-4,0.0375689514448215,0.20079567974912
chr11,32890001,32890500,14,22,3.5,1.92132290773955,1.72219792290548,3.6202568343817e-4,0.0270743618482051,3.78770220339299
chr11,41532501,41533000,8,22.5,3.5,1.94786855710581,1.74311356713486,3.4951854610665e-4,0.0262643775101197,3.85804121899854
chr11,43734001,43734500,19,21,3,2.08320291011563,1.64826093214393,0.00122446825965939,0.0459150325645383,4.23746928236514
chr11,45398501,45399000,19,28,5.5,1.62333156660415,2.06520634067251,2.6792910905346e-4,0.0221995249485186,3.08085667179738
chr11,57793501,57794000,3,2.5,8,-2.31618066857078,0.72312697143628,8.5888038110361e-4,0.0375689514448215,0.200798351655082
chr11,58925501,58926000,1,2.5,8,-2.31740054585839,0.721701060845084,0.00104794010073234,0.0399807670763997,0.20062863746615
chr11,66187501,66188000,5,6,12.5,-1.74096748547816,1.35853729225688,4.7567056267043e-4,0.0281127206952951,0.299168983207526
chr11,68168501,68169000,10,17,2.5,2.01781052510801,1.39633101660924,0.0013308031452672,0.0468148723918073,4.04968733289048
chr11,68781501,68782000,15,23.5,4,1.82204699822889,1.81157236960825,3.2127661912475e-4,0.0246440250283703,3.53582530786294
chr11,68944001,68944500,5,3.5,10.5,-2.24396927070189,1.03759203121601,9.2195825312447e-4,0.0375689514448215,0.211104718323009
chr11,70358501,70359000,14,21,3.5,1.85457180625383,1.67334877678099,7.956037120189e-4,0.0375689514448215,3.61644398570795
chr11,71885001,71885500,11,4,9.5,-1.91533692921338,0.994368426303097,9.1693449057221e-4,0.0375689514448215,0.265110013912315
chr11,77406001,77406500,6,8.5,16.5,-1.64708627194555,1.72964659250074,1.3210807585067e-4,0.0170992012716355,0.31928434629359
chr11,86485501,86486000,4,4.5,10.5,-1.89555279665449,1.11381877080384,0.0012190034322593,0.0457212144323228,0.26877059320318
chr11,87094001,87094500,4,6,11.5,-1.62157959151967,1.29262892207574,0.001200937811076,0.0450936922553617,0.324979452439091
chr11,92879501,92880000,4,4.5,10,-1.82468275416629,1.07520800965527,0.00143831407736382,0.0488396089466156,0.282303172295186
chr11,102757001,102757500,6,3,10.5,-2.45558866999061,0.99640661145489,1.0444273332139e-4,0.0161166266587933,0.182303141799598
chr11,103405501,103406000,9,7,13.5,-1.63394315151436,1.48404217845296,6.1130901066744e-4,0.0332296418298876,0.322206353708697
chr11,104908001,104908500,4,2.5,10,-2.63472098109765,0.912947885573182,4.95772215590918e-5,0.0135727932641176,0.161016341425688
chr11,107727001,107727500,7,5,11,-1.81471432084574,1.18852026895473,0.00146058562547631,0.0495025930737536,0.284260526352019
chr11,108026001,108026500,7,5.5,13.5,-1.97333786625074,1.39545767084406,1.8385892105222e-4,0.0208690299986604,0.25466315234181
chr11,110164501,110165000,7,27.5,6,1.47394235715084,2.06491851788337,7.386700921001e-4,0.0369909228851993,2.7777992824027
chr11,113713001,113713500,8,2.5,8.5,-2.40262859433382,0.773594864355223,4.9049913259967e-4,0.0281127206952951,0.189119680135792
chr11,115692001,115692500,4,17.5,2.5,2.05837478994644,1.42392780484021,0.001200937811076,0.0450936922553617,4.16516829675683
chr11,119388501,119389000,6,4.5,10,-1.8246632880443,1.07589319878628,0.00143831407736382,0.0488396089466156,0.282306981405849
chr11,121552001,121552500,6,6,11.5,-1.62157986529036,1.29263536788069,0.001200937811076,0.0450936922553617,0.324979390769898
chr11,121725001,121725500,7,4,11,-2.12432572570012,1.11693702899536,6.1105953491476e-4,0.0332296418298876,0.229358181193197
chr11,124952501,124953000,2,3.5,9.5,-2.09968228195078,0.954820287933989,9.9759282613422e-4,0.038190586360586,0.23330962292499
chr11,126456501,126457000,15,18,2.5,2.09902582263156,1.45486121585183,8.07596180733e-4,0.0375689514448215,4.28419997447906
chr11,128817501,128818000,6,2.5,8.5,-2.40231923165206,0.77358833417061,5.1100151690934e-4,0.0288873831953471,0.189160238149167
chr11,132014001,132014500,6,9.5,16.5,-1.48929959624709,1.77815467473143,5.4136320015834e-4,0.0299702349332092,0.356185428860904
chr12,1260501,1261000,6,4.5,10,-1.82466356186878,1.07589968303119,0.00143831407736382,0.0488396089466156,0.282306927823801
chr12,4532501,4533000,5,2.5,8,-2.31618094246705,0.723133501722226,8.5888038110361e-4,0.0375689514448215,0.200798313533434
chr12,6509501,6510000,9,2.5,8.5,-2.40266671516076,0.772178112567097,4.9049913259967e-4,0.0281127206952951,0.189114683027501
chr12,6510001,6510500,3,2.5,9.5,-2.56145306482804,0.866994608558412,8.85327139054372e-5,0.01559412835906,0.169404832499021
chr12,12349001,12349500,8,3.5,12.5,-2.49280127343991,1.19293161063367,6.23153829649166e-6,0.00489213317471299,0.177660975935158
chr12,12349501,12350000,14,3,10,-2.38578808617537,0.955835607279378,1.8113381757618e-4,0.0207554463395178,0.19134019964161
chr12,23213501,23214000,6,4,10,-1.9897255985152,1.03514802231027,6.7338109714224e-4,0.0354058278541578,0.251786772959314
chr12,27562501,27563000,2,3,9.5,-2.31292714061256,0.909812797775335,3.3353963252005e-4,0.0253081189986344,0.201251697818029
chr12,27563001,27563500,8,4,9.5,-1.91912817998735,0.992965841692574,0.00134215826741987,0.0468148723918073,0.264414247290506
chr12,45975501,45976000,7,2.5,8.5,-2.41219794803902,0.770795114205906,7.7134436981697e-4,0.0375689514448215,0.187869405968623
chr12,58868501,58869000,5,3,9.5,-2.31025066850541,0.912611248667818,4.1298643636735e-4,0.0281127206952951,0.20162540431408
chr12,89610001,89610500,4,4.5,11,-1.96095210831799,1.15283287316294,5.3847666330657e-4,0.029818069377163,0.256858886386792
chr12,92092501,92093000,9,6,12,-1.68250721386013,1.32595234391534,7.5825031903543e-4,0.0375689514448215,0.311540749729625
chr12,99799001,99799500,3,4.5,10.5,-1.89442629799895,1.11453453534673,8.8297719639636e-4,0.0375689514448215,0.268980539130643
chr12,100296501,100297000,2,2.5,9.5,-2.56141784168258,0.86771594297509,8.92032955433727e-5,0.01559412835906,0.169408968538677
chr12,109851001,109851500,7,3,10,-2.38578781235089,0.95582909602021,1.8113381757618e-4,0.0207554463395178,0.191340235958111
chr12,116415001,116415500,15,23.5,3.5,2.0112597448697,1.79147266318235,1.7994501639548e-4,0.0207554463395178,4.03134078464404
chr12,133106001,133106500,11,11.5,18,-1.34252079961697,1.9383552381481,7.386700921001e-4,0.0369909228851993,0.394331044855761
chr13,25786001,25786500,6,4.5,11,-1.96095210831799,1.15283287316294,5.3847666330657e-4,0.029818069377163,0.256858886386792
chr13,27124501,27125000,4,2.5,8,-2.31579986616443,0.723140032036042,9.5740561627903e-4,0.0375689514448215,0.200851359800051
chr13,42029001,42029500,2,2.5,9,-2.48385875424202,0.821038928410887,1.8047313510412e-4,0.0207554463395178,0.178765624325852
chr13,42108001,42108500,5,2.5,8.5,-2.40268591213046,0.771473432198349,4.9049913259967e-4,0.0281127206952951,0.189112166622729
chr13,42108501,42109000,5,8,15,-1.59620440170809,1.62561479966299,3.4951854610665e-4,0.0262643775101197,0.330745996409834
chr13,49662001,49662500,13,19,2.5,2.18454552096454,1.51298338635172,3.8878944854614e-4,0.0281127206952951,4.54583563429996
chr13,65919001,65919500,6,4.5,12,-2.08547340303303,1.22597509750412,1.1783287098584e-4,0.0161166266587933,0.235618805814672
chr13,72819501,72820000,6,2.5,9.5,-2.56147280948255,0.866306151162372,8.85327139054372e-5,0.01559412835906,0.169402514048547
chr13,75804501,75805000,7,3.5,10.5,-2.24231235585952,1.03824737736797,4.6959260586976e-4,0.0281127206952951,0.211347308384132
chr13,94772001,94772500,8,3,9,-2.23529165595668,0.866678101043914,5.3625693651824e-4,0.0297607045315696,0.212378310938148
chr13,106489501,106490000,6,2.5,8,-2.31627380945414,0.722433450575786,9.0789775024451e-4,0.0375689514448215,0.200785388463548
chr14,22609501,22610000,12,18.5,2.5,2.13740856206791,1.48060496935693,5.0752069105925e-4,0.0286961719482868,4.399710390874
chr14,33360501,33361000,6,22,3.5,1.91568009230874,1.71962569311107,1.5813298703289e-4,0.0188765665532463,3.77291629260895
chr14,60312501,60313000,7,3.5,11,-2.30968812669218,1.07864504010509,2.068742404019e-4,0.0217239916706777,0.201704038282681
chr14,69769501,69770000,25,17.5,2.5,2.05967426351322,1.4259200464556,9.3615780120111e-4,0.0375689514448215,4.16892166408955
chr14,70377001,70377500,4,4.5,10.5,-1.89403006040355,1.11589559054401,9.3188605097228e-4,0.0375689514448215,0.269054425043141
chr14,90367001,90367500,9,3,9,-2.23062445084206,0.86665854942468,0.00127020728605576,0.0468148723918073,0.213066480064865
chr15,19902501,19903000,1,10.5,17.5,-1.43155283954746,1.87119868658744,3.108932803994e-4,0.0242410264927834,0.37073164217847
chr15,20309001,20309500,1,16,24.5,-1.31426774080044,2.35315856291002,6.10902665832331e-5,0.0135727932641176,0.402129549823304
chr15,20309501,20310000,2,16,23.5,-1.25442146959291,2.3176304649879,1.8662483008053e-4,0.0210605841572388,0.419161620263264
chr15,20310001,20310500,1,17,30.5,-1.53650853123782,2.57169804442624,3.2827799459984e-4,0.0250301667334098,0.344718700180797
chr15,22886501,22887000,7,4.5,11.5,-2.02456469516112,1.18950575683134,1.9663862002146e-4,0.0217153799289572,0.245779297515938
chr15,26893001,26893500,15,21,3.5,1.85670677430661,1.67335503844998,0.00110117607237465,0.0416249643020577,3.62179973166835
chr15,29831001,29831500,1,3,9,-2.2353303218028,0.865282203105006,5.3625693651824e-4,0.0297607045315696,0.212372619037354
chr15,34906501,34907000,7,2.5,8.5,-2.40550668223413,0.771466910527198,8.2923074524259e-4,0.0375689514448215,0.188742774079432
chr15,36974501,36975000,6,3.5,9.5,-2.10037010226149,0.952727853291025,9.2718139830476e-4,0.0375689514448215,0.23319841657524
chr15,49006001,49006500,6,6.5,13.5,-1.73593647179212,1.45582893063352,4.7518556206621e-4,0.0281127206952951,0.300214076326421
chr15,49311001,49311500,1,3,9,-2.23521806819018,0.865989784993901,5.863646307739e-4,0.0319816641814455,0.2123891440274
chr15,49609001,49609500,1,6.5,15,-1.88905224835,1.54573033476848,7.39424715048635e-5,0.0141666089873896,0.269984362082452
chr15,50368501,50369000,9,19,2.5,2.17929181135485,1.51234533178756,5.0261651774964e-4,0.0284964875937414,4.52931165159232
chr15,51738001,51738500,10,5,11,-1.81375258449887,1.18918723677067,8.2667203922442e-4,0.0375689514448215,0.28445008465426
chr15,52453501,52454000,2,4.5,10.5,-1.89446413421574,1.11314212826573,8.8297719639636e-4,0.0375689514448215,0.268973484921507
chr15,55195501,55196000,10,4,10,-2.00021685806083,1.033768561234,0.00136245037331992,0.0470578560588441,0.249962424185805
chr15,55271001,55271500,4,6.5,13,-1.68433669001974,1.42395812626587,6.9719095800065e-4,0.0365901032598084,0.311145936459203
chr15,55740001,55740500,6,5,14,-2.14812080837056,1.39717218774892,2.6848822495411e-4,0.0221995249485186,0.225606289259341
chr15,55740501,55741000,9,5,14,-2.15888975721686,1.39648160215968,2.69097248197342e-5,0.0110735310249058,0.22392852824972
chr15,56082001,56082500,4,5.5,11.5,-1.74378303438635,1.26024206914966,0.001200937811076,0.0450936922553617,0.298585697427595
chr15,56151001,56151500,6,5.5,12.5,-1.86024815646461,1.32966954983663,8.1320862981977e-4,0.0375689514448215,0.275428898657651
chr15,56993001,56993500,2,4,10.5,-2.05834702403444,1.07690943798282,3.2698525815796e-4,0.0249351170750558,0.240090957867771
chr15,57445501,57446000,2,4,10,-1.98864268816966,1.03516099429484,5.4925102199915e-4,0.0301953170433493,0.251975839152542
chr15,58194501,58195000,15,4.5,11.5,-2.02125919314233,1.19159271556525,3.7740408530642e-4,0.0281127206952951,0.246343072509918
chr15,58429501,58430000,13,16.5,2.5,1.97706634189914,1.36609878353795,0.0011202431024304,0.0422836707114985,3.93691712192691
chr15,58651501,58652000,6,3.5,9.5,-2.1002826985689,0.954109527013555,9.1693449057221e-4,0.0375689514448215,0.233212545008188
chr15,58785501,58786000,13,21,3,2.07172460882705,1.64695748776791,4.3826342118653e-4,0.0281127206952951,4.20388909359667
chr15,59645001,59645500,6,9.5,17,-1.53210761281243,1.8034797708711,3.5952108941617e-4,0.0269131198843148,0.345771864642697
chr15,60145501,60146000,13,20,3.5,1.77920125137108,1.62076569295834,9.4806272481996e-4,0.0375689514448215,3.43236089175158
chr15,60696501,60697000,7,6,11.5,-1.62159960105321,1.29196776321246,0.001200937811076,0.0450936922553617,0.324974945151012
chr15,61941001,61941500,8,6,14,-1.90322377563018,1.45681676857388,6.95219111979916e-5,0.0137874027918808,0.267345300973294
chr15,64403001,64403500,22,17,2.5,2.02538319959042,1.39698279656342,0.00131769851915941,0.0468148723918073,4.0709999382378
chr15,65125501,65126000,5,3.5,10.5,-2.23955922577589,1.03897447022802,6.2321650588064e-4,0.0337093211707767,0.211751012676977
chr15,66333001,66333500,8,16.5,2.5,1.97374418207954,1.36275736669227,9.0647526615756e-4,0.0375689514448215,3.92786183291997
chr15,67832501,67833000,15,19,3.5,1.70576309990836,1.56758584656398,0.00146087551760723,0.0495025930737536,3.26201428500077
chr15,68052501,68053000,5,4.5,10,-1.8246632880443,1.07589319878628,0.00143831407736382,0.0488396089466156,0.282306981405849
chr15,70050501,70051000,10,24.5,3.5,2.07842749085817,1.83765736098155,1.0719317315696e-4,0.0161166266587933,4.22346615765755
chr15,70838001,70838500,5,2.5,8,-2.31618094246705,0.723133501722226,8.5888038110361e-4,0.0375689514448215,0.200798313533434
chr15,70972501,70973000,7,4,11.5,-2.18616034676729,1.15451591684194,0.00117331363957787,0.0441592068086757,0.219735466611853
chr15,72578001,72578500,10,11.5,20.5,-1.52895312445166,2.04672251854113,7.47367956379928e-5,0.0141666089873896,0.34652873052136
chr15,73912501,73913000,3,2.5,9,-2.48424374810391,0.820348606323064,1.5741336353817e-4,0.0187989674722654,0.178717925759005
chr15,75839001,75839500,3,4,10,-1.98862349502312,1.03585437162722,5.4925102199915e-4,0.0301953170433493,0.251979191379615
chr15,76666001,76666500,4,8,14,-1.49733584754132,1.56887697061456,8.3117616330095e-4,0.0375689514448215,0.354206883079204
chr15,76800501,76801000,7,7,13.5,-1.63384691213712,1.48537146970833,6.1707435997948e-4,0.0334826741230161,0.322227848184134
chr15,76870501,76871000,3,2.5,10,-2.63887224433819,0.910835155088386,9.38199278153669e-5,0.0161166266587933,0.160553693081922
chr15,77322001,77322500,7,5,12.5,-1.99188225359072,1.29806505666677,3.4276384337796e-4,0.0258622574211189,0.251410663292325
chr15,77885501,77886000,14,25,4,1.91100371230948,1.87898576190649,1.2916869232274e-4,0.0167608898240637,3.76070648698693
chr15,78801001,78801500,12,16,2.5,1.9303274414596,1.33317162230628,0.00134000357219148,0.0468148723918073,3.81141695273737
chr15,79508001,79508500,5,3.5,11.5,-2.37018086211311,1.11861863851737,1.3627469907437e-4,0.0175544286690865,0.193421374583278
chr15,80445001,80445500,6,33.5,6,1.76521933263018,2.2770228452078,7.9722716407327e-5,0.0146893623099335,3.39925674557649
chr15,80535501,80536000,5,6,11.5,-1.62159960105321,1.29196776321246,0.001200937811076,0.0450936922553617,0.324974945151012
chr15,80615001,80615500,14,18.5,2.5,2.14931149732587,1.48521897258509,7.7676026837003e-4,0.0375689514448215,4.43616029788207
chr15,80722001,80722500,6,6.5,14,-1.78919819636192,1.48568602662327,3.0540260244153e-4,0.0242151066827176,0.289332803193762
chr15,83007001,83007500,3,2.5,8.5,-2.40231874670836,0.77358833417061,5.1103423429163e-4,0.0288873831953471,0.189160301733
chr15,83049501,83050000,5,9.5,16,-1.44450357903035,1.7550903958569,8.8906692229781e-4,0.0375689514448215,0.367418562651255
chr15,84778001,84778500,12,17.5,2.5,2.05835728596307,1.4239151855291,0.00121137406214258,0.0454476740351865,4.16511776175653
chr15,87708501,87709000,3,3.5,9.5,-2.10032108783561,0.952714855601085,9.1693449057221e-4,0.0375689514448215,0.233206339442061
chr15,88543501,88544000,17,16.5,2.5,1.97707047848915,1.36609244878907,0.00111899278819365,0.042244195419431,3.93692841013053
chr15,89408501,89409000,21,16.5,2.5,1.97706645670112,1.36609878353795,0.00112025811184521,0.0422836707114985,3.93691743520577
chr15,89635001,89635500,9,4,11,-2.13247579578187,1.1148265584338,6.6137422704799e-4,0.0347948246991062,0.228066144314367
chr15,92078501,92079000,11,21,3.5,1.85176598260597,1.6726893347106,6.059813409715e-4,0.0329833743048056,3.6094173841939
chr15,93015501,93016000,4,5.5,15,-2.12437115461994,1.48769779674784,9.08473559430279e-6,0.00648669322987976,0.229350959063723
chr15,93016001,93016500,9,9,21,-1.91218065225783,1.96604149157425,7.64540912031153e-7,0.0015351649981407,0.265690647094871
chr15,97971501,97972000,8,7,14.5,-1.73647349953931,1.54136928729158,2.5396895414692e-4,0.0221995249485186,0.300102345654713
chr15,98911001,98911500,14,19.5,3,1.95896797766925,1.56528659164774,6.8486906549201e-4,0.0359643756014137,3.88783765579109
chr15,100849001,100849500,18,24,2.5,2.519183040257,1.76684446932091,3.60672980774347e-5,0.0130068934895622,5.73257386900457
chr15,101045001,101045500,17,28,4.5,1.90753864841099,2.02454497558686,2.03441017423306e-5,0.00958240475830527,3.75168486328689
chr15,101241001,101241500,16,24,3,2.25641087677589,1.78794522710726,1.54439821914966e-5,0.00854858022555512,4.77801332355943
chr15,101645001,101645500,9,12,17.5,-1.24154106048678,1.93545050068817,0.00107764383105843,0.0408229020360037,0.422920658695027
chr15,101665001,101665500,6,6,14,-1.903300255344,1.4541180631861,6.95219111979916e-5,0.0137874027918808,0.267331128920582
chr16,2759001,2759500,8,7,13,-1.57990183493487,1.45279861464325,9.4806272481996e-4,0.0375689514448215,0.334504648567851
chr16,23087001,23087500,4,2.5,8,-2.31618039467457,0.723120441178209,8.5888038110361e-4,0.0375689514448215,0.200798389776731
chr16,34586001,34586500,16,21.5,66,-2.31772693811597,3.44186036076539,4.4095244804140997e-23,7.5179327011427e-18,0.200583252803985
chr16,34807001,34807500,1,4.5,11,-1.96095817793481,1.15285229972768,5.5169418201995e-4,0.0302862511781773,0.256857805748338
chr16,34807501,34808000,1,9.5,18.5,-1.65753446066258,1.87319459595023,4.470336034457e-4,0.0281127206952951,0.316980399549941
chr16,34808001,34808500,1,6.5,14,-1.79088780664255,1.48301499629253,1.8026764252798e-4,0.0207554463395178,0.288994149831126
chr16,46389501,46390000,20,36,55.5,-1.32868750489757,3.47544070731617,1.2090017892701802e-9,2.07454727976375e-5,0.398130277098532
chr16,46390001,46390500,21,307,477,-1.31278220177093,6.60820114844478,1.28269712549896e-5,0.00741514175499407,0.402543834748145
chr16,46390501,46391000,22,1233.5,1892.5,-1.30022898736674,8.61943969953926,4.45054632719425e-7,0.00105739894395476,0.406061742152383
chr16,46391001,46391500,17,19.5,110,-3.19367095663916,4.03353362350033,1.84872213202955e-53,1.9985203889436402e-47,0.109297252731921
chr16,46391501,46392000,21,4.5,11.5,-2.02456469516112,1.18950575683134,1.9663862002146e-4,0.0217153799289572,0.245779297515938
chr16,47134001,47134500,6,16,22,-1.15964201454439,2.26536396168341,9.1449909481167e-4,0.0375689514448215,0.447623593485337
chr16,47343501,47344000,7,4.5,10.5,-1.89440655808823,1.11521169544911,8.8297719639636e-4,0.0375689514448215,0.268984219526016
chr16,47348001,47348500,10,8.5,16.5,-1.64708627186529,1.72964659250074,1.3210806544385e-4,0.0170992012716355,0.319284346311353
chr16,47527001,47527500,2,2.5,8.5,-2.40264833957071,0.772902661976114,4.9049913259967e-4,0.0281127206952951,0.189117091794372
chr16,47544001,47544500,7,13.5,24,-1.53401338302876,2.25085067589369,5.21493183668972e-5,0.0135727932641176,0.345315408734262
chr16,47544501,47545000,4,7,14,-1.68272547907221,1.51600603155383,5.9472117688598e-4,0.0324145530103206,0.311493620320846
chr16,47578001,47578500,3,3.5,11.5,-2.39378855420383,1.11515753226558,2.7726259083087e-4,0.0222515682287096,0.190282058881649
chr16,47590501,47591000,3,4.5,13,-2.20007930951466,1.29635087955562,4.16716801071436e-5,0.0130634844750863,0.21762567692262
chr16,47591001,47591500,5,19.5,24.5,-1.03133628587302,2.45923244902633,0.00135676177866229,0.0470578560588441,0.489256768303869
chr16,47685001,47685500,11,19,3.5,1.70580168675474,1.56888683934245,0.00146087551760723,0.0495025930737536,3.26210153318825
chr16,47710501,47711000,4,7.5,14,-1.59834401474616,1.53903543535294,0.00130197703084926,0.0468148723918073,0.330255841577579
chr16,47774001,47774500,8,3,10,-2.38918600627388,0.954413519468465,8.2606323168286e-4,0.0375689514448215,0.190890074253802
chr16,47852001,47852500,8,18,2.5,2.09869445825443,1.45421361627225,7.5825031903543e-4,0.0375689514448215,4.28321607407405
chr16,48590001,48590500,1,3,9.5,-2.31363573492055,0.910538029545496,4.8119996870401e-4,0.0281127206952951,0.20115287527543
chr16,50188001,50188500,5,4,10,-1.98860402779704,1.03654152515596,5.4925102199915e-4,0.0301953170433493,0.251982591522295
chr16,50338501,50339000,5,3.5,10.5,-2.24329361323104,1.03896146815337,3.2698525815796e-4,0.0249351170750558,0.211203608165455
chr16,50363001,50363500,5,5,12.5,-1.99427835379318,1.29599245199294,0.00107171913749797,0.0406524752745375,0.250993454423736
chr16,53102001,53102500,1,4.5,11,-1.9609308064882,1.15281344683961,0.0012366195961964,0.0463481749068058,0.256862679014144
chr16,53230501,53231000,5,8,16,-1.68952852747124,1.67836469139895,1.3919014849114e-4,0.0177288155785391,0.310028225610203
chr16,53595501,53596000,4,3.5,13,-2.54752196624276,1.23004318069924,3.04491066271694e-5,0.0121867222654408,0.171048580161379
chr16,53775501,53776000,3,2.5,9.5,-2.56952708483628,0.865617963263158,2.5770492333209e-4,0.0221995249485186,0.16845940902116
chr16,53830001,53830500,5,6.5,13,-1.68379136441403,1.42324523044074,0.00146693534716179,0.0496944058309554,0.31126356902427
chr16,53884001,53884500,2,5.5,11.5,-1.74380167667954,1.25954625277242,0.001200937811076,0.0450936922553617,0.298581839172045
chr16,53926501,53927000,5,8.5,16,-1.60286917220327,1.70571475008106,2.0039279904216e-4,0.0217239916706777,0.329221583935237
chr16,54512501,54513000,14,23.5,5,1.50667733222705,1.85834488889805,0.00127650887494229,0.0468148723918073,2.84154848518877
chr16,57188501,57189000,18,16,2.5,1.93064010391962,1.33383939736713,0.00140619259767775,0.0479296634954753,3.81224305673581
chr16,57343501,57344000,11,25.5,4,1.95414431468421,1.90433261008974,2.649707712827e-4,0.0221995249485186,3.87486034490217
chr16,58087501,58088000,17,46.5,7.5,1.91980025990885,2.68406058441215,2.16603230793249e-6,0.00274506632330556,3.78370669916517
chr16,58546501,58547000,1,4,9.5,-1.9161505783632,0.994381409771476,0.00128673756813529,0.0468148723918073,0.264960539688162
chr16,58724501,58725000,8,17.5,2.5,2.05841338393886,1.42524521185192,0.001200937811076,0.0450936922553617,4.16527972198481
chr16,59576501,59577000,6,9,15,-1.42930957215647,1.67771412524589,0.00141483183314583,0.0482103333939154,0.371308546574643
chr16,59625501,59626000,10,8.5,16,-1.60292644594378,1.70373532584804,2.0039279904216e-4,0.0217239916706777,0.329208514383627
chr16,59673501,59674000,5,7.5,13,-1.48272057221597,1.48035807816845,9.7963020852921e-4,0.0375689514448215,0.357813426238125
chr16,60482001,60482500,5,3,9,-2.2353111259375402,0.865983270491637,5.3625693651824e-4,0.0297607045315696,0.212375444792753
chr16,61403501,61404000,2,5.5,11.5,-1.74378939157228,1.25956561940543,0.00144664051875668,0.0491038925985389,0.298584381722919
chr16,62153501,62154000,3,6.5,12.5,-1.62820333501386,1.39143498907028,0.00119723498287034,0.0450281647379313,0.323490817258692
chr16,64118001,64118500,5,9.5,18.5,-1.65350498053064,1.8731565658802,3.06197679888738e-5,0.0122369044545199,0.317866970560862
chr16,64930501,64931000,7,2.5,8,-2.31618066857078,0.72312697143628,8.5888038110361e-4,0.0375689514448215,0.200798351655082
chr16,65171501,65172000,5,3.5,9.5,-2.10028297241133,0.954116031330883,9.1693449057221e-4,0.0375689514448215,0.233212500741393
chr16,65348501,65349000,5,6,12,-1.68250721386013,1.32595234391534,7.5825031903543e-4,0.0375689514448215,0.311540749729625
chr16,65576001,65576500,12,19,3,1.92197553853256,1.53990705397158,7.2905906905416e-4,0.0368089479892141,3.78941603079846
chr16,66020001,66020500,3,4,10.5,-2.05849269238056,1.07552554458655,3.3443907005733e-4,0.0253639679406437,0.240066717202779
chr16,66554001,66554500,3,3.5,11,-2.3098580871337,1.07793279883203,1.9354719298074e-4,0.0214969026490991,0.201680277413483
chr16,66993501,66994000,15,19.5,3,1.9616022431528,1.56855877638002,6.1114441641748e-4,0.0332296418298876,3.89494307459648
chr16,67413001,67413500,9,17,2.5,2.01697498900177,1.39500915820374,0.00121260340000675,0.0454890595239789,4.04734263754159
chr16,67576501,67577000,11,16,2.5,1.93113071300947,1.3345200914711,0.00145466940426101,0.049367381764018,3.81353968498648
chr16,68113001,68113500,4,2.5,8,-2.31740053141435,0.721701060845084,0.00104793759755507,0.0399807670763997,0.200628639474811
chr16,69128001,69128500,9,24.5,2.5,2.54049460179498,1.78889734997988,3.60895058084223e-6,0.00367361264454493,5.81788428339366
chr16,69366501,69367000,15,18,2.5,2.09865614106366,1.45289386195301,7.5825031903543e-4,0.0375689514448215,4.28310231570979
chr16,69569501,69570000,4,4,10,-1.98864241434518,1.03515450828901,5.4925102199915e-4,0.0301953170433493,0.251975886977729
chr16,69804001,69804500,1,4,10,-1.98864268816966,1.03516099429484,5.4925102199915e-4,0.0301953170433493,0.251975839152542
chr16,69872501,69873000,10,22,4,1.73218703443034,1.74666133682314,7.7190154528613e-4,0.0375689514448215,3.32231078074897
chr16,69890001,69890500,9,7,13.5,-1.63458250861978,1.48338428791795,0.00134687460676792,0.0468185202869901,0.3220635936138
chr16,70160501,70161000,7,24,5,1.53727436607871,1.88216242037234,8.1054752997944e-4,0.0375689514448215,2.90245634093678
chr16,70161501,70162000,5,19.5,2.5,2.21323624758933,1.53891211646017,1.8385892105222e-4,0.0208690299986604,4.63714309780354
chr16,70164501,70165000,16,17,2.5,2.0169550238776,1.39500283723641,0.001200937811076,0.0450936922553617,4.04728662768716
chr16,70284501,70285000,9,17.5,2.5,2.05839422386284,1.42458323938993,0.001200937811076,0.0450936922553617,4.16522440430235
chr16,70774001,70774500,16,25.5,5,1.62439927012809,1.94655798318879,3.7109046139619e-4,0.0277369272835652,3.08313758283551
chr16,72022001,72022500,16,17.5,2.5,2.05856281646918,1.42591372954244,7.7462546617572e-4,0.0375689514448215,4.16571117874246
chr16,72781501,72782000,6,4,10,-1.99435954251203,1.03445491782908,0.00103767478204359,0.0396198034218565,0.250979329980905
chr16,72930501,72931000,9,3.5,10,-2.17360765366331,0.995380704531705,1.8113381757618e-4,0.0207554463395178,0.221655696702257
chr16,83751501,83752000,8,3,9.5,-2.31252044264366,0.911217979952751,3.1252679489692e-4,0.0242410264927834,0.201308438981016
chr16,86949001,86949500,14,16,2.5,1.93064011669387,1.33383939736713,0.0014061959610875,0.0479296634954753,3.81224309049107
chr17,244501,245000,13,20.5,3,2.02665539865517,1.617864901543,6.2959682186793e-4,0.0339237299083016,4.07459141555522
chr17,245001,245500,10,39,5,2.23686281733339,2.41091283886918,3.0311263541066e-7,8.7147139902317e-4,4.71370939378097
chr17,792001,792500,14,19.5,2.5,2.22216105966735,1.54088337525367,5.5543137807231e-4,0.0304651109531053,4.66591834412473
chr17,800001,800500,12,19.5,3,1.9560680815628,1.56398801067006,9.7268228463196e-4,0.0375689514448215,3.88003073780523
chr17,816501,817000,12,19.5,3,1.9590057390934,1.56660486226504,4.3454440351936e-4,0.0281127206952951,3.88793941825921
chr17,838501,839000,14,20.5,3.5,1.81454553180343,1.6459954405661399,6.1130901066744e-4,0.0332296418298876,3.5174880734468
chr17,902001,902500,25,25,2.5,2.56914625477423,1.80933720424894,1.99935425160548e-6,0.00257304515226734,5.93458132948808
chr17,913501,914000,14,20.5,3.5,1.81454553180343,1.6459954405661399,6.1130901066744e-4,0.0332296418298876,3.5174880734468
chr17,918001,918500,15,29,6.5,1.43640984571735,2.13973936450771,4.2798249340299e-4,0.0281127206952951,2.70646521474996
chr17,970001,970500,15,19.5,3.5,1.74300993738872,1.59508130909578,9.5929717101683e-4,0.0375689514448215,3.34732802729389
chr17,1042501,1043000,22,44.5,7,1.94974575424348,2.61957669305793,5.57127300487691e-7,0.00119498057815795,3.8630644689028
chr17,1584001,1584500,19,20,2.5,2.24943751856277,1.56498436062715,1.3020126039685e-4,0.0168919532948132,4.75497421770002
chr17,1659001,1659500,19,23,3.5,1.97935385536727,1.76621027651231,2.2468852642605e-4,0.0217239916706777,3.94316438426856
chr17,1675001,1675500,17,21.5,4,1.69724310329363,1.72317031448938,0.00147283043701356,0.0498878565459468,3.24280686709472
chr17,1675501,1676000,14,19,2.5,2.17707558526127,1.51233903662563,3.4574796445206e-4,0.0260208319768649,4.52235919642667
chr17,2072001,2072500,9,19,2.5,2.16922664831154,1.50774031911428,0.00101581497400845,0.0388263066054665,4.49782225035856
chr17,2079001,2079500,17,23.5,5,1.50712550614839,1.86152380049909,0.00120640767536187,0.0452739178116049,2.8424313507422
chr17,2299501,2300000,21,23.5,3.5,2.01020540846987,1.79017858794491,1.4365410417343e-4,0.0177288155785391,4.0283957155386
chr17,2350001,2350500,12,18,2.5,2.1018782789227,1.45552165243135,0.00117497904606071,0.0442203470340105,4.2926789543034
chr17,2455001,2455500,14,21.5,3,2.09235343035923,1.66656157270555,4.121838128648e-4,0.0281127206952951,4.26443151358146
chr17,2573001,2573500,16,17,2.5,2.02002167914883,1.39631836504309,7.8985009690141e-4,0.0375689514448215,4.0558988660491
chr17,4069501,4070000,18,18,2.5,2.09630762338281,1.45157500953603,0.00100510455550122,0.0384250863749468,4.27613566069488
chr17,4082001,4082500,11,7.5,13.5,-1.53654014578596,1.51099454540525,0.00126996188760929,0.0468148723918073,0.344711146258294
chr17,4178501,4179000,17,27,3,2.42531227369414,1.91865432359531,3.4493942833382e-6,0.00356490612172899,5.37145254496269
chr17,4259501,4260000,6,17,2.5,2.01693586270071,1.39433909404132,0.001200937811076,0.0450936922553617,4.04723287394309
chr17,4708001,4708500,17,17,2.5,2.02528842854849,1.39700178123679,0.00132271529123545,0.0468148723918073,4.07073252189332
chr17,6087001,6087500,22,17,2.5,2.01693586270071,1.39433909404132,0.001200937811076,0.0450936922553617,4.04723287394309
chr17,6582501,6583000,5,11.5,20,-1.49384405223887,2.02261580134281,5.17566326354526e-5,0.0135727932641176,0.35506521824789
chr17,6635501,6636000,6,13.5,20.5,-1.30076135889715,2.12146183217635,4.4683607465078e-4,0.0281127206952951,0.405911928210979
chr17,8129001,8129500,20,21.5,3.5,1.88290456196713,1.69701621236003,2.5503359949101e-4,0.0221995249485186,3.68816848163349
chr17,8514501,8515000,13,22,4,1.72910024291953,1.74665509518431,8.7841265557195e-4,0.0375689514448215,3.31520996100483
chr17,9289001,9289500,3,11.5,21,-1.56390797251725,2.06423531485861,2.21254693382293e-5,0.00974663890292069,0.338233632521028
chr17,9323501,9324000,13,18,2.5,2.09331283177412,1.45224692008515,9.9289122481207e-4,0.0380159812628798,4.26726833091589
chr17,9491001,9491500,12,22,4,1.72776378073969,1.74409522514437,0.00111137437000935,0.0419712423567675,3.31214028859428
chr17,9644001,9644500,22,20,3,1.98895083157916,1.59018341420971,9.5432976710565e-4,0.0375689514448215,3.96948221270408
chr17,10694001,10694500,2,6.5,12.5,-1.62825910930383,1.3907465422298,0.0010726184264012,0.0406524752745375,0.323478311412774
chr17,13500501,13501000,3,5.5,12,-1.80470983702798,1.29432278565279,7.5825031903543e-4,0.0375689514448215,0.28623860428485
chr17,13589001,13589500,5,3.5,9.5,-2.10032108783561,0.952714855601085,9.1693449057221e-4,0.0375689514448215,0.233206339442061
chr17,13589501,13590000,6,8,14,-1.49845108406162,1.568199077577,0.00126463504365701,0.0468148723918073,0.353933178797711
chr17,13653001,13653500,8,3,9,-2.23529138209633,0.866671583809921,5.3625693651824e-4,0.0297607045315696,0.212378351252976
chr17,14091001,14091500,2,10.5,17.5,-1.43153448293926,1.8718634343827,3.108932803994e-4,0.0242410264927834,0.370736359335321
chr17,15496501,15497000,4,7,18,-2.04654205843892,1.73389247408311,2.66238326092725e-6,0.00325946868832804,0.24206358057011
chr17,17049001,17049500,5,9,15.5,-1.47639943603759,1.70142958851321,6.2738811509003e-4,0.0339094381660134,0.359384617348963
chr17,17489501,17490000,10,7.5,14.5,-1.64719544518954,1.56852638644581,0.0011299712503813,0.0426303678668668,0.319260185963096
chr17,17858501,17859000,13,19,2.5,2.17638748173193,1.511688605422,3.1967020555771e-4,0.0245278979085754,4.52020273976458
chr17,18904001,18904500,6,22,2.5,2.38631727575947,1.66945427187209,2.84172110755806e-5,0.0115184855097911,5.22821067095981
chr17,19380501,19381000,18,22,2.5,2.38598607638502,1.66946051950933,2.57711574672944e-5,0.0106699895881097,5.22701056885194
chr17,19870001,19870500,11,19,2.5,2.17434045618331,1.50840199960021,3.7860303195606e-4,0.0281127206952951,4.51379361735045
chr17,20017001,20017500,23,26,5.5,1.51700416514034,1.98724168098154,8.7136568454005e-4,0.0375689514448215,2.86196130267441
chr17,21853001,21853500,13,28.5,39.5,-1.17444308983135,3.05516677444778,3.69137297380864e-6,0.00372593608135425,0.443054754857659
chr17,21856001,21856500,15,9,15,-1.42934820824137,1.67640314231028,0.00141483183314583,0.0482103333939154,0.371298602881742
chr17,21858001,21858500,15,10,17,-1.46093823301252,1.82476556133682,7.2386634185021e-4,0.0368089479892141,0.363256814396673
chr17,21859001,21859500,12,10,17,-1.45931246232673,1.82479092743372,3.5952108941617e-4,0.0269131198843148,0.363666398644219
chr17,21859501,21860000,14,9.5,20.5,-1.80084733010081,1.96506886270331,4.91966619958074e-6,0.00467337162776834,0.287005973606762
chr17,21861501,21862000,13,7,17,-1.96449976608802,1.68036037135507,5.70742753882603e-6,0.00479721079511063,0.256228033770625
chr17,21863501,21864000,19,26.5,33.5,-1.03754142594887,2.88050496853735,9.8343677970112e-4,0.037682015208831,0.487156957038917
chr17,21883001,21883500,15,12.5,19,-1.30140372887827,2.02130767032109,6.2536210912741e-4,0.0338219906997093,0.405731233338199
chr17,21885501,21886000,9,10.5,21.5,-1.70751442422265,2.05121483756755,3.1859508232617e-4,0.0244856781841461,0.306187135841616
chr17,21887001,21887500,14,7.5,14.5,-1.63692629154545,1.57186118972994,8.0752207487277e-4,0.0375689514448215,0.321540798217013
chr17,21887501,21888000,18,17.5,25,-1.21091118634363,2.4167265947768,6.3647711294059e-4,0.03397104672894,0.431995686940201
chr17,21900501,21901000,12,7.5,16,-1.78002026921265,1.65456264580392,9.1365481591839e-5,0.0158424628530433,0.29117930565086
chr17,21901001,21901500,10,7.5,13.5,-1.53648204441878,1.51298764656794,0.00126996188760929,0.0468148723918073,0.344725029020494
chr17,21910501,21911000,18,13,23.5,-1.55081570081666,2.21693584332633,7.42565305079531e-6,0.00559786531812772,0.34131702872833
chr17,21911001,21911500,17,15,22.5,-1.28338961978905,2.24979882093255,6.7797112210854e-4,0.0356437003302576,0.41082912856472
chr17,21911501,21912000,12,7,13.5,-1.63398124958923,1.4826945475703,6.1130901066744e-4,0.0332296418298876,0.322197845133179
chr17,21912001,21912500,15,7.5,14.5,-1.6388781485096,1.57056117289381,5.6765062457234e-4,0.0310345531472307,0.321106072047472
chr17,21912501,21913000,15,10,17.5,-1.50090330561416,1.84866246423718,2.3745405182329e-4,0.0217239916706777,0.353332091709666
chr17,21914501,21915000,14,16.5,23,-1.1794986828601,2.31793372902533,4.5919904229231e-4,0.0281127206952951,0.441504888509091
chr17,21917501,21918000,15,8.5,17,-1.68983082580129,1.75705241642666,8.28336348450557e-5,0.0149866909806328,0.309963269958537
chr17,21926501,21927000,12,11,18,-1.40577029856435,1.91748962635547,3.9911921908284e-4,0.0281127206952951,0.377416578445204
chr17,21929501,21930000,17,12,18,-1.28247445008956,1.95570992372133,7.9551385769728e-4,0.0375689514448215,0.411089819587508
chr17,21940001,21940500,14,14,24,-1.4753463642316,2.2697548863571,1.99842880714666e-5,0.00958240475830527,0.359647040075516
chr17,21948001,21948500,16,20.5,25.5,-1.01725615096644,2.51804834620868,0.00128306399805012,0.0468148723918073,0.494055098321684
chr17,21948501,21949000,17,16,25,-1.34535488422567,2.36757891369118,1.1619035740762e-4,0.0161166266587933,0.393557166429755
chr17,21951501,21952000,11,5.5,13,-1.91931546982853,1.36156118506541,2.9658620355118e-4,0.0235696530509832,0.264379923412867
chr17,21954501,21955000,18,4.5,14,-2.3062475301599,1.36359754173622,8.47015750379993e-6,0.00618263161783783,0.202185644146286
chr17,21957501,21958000,11,13.5,24,-1.52727799087034,2.25144890395147,1.00202381188756e-5,0.00674353514489981,0.346931323606019
chr17,21958001,21958500,15,20.5,26.5,-1.07258845021944,2.54693360816844,4.3348918812203e-4,0.0281127206952951,0.475465164636816
chr17,21959501,21960000,17,22.5,33,-1.25629292456459,2.77618078387092,1.1131247859136e-4,0.0161166266587933,0.418618238946217
chr17,21961501,21962000,19,24.5,33,-1.13218522666525,2.82423198360184,5.04217254367903e-5,0.0135727932641176,0.456224166191458
chr17,21976501,21977000,5,5.5,14,-2.02415291496954,1.42664988107837,1.4008619882197e-4,0.0177288155785391,0.245849458907083
chr17,21978001,21978500,6,4.5,10.5,-1.89443199573266,1.11450862116488,0.00110878510564014,0.0418793104776194,0.268979476829591
chr17,21978501,21979000,5,7.5,15.5,-1.73449091385505,1.62728153277751,2.2468852642605e-4,0.0217239916706777,0.30051503690381
chr17,21980501,21981000,15,12,23.5,-1.66796220971399,2.18189522835488,2.9341702426924e-5,0.0117652826005834,0.314697536527968
chr17,21981001,21981500,7,10,17,-1.4593316404508,1.82414222663836,3.5952108941617e-4,0.0269131198843148,0.363661564363403
chr17,22883501,22884000,9,6,13,-1.79706098504691,1.39308770090127,2.993753253677e-4,0.0237528887509429,0.287760208486577
chr17,24740001,24740500,11,3.5,11,-2.3098778292168,1.0772532880616,5.99342283540676e-5,0.0135727932641176,0.201677517605317
chr17,25074001,25074500,12,12,19,-1.35518021421938,2.00355415727619,0.00107329509768246,0.0406766951639837,0.390885990999535
chr17,26604001,26604500,4,11.5,23,-1.69070713786876,2.14677768640014,7.2504007380163e-5,0.0141503632587404,0.309775051333834
chr17,26783501,26784000,14,18,26.5,-1.24801991910179,2.48073127961352,8.0572568773369e-4,0.0375689514448215,0.421025663717791
chr17,26785001,26785500,11,11.5,17.5,-1.30211381736727,1.91521934713554,0.00107764383105843,0.0408229020360037,0.405531583252888
chr17,26790501,26791000,12,16,23.5,-1.25444145299563,2.31703868984772,1.8662483008053e-4,0.0210605841572388,0.419155814311755
chr17,26799501,26800000,11,16,21.5,-1.12661916093509,2.24731836999079,0.00128092676099487,0.0468148723918073,0.457987725719127
chr17,26800001,26800500,12,9.5,20.5,-1.80086596293901,1.96441525006409,4.91966619958074e-6,0.00467337162776834,0.287002266862659
chr17,26825001,26825500,14,14,21,-1.28347473638825,2.15949792113605,5.4293739293998e-4,0.030051227485286,0.410804891046903
chr17,26830001,26830500,12,6.5,12.5,-1.62822073481351,1.3920979444166801,0.0010726184264012,0.0406524752745375,0.323486915781729
chr17,26836501,26837000,14,17.5,25,-1.21471269874503,2.41552230204699,3.3758011015568e-4,0.0255876754755275,0.430858873434579
chr17,26837001,26837500,16,19.5,28,-1.22334327521007,2.56417727836485,5.60451465220066e-5,0.0135727932641176,0.428289058056426
chr17,26837501,26838000,14,31,40,-1.0687411335936,3.11476246337935,8.0093541598608e-5,0.0147324031567337,0.476734806697668
chr17,26841001,26841500,13,11.5,19,-1.42010571920896,1.98299918485658,3.4136880751078e-4,0.0258423837006843,0.373684927908174
chr17,26850501,26851000,13,8.5,15,-1.51073099433566,1.65056916084607,9.5895781042367e-4,0.0375689514448215,0.350933360625739
chr17,26856001,26856500,11,13.5,20.5,-1.30072219798853,2.12269728344482,4.4683607465078e-4,0.0281127206952951,0.405922946544877
chr17,26862001,26862500,15,8,15,-1.59608450603949,1.62695303578969,7.3442420066592e-4,0.0369367934192102,0.330773484312037
chr17,26863501,26864000,16,12,25.5,-1.78223983549466,2.25677718883408,3.7082512945452e-7,9.8980826677521e-4,0.290731674758718
chr17,26864001,26864500,17,19.5,26.5,-1.14132681285561,2.52107432675176,8.8802257277281e-4,0.0375689514448215,0.453342457434772
chr17,26872501,26873000,7,7.5,14.5,-1.63891951272156,1.56988267844141,2.4959336851758e-4,0.02207637211437,0.321096865590918
chr17,26875501,26876000,15,16.5,23,-1.17947869974432,2.31852568350102,7.6416278089526e-4,0.0375689514448215,0.441511003941777
chr17,26881001,26881500,6,39.5,103.5,-2.09336620477692,4.14405037975197,4.7819790219742695e-31,2.5847266090834e-25,0.234333284854221
chr17,26881501,26882000,6,23.5,70.5,-2.28539954740743,3.54152146332656,1.43731200806005e-24,3.1075490508982695e-19,0.205128584966788
chr17,26936501,26937000,9,5.5,11.5,-1.74378303438635,1.26024206914966,0.001200937811076,0.0450936922553617,0.298585697427595
chr17,26966001,26966500,1,12,21.5,-1.53705553827627,2.10509052586433,2.98944867615346e-5,0.0119736114245455,0.344588022659269
chr17,26966501,26967000,1,13,22.5,-1.48831845896507,2.17995309240371,3.44894929135523e-5,0.0130068934895622,0.35642774317681297
chr17,27088001,27088500,3,2.5,9.5,-2.56143414144547,0.867702899945892,8.85327139054372e-5,0.01559412835906,0.169407054544144
chr17,27543501,27544000,11,19,2.5,2.1760310599366,1.51036952625511,2.9658620355118e-4,0.0235696530509832,4.51908614912463
chr17,27623501,27624000,8,19,3,1.92658785699552,1.54121752549442,0.00143555984085921,0.0488396089466156,3.80155023902145
chr17,28637001,28637500,7,17,2.5,2.02254753372185,1.39699545298704,9.3359773888869e-4,0.0375689514448215,4.06300610889647
chr17,29230501,29231000,7,5.5,11.5,-1.7438214138009,1.25887650828394,0.001200937811076,0.0450936922553617,0.298577754382455
chr17,29651001,29651500,5,5.5,13,-1.92940369572868,1.35952121926233,3.7296792348317e-4,0.0278734025846646,0.262537662288772
chr17,30250501,30251000,7,9,18,-1.69083126892311,1.82935383370453,4.78438386580866e-5,0.0135727932641176,0.309748399097267
chr17,30289501,30290000,3,4,11,-2.12485473590518,1.11692405292968,5.3847666330657e-4,0.029818069377163,0.229274095109535
chr17,30325001,30325500,3,3.5,11,-2.31021971712362,1.07795876909482,3.8256883645186e-4,0.0281127206952951,0.201629730004287
chr17,30411501,30412000,13,4.5,11,-1.96095210831799,1.15283287316294,5.3847666330657e-4,0.029818069377163,0.256858886386792
chr17,30533001,30533500,3,4,9.5,-1.91533692921338,0.994368426303097,9.1693449057221e-4,0.0375689514448215,0.265110013912315
chr17,30830501,30831000,25,27.5,4,2.03143816184185,1.97816123510066,4.3430081084815e-4,0.0281127206952951,4.0881217484261
chr17,31020501,31021000,7,5,11,-1.80993032545399,1.19057368139023,0.00135297741240814,0.047024610686453,0.285204702514369
chr17,31177001,31177500,9,5.5,12.5,-1.86327829300883,1.32695710530569,1.967033204737e-4,0.021720306141476,0.274851013999888
chr17,35781001,35781500,3,4.5,11,-1.9609718479378,1.15215751283859,5.3847666330657e-4,0.029818069377163,0.256855371948928
chr17,36543001,36543500,26,21.5,3,2.09879437359174,1.66913632157899,1.0720515351094e-4,0.0161166266587933,4.28351272290583
chr17,37205001,37205500,5,6,12.5,-1.74091019454911,1.36057613683808,4.7567056267043e-4,0.0281127206952951,0.299180863756656
chr17,37591501,37592000,5,4.5,11,-1.96099076593663,1.15146298983806,5.3847666330657e-4,0.029818069377163,0.256852003837424
chr17,37644001,37644500,6,3.5,10.5,-2.2448449031923,1.03685900591027,1.6788722108397e-4,0.019487897222589,0.210976628837932
chr17,38819501,38820000,17,21,2.5,2.31933100472763,1.61818020028489,6.95219111979916e-5,0.0137874027918808,4.99100726802301
chr17,39315501,39316000,5,5,11,-1.81375231071024,1.18918076843214,8.2667203922442e-4,0.0375689514448215,0.284450138636013
chr17,39394501,39395000,13,16,2.5,1.93027393661819,1.33252308530579,0.0013382182132696,0.0468148723918073,3.81127560236718
chr17,39441501,39442000,14,23.5,4,1.82227256924906,1.81220789736677,3.0923474234849e-4,0.0242410264927834,3.53637819122001
chr17,40459001,40459500,11,19,3.5,1.7058019608125,1.56888055198196,0.00146087551760723,0.0495025930737536,3.26210215286483
chr17,41017001,41017500,5,2.5,10.5,-2.70448372215527,0.956172511783529,2.76511222229096e-5,0.0112713564684719,0.153415513078138
chr17,41376501,41377000,4,6,13,-1.79711339409455,1.39174842331203,2.9658620355118e-4,0.0235696530509832,0.287749755158519
chr17,41431501,41432000,9,5.5,11.5,-1.74378248684483,1.26022915292295,0.001200937811076,0.0450936922553617,0.29858581074891
chr17,41853501,41854000,15,17,2.5,2.01999290175783,1.3963373424302301,7.9294961939698e-4,0.0375689514448215,4.0558179639734
chr17,42022001,42022500,22,23,3.5,1.99279259908824,1.77005379834507,4.9359844883138e-4,0.0281127206952951,3.98006667432399
chr17,42115501,42116000,13,17.5,2.5,2.05734390972543,1.42390887591122,9.4873784881243e-4,0.0375689514448215,4.162193131673
chr17,42308001,42308500,13,19,3,1.92180137283851,1.53857860582986,6.8486906549201e-4,0.0359643756014137,3.78895859078627
chr17,42539001,42539500,9,20,2.5,2.24946866328375,1.56562443579498,1.1335362910833e-4,0.0161166266587933,4.75507686859959
chr17,43093501,43094000,5,10.5,19,-1.54954446342352,1.94094657723357,8.97675330317099e-5,0.0156644417591934,0.341617914347238
chr17,44889501,44890000,5,4.5,12,-2.08547367678588,1.22598156422525,1.1783287098584e-4,0.0161166266587933,0.235618761105769
chr17,47852001,47852500,20,19.5,3.5,1.74294940641564,1.59441694047565,9.4806272481996e-4,0.0375689514448215,3.34718758682209
chr17,48445001,48445500,22,24,3,2.25644861638322,1.78923165048376,1.54439821914966e-5,0.00854858022555512,4.77813831373409
chr17,48548001,48548500,18,22.5,3,2.17362537811334,1.72122606807661,1.955742359033e-4,0.0216797810797866,4.51155689028522
chr17,48571001,48571500,25,33.5,3.5,2.51886048000604,2.18392464225709,3.7158332983606e-8,2.3910237136072e-4,5.73129231350165
chr17,48579001,48579500,24,26.5,3.5,2.20214767389092,1.92463061616253,1.6143428510472e-4,0.0191014893838551,4.60163857182937
chr17,48608001,48608500,30,16.5,2.5,1.97436135454004,1.36477290364859,8.4407880623226e-4,0.0375689514448215,3.92954249770098
chr17,49097501,49098000,13,19.5,3.5,1.74292997744357,1.59377161646166,0.00146087551760723,0.0495025930737536,3.34714251009111
chr17,49134001,49134500,11,24,3,2.24284432553235,1.78477603173836,2.1933240543232e-4,0.0217239916706777,4.7332933119315
chr17,49671001,49671500,5,5.5,11.5,-1.74382114003011,1.2588700553204,0.001200937811076,0.0450936922553617,0.298577811041605
chr17,49795001,49795500,11,19,2.5,2.18445225588587,1.51300227882464,3.9062423942502e-4,0.0281127206952951,4.54554177177022
chr17,51593501,51594000,5,3,10.5,-2.4555508261285,0.997811980852986,1.0444273332139e-4,0.0161166266587933,0.182307923922813
chr17,53341001,53341500,11,2.5,10,-2.63810420788041,0.912286799534397,0.00118085155496929,0.0444320777850796,0.16063918857136
chr17,55290001,55290500,4,2.5,9,-2.48424402196431,0.820355127985714,1.5741336353817e-4,0.0187989674722654,0.178717891833778
chr17,56743501,56744000,33,33.5,5,2.05647086288924,2.24606833756072,9.3360568147839e-4,0.0375689514448215,4.1596751426523
chr17,57483501,57484000,5,20,2.5,2.2757131608039,1.56954469104687,7.5989628580953e-4,0.0375689514448215,4.84236947156821
chr17,57965001,57965500,24,18.5,2.5,2.13832247028301,1.48259095205261,3.6411062699323e-4,0.0272246356949259,4.40249837114759
chr17,58661001,58661500,19,21.5,3.5,1.89112655293126,1.69830648238064,7.2656910564717e-4,0.0368089479892141,3.70924754595205
chr17,59115001,59115500,10,18.5,2.5,2.1378428224764,1.48126254280257,4.7567056267043e-4,0.0281127206952951,4.40103493109955
chr17,59743001,59743500,2,4.5,10,-1.82466383569331,1.07590616730311,0.00143831407736382,0.0488396089466156,0.282306874241752
chr17,59802501,59803000,15,17.5,2.5,2.05835590447068,1.42325997910204,0.001200937811076,0.0450936922553617,4.16511377333518
chr17,60487501,60488000,6,3.5,10,-2.17356926439659,0.996772224992287,5.4925102199915e-4,0.0301953170433493,0.221661594908483
chr17,60836001,60836500,6,2.5,8.5,-2.40550691600887,0.771466910527198,8.2926523097953e-4,0.0375689514448215,0.188742743495498
chr17,62803501,62804000,15,20.5,2.5,2.28477518719838,1.59051288919918,1.1335362910833e-4,0.0161166266587933,4.87288166237891
chr17,63327001,63327500,3,2.5,8.5,-2.40266753679566,0.772197686226881,4.9049913259967e-4,0.0281127206952951,0.189114575324088
chr17,63353501,63354000,5,13,20,-1.31915135166432,2.08177264679774,3.6327234361795e-4,0.0271638358633624,0.400770618057689
chr17,64612001,64612500,6,6.5,12.5,-1.62823937471629,1.39140925918647,0.0010726184264012,0.0406524752745375,0.323482736294355
chr17,65031001,65031500,5,2.5,9.5,-2.56145306482804,0.866994608558412,8.85327139054372e-5,0.01559412835906,0.169404832499021
chr17,65248501,65249000,8,7.5,14.5,-1.63844079877734,1.57254676972059,5.7393969032731e-4,0.0313514338330043,0.321203429381618
chr17,66503501,66504000,6,3.5,10,-2.17940900212484,0.993990267269365,3.2505020331138e-4,0.024901734192141,0.220766167083197
chr17,66754501,66755000,11,24,2.5,2.51067883987617,1.76556044094645,5.62584668829596e-6,0.00479721079511063,5.69888168029325
chr17,68208501,68209000,21,18.5,2.5,2.13707419380622,1.48190145575431,3.7323141433796e-4,0.0278911661398412,4.39869080391467
chr17,69636501,69637000,2,2.5,8,-2.31623950705229,0.722407340880041,8.9244103875221e-4,0.0375689514448215,0.200790162516806
chr17,69932001,69932500,3,7,13,-1.57993993248251,1.45144847217755,9.4806272481996e-4,0.0375689514448215,0.334495815350739
chr17,70237501,70238000,8,2.5,8,-2.31584494280174,0.723113910948007,9.3860378587903e-4,0.0375689514448215,0.200845084348758
chr17,70813001,70813500,7,3.5,10.5,-2.24342919239634,1.03755305764029,4.3556345277348e-4,0.0281127206952951,0.211183760960996
chr17,71116001,71116500,4,9,18.5,-1.72674240697327,1.85254325001217,4.6515318074225e-4,0.0281127206952951,0.302133401914475
chr17,71117501,71118000,5,9.5,16,-1.44516404487319,1.75312168046517,8.1054752997944e-4,0.0375689514448215,0.367250396915821
chr17,71778001,71778500,5,4.5,11.5,-2.03025816417394,1.1895445758874,0.0012703517675141,0.0468148723918073,0.244811262537171
chr17,72174501,72175000,12,23.5,4,1.82232972976634,1.8141218491831,3.0923474234849e-4,0.0242410264927834,3.53651830760324
chr17,72886001,72886500,6,26.5,5.5,1.54433459371596,2.00728651073301,5.913678591426e-4,0.0322480434843225,2.91669512697966
chr17,74786501,74787000,14,18.5,3,1.88415645309994,1.51264773927211,0.00121624288974844,0.0456224233533077,3.69137025965063
chr17,74815501,74816000,14,19.5,3,1.95946710631473,1.5672643279511,4.9918632308166e-4,0.0283823905995017,3.88918296218581
chr17,75278001,75278500,18,23.5,2.5,2.49186514389645,1.74373895350748,8.13277378099747e-5,0.0147580042988243,5.62504697309144
chr17,75505501,75506000,19,19,2.5,2.1760310599366,1.51036952625511,2.9658620355118e-4,0.0235696530509832,4.51908614912463
chr17,76677501,76678000,19,20.5,3,2.03062156532863,1.61979415220821,2.740699281129e-4,0.0221995249485186,4.08580843808601
chr17,76930501,76931000,17,24,3,2.24384123007201,1.78476983368013,1.8155150734414e-4,0.0207554463395178,4.73656515534012
chr17,77203501,77204000,14,22,4,1.72909110597833,1.74664261197853,8.7545072311255e-4,0.0375689514448215,3.31518896503432
chr17,77313001,77313500,14,22,4,1.72780523574254,1.74471774909195,7.2400860514845e-4,0.0368089479892141,3.31223546238632
chr17,77805001,77805500,17,17,2.5,2.01781036085992,1.39633101660924,0.0013307752063924,0.0468148723918073,4.04968687184128
chr17,78049001,78049500,7,16,2.5,1.93113076752658,1.3345200914711,0.00145467886003973,0.049367381764018,3.81353982909397
chr17,78107001,78107500,15,31.5,6,1.67740211977278,2.21078976905132,2.5298662178028e-4,0.0221995249485186,3.19851471338243
chr17,78668001,78668500,18,19.5,3,1.96195180344715,1.56789259564293,7.5867777317152e-4,0.0375689514448215,3.89588692091741
chr17,78726501,78727000,13,19.5,2.5,2.2132168183283,1.53826384503671,1.8385892105222e-4,0.0208690299986604,4.63708064825293
chr17,78838501,78839000,24,19,2.5,2.1760310599366,1.51036952625511,2.9658620355118e-4,0.0235696530509832,4.51908614912463
chr17,80067501,80068000,28,20,2.5,2.2830598838797602,1.57019882226498,0.00126743213443422,0.0468148723918073,4.86709145524216
chr17,80343501,80344000,18,26.5,3.5,2.1824709657147,1.92087585041968,1.424676011965e-5,0.00802143052011721,4.53930354699036
chr17,80347501,80348000,23,29.5,2.5,2.80655644662954,1.99726115429822,1.55791020993323e-7,5.8886173371458e-4,6.99612684497699
chr17,80358501,80359000,15,26,3,2.37121710391073,1.87770460099367,9.21418174508396e-6,0.00656178423157089,5.17377424419983
chr17,80360001,80360500,15,27,6,1.4476668140601,2.04752882585192,7.386700921001e-4,0.0369909228851993,2.72766565109878
chr17,80413501,80414000,13,17.5,2.5,2.06988864402872,1.42724514310663,0.00115482267890108,0.0435118809756408,4.1985426529464
chr17,80637501,80638000,14,26.5,5,1.67958581764586,1.98691209724738,3.2260164875736e-4,0.024738697251392,3.20335972793367
chr17,80762501,80763000,4,5,11.5,-1.87885189062946,1.22498428004611,0.00133513971137117,0.0468148723918073,0.271900009968991
chr17,80848501,80849000,16,16.5,2.5,1.97421966494382,1.36344162385211,8.3713870397714e-4,0.0375689514448215,3.92915658942932
chr17,80869001,80869500,19,24.5,4.5,1.71586300562372,1.88119552259894,2.717380999464e-4,0.0221995249485186,3.28493086014548
chr17,80874501,80875000,21,39,3,2.95325554888955,2.34329164177589,3.25286785366264e-10,7.35898422778699e-6,7.74494797946464
chr17,81058001,81058500,12,17.5,2.5,2.05841338393886,1.42524521185192,0.001200937811076,0.0450936922553617,4.16527972198481
chr17,82125501,82126000,11,19.5,2.5,2.21330442985643,1.53892468455483,1.8811174042581e-4,0.0211298897058438,4.63736225597046
chr17,82558001,82558500,16,17.5,2.5,2.058355630377,1.42326628636603,0.001200937811076,0.0450936922553617,4.16511298201669
chr17,82571501,82572000,18,21.5,3,2.09879409951604,1.66914256834997,1.0720515351094e-4,0.0161166266587933,4.28351190914645
chr17,82669501,82670000,13,17.5,2.5,2.05967434605952,1.4259200464556,9.3617135487188e-4,0.0375689514448215,4.16892190262166
chr17,82919501,82920000,23,38.5,7,1.73780312334371,2.45513193366064,3.82289044748842e-6,0.00384218787219042,3.33526899842916
chr17,82936001,82936500,19,23.5,3.5,2.01329293010224,1.79210444466188,1.084471156627e-4,0.0161166266587933,4.03702614479001
chr17,82950501,82951000,17,22.5,3.5,1.95308159115435,1.74569083015926,2.5437503020019e-4,0.0221995249485186,3.8720070814989
chr17,82951501,82952000,18,20,2.5,2.24941147669409,1.56366094968305,1.8385892105222e-4,0.0208690299986604,4.75488838715851
chr17,83082001,83082500,13,21,3.5,1.85175810758073,1.67270811289011,6.0956271310018e-4,0.0331699567410284,3.60939768205684
chr18,930001,930500,10,3.5,11.5,-2.37448172196018,1.11728142861274,4.989272109424e-4,0.0283706425222582,0.192845619165036
chr18,2083501,2084000,4,6,14.5,-1.95351433528874,1.48736996017929,4.24281112034967e-5,0.0130634844750863,0.258186534415754
chr18,2712501,2713000,7,16.5,21.5,-1.08271083411683,2.26195629696372,0.00128092676099487,0.0468148723918073,0.472140833411594
chr18,3350001,3350500,14,18.5,2.5,2.1378428224764,1.48126254280257,4.7567056267043e-4,0.0281127206952951,4.40103493109955
chr18,3365501,3366000,6,9.5,15.5,-1.39965414286051,1.72700368362164,0.00120640767536187,0.0452739178116049,0.37901999316273
chr18,5982501,5983000,5,4,11.5,-2.18848651774614,1.1538528766336,6.6747351476347e-5,0.0137575259285099,0.219381455268586
chr18,8755001,8755500,17,21,3.5,1.84902501632389,1.67012247259328,3.9175805168684e-4,0.0281127206952951,3.602566387331
chr18,9404501,9405000,23,18.5,2.5,2.13694888236769,1.48193292810165,3.7607338847029e-4,0.0280899511498145,4.39830875343369
chr18,9750001,9750500,15,18,2.5,2.09871361722967,1.45487383187727,7.5825031903543e-4,0.0375689514448215,4.28327295551695
chr18,9967501,9968000,17,17.5,2.5,2.0613068738336,1.42656984189385,0.00106405100755275,0.040449728613874,4.17364204981842
chr18,10181001,10181500,5,5,11,-1.81377204922611,1.18850733738611,8.2667203922442e-4,0.0375689514448215,0.284446246902133
chr18,10873001,10873500,5,3,9.5,-2.31250124652319,0.911917734047906,3.1252679489692e-4,0.0242410264927834,0.201311117555937
chr18,11418001,11418500,6,5,11.5,-1.87736489644943,1.22495196663898,5.118616161639e-4,0.028919031002322,0.27218040336938
chr18,12448001,12448500,5,5.5,11.5,-1.74380222422106,1.2595591638346,0.001200937811076,0.0450936922553617,0.298581725852238
chr18,12449501,12450000,16,18.5,2.5,2.13786225368514,1.48191404461855,4.7567056267043e-4,0.0281127206952951,4.40109420766312
chr18,13097001,13097500,7,4,11,-2.12417285889803,1.11625272228603,2.3714178922214e-4,0.0217239916706777,0.229382485088542
chr18,15193001,15193500,2,10,17.5,-1.50088440079162,1.84931628541002,2.3745405182329e-4,0.0217239916706777,0.3533367217417
chr18,16265501,16266000,7,10.5,27.5,-2.0807773198923,2.2795241565533,3.2768785197439905e-9,4.48448593355571e-5,0.236387012728406
chr18,16266001,16266500,5,13.5,31.5,-1.91816487774798,2.50466426094241,3.1614362305054803e-9,4.4384429680401e-5,0.264590858344651
chr18,21814001,21814500,5,5.5,11.5,-1.74376357052598,1.26091876363947,0.001200937811076,0.0450936922553617,0.298589725769944
chr18,22197501,22198000,7,18.5,2.5,2.13786197959146,1.48192033908802,4.7567056267043e-4,0.0281127206952951,4.40109337151135
chr18,22350001,22350500,9,7,13,-1.5799012875009,1.45278577526338,0.00146087551760723,0.0495025930737536,0.334504775496438
chr18,22547001,22547500,6,10,17.5,-1.50088440079162,1.84931628541002,2.3745405182329e-4,0.0217239916706777,0.3533367217417
chr18,22970001,22970500,4,2.5,8,-2.31584497855385,0.723113910948007,9.3859496336296e-4,0.0375689514448215,0.20084507937152
chr18,40041001,40041500,4,2.5,8.5,-2.40270538272313,0.770775557416773,4.9049913259967e-4,0.0281127206952951,0.189109614384719
chr18,44037501,44038000,4,3.5,9.5,-2.1002646086991,0.954103022723581,9.2193402380515e-4,0.0375689514448215,0.233215469265154
chr18,48701501,48702000,4,5,11,-1.8137715016488,1.18849440592425,8.2667203922442e-4,0.0375689514448215,0.284446354864202
chr18,62573501,62574000,5,3,9,-2.2353105782168,0.865970241569794,5.3625693651824e-4,0.0297607045315696,0.212375525421336
chr19,1179001,1179500,15,18,2.5,2.09855243735768,1.45223432305316,7.6924459250412e-4,0.0375689514448215,4.28279444910805
chr19,1273001,1273500,18,18.5,3,1.8836706058762,1.51199718305873,0.0010726184264012,0.0406524752745375,3.69012734968526
chr19,1273501,1274000,16,17.5,2.5,2.06130241105899,1.42657616119097,0.00106531775873088,0.0404927955926301,4.17362913926254
chr19,2107501,2108000,23,19.5,3,1.95883517107379,1.56464033065768,6.9758514453002e-4,0.036609013720132,3.88747977924507
chr19,2350001,2350500,37,17,2.5,2.02254755886857,1.39699545298704,9.3360053317303e-4,0.0375689514448215,4.0630061797162
chr19,4318001,4318500,21,23,3.5,1.97488187445669,1.76494518827411,3.1703462811103e-4,0.0244226687064503,3.93096052029601
chr19,5613501,5614000,9,22.5,3,2.16392516385932,1.71801916399851,4.10755339587748e-5,0.0130507276524771,4.48132439342755
chr19,6587001,6587500,19,25,3.5,2.10680086262785,1.85926351356319,7.62884931511454e-5,0.0141666089873896,4.30735091359469
chr19,7267001,7267500,19,21.5,4,1.69486263619633,1.72059052408623,0.00109793529405193,0.0415420809582574,3.23746060209933
chr19,8363001,8363500,14,20,2.5,2.24980439960597,1.56626471727126,1.229986717261e-4,0.0161639932043188,4.75618357358425
chr19,9610001,9610500,8,3,9.5,-2.31252099032859,0.91123100299825,3.1252679489692e-4,0.0242410264927834,0.201308362559061
chr19,11025501,11026000,22,19,2.5,2.17601190392197,1.5097134637385,2.9658620355118e-4,0.0235696530509832,4.51902614537939
chr19,11815501,11816000,20,18,2.5,2.09869445825443,1.45421361627225,7.5825031903543e-4,0.0375689514448215,4.28321607407405
chr19,12044501,12045000,6,3,9.5,-2.31214965956697,0.91123751456221,4.6399321370092e-4,0.0281127206952951,0.20136018335721
chr19,12682501,12683000,18,18.5,2.5,2.13568749978923,1.48061125911849,6.7235266610361e-4,0.0353551930116088,4.39446488814444
chr19,14455001,14455500,12,23.5,4.5,1.65610644647232,1.83705172629415,6.2738811509003e-4,0.0339094381660134,3.15164807389619
chr19,16336501,16337000,7,19,2.5,2.17638749523419,1.511688605422,3.1967123296891e-4,0.0245278979085754,4.5202027820694
chr19,17196501,17197000,9,26,4.5,1.80369393048078,1.94560771185193,1.9786615740939e-4,0.0217239916706777,3.49112963853786
chr19,19077501,19078000,14,18,2.5,2.10707731381135,1.45620125327286,8.8278235131162e-4,0.0375689514448215,4.30817637311317
chr19,29822001,29822500,11,21.5,4,1.69476510724887,1.71931743709931,0.0011104472989039,0.0419376964309491,3.2372417509605
chr19,30031001,30031500,6,4,11.5,-2.18673417711827,1.155218103885,3.124814587368e-4,0.0242410264927834,0.219648084453167
chr19,34942501,34943000,5,7.5,14,-1.58855813200654,1.5423957309108,8.4099990216129e-4,0.0375689514448215,0.332503600505825
chr19,36722001,36722500,8,21,2.5,2.31912063390874,1.61623381253565,7.28105796014105e-5,0.0141666089873896,4.99027954268375
chr19,36819001,36819500,8,3,10.5,-2.4555508261285,0.997811980852986,1.0444273332139e-4,0.0161166266587933,0.182307923922813
chr19,36925501,36926000,8,2.5,8.5,-2.40270565660143,0.770782076318759,4.9049913259967e-4,0.0281127206952951,0.189109578484537
chr19,37293501,37294000,37,24,4,1.85316954132347,1.83798629177588,2.2414029491068e-4,0.0217239916706777,3.61293059675186
chr19,37418501,37419000,4,5,12,-1.93197469578489,1.26190212795138,0.00138586746621169,0.0474071747124829,0.262070215431352
chr19,37635501,37636000,7,4.5,12,-2.081595618807,1.22731990896458,5.4436726112544e-4,0.0301180332442764,0.236252971657722
chr19,37710501,37711000,3,4,9.5,-1.9153366553709401,0.994361934609706,9.1693449057221e-4,0.0375689514448215,0.265110064233677
chr19,38103001,38103500,13,20,3,1.99690145201131,1.59474069742845,3.5715221295718e-4,0.0267773581301505,3.99141821984841
chr19,40014001,40014500,4,2.5,8.5,-2.40231887885804,0.77358833417061,5.1102531846195e-4,0.0288873831953471,0.189160284406072
chr19,40014501,40015000,12,18,25.5,-1.20314167395401,2.44859774446518,2.8165434503961e-4,0.0225171005257719,0.434328439036654
chr19,45561001,45561500,18,18,2.5,2.09871640659465,1.45420100502382,7.6537168092614e-4,0.0375689514448215,4.28328123697824
chr19,45624501,45625000,13,20.5,3,2.0306024126147,1.61914459851411,2.740699281129e-4,0.0221995249485186,4.08575419668465
chr19,48397501,48398000,15,22,2.5,2.3615273069393,1.66365098749079,4.449936993812e-4,0.0281127206952951,5.13914125563116
chr19,48746501,48747000,24,21,2.5,2.31929352453944,1.6168636307018,6.95219111979916e-5,0.0137874027918808,4.99087760689818
chr19,50483501,50484000,15,17,2.5,2.01693125827673,1.39432645703218,0.00120920159145887,0.0453724671298717,4.04721995704392
chr19,52016001,52016500,11,4,11,-2.12483672669213,1.1162202955201601,1.9959215349063e-4,0.0217239916706777,0.22927695716401
chr19,52223501,52224000,4,3,10,-2.38580728229584,0.95513743763914,1.8113381757618e-4,0.0207554463395178,0.191337653736215
chr19,52989001,52989500,6,2.5,8.5,-2.40314524115584,0.772204210835671,7.2431394510634e-4,0.0368089479892141,0.189051966179751
chr19,53496001,53496500,7,2.5,8.5,-2.39857333502749,0.772870025205773,9.4895946733884e-4,0.0375689514448215,0.189652022875846
chr19,53571501,53572000,15,19.5,3,1.95848185289696,1.56528031729283,7.8467137886983e-4,0.0375689514448215,3.88652784619292
chr19,53849001,53849500,14,20.5,2.5,2.28481321777386,1.59182033980157,1.1335362910833e-4,0.0161166266587933,4.87301011706351
chr19,54151501,54152000,17,20,3.5,1.77922013138037,1.62142206905632,6.1130901066744e-4,0.0332296418298876,3.43240581006605
chr19,55272501,55273000,21,17.5,2.5,2.06130253040291,1.42657616119097,0.00106533373737775,0.0404927955926301,4.17362948451725
chr19,56093001,56093500,17,28,2.5,2.70521943308698,1.93305742235862,3.52420001238505e-5,0.0130068934895622,6.52157051091753
chr19,57531501,57532000,10,4.5,10.5,-1.89442602419232,1.1145280567609,8.8297719639636e-4,0.0375689514448215,0.268980590180006
chr19,57875501,57876000,6,5,12,-1.93827333056855,1.2605546904314,3.1498270333189e-4,0.0242853893756727,0.260928542090805
chr20,2866001,2866500,14,21.5,3.5,1.88273694464696,1.69509482434451,2.4959336851758e-4,0.02207637211437,3.68774000230227
chr20,4424001,4424500,6,12,18.5,-1.32123334527112,1.98138594502229,9.0885420782994e-4,0.0375689514448215,0.40019267188325
chr20,4899501,4900000,12,17,2.5,2.01693586270071,1.39433909404132,0.001200937811076,0.0450936922553617,4.04723287394309
chr20,4979001,4979500,13,17.5,2.5,2.05848205702538,1.4252578408373,0.00122346883252807,0.0458807390671995,4.16547799633569
chr20,10706501,10707000,16,22,3.5,1.91847396471951,1.72156705198345,2.6569391232168e-4,0.0221995249485186,3.78022986875692
chr20,10770501,10771000,6,7,15,-1.78331493949523,1.57352885461992,2.1852973546034e-4,0.0217239916706777,0.290515100677931
chr20,10888501,10889000,8,7.5,15.5,-1.73454819419668,1.62528689188852,9.96540662048089e-5,0.0161166266587933,0.300503105579606
chr20,12343001,12343500,9,3,9,-2.23433195976759,0.865957212758191,0.00109832922964408,0.0415555316555956,0.212519634264343
chr20,13775501,13776000,4,3.5,10,-2.17360446957062,0.996069830731837,5.7255939296155e-4,0.0312810064592759,0.221656185906865
chr20,15109501,15110000,10,8.5,17,-1.68990782866618,1.75444004472499,8.28336348450557e-5,0.0149866909806328,0.309946726321691
chr20,16292501,16293000,2,4,9.5,-1.91535612235991,0.993673485046738,9.1693449057221e-4,0.0375689514448215,0.265106486998204
chr20,26323001,26323500,6,4,10,-1.98860457544605,1.03655450799805,5.4925102199915e-4,0.0301953170433493,0.251982495869376
chr20,26323501,26324000,4,5,11,-1.81373366709405,1.18988032854782,8.2667203922442e-4,0.0375689514448215,0.284453814543481
chr20,28495001,28495500,5,20,47.5,-1.93289342439057,3.06747838913552,5.67642879703795e-8,3.1535907373051e-4,0.261903378539462
chr20,28495501,28496000,6,13,40,-2.29644875245487,2.7379255681459,5.66044173290338e-8,3.1535907373051e-4,0.203563562167711
chr20,31053501,31054000,10,12,22,-1.56583338269966,2.12746699020318,7.43142621925044e-5,0.0141666089873896,0.337782529491028
chr20,31058501,31059000,7,3,9.5,-2.30637228823701,0.911898191382742,0.00106440547503516,0.0404617807815709,0.202168160755233
chr20,31061001,31061500,7,29.5,39,-1.09581766937514,3.06729390304539,3.761926676198e-4,0.0280908966160781,0.467870875616955
chr20,31069001,31069500,7,4,15,-2.56905626933182,1.39780145352536,7.9629857810195e-7,0.0015351649981407,0.16851439378407
chr20,31183501,31184000,8,5,11,-1.81375258449887,1.18918723677067,8.2667203922442e-4,0.0375689514448215,0.28445008465426
chr20,31192501,31193000,11,6.5,13.5,-1.73844578661004,1.45513016170634,2.740699281129e-4,0.0221995249485186,0.299692360478971
chr20,34587001,34587500,6,2.5,8,-2.31619959189953,0.722413868262201,8.5888038110361e-4,0.0375689514448215,0.200795717870261
chr20,34593001,34593500,4,3,9.5,-2.31521168287808,0.910498977168964,9.5193044928051e-4,0.0375689514448215,0.20093326310946
chr20,41254501,41255000,5,4.5,11,-1.96105481734371,1.15145651962537,5.4417426775144e-4,0.0301104376474797,0.25684060061873
chr20,46087501,46088000,14,19.5,2.5,2.21319793750767,1.53760322813415,1.8385892105222e-4,0.0208690299986604,4.63701996230574
chr20,47487001,47487500,6,4,13.5,-2.41964525143421,1.29737877545736,1.32113706146999e-5,0.00760077783548048,0.186902108343647
chr20,47521001,47521500,19,17,2.5,2.0154932834182002,1.39301861382997,0.00102230300271164,0.039071528033069,4.04318798842689
chr20,48072001,48072500,6,4,10.5,-2.05834702403444,1.07690943798282,3.2698525815796e-4,0.0249351170750558,0.240090957867771
chr20,48431001,48431500,9,6,14.5,-1.94494190311421,1.4880292375225,5.6569298336893e-4,0.0309306537062039,0.259725234669185
chr20,49281501,49282000,7,6.5,13,-1.68442393216979,1.42259044106881,6.8486906549201e-4,0.0359643756014137,0.311127121519823
chr20,49640001,49640500,6,8.5,18,-1.7693608686169,1.80737949223448,3.91587272357905e-5,0.0130507276524771,0.293338661107957
chr20,56414001,56414500,4,4,10.5,-2.06145956403826,1.07619790204443,0.0012318492195443,0.0461725841026848,0.239573532392208
chr20,56803001,56803500,18,23,3,2.17777314232334,1.73829944041611,8.9323263914066e-4,0.0375689514448215,4.52454632972159
chr20,56937001,56937500,16,17.5,2.5,2.05839367567542,1.42459586356204,0.001200937811076,0.0450936922553617,4.16522282162333
chr20,57378001,57378500,18,28.5,5,1.78375735197689,2.06302503249717,8.97675330317099e-5,0.0156644417591934,3.44321758715501
chr20,57390501,57391000,29,19.5,2.5,2.20738686325398,1.53563525690104,6.7770162153811e-4,0.0356312644583483,4.61837993727511
chr20,57649501,57650000,16,23.5,3.5,2.00975840438782,1.78764251463735,1.5465151642752e-4,0.0185223376357869,4.02714775228845
chr20,57670501,57671000,17,18.5,3,1.88275946832791,1.51070300798091,0.00131376974134154,0.0468148723918073,3.68779757658185
chr20,57676001,57676500,15,21,2.5,2.31968397854169,1.61881062943197,7.59760198388924e-5,0.0141666089873896,4.99222853124888
chr20,57683501,57684000,10,21,3.5,1.84868138261227,1.66881839684066,4.1283470494384e-4,0.0281127206952951,3.60170839877404
chr20,57715501,57716000,13,17.5,2.5,2.05841310984518,1.42525152633204,0.001200937811076,0.0450936922553617,4.16527893063479
chr20,57730501,57731000,14,22.5,2.5,2.41967411056071,1.6944451350456,2.31450926816361e-5,0.0101052072905669,5.35050146135086
chr20,57789501,57790000,11,34,8.5,1.28319040683246,2.37594684657618,7.1220733656744e-4,0.0368089479892141,2.43376590439701
chr20,57826501,57827000,9,17.5,2.5,2.05480101656872,1.42324736464936,0.00126074799818181,0.0468148723918073,4.15486331495944
chr20,57855001,57855500,2,7.5,14.5,-1.63855571047985,1.57056757583819,0.00114756381222506,0.0432488011714555,0.32117784631523
chr20,57943501,57944000,13,19.5,3,1.95896797766925,1.56528659164774,6.8486906549201e-4,0.0359643756014137,3.88783765579109
chr20,58056501,58057000,11,20,3,1.98997403817312,1.59018967535103,8.247992452651e-4,0.0375689514448215,3.97229849813524
chr20,58130501,58131000,17,21,2.5,2.31216092367678,1.61493727257894,2.291983084675e-4,0.0217239916706777,4.96626389112111
chr20,58350501,58351000,4,3,11.5,-2.5886952969801,1.0782833775453,4.25452295858004e-5,0.0130634844750863,0.166235994528815
chr20,58909501,58910000,21,24,4,1.85245972183998,1.83481388539954,2.0039279904216e-4,0.0217239916706777,3.61115343825696
chr20,58991001,58991500,11,21,3.5,1.8490252903817,1.6701162221722201,3.9175805168684e-4,0.0281127206952951,3.60256707168322
chr20,61248501,61249000,12,28.5,5.5,1.64869979347343,2.08295797442432,1.7893283055417e-4,0.0206503042541172,3.13550928872849
chr20,61397001,61397500,14,19.5,3,1.95898658417909,1.56595189357734,4.3454440351936e-4,0.0281127206952951,3.88788779775044
chr20,61397501,61398000,13,19,3,1.92180082468706,1.53859117199482,6.8486906549201e-4,0.0359643756014137,3.78895715117314
chr20,61401501,61402000,6,16.5,2.5,1.97436265087099,1.36475391408156,8.435539170462e-4,0.0375689514448215,3.9295460285857
chr20,61430501,61431000,13,21,3,2.05379298129151,1.6411305132773,0.00106560696103014,0.0405017566228989,4.15196125609349
chr20,61504501,61505000,18,18,2.5,2.11112458149276,1.4568495183888,0.00108249860897432,0.0410039351856158,4.32027929364318
chr20,61587501,61588000,18,16.5,2.5,1.97706657150896,1.36609878353795,0.00112027312229473,0.0422836707114985,3.9369177485007
chr20,61686001,61686500,16,26,3,2.37117937410425,1.8764318858052,9.21418174508396e-6,0.00656178423157089,5.17363893982643
chr20,61701501,61702000,19,19.5,3,1.95946707759472,1.5672643279511,4.9918173556972e-4,0.0283823905995017,3.88918288476308
chr20,61777501,61778000,24,32,5.5,1.81614206755521,2.20865601217152,1.94580970777806e-5,0.00958240475830527,3.52138280086237
chr20,61920501,61921000,19,38,2.5,3.20603149463623,2.30431776813928,2.28316586467039e-6,0.00288674412672854,9.22808629126517
chr20,61956501,61957000,5,2.5,8,-2.31579989520252,0.723140032036042,9.5739778052829e-4,0.0375689514448215,0.200851355757381
chr20,62152501,62153000,15,25,4,1.93977113343525,1.88466424222393,0.00131974685142871,0.0468148723918073,3.83644782179347
chr20,62181001,62181500,8,13,19,-1.24554696049558,2.03939823743605,0.00110322854719706,0.0416781740317786,0.421747972919817
chr20,62281501,62282000,15,19.5,3,1.95894668706203,1.5659330634935,4.5097335819131e-4,0.0281127206952951,3.88778028135552
chr20,62905001,62905500,12,27.5,4.5,1.89668275490479,2.00726802434295,4.496417317402e-4,0.0281127206952951,3.72356038750656
chr20,63787001,63787500,14,25.5,3.5,2.12748837740559,1.87991899130271,2.37317659901214e-5,0.0103529877016824,4.36956110520747
chr21,7919001,7919500,11,26.5,33,-1.02101762012596,2.86626261867187,0.00111540230249264,0.0421189437005386,0.492768650081557
chr21,7925001,7925500,8,8.5,14.5,-1.46174895518611,1.62462438851509,0.00109793529405193,0.0415420809582574,0.363052739651779
chr21,7925501,7926000,15,18.5,28.5,-1.32411005070117,2.55241489984199,2.21144162059727e-5,0.00974574118316764,0.399395490642022
chr21,7926001,7926500,14,26,38,-1.25049789133625,2.97111380700278,1.7869462821591e-6,0.00235692876048784,0.420303130950428
chr21,7937001,7937500,16,6.5,14.5,-1.84055524450807,1.51565101837721,1.2283791465221e-4,0.0161467929475507,0.279214303698157
chr21,7939501,7940000,14,10,17.5,-1.50084659038385,1.85062452955566,4.6550635740373e-4,0.0281127206952951,0.353345982174585
chr21,7940001,7940500,15,3,14.5,-2.91764342588753,1.30143538057741,1.25215385523468e-7,5.2062052992947e-4,0.132343255056808
chr21,7942501,7943000,9,12,18,-1.28189079597896,1.96018816739,0.00131351200023836,0.0468148723918073,0.411256162990973
chr21,7946001,7946500,2,7.5,14.5,-1.6389189653951,1.56986987752159,2.4959336851758e-4,0.02207637211437,0.321096987407961
chr21,7946501,7947000,8,6,13,-1.80700856366868,1.39104697818828,0.00117294278523665,0.0441467862000838,0.285782887474747
chr21,7950001,7950500,5,17.5,30.5,-1.50114961489167,2.58373357054758,8.84565698510802e-7,0.00154112787687165,0.35327177297215
chr21,7950501,7951000,13,26,38,-1.248985331321,2.97324709379385,2.2783029782803e-4,0.0217239916706777,0.420744019058261
chr21,7951001,7951500,11,19.5,30.5,-1.35008734364814,2.63556895330118,4.6084043372517e-4,0.0281127206952951,0.392268299520722
chr21,7951501,7952000,10,19,27.5,-1.2346023446306,2.53591503002987,8.00182333117525e-5,0.0147324031567337,0.424959616618568
chr21,7952501,7953000,17,24.5,33,-1.1326324691835301,2.82314369298652,3.99747248770972e-5,0.0130507276524771,0.456082756388742
chr21,7953501,7954000,12,20.5,28.5,-1.17715772452175,2.60651774343554,8.05956937363084e-5,0.0147396720704405,0.442221868538895
chr21,7954001,7954500,7,23,29,-1.03728108293173,2.68570284768377,6.1926976369467e-4,0.0335714334339966,0.487244875381005
chr21,7954501,7955000,16,5.5,17,-2.31104497417898,1.60214057606356,5.48435708489789e-6,0.00479721079511063,0.201514425819958
chr21,8554001,8554500,4,3.5,10.5,-2.24329333942445,1.03895496715685,3.2698525815796e-4,0.0249351170750558,0.211203648249424
chr21,10654001,10654500,11,6,14.5,-1.94700007530821,1.48735066554571,7.8147160742761e-4,0.0375689514448215,0.259354970603159
chr21,10654501,10655000,15,7.5,14,-1.59504977170752,1.53969551867764,0.00117173671711798,0.0441029281651966,0.331010807820701
chr21,10657501,10658000,14,5.5,11.5,-1.74378248684483,1.26022915292295,0.001200937811076,0.0450936922553617,0.29858581074891
chr21,10660001,10660500,12,5.5,12,-1.80469064719327,1.29500415732154,7.5825031903543e-4,0.0375689514448215,0.286242411678568
chr21,10663501,10664000,7,5,13,-2.05289119446159,1.32932219481072,1.1873632183763e-4,0.0161166266587933,0.241000627095852
chr21,10669001,10669500,11,6,14.5,-1.95414632286282,1.4860135092188,1.1512035716529e-4,0.0161166266587933,0.258073457886874
chr21,10675001,10675500,12,3.5,10.5,-2.23781147365959,1.03823438098107,0.00132150302812653,0.0468148723918073,0.212007693771881
chr21,10676001,10676500,8,12,19.5,-1.39605503151131,2.02352334301622,4.6058982917165e-4,0.0281127206952951,0.379966720017382
chr21,10679501,10680000,9,8.5,14.5,-1.46228903966181,1.62262614596805,0.00125578880856386,0.0468148723918073,0.362916853379442
chr21,10689001,10689500,13,14,20.5,-1.24878669069085,2.14076491455789,7.9241485197078e-4,0.0375689514448215,0.42080195410947
chr21,10691501,10692000,11,6.5,13.5,-1.73825053981498,1.45448948065436,6.5806969602404e-4,0.0346243437824142,0.299732922018934
chr21,10693001,10693500,8,4,10,-1.98860457544605,1.03655450799805,5.4925102199915e-4,0.0301953170433493,0.251982495869376
chr21,10695501,10696000,12,6.5,12.5,-1.62862524181329,1.39075940221623,0.00125055552538308,0.0468148723918073,0.323396228300768
chr21,10697501,10698000,11,6.5,12.5,-1.62823992218604,1.39142212407623,0.0010726184264012,0.0406524752745375,0.323482613540084
chr21,10707501,10708000,7,16,22,-1.15969868449626,2.26350255158275,5.4737588476007e-4,0.0301953170433493,0.44760601089957
chr21,10712501,10713000,8,3,9,-2.2356592467944,0.86528871482226,6.0451537377129e-4,0.0329052389464871,0.212324204994637
chr21,10738001,10738500,7,6,12,-1.68560672501432,1.32460156048557,0.00105242510889648,0.0400951898015908,0.310872148630897
chr21,14066501,14067000,5,2.5,8,-2.31621878886922,0.721707585381221,8.5888038110361e-4,0.0375689514448215,0.200793046034873
chr21,14813001,14813500,5,2.5,8,-2.31619959189953,0.722413868262201,8.5888038110361e-4,0.0375689514448215,0.200795717870261
chr21,15220001,15220500,7,4.5,13,-2.2000790357977,1.29634441914263,4.16716801071436e-5,0.0130634844750863,0.217625718211903
chr21,16132001,16132500,3,7,13,-1.57988237520352,1.45346440577882,9.4806272481996e-4,0.0375689514448215,0.334509160550156
chr21,16319001,16319500,6,18.5,2.5,2.14092668793288,1.48454745046481,6.9525765991752e-4,0.0364992714445088,4.41045252479347
chr21,16815001,16815500,5,6,13,-1.79436866184756,1.39379633885275,8.9974138171359e-4,0.0375689514448215,0.288297721139644
chr21,25324501,25325000,5,5,12.5,-1.99667603208799,1.2967067580226601,1.9270198175852e-4,0.0214969026490991,0.250576663807938
chr21,25325001,25325500,5,5,13.5,-2.10688216613509,1.36461591668015,7.09617554415957e-5,0.0139326168819391,0.232148173285612
chr21,25906501,25907000,8,4,10,-1.98858538178938,1.03724842339071,0.00143831407736382,0.0488396089466156,0.251985848274111
chr21,26000001,26000500,15,19,3,1.92161180446823,1.53857232278443,7.3832382954067e-4,0.0369838623233724,3.7884607589527
chr21,26228501,26229000,4,3,12,-2.64748866110575,1.11756749519453,3.4433100203376e-6,0.0035620234877182,0.159597652773127
chr21,29582001,29582500,7,7,13,-1.57988210148656,1.45345798363502,0.00146087551760723,0.0495025930737536,0.334509224015293
chr21,31628001,31628500,6,4,10,-1.9887433216858,1.03586734912016,5.8145732680658e-4,0.0317326037710681,0.251958263483674
chr21,32043501,32044000,18,19.5,3,1.96190642656165,1.56791773027838,7.6386516828588e-4,0.0375689514448215,3.89576438605759
chr21,33362001,33362500,11,16,2.5,1.93032568274644,1.33319063135679,0.00134035488012255,0.0468148723918073,3.81141230644354
chr21,33552001,33552500,15,24.5,2.5,2.54019026967354,1.78699322247048,3.36012311063404e-6,0.00350955281743236,5.8166571478722
chr21,36109501,36110000,9,3,9.5,-2.31250124652319,0.911917734047906,3.1252679489692e-4,0.0242410264927834,0.201311117555937
chr21,36360001,36360500,6,3,9,-2.23559671968504,0.865262668118483,5.9605338989731e-4,0.0324626129262894,0.212333407429045
chr21,36844501,36845000,9,3.5,10.5,-2.24445049736911,1.03619118267626,1.2495774281595e-4,0.0164094446778971,0.211034313784322
chr21,37120501,37121000,5,4.5,12.5,-2.14411149391801,1.26227974920996,2.1266693490471e-4,0.0217239916706777,0.226234131288007
chr21,39178001,39178500,2,5,11.5,-1.87742972847538,1.22428677604201,5.1746083128291e-4,0.0290951018046358,0.272168172364218
chr21,39178501,39179000,6,7,14,-1.68605032216757,1.51399696544209,3.9175805168684e-4,0.0281127206952951,0.310776576942147
chr21,39236501,39237000,9,7,14,-1.68774028030213,1.51267796068879,7.0280499878836e-4,0.0366970644876123,0.310412749589284
chr21,39442501,39443000,9,19,3,1.92714088128847,1.54186049913753,0.00124065388583154,0.0464961549278105,3.8030077560773
chr21,41826001,41826500,14,19,2.5,2.17990399735318,1.5116948982560099,3.6576025045643e-4,0.0273441958527264,4.53123400487824
chr21,41938001,41938500,3,4,10,-1.98862376884766,1.03586086036014,5.4925102199915e-4,0.0301953170433493,0.251979143553792
chr21,42123501,42124000,12,23.5,3.5,2.01050675074561,1.79020345470477,7.96611898510092e-5,0.0146830309875971,4.02923723275882
chr21,45278501,45279000,19,18,2.5,2.09869445825443,1.45421361627225,7.5825031903543e-4,0.0375689514448215,4.28321607407405
chr21,46382001,46382500,29,28,3,2.49232632583584,1.96339597083523,2.29521574160275e-5,0.0100250201321751,5.62684540219675
chr22,25643001,25643500,9,3.5,9.5,-2.10030161948743,0.953405552794186,9.1693449057221e-4,0.0375689514448215,0.233209486450068
chr22,38644501,38645000,13,60,18,1.02941188038638,3.18851690148213,4.2214176170353e-4,0.0281127206952951,2.04119198282931
chr22,45710001,45710500,6,4,12.5,-2.30783603548103,1.22768448021431,2.25853641954715e-5,0.0098752783616599,0.201963146521546
chr22,45710501,45711000,4,3,9,-2.23453169517355,0.865996299523725,0.00111828330199243,0.0422218343596771,0.212490213800557
chr22,50020501,50021000,16,24,4.5,1.68627445311173,1.85866761348271,4.1406511920041e-4,0.0281127206952951,3.21824565300662
chrX,1404001,1404500,3,8,16.5,-1.73286435903587,1.70670845650325,5.78186146840475e-5,0.0135727932641176,0.300854041211989
chrX,1421501,1422000,18,24.5,4,1.88218593004629,1.85959860887177,1.3151522606792e-4,0.0170285832801238,3.68633179715033
chrX,1816501,1817000,16,4.5,11,-1.96296360871698,1.15147593034382,4.5932986788056e-4,0.0281127206952951,0.256501006366222
chrX,2142501,2143000,9,6.5,13,-1.68444311903284,1.4219165998402,6.8486906549201e-4,0.0359643756014137,0.311122983768179
chrX,12229501,12230000,4,6,11.5,-1.62159877974101,1.29194843339553,0.001200937811076,0.0450936922553617,0.32497513015613
chrX,22501001,22501500,3,4.5,10,-1.82466383569331,1.07590616730311,0.00143831407736382,0.0488396089466156,0.282306874241752
chrX,23565001,23565500,10,2.5,8,-2.31619959189953,0.722413868262201,8.5888038110361e-4,0.0375689514448215,0.200795717870261
chrX,40093001,40093500,6,2.5,8.5,-2.4026475179358,0.77288307983055,4.9049913259967e-4,0.0281127206952951,0.18911719949921801
chrX,64936001,64936500,5,2.5,9.5,-2.56143414144547,0.867702899945892,8.85327139054372e-5,0.01559412835906,0.169407054544144
chrX,77623001,77623500,4,3.5,10.5,-2.24333172920145,1.03756604872355,3.2698525815796e-4,0.0249351170750558,0.211198028244606
chrX,85890501,85891000,9,4,11,-2.12489339675214,1.11554922399412,1.9354719298074e-4,0.0214969026490991,0.229267951183281
chrX,104338501,104339000,5,4.5,10,-1.82483841120322,1.0738319323359,0.00146045890204115,0.0495025930737536,0.282272715335392
chrX,137006001,137006500,6,3,9.5,-2.31253991235136,0.910525011976835,3.1252679489692e-4,0.0242410264927834,0.201305722266877
chrX,155097001,155097500,6,2.5,10,-2.63474017832261,0.912247704600361,4.95772215590918e-5,0.0135727932641176,0.161014198875617
chrY,11534001,11534500,15,24,35,-1.24679575280151,2.86256831676371,5.97298123957008e-6,0.00483058848803727,0.421383067149662
chrY,11537001,11537500,12,3,9.5,-2.31232320777324,0.912617765686555,3.1896172839891e-4,0.0244856781841461,0.201335962301586
chrY,11643001,11643500,15,10.5,16.5,-1.34711726394331,1.82446806410151,0.00102627549547082,0.0392164208666605,0.393076695037338
chrY,56707001,56707500,10,12,30,-2.01554082309979,2.41316860992581,2.42270786648547e-9,3.58769183491925e-5,0.2473214333365
chrY,56716001,56716500,10,4,11,-2.12487392956185,1.11623326614563,1.9354719298074e-4,0.0214969026490991,0.229271044860613
chrY,56723501,56724000,13,5.5,17,-2.30345913005288,1.60412529424987,1.39434260329687e-5,0.00787525285139397,0.202576800718273
chrY,56727501,56728000,17,33.5,47.5,-1.20787162940793,3.30095333671416,2.05276937513536e-7,7.1775583763744e-4,0.432906800969456
chrY,56734001,56734500,9,5.5,15,-2.12437170191054,1.4877106628203,9.08473559430279e-6,0.00648669322987976,0.22935087205878
chrY,56734501,56735000,18,63.5,108.5,-1.46191597224303,4.39243749019818,1.28719402766047e-7,5.2394153297235e-4,0.36301071241202
chrY,56735001,56735500,12,2.5,11,-2.76713309108368,0.999497317930502,6.25760174243322e-5,0.0137575259285099,0.146895989021289
chrY,56763001,56763500,17,6.5,16.5,-2.02612010994303,1.62993618114668,9.40798470631649e-6,0.00667342184455374,0.245514457936605
chrY,56763501,56764000,12,9,22,-1.97899943198638,2.00940633860964,2.86297970322754e-7,8.2538627395865e-4,0.253665736517723
chrY,56828501,56829000,12,8.5,14.5,-1.46148796744767,1.62461161125443,0.00119313214094014,0.0448894738473615,0.363118422891669
chrY,56829001,56829500,13,2.5,10.5,-2.70446370351057,0.956851561023728,2.76511222229096e-5,0.0112713564684719,0.153417641866183
