"gene_id","group"
"ENSG00000038427","DEGs_DOWN_binding_DMR"
"ENSG00000137558","DEGs_DOWN_binding_DMR"
"ENSG00000122786","DEGs_DOWN_binding_DMR"
"ENSG00000147862","DEGs_DOWN_binding_DMR"
"ENSG00000185942","DEGs_DOWN_binding_DMR"
"ENSG00000105810","DEGs_DOWN_binding_DMR"
"ENSG00000277075","DEGs_DOWN_binding_DMR"
"ENSG00000169760","DEGs_DOWN_binding_DMR"
"ENSG00000151322","DEGs_DOWN_binding_DMR"
"ENSG00000107186","DEGs_DOWN_binding_DMR"
"ENSG00000152894","DEGs_DOWN_binding_DMR"
"ENSG00000062725","DEGs_DOWN_binding_DMR"
"ENSG00000154978","DEGs_DOWN_binding_DMR"
"ENSG00000273802","DEGs_DOWN_binding_DMR"
"ENSG00000150938","DEGs_DOWN_binding_DMR"
"ENSG00000078269","DEGs_DOWN_binding_DMR"
"ENSG00000182628","DEGs_DOWN_binding_DMR"
"ENSG00000171150","DEGs_DOWN_binding_DMR"
"ENSG00000055208","DEGs_DOWN_binding_DMR"
"ENSG00000158528","DEGs_DOWN_binding_DMR"
"ENSG00000079931","DEGs_DOWN_binding_DMR"
"ENSG00000128923","DEGs_DOWN_binding_DMR"
"ENSG00000198846","DEGs_DOWN_binding_DMR"
"ENSG00000177694","DEGs_DOWN_binding_DMR"
"ENSG00000124225","DEGs_DOWN_binding_DMR"
"ENSG00000117724","DEGs_DOWN_binding_DMR"
"ENSG00000168702","DEGs_DOWN_binding_DMR"
"ENSG00000114861","DEGs_DOWN_binding_DMR"
"ENSG00000154188","DEGs_DOWN_binding_DMR"
"ENSG00000139218","DEGs_DOWN_binding_DMR"
"ENSG00000166938","DEGs_DOWN_binding_DMR"
"ENSG00000165071","DEGs_DOWN_binding_DMR"
"ENSG00000145012","DEGs_DOWN_binding_DMR"
"ENSG00000177200","DEGs_DOWN_binding_DMR"
"ENSG00000130449","DEGs_DOWN_binding_DMR"
"ENSG00000188001","DEGs_DOWN_binding_DMR"
"ENSG00000072201","DEGs_DOWN_binding_DMR"
"ENSG00000149571","DEGs_DOWN_binding_DMR"
"ENSG00000075711","DEGs_DOWN_binding_DMR"
"ENSG00000076554","DEGs_DOWN_binding_DMR"
"ENSG00000092621","DEGs_DOWN_binding_DMR"
"ENSG00000138119","DEGs_DOWN_binding_DMR"
"ENSG00000145715","DEGs_DOWN_binding_DMR"
"ENSG00000174799","DEGs_DOWN_binding_DMR"
"ENSG00000157985","DEGs_DOWN_binding_DMR"
"ENSG00000172379","DEGs_DOWN_binding_DMR"
"ENSG00000175662","DEGs_DOWN_binding_DMR"
"ENSG00000182197","DEGs_DOWN_binding_DMR"
"ENSG00000134138","DEGs_DOWN_binding_DMR"
"ENSG00000134986","DEGs_DOWN_binding_DMR"
"ENSG00000109220","DEGs_DOWN_binding_DMR"
"ENSG00000084093","DEGs_DOWN_binding_DMR"
"ENSG00000084733","DEGs_DOWN_binding_DMR"
"ENSG00000171174","DEGs_DOWN_binding_DMR"
"ENSG00000120370","DEGs_DOWN_binding_DMR"
"ENSG00000143067","DEGs_DOWN_binding_DMR"
"ENSG00000110841","DEGs_DOWN_binding_DMR"
"ENSG00000119139","DEGs_DOWN_binding_DMR"
"ENSG00000182534","DEGs_DOWN_binding_DMR"
"ENSG00000128585","DEGs_DOWN_binding_DMR"
"ENSG00000149289","DEGs_DOWN_binding_DMR"
"ENSG00000243147","DEGs_DOWN_binding_DMR"
"ENSG00000172061","DEGs_DOWN_binding_DMR"
"ENSG00000153317","DEGs_DOWN_binding_DMR"
"ENSG00000173950","DEGs_DOWN_binding_DMR"
"ENSG00000137055","DEGs_DOWN_binding_DMR"
"ENSG00000180613","DEGs_DOWN_binding_DMR"
"ENSG00000101596","DEGs_DOWN_binding_DMR"
"ENSG00000166262","DEGs_DOWN_binding_DMR"
"ENSG00000060718","DEGs_DOWN_binding_noDMR"
"ENSG00000137801","DEGs_DOWN_binding_noDMR"
"ENSG00000114019","DEGs_DOWN_binding_noDMR"
"ENSG00000162733","DEGs_DOWN_binding_noDMR"
"ENSG00000118523","DEGs_DOWN_binding_noDMR"
"ENSG00000287080","DEGs_DOWN_binding_noDMR"
"ENSG00000154175","DEGs_DOWN_binding_noDMR"
"ENSG00000162496","DEGs_DOWN_binding_noDMR"
"ENSG00000206579","DEGs_DOWN_binding_noDMR"
"ENSG00000142871","DEGs_DOWN_binding_noDMR"
"ENSG00000131095","DEGs_DOWN_binding_noDMR"
"ENSG00000149212","DEGs_DOWN_binding_noDMR"
"ENSG00000163235","DEGs_DOWN_binding_noDMR"
"ENSG00000139793","DEGs_DOWN_binding_noDMR"
"ENSG00000286522","DEGs_DOWN_binding_noDMR"
"ENSG00000115159","DEGs_DOWN_binding_noDMR"
"ENSG00000105855","DEGs_DOWN_binding_noDMR"
"ENSG00000132470","DEGs_DOWN_binding_noDMR"
"ENSG00000044524","DEGs_DOWN_binding_noDMR"
"ENSG00000188039","DEGs_DOWN_binding_noDMR"
"ENSG00000146250","DEGs_DOWN_binding_noDMR"
"ENSG00000180891","DEGs_DOWN_binding_noDMR"
"ENSG00000105974","DEGs_DOWN_binding_noDMR"
"ENSG00000150347","DEGs_DOWN_binding_noDMR"
"ENSG00000129474","DEGs_DOWN_binding_noDMR"
"ENSG00000135074","DEGs_DOWN_binding_noDMR"
"ENSG00000077092","DEGs_DOWN_binding_noDMR"
"ENSG00000156011","DEGs_DOWN_binding_noDMR"
"ENSG00000057019","DEGs_DOWN_binding_noDMR"
"ENSG00000152104","DEGs_DOWN_binding_noDMR"
"ENSG00000111799","DEGs_DOWN_binding_noDMR"
"ENSG00000180801","DEGs_DOWN_binding_noDMR"
"ENSG00000171848","DEGs_DOWN_binding_noDMR"
"ENSG00000148541","DEGs_DOWN_binding_noDMR"
"ENSG00000145349","DEGs_DOWN_binding_noDMR"
"ENSG00000150457","DEGs_DOWN_binding_noDMR"
"ENSG00000187837","DEGs_DOWN_binding_noDMR"
"ENSG00000151458","DEGs_DOWN_binding_noDMR"
"ENSG00000026025","DEGs_DOWN_binding_noDMR"
"ENSG00000115353","DEGs_DOWN_binding_noDMR"
"ENSG00000115380","DEGs_DOWN_binding_noDMR"
"ENSG00000162692","DEGs_DOWN_binding_noDMR"
"ENSG00000169047","DEGs_DOWN_binding_noDMR"
"ENSG00000172123","DEGs_DOWN_binding_noDMR"
"ENSG00000126785","DEGs_DOWN_binding_noDMR"
"ENSG00000169715","DEGs_DOWN_binding_noDMR"
"ENSG00000184304","DEGs_DOWN_binding_noDMR"
"ENSG00000175899","DEGs_DOWN_binding_noDMR"
"ENSG00000071282","DEGs_DOWN_binding_noDMR"
"ENSG00000277224","DEGs_DOWN_binding_noDMR"
"ENSG00000071575","DEGs_DOWN_binding_noDMR"
"ENSG00000151718","DEGs_DOWN_binding_noDMR"
"ENSG00000150540","DEGs_DOWN_binding_noDMR"
"ENSG00000047457","DEGs_DOWN_binding_noDMR"
"ENSG00000104047","DEGs_DOWN_binding_noDMR"
"ENSG00000078018","DEGs_DOWN_binding_noDMR"
"ENSG00000136205","DEGs_DOWN_binding_noDMR"
"ENSG00000111269","DEGs_DOWN_binding_noDMR"
"ENSG00000171444","DEGs_DOWN_binding_noDMR"
"ENSG00000144810","DEGs_DOWN_binding_noDMR"
"ENSG00000172201","DEGs_DOWN_binding_noDMR"
"ENSG00000151012","DEGs_DOWN_binding_noDMR"
"ENSG00000122870","DEGs_DOWN_binding_noDMR"
"ENSG00000126016","DEGs_DOWN_binding_noDMR"
"ENSG00000168298","DEGs_DOWN_binding_noDMR"
"ENSG00000144681","DEGs_DOWN_binding_noDMR"
"ENSG00000134824","DEGs_DOWN_binding_noDMR"
"ENSG00000138193","DEGs_DOWN_binding_noDMR"
"ENSG00000277443","DEGs_DOWN_binding_noDMR"
"ENSG00000105137","DEGs_DOWN_binding_noDMR"
"ENSG00000060982","DEGs_DOWN_binding_noDMR"
"ENSG00000112984","DEGs_DOWN_binding_noDMR"
"ENSG00000163428","DEGs_DOWN_binding_noDMR"
"ENSG00000278463","DEGs_DOWN_binding_noDMR"
"ENSG00000075391","DEGs_DOWN_binding_noDMR"
"ENSG00000094916","DEGs_DOWN_binding_noDMR"
"ENSG00000075426","DEGs_DOWN_binding_noDMR"
"ENSG00000133121","DEGs_DOWN_binding_noDMR"
"ENSG00000139734","DEGs_DOWN_binding_noDMR"
"ENSG00000171451","DEGs_DOWN_binding_noDMR"
"ENSG00000091986","DEGs_DOWN_binding_noDMR"
"ENSG00000145623","DEGs_DOWN_binding_noDMR"
"ENSG00000146674","DEGs_DOWN_binding_noDMR"
"ENSG00000155090","DEGs_DOWN_binding_noDMR"
"ENSG00000107551","DEGs_DOWN_binding_noDMR"
"ENSG00000140416","DEGs_DOWN_binding_noDMR"
"ENSG00000276410","DEGs_DOWN_binding_noDMR"
"ENSG00000132274","DEGs_DOWN_binding_noDMR"
"ENSG00000137807","DEGs_DOWN_binding_noDMR"
"ENSG00000196954","DEGs_DOWN_binding_noDMR"
"ENSG00000178776","DEGs_DOWN_binding_noDMR"
"ENSG00000167900","DEGs_DOWN_binding_noDMR"
"ENSG00000151746","DEGs_DOWN_binding_noDMR"
"ENSG00000101134","DEGs_DOWN_binding_noDMR"
"ENSG00000222009","DEGs_DOWN_binding_noDMR"
"ENSG00000134369","DEGs_DOWN_binding_noDMR"
"ENSG00000152952","DEGs_DOWN_binding_noDMR"
"ENSG00000165072","DEGs_DOWN_binding_noDMR"
"ENSG00000109099","DEGs_DOWN_binding_noDMR"
"ENSG00000167767","DEGs_DOWN_binding_noDMR"
"ENSG00000112186","DEGs_DOWN_binding_noDMR"
"ENSG00000118762","DEGs_DOWN_binding_noDMR"
"ENSG00000134352","DEGs_DOWN_binding_noDMR"
"ENSG00000181458","DEGs_DOWN_binding_noDMR"
"ENSG00000129038","DEGs_DOWN_binding_noDMR"
"ENSG00000142627","DEGs_DOWN_binding_noDMR"
"ENSG00000196196","DEGs_DOWN_binding_noDMR"
"ENSG00000177469","DEGs_DOWN_binding_noDMR"
"ENSG00000137185","DEGs_DOWN_binding_noDMR"
"ENSG00000018510","DEGs_DOWN_binding_noDMR"
"ENSG00000107984","DEGs_DOWN_binding_noDMR"
"ENSG00000167601","DEGs_DOWN_binding_noDMR"
"ENSG00000139354","DEGs_DOWN_binding_noDMR"
"ENSG00000181722","DEGs_DOWN_binding_noDMR"
"ENSG00000136244","DEGs_DOWN_binding_noDMR"
"ENSG00000121440","DEGs_DOWN_binding_noDMR"
"ENSG00000064666","DEGs_DOWN_binding_noDMR"
"ENSG00000132640","DEGs_DOWN_binding_noDMR"
"ENSG00000196159","DEGs_DOWN_binding_noDMR"
"ENSG00000114346","DEGs_DOWN_binding_noDMR"
"ENSG00000158406","DEGs_DOWN_binding_noDMR"
"ENSG00000039560","DEGs_DOWN_binding_noDMR"
"ENSG00000179300","DEGs_DOWN_binding_noDMR"
"ENSG00000150630","DEGs_DOWN_binding_noDMR"
"ENSG00000184260","DEGs_DOWN_binding_noDMR"
"ENSG00000122420","DEGs_DOWN_binding_noDMR"
"ENSG00000183111","DEGs_DOWN_binding_noDMR"
"ENSG00000145632","DEGs_DOWN_binding_noDMR"
"ENSG00000163513","DEGs_DOWN_binding_noDMR"
"ENSG00000145416","DEGs_DOWN_binding_noDMR"
"ENSG00000169083","DEGs_DOWN_binding_noDMR"
"ENSG00000183840","DEGs_DOWN_binding_noDMR"
"ENSG00000196932","DEGs_DOWN_binding_noDMR"
"ENSG00000115504","DEGs_DOWN_binding_noDMR"
"ENSG00000148848","DEGs_DOWN_binding_noDMR"
"ENSG00000093144","DEGs_DOWN_binding_noDMR"
"ENSG00000174099","DEGs_DOWN_binding_noDMR"
"ENSG00000115594","DEGs_DOWN_binding_noDMR"
"ENSG00000186767","DEGs_DOWN_binding_noDMR"
"ENSG00000168679","DEGs_DOWN_binding_noDMR"
"ENSG00000139289","DEGs_DOWN_binding_noDMR"
"ENSG00000074800","DEGs_DOWN_binding_noDMR"
"ENSG00000256235","DEGs_DOWN_binding_noDMR"
"ENSG00000164442","DEGs_DOWN_binding_noDMR"
"ENSG00000145431","DEGs_DOWN_binding_noDMR"
"ENSG00000064309","DEGs_DOWN_binding_noDMR"
"ENSG00000150995","DEGs_DOWN_binding_noDMR"
"ENSG00000124479","DEGs_DOWN_binding_noDMR"
"ENSG00000180530","DEGs_DOWN_binding_noDMR"
"ENSG00000164294","DEGs_DOWN_binding_noDMR"
"ENSG00000137177","DEGs_DOWN_binding_noDMR"
"ENSG00000165480","DEGs_DOWN_binding_noDMR"
"ENSG00000134061","DEGs_DOWN_binding_noDMR"
"ENSG00000177707","DEGs_DOWN_binding_noDMR"
"ENSG00000091656","DEGs_DOWN_binding_noDMR"
"ENSG00000117174","DEGs_DOWN_binding_noDMR"
"ENSG00000145860","DEGs_DOWN_binding_noDMR"
"ENSG00000139832","DEGs_DOWN_binding_noDMR"
"ENSG00000105948","DEGs_DOWN_binding_noDMR"
"ENSG00000166068","DEGs_DOWN_binding_noDMR"
"ENSG00000035862","DEGs_DOWN_binding_noDMR"
"ENSG00000133083","DEGs_DOWN_binding_noDMR"
"ENSG00000171456","DEGs_DOWN_binding_noDMR"
"ENSG00000029153","DEGs_DOWN_binding_noDMR"
"ENSG00000108861","DEGs_DOWN_binding_noDMR"
"ENSG00000072110","DEGs_DOWN_binding_noDMR"
"ENSG00000109674","DEGs_DOWN_binding_noDMR"
"ENSG00000170961","DEGs_DOWN_binding_noDMR"
"ENSG00000213064","DEGs_DOWN_binding_noDMR"
"ENSG00000163166","DEGs_DOWN_binding_noDMR"
"ENSG00000125868","DEGs_DOWN_binding_noDMR"
"ENSG00000087253","DEGs_DOWN_binding_noDMR"
"ENSG00000149596","DEGs_DOWN_binding_noDMR"
"ENSG00000104312","DEGs_DOWN_binding_noDMR"
"ENSG00000146376","DEGs_DOWN_binding_noDMR"
"ENSG00000005884","DEGs_DOWN_binding_noDMR"
"ENSG00000173166","DEGs_DOWN_binding_noDMR"
"ENSG00000072571","DEGs_DOWN_binding_noDMR"
"ENSG00000136636","DEGs_DOWN_binding_noDMR"
"ENSG00000162614","DEGs_DOWN_binding_noDMR"
"ENSG00000172159","DEGs_DOWN_binding_noDMR"
"ENSG00000171940","DEGs_DOWN_binding_noDMR"
"ENSG00000110330","DEGs_DOWN_binding_noDMR"
"ENSG00000170558","DEGs_DOWN_binding_noDMR"
"ENSG00000134253","DEGs_DOWN_binding_noDMR"
"ENSG00000068489","DEGs_DOWN_binding_noDMR"
"ENSG00000013810","DEGs_DOWN_binding_noDMR"
"ENSG00000073711","DEGs_DOWN_binding_noDMR"
"ENSG00000163545","DEGs_DOWN_binding_noDMR"
"ENSG00000174607","DEGs_DOWN_binding_noDMR"
"ENSG00000157227","DEGs_DOWN_binding_noDMR"
"ENSG00000147036","DEGs_DOWN_binding_noDMR"
"ENSG00000066697","DEGs_DOWN_binding_noDMR"
"ENSG00000071967","DEGs_DOWN_binding_noDMR"
"ENSG00000078401","DEGs_DOWN_binding_noDMR"
"ENSG00000085377","DEGs_DOWN_binding_noDMR"
"ENSG00000153904","DEGs_DOWN_binding_noDMR"
"ENSG00000138336","DEGs_DOWN_binding_noDMR"
"ENSG00000213694","DEGs_DOWN_binding_noDMR"
"ENSG00000168264","DEGs_DOWN_binding_noDMR"
"ENSG00000130147","DEGs_DOWN_binding_noDMR"
"ENSG00000171617","DEGs_DOWN_binding_noDMR"
"ENSG00000022976","DEGs_DOWN_binding_noDMR"
"ENSG00000153107","DEGs_DOWN_binding_noDMR"
"ENSG00000162772","DEGs_DOWN_binding_noDMR"
"ENSG00000136193","DEGs_DOWN_binding_noDMR"
"ENSG00000070087","DEGs_DOWN_binding_noDMR"
"ENSG00000138685","DEGs_DOWN_binding_noDMR"
"ENSG00000111319","DEGs_DOWN_binding_noDMR"
"ENSG00000122335","DEGs_DOWN_binding_noDMR"
"ENSG00000171877","DEGs_DOWN_binding_noDMR"
"ENSG00000166801","DEGs_DOWN_binding_noDMR"
"ENSG00000163661","DEGs_DOWN_binding_noDMR"
"ENSG00000151748","DEGs_DOWN_binding_noDMR"
"ENSG00000184270","DEGs_DOWN_binding_noDMR"
"ENSG00000153250","DEGs_DOWN_binding_noDMR"
"ENSG00000124942","DEGs_DOWN_binding_noDMR"
"ENSG00000147145","DEGs_DOWN_binding_noDMR"
"ENSG00000108691","DEGs_DOWN_binding_noDMR"
"ENSG00000180611","DEGs_DOWN_binding_noDMR"
"ENSG00000291237","DEGs_DOWN_binding_noDMR"
"ENSG00000152049","DEGs_DOWN_binding_noDMR"
"ENSG00000276644","DEGs_DOWN_binding_noDMR"
"ENSG00000138675","DEGs_DOWN_binding_noDMR"
"ENSG00000100345","DEGs_DOWN_binding_noDMR"
"ENSG00000047936","DEGs_DOWN_binding_noDMR"
"ENSG00000198521","DEGs_DOWN_binding_noDMR"
"ENSG00000158710","DEGs_DOWN_binding_noDMR"
"ENSG00000112977","DEGs_DOWN_binding_noDMR"
"ENSG00000183077","DEGs_DOWN_binding_noDMR"
"ENSG00000143228","DEGs_DOWN_binding_noDMR"
"ENSG00000101577","DEGs_DOWN_binding_noDMR"
"ENSG00000196081","DEGs_DOWN_binding_noDMR"
"ENSG00000174136","DEGs_DOWN_binding_noDMR"
"ENSG00000165733","DEGs_DOWN_binding_noDMR"
"ENSG00000169908","DEGs_DOWN_binding_noDMR"
"ENSG00000197056","DEGs_DOWN_binding_noDMR"
"ENSG00000197646","DEGs_DOWN_binding_noDMR"
"ENSG00000003402","DEGs_DOWN_binding_noDMR"
"ENSG00000114850","DEGs_DOWN_binding_noDMR"
"ENSG00000143353","DEGs_DOWN_binding_noDMR"
"ENSG00000138772","DEGs_DOWN_binding_noDMR"
"ENSG00000213859","DEGs_DOWN_binding_noDMR"
"ENSG00000113621","DEGs_DOWN_binding_noDMR"
"ENSG00000026103","DEGs_DOWN_binding_noDMR"
"ENSG00000234444","DEGs_DOWN_binding_noDMR"
"ENSG00000265491","DEGs_DOWN_binding_noDMR"
"ENSG00000079819","DEGs_DOWN_binding_noDMR"
"ENSG00000122691","DEGs_DOWN_binding_noDMR"
"ENSG00000125148","DEGs_DOWN_binding_noDMR"
"ENSG00000042286","DEGs_DOWN_binding_noDMR"
"ENSG00000175745","DEGs_DOWN_binding_noDMR"
"ENSG00000128829","DEGs_DOWN_binding_noDMR"
"ENSG00000065802","DEGs_DOWN_binding_noDMR"
"ENSG00000180425","DEGs_DOWN_binding_noDMR"
"ENSG00000156052","DEGs_DOWN_binding_noDMR"
"ENSG00000152818","DEGs_DOWN_binding_noDMR"
"ENSG00000172037","DEGs_DOWN_binding_noDMR"
"ENSG00000079215","DEGs_DOWN_binding_noDMR"
"ENSG00000113361","DEGs_DOWN_binding_noDMR"
"ENSG00000145439","DEGs_DOWN_binding_noDMR"
"ENSG00000068438","DEGs_DOWN_binding_noDMR"
"ENSG00000038002","DEGs_DOWN_binding_noDMR"
"ENSG00000198929","DEGs_DOWN_binding_noDMR"
"ENSG00000183853","DEGs_DOWN_binding_noDMR"
"ENSG00000110318","DEGs_DOWN_binding_noDMR"
"ENSG00000148677","DEGs_DOWN_binding_noDMR"
"ENSG00000196247","DEGs_DOWN_binding_noDMR"
"ENSG00000155875","DEGs_DOWN_binding_noDMR"
"ENSG00000171943","DEGs_DOWN_binding_noDMR"
"ENSG00000071794","DEGs_DOWN_binding_noDMR"
"ENSG00000110092","DEGs_DOWN_binding_noDMR"
"ENSG00000168496","DEGs_DOWN_binding_noDMR"
"ENSG00000047644","DEGs_DOWN_binding_noDMR"
"ENSG00000186166","DEGs_DOWN_binding_noDMR"
"ENSG00000112983","DEGs_DOWN_binding_noDMR"
"ENSG00000162664","DEGs_DOWN_binding_noDMR"
"ENSG00000102359","DEGs_DOWN_binding_noDMR"
"ENSG00000163694","DEGs_DOWN_binding_noDMR"
"ENSG00000041982","DEGs_DOWN_binding_noDMR"
"ENSG00000081026","DEGs_DOWN_binding_noDMR"
"ENSG00000160691","DEGs_DOWN_binding_noDMR"
"ENSG00000124813","DEGs_DOWN_binding_noDMR"
"ENSG00000113739","DEGs_DOWN_binding_noDMR"
"ENSG00000078098","DEGs_DOWN_binding_noDMR"
"ENSG00000132429","DEGs_DOWN_binding_noDMR"
"ENSG00000035499","DEGs_DOWN_binding_noDMR"
"ENSG00000121579","DEGs_DOWN_binding_noDMR"
"ENSG00000166949","DEGs_DOWN_binding_noDMR"
"ENSG00000168916","DEGs_DOWN_binding_noDMR"
"ENSG00000280165","DEGs_DOWN_binding_noDMR"
"ENSG00000211455","DEGs_DOWN_binding_noDMR"
"ENSG00000161048","DEGs_DOWN_binding_noDMR"
"ENSG00000151014","DEGs_DOWN_binding_noDMR"
"ENSG00000184575","DEGs_DOWN_binding_noDMR"
"ENSG00000086589","DEGs_DOWN_binding_noDMR"
"ENSG00000144452","DEGs_DOWN_binding_noDMR"
"ENSG00000198961","DEGs_DOWN_binding_noDMR"
"ENSG00000115363","DEGs_DOWN_binding_noDMR"
"ENSG00000165572","DEGs_DOWN_binding_noDMR"
"ENSG00000177731","DEGs_DOWN_binding_noDMR"
"ENSG00000148019","DEGs_DOWN_binding_noDMR"
"ENSG00000135164","DEGs_DOWN_binding_noDMR"
"ENSG00000173207","DEGs_DOWN_binding_noDMR"
"ENSG00000205726","DEGs_DOWN_binding_noDMR"
"ENSG00000166401","DEGs_DOWN_binding_noDMR"
"ENSG00000151967","DEGs_DOWN_binding_noDMR"
"ENSG00000139211","DEGs_DOWN_binding_noDMR"
"ENSG00000184384","DEGs_DOWN_binding_noDMR"
"ENSG00000188501","DEGs_DOWN_binding_noDMR"
"ENSG00000259571","DEGs_DOWN_binding_noDMR"
"ENSG00000168615","DEGs_DOWN_binding_noDMR"
"ENSG00000198887","DEGs_DOWN_binding_noDMR"
"ENSG00000196935","DEGs_DOWN_binding_noDMR"
"ENSG00000012504","DEGs_DOWN_binding_noDMR"
"ENSG00000188549","DEGs_DOWN_binding_noDMR"
"ENSG00000205542","DEGs_DOWN_binding_noDMR"
"ENSG00000165512","DEGs_DOWN_binding_noDMR"
"ENSG00000188428","DEGs_DOWN_binding_noDMR"
"ENSG00000133639","DEGs_DOWN_binding_noDMR"
"ENSG00000118816","DEGs_DOWN_binding_noDMR"
"ENSG00000006062","DEGs_DOWN_binding_noDMR"
"ENSG00000144283","DEGs_DOWN_binding_noDMR"
"ENSG00000196890","DEGs_DOWN_binding_noDMR"
"ENSG00000076053","DEGs_DOWN_binding_noDMR"
"ENSG00000138613","DEGs_DOWN_binding_noDMR"
"ENSG00000075142","DEGs_DOWN_binding_noDMR"
"ENSG00000125347","DEGs_DOWN_binding_noDMR"
"ENSG00000166682","DEGs_DOWN_binding_noDMR"
"ENSG00000235387","DEGs_DOWN_binding_noDMR"
"ENSG00000186871","DEGs_DOWN_binding_noDMR"
"ENSG00000110218","DEGs_DOWN_binding_noDMR"
"ENSG00000164087","DEGs_DOWN_binding_noDMR"
"ENSG00000133318","DEGs_DOWN_binding_noDMR"
"ENSG00000197905","DEGs_DOWN_binding_noDMR"
"ENSG00000176619","DEGs_DOWN_binding_noDMR"
"ENSG00000243244","DEGs_DOWN_binding_noDMR"
"ENSG00000109113","DEGs_DOWN_binding_noDMR"
"ENSG00000149257","DEGs_DOWN_binding_noDMR"
"ENSG00000138801","DEGs_DOWN_binding_noDMR"
"ENSG00000157399","DEGs_DOWN_binding_noDMR"
"ENSG00000197694","DEGs_DOWN_binding_noDMR"
"ENSG00000171522","DEGs_DOWN_binding_noDMR"
"ENSG00000186141","DEGs_DOWN_binding_noDMR"
"ENSG00000146373","DEGs_DOWN_binding_noDMR"
"ENSG00000186522","DEGs_DOWN_binding_noDMR"
"ENSG00000242715","DEGs_DOWN_binding_noDMR"
"ENSG00000075618","DEGs_DOWN_binding_noDMR"
"ENSG00000111615","DEGs_DOWN_binding_noDMR"
"ENSG00000133740","DEGs_DOWN_binding_noDMR"
"ENSG00000130818","DEGs_DOWN_binding_noDMR"
"ENSG00000269825","DEGs_DOWN_binding_noDMR"
"ENSG00000082438","DEGs_DOWN_binding_noDMR"
"ENSG00000111907","DEGs_DOWN_binding_noDMR"
"ENSG00000142279","DEGs_DOWN_binding_noDMR"
"ENSG00000138134","DEGs_DOWN_binding_noDMR"
"ENSG00000158019","DEGs_DOWN_binding_noDMR"
"ENSG00000100427","DEGs_DOWN_binding_noDMR"
"ENSG00000072840","DEGs_DOWN_binding_noDMR"
"ENSG00000102189","DEGs_DOWN_binding_noDMR"
"ENSG00000116977","DEGs_DOWN_binding_noDMR"
"ENSG00000198542","DEGs_DOWN_binding_noDMR"
"ENSG00000136997","DEGs_DOWN_binding_noDMR"
"ENSG00000114853","DEGs_DOWN_binding_noDMR"
"ENSG00000214063","DEGs_DOWN_binding_noDMR"
"ENSG00000137285","DEGs_DOWN_binding_noDMR"
"ENSG00000198513","DEGs_DOWN_binding_noDMR"
"ENSG00000139154","DEGs_DOWN_binding_noDMR"
"ENSG00000139668","DEGs_DOWN_binding_noDMR"
"ENSG00000068654","DEGs_DOWN_binding_noDMR"
"ENSG00000058729","DEGs_DOWN_binding_noDMR"
"ENSG00000138814","DEGs_DOWN_binding_noDMR"
"ENSG00000103187","DEGs_DOWN_binding_noDMR"
"ENSG00000168090","DEGs_DOWN_binding_noDMR"
"ENSG00000184678","DEGs_DOWN_binding_noDMR"
"ENSG00000135373","DEGs_DOWN_binding_noDMR"
"ENSG00000114698","DEGs_DOWN_binding_noDMR"
"ENSG00000110080","DEGs_DOWN_binding_noDMR"
"ENSG00000119318","DEGs_DOWN_binding_noDMR"
"ENSG00000107201","DEGs_DOWN_binding_noDMR"
"ENSG00000213967","DEGs_DOWN_binding_noDMR"
"ENSG00000205189","DEGs_DOWN_binding_noDMR"
"ENSG00000152689","DEGs_DOWN_binding_noDMR"
"ENSG00000151388","DEGs_DOWN_binding_noDMR"
"ENSG00000069509","DEGs_DOWN_binding_noDMR"
"ENSG00000065526","DEGs_DOWN_binding_noDMR"
"ENSG00000093167","DEGs_DOWN_binding_noDMR"
"ENSG00000197747","DEGs_DOWN_binding_noDMR"
"ENSG00000119138","DEGs_DOWN_binding_noDMR"
"ENSG00000110075","DEGs_DOWN_binding_noDMR"
"ENSG00000148396","DEGs_DOWN_binding_noDMR"
"ENSG00000110237","DEGs_DOWN_binding_noDMR"
"ENSG00000101782","DEGs_DOWN_binding_noDMR"
"ENSG00000109790","DEGs_DOWN_binding_noDMR"
"ENSG00000171681","DEGs_DOWN_binding_noDMR"
"ENSG00000196172","DEGs_DOWN_binding_noDMR"
"ENSG00000189410","DEGs_DOWN_binding_noDMR"
"ENSG00000196730","DEGs_DOWN_binding_noDMR"
"ENSG00000274750","DEGs_DOWN_binding_noDMR"
"ENSG00000183722","DEGs_DOWN_binding_noDMR"
"ENSG00000108370","DEGs_DOWN_binding_noDMR"
"ENSG00000170584","DEGs_DOWN_binding_noDMR"
"ENSG00000188610","DEGs_DOWN_binding_noDMR"
"ENSG00000117593","DEGs_DOWN_binding_noDMR"
"ENSG00000166295","DEGs_DOWN_binding_noDMR"
"ENSG00000197020","DEGs_DOWN_binding_noDMR"
"ENSG00000176024","DEGs_DOWN_binding_noDMR"
"ENSG00000181218","DEGs_DOWN_binding_noDMR"
"ENSG00000137076","DEGs_DOWN_binding_noDMR"
"ENSG00000187244","DEGs_DOWN_binding_noDMR"
"ENSG00000178567","DEGs_DOWN_binding_noDMR"
"ENSG00000090924","DEGs_DOWN_binding_noDMR"
"ENSG00000165410","DEGs_DOWN_binding_noDMR"
"ENSG00000115548","DEGs_DOWN_binding_noDMR"
"ENSG00000125968","DEGs_DOWN_binding_noDMR"
"ENSG00000177409","DEGs_DOWN_binding_noDMR"
"ENSG00000092969","DEGs_DOWN_binding_noDMR"
"ENSG00000182985","DEGs_DOWN_binding_noDMR"
"ENSG00000175505","DEGs_DOWN_binding_noDMR"
"ENSG00000146281","DEGs_DOWN_binding_noDMR"
"ENSG00000174808","DEGs_DOWN_binding_noDMR"
"ENSG00000143971","DEGs_DOWN_binding_noDMR"
"ENSG00000120334","DEGs_DOWN_binding_noDMR"
"ENSG00000196110","DEGs_DOWN_binding_noDMR"
"ENSG00000288920","DEGs_DOWN_binding_noDMR"
"ENSG00000139190","DEGs_DOWN_binding_noDMR"
"ENSG00000174059","DEGs_DOWN_binding_noDMR"
"ENSG00000121774","DEGs_DOWN_binding_noDMR"
"ENSG00000213516","DEGs_DOWN_binding_noDMR"
"ENSG00000137831","DEGs_DOWN_binding_noDMR"
"ENSG00000173214","DEGs_DOWN_binding_noDMR"
"ENSG00000116791","DEGs_DOWN_binding_noDMR"
"ENSG00000169085","DEGs_DOWN_binding_noDMR"
"ENSG00000123700","DEGs_DOWN_binding_noDMR"
"ENSG00000009307","DEGs_DOWN_binding_noDMR"
"ENSG00000117281","DEGs_DOWN_binding_noDMR"
"ENSG00000168938","DEGs_DOWN_binding_noDMR"
"ENSG00000152217","DEGs_DOWN_binding_noDMR"
"ENSG00000173402","DEGs_DOWN_binding_noDMR"
"ENSG00000100714","DEGs_DOWN_binding_noDMR"
"ENSG00000166508","DEGs_DOWN_binding_noDMR"
"ENSG00000125247","DEGs_DOWN_binding_noDMR"
"ENSG00000197405","DEGs_DOWN_binding_noDMR"
"ENSG00000181222","DEGs_DOWN_binding_noDMR"
"ENSG00000162909","DEGs_DOWN_binding_noDMR"
"ENSG00000036054","DEGs_DOWN_binding_noDMR"
"ENSG00000008405","DEGs_DOWN_binding_noDMR"
"ENSG00000158373","DEGs_DOWN_binding_noDMR"
"ENSG00000139318","DEGs_DOWN_binding_noDMR"
"ENSG00000070778","DEGs_DOWN_binding_noDMR"
"ENSG00000035687","DEGs_DOWN_binding_noDMR"
"ENSG00000097096","DEGs_DOWN_binding_noDMR"
"ENSG00000184445","DEGs_DOWN_binding_noDMR"
"ENSG00000122417","DEGs_DOWN_binding_noDMR"
"ENSG00000170017","DEGs_DOWN_binding_noDMR"
"ENSG00000080822","DEGs_DOWN_binding_noDMR"
"ENSG00000156928","DEGs_DOWN_binding_noDMR"
"ENSG00000158195","DEGs_DOWN_binding_noDMR"
"ENSG00000101558","DEGs_DOWN_binding_noDMR"
"ENSG00000143702","DEGs_DOWN_binding_noDMR"
"ENSG00000198742","DEGs_DOWN_binding_noDMR"
"ENSG00000163762","DEGs_DOWN_binding_noDMR"
"ENSG00000029639","DEGs_DOWN_binding_noDMR"
"ENSG00000171552","DEGs_DOWN_binding_noDMR"
"ENSG00000143977","DEGs_DOWN_binding_noDMR"
"ENSG00000168807","DEGs_DOWN_binding_noDMR"
"ENSG00000184743","DEGs_DOWN_binding_noDMR"
"ENSG00000170917","DEGs_DOWN_binding_noDMR"
"ENSG00000168803","DEGs_DOWN_binding_noDMR"
"ENSG00000164109","DEGs_DOWN_binding_noDMR"
"ENSG00000144959","DEGs_DOWN_binding_noDMR"
"ENSG00000134905","DEGs_DOWN_binding_noDMR"
"ENSG00000115844","DEGs_DOWN_binding_noDMR"
"ENSG00000173041","DEGs_DOWN_binding_noDMR"
"ENSG00000164684","DEGs_DOWN_binding_noDMR"
"ENSG00000146021","DEGs_DOWN_binding_noDMR"
"ENSG00000237765","DEGs_DOWN_binding_noDMR"
"ENSG00000147853","DEGs_DOWN_binding_noDMR"
"ENSG00000047932","DEGs_DOWN_binding_noDMR"
"ENSG00000145246","DEGs_DOWN_binding_noDMR"
"ENSG00000137500","DEGs_DOWN_binding_noDMR"
"ENSG00000170006","DEGs_DOWN_binding_noDMR"
"ENSG00000174282","DEGs_DOWN_binding_noDMR"
"ENSG00000018408","DEGs_DOWN_binding_noDMR"
"ENSG00000122008","DEGs_DOWN_binding_noDMR"
"ENSG00000118620","DEGs_DOWN_binding_noDMR"
"ENSG00000241852","DEGs_DOWN_binding_noDMR"
"ENSG00000103064","DEGs_DOWN_binding_noDMR"
"ENSG00000108395","DEGs_DOWN_binding_noDMR"
"ENSG00000076242","DEGs_DOWN_binding_noDMR"
"ENSG00000206199","DEGs_DOWN_binding_noDMR"
"ENSG00000072415","DEGs_DOWN_binding_noDMR"
"ENSG00000104324","DEGs_DOWN_binding_noDMR"
"ENSG00000125848","DEGs_DOWN_binding_noDMR"
"ENSG00000113812","DEGs_DOWN_binding_noDMR"
"ENSG00000140743","DEGs_DOWN_binding_noDMR"
"ENSG00000179270","DEGs_DOWN_binding_noDMR"
"ENSG00000170903","DEGs_DOWN_binding_noDMR"
"ENSG00000204381","DEGs_DOWN_binding_noDMR"
"ENSG00000185115","DEGs_DOWN_binding_noDMR"
"ENSG00000137310","DEGs_DOWN_binding_noDMR"
"ENSG00000204469","DEGs_DOWN_binding_noDMR"
"ENSG00000105750","DEGs_DOWN_binding_noDMR"
"ENSG00000119965","DEGs_DOWN_binding_noDMR"
"ENSG00000106723","DEGs_DOWN_binding_noDMR"
"ENSG00000105889","DEGs_DOWN_binding_noDMR"
"ENSG00000082497","DEGs_DOWN_binding_noDMR"
"ENSG00000104881","DEGs_DOWN_binding_noDMR"
"ENSG00000198836","DEGs_DOWN_binding_noDMR"
"ENSG00000165312","DEGs_DOWN_binding_noDMR"
"ENSG00000005810","DEGs_DOWN_binding_noDMR"
"ENSG00000177045","DEGs_DOWN_binding_noDMR"
"ENSG00000175215","DEGs_DOWN_binding_noDMR"
"ENSG00000087074","DEGs_DOWN_binding_noDMR"
"ENSG00000006652","DEGs_DOWN_binding_noDMR"
"ENSG00000162734","DEGs_DOWN_binding_noDMR"
"ENSG00000115267","DEGs_DOWN_binding_noDMR"
"ENSG00000116299","DEGs_DOWN_binding_noDMR"
"ENSG00000204711","DEGs_DOWN_binding_noDMR"
"ENSG00000143079","DEGs_DOWN_binding_noDMR"
"ENSG00000067715","DEGs_DOWN_binding_noDMR"
"ENSG00000140526","DEGs_DOWN_binding_noDMR"
"ENSG00000129128","DEGs_DOWN_binding_noDMR"
"ENSG00000284526","DEGs_DOWN_binding_noDMR"
"ENSG00000113140","DEGs_DOWN_binding_noDMR"
"ENSG00000135486","DEGs_DOWN_binding_noDMR"
"ENSG00000130202","DEGs_DOWN_binding_noDMR"
"ENSG00000122644","DEGs_DOWN_binding_noDMR"
"ENSG00000204604","DEGs_DOWN_binding_noDMR"
"ENSG00000198538","DEGs_DOWN_binding_noDMR"
"ENSG00000117519","DEGs_DOWN_binding_noDMR"
"ENSG00000137210","DEGs_DOWN_binding_noDMR"
"ENSG00000162623","DEGs_DOWN_binding_noDMR"
"ENSG00000085063","DEGs_DOWN_binding_noDMR"
"ENSG00000044574","DEGs_DOWN_binding_noDMR"
"ENSG00000143398","DEGs_DOWN_binding_noDMR"
"ENSG00000181744","DEGs_DOWN_binding_noDMR"
"ENSG00000183778","DEGs_DOWN_binding_noDMR"
"ENSG00000114423","DEGs_DOWN_binding_noDMR"
"ENSG00000163754","DEGs_DOWN_binding_noDMR"
"ENSG00000180822","DEGs_DOWN_binding_noDMR"
"ENSG00000137693","DEGs_DOWN_binding_noDMR"
"ENSG00000019549","DEGs_DOWN_binding_noDMR"
"ENSG00000001460","DEGs_DOWN_binding_noDMR"
"ENSG00000137714","DEGs_DOWN_binding_noDMR"
"ENSG00000187231","DEGs_DOWN_binding_noDMR"
"ENSG00000080503","DEGs_DOWN_binding_noDMR"
"ENSG00000197385","DEGs_DOWN_binding_noDMR"
"ENSG00000136938","DEGs_DOWN_binding_noDMR"
"ENSG00000172728","DEGs_DOWN_binding_noDMR"
"ENSG00000105771","DEGs_DOWN_binding_noDMR"
"ENSG00000180537","DEGs_DOWN_binding_noDMR"
"ENSG00000185591","DEGs_DOWN_binding_noDMR"
"ENSG00000185697","DEGs_DOWN_binding_noDMR"
"ENSG00000064989","DEGs_DOWN_binding_noDMR"
"ENSG00000118873","DEGs_DOWN_binding_noDMR"
"ENSG00000176714","DEGs_DOWN_binding_noDMR"
"ENSG00000174840","DEGs_DOWN_binding_noDMR"
"ENSG00000166128","DEGs_DOWN_binding_noDMR"
"ENSG00000164258","DEGs_DOWN_binding_noDMR"
"ENSG00000203943","DEGs_DOWN_binding_noDMR"
"ENSG00000075420","DEGs_DOWN_binding_noDMR"
"ENSG00000129151","DEGs_DOWN_binding_noDMR"
"ENSG00000168234","DEGs_DOWN_binding_noDMR"
"ENSG00000096746","DEGs_DOWN_binding_noDMR"
"ENSG00000111785","DEGs_DOWN_binding_noDMR"
"ENSG00000102230","DEGs_DOWN_binding_noDMR"
"ENSG00000132003","DEGs_DOWN_binding_noDMR"
"ENSG00000285938","DEGs_DOWN_binding_noDMR"
"ENSG00000119326","DEGs_DOWN_binding_noDMR"
"ENSG00000153802","DEGs_DOWN_binding_noDMR"
"ENSG00000197124","DEGs_DOWN_binding_noDMR"
"ENSG00000107175","DEGs_DOWN_binding_noDMR"
"ENSG00000118579","DEGs_DOWN_binding_noDMR"
"ENSG00000265817","DEGs_DOWN_binding_noDMR"
"ENSG00000014641","DEGs_DOWN_binding_noDMR"
"ENSG00000105971","DEGs_DOWN_binding_noDMR"
"ENSG00000130748","DEGs_DOWN_binding_noDMR"
"ENSG00000153714","DEGs_DOWN_binding_noDMR"
"ENSG00000135898","DEGs_DOWN_binding_noDMR"
"ENSG00000139579","DEGs_DOWN_binding_noDMR"
"ENSG00000125257","DEGs_DOWN_binding_noDMR"
"ENSG00000104331","DEGs_DOWN_binding_noDMR"
"ENSG00000113328","DEGs_DOWN_binding_noDMR"
"ENSG00000169221","DEGs_DOWN_binding_noDMR"
"ENSG00000107614","DEGs_DOWN_binding_noDMR"
"ENSG00000142459","DEGs_DOWN_binding_noDMR"
"ENSG00000135424","DEGs_DOWN_binding_noDMR"
"ENSG00000122729","DEGs_DOWN_binding_noDMR"
"ENSG00000162695","DEGs_DOWN_binding_noDMR"
"ENSG00000115008","DEGs_DOWN_binding_noDMR"
"ENSG00000110063","DEGs_DOWN_binding_noDMR"
"ENSG00000123066","DEGs_DOWN_binding_noDMR"
"ENSG00000196268","DEGs_DOWN_binding_noDMR"
"ENSG00000169247","DEGs_DOWN_binding_noDMR"
"ENSG00000114573","DEGs_DOWN_binding_noDMR"
"ENSG00000143149","DEGs_DOWN_binding_noDMR"
"ENSG00000176953","DEGs_DOWN_binding_noDMR"
"ENSG00000169429","DEGs_DOWN_binding_noDMR"
"ENSG00000161798","DEGs_DOWN_binding_noDMR"
"ENSG00000143512","DEGs_DOWN_binding_noDMR"
"ENSG00000118058","DEGs_DOWN_binding_noDMR"
"ENSG00000161904","DEGs_DOWN_binding_noDMR"
"ENSG00000272325","DEGs_DOWN_binding_noDMR"
"ENSG00000186468","DEGs_DOWN_binding_noDMR"
"ENSG00000115271","DEGs_DOWN_binding_noDMR"
"ENSG00000120437","DEGs_DOWN_binding_noDMR"
"ENSG00000113272","DEGs_DOWN_binding_noDMR"
"ENSG00000167566","DEGs_DOWN_binding_noDMR"
"ENSG00000168092","DEGs_DOWN_binding_noDMR"
"ENSG00000012660","DEGs_DOWN_binding_noDMR"
"ENSG00000140006","DEGs_DOWN_binding_noDMR"
"ENSG00000189362","DEGs_DOWN_binding_noDMR"
"ENSG00000046647","DEGs_DOWN_binding_noDMR"
"ENSG00000134146","DEGs_DOWN_binding_noDMR"
"ENSG00000214530","DEGs_DOWN_binding_noDMR"
"ENSG00000064042","DEGs_DOWN_noBinding_DMR"
"ENSG00000114480","DEGs_DOWN_noBinding_DMR"
"ENSG00000075223","DEGs_DOWN_noBinding_DMR"
"ENSG00000165323","DEGs_DOWN_noBinding_DMR"
"ENSG00000155761","DEGs_DOWN_noBinding_DMR"
"ENSG00000104419","DEGs_DOWN_noBinding_DMR"
"ENSG00000144642","DEGs_DOWN_noBinding_DMR"
"ENSG00000145934","DEGs_DOWN_noBinding_DMR"
"ENSG00000137642","DEGs_DOWN_noBinding_DMR"
"ENSG00000139263","DEGs_DOWN_noBinding_DMR"
"ENSG00000048052","DEGs_DOWN_noBinding_DMR"
"ENSG00000174231","DEGs_DOWN_noBinding_DMR"
"ENSG00000150760","DEGs_DOWN_noBinding_DMR"
"ENSG00000090530","DEGs_DOWN_noBinding_DMR"
"ENSG00000196083","DEGs_DOWN_noBinding_DMR"
"ENSG00000143341","DEGs_DOWN_noBinding_DMR"
"ENSG00000102893","DEGs_DOWN_noBinding_DMR"
"ENSG00000108924","DEGs_DOWN_noBinding_DMR"
"ENSG00000156463","DEGs_DOWN_noBinding_DMR"
"ENSG00000169554","DEGs_DOWN_noBinding_DMR"
"ENSG00000253729","DEGs_DOWN_noBinding_DMR"
"ENSG00000242265","DEGs_DOWN_noBinding_DMR"
"ENSG00000135842","DEGs_DOWN_noBinding_DMR"
"ENSG00000130635","DEGs_DOWN_noBinding_DMR"
"ENSG00000114279","DEGs_DOWN_noBinding_DMR"
"ENSG00000128849","DEGs_DOWN_noBinding_DMR"
"ENSG00000146243","DEGs_DOWN_noBinding_DMR"
"ENSG00000131018","DEGs_DOWN_noBinding_DMR"
"ENSG00000112249","DEGs_DOWN_noBinding_DMR"
"ENSG00000118217","DEGs_DOWN_noBinding_DMR"
"ENSG00000187955","DEGs_DOWN_noBinding_DMR"
"ENSG00000187240","DEGs_DOWN_noBinding_DMR"
"ENSG00000196526","DEGs_DOWN_noBinding_DMR"
"ENSG00000148411","DEGs_DOWN_noBinding_DMR"
"ENSG00000146648","DEGs_DOWN_noBinding_DMR"
"ENSG00000188641","DEGs_DOWN_noBinding_DMR"
"ENSG00000145868","DEGs_DOWN_noBinding_DMR"
"ENSG00000085449","DEGs_DOWN_noBinding_DMR"
"ENSG00000135919","DEGs_DOWN_noBinding_DMR"
"ENSG00000091428","DEGs_DOWN_noBinding_DMR"
"ENSG00000129595","DEGs_DOWN_noBinding_DMR"
"ENSG00000049449","DEGs_DOWN_noBinding_DMR"
"ENSG00000183337","DEGs_DOWN_noBinding_DMR"
"ENSG00000012048","DEGs_DOWN_noBinding_DMR"
"ENSG00000172348","DEGs_DOWN_noBinding_DMR"
"ENSG00000099204","DEGs_DOWN_noBinding_DMR"
"ENSG00000068784","DEGs_DOWN_noBinding_DMR"
"ENSG00000140534","DEGs_DOWN_noBinding_DMR"
"ENSG00000167889","DEGs_DOWN_noBinding_DMR"
"ENSG00000137601","DEGs_DOWN_noBinding_DMR"
"ENSG00000128487","DEGs_DOWN_noBinding_DMR"
"ENSG00000163171","DEGs_DOWN_noBinding_DMR"
"ENSG00000154310","DEGs_DOWN_noBinding_DMR"
"ENSG00000130508","DEGs_DOWN_noBinding_DMR"
"ENSG00000151474","DEGs_DOWN_noBinding_DMR"
"ENSG00000127914","DEGs_DOWN_noBinding_DMR"
"ENSG00000010292","DEGs_DOWN_noBinding_DMR"
"ENSG00000075213","DEGs_DOWN_noBinding_DMR"
"ENSG00000113448","DEGs_DOWN_noBinding_DMR"
"ENSG00000283563","DEGs_DOWN_noBinding_DMR"
"ENSG00000146416","DEGs_DOWN_noBinding_DMR"
"ENSG00000151914","DEGs_DOWN_noBinding_DMR"
"ENSG00000145242","DEGs_DOWN_noBinding_DMR"
"ENSG00000168461","DEGs_DOWN_noBinding_DMR"
"ENSG00000141448","DEGs_DOWN_noBinding_DMR"
"ENSG00000155093","DEGs_DOWN_noBinding_DMR"
"ENSG00000110090","DEGs_DOWN_noBinding_DMR"
"ENSG00000107104","DEGs_DOWN_noBinding_DMR"
"ENSG00000118193","DEGs_DOWN_noBinding_DMR"
"ENSG00000186088","DEGs_DOWN_noBinding_DMR"
"ENSG00000081189","DEGs_DOWN_noBinding_DMR"
"ENSG00000004864","DEGs_DOWN_noBinding_DMR"
"ENSG00000134247","DEGs_DOWN_noBinding_DMR"
"ENSG00000188994","DEGs_DOWN_noBinding_DMR"
"ENSG00000184640","DEGs_DOWN_noBinding_DMR"
"ENSG00000064393","DEGs_DOWN_noBinding_DMR"
"ENSG00000185630","DEGs_DOWN_noBinding_DMR"
"ENSG00000196586","DEGs_DOWN_noBinding_DMR"
"ENSG00000134480","DEGs_DOWN_noBinding_DMR"
"ENSG00000021776","DEGs_DOWN_noBinding_DMR"
"ENSG00000151702","DEGs_DOWN_noBinding_DMR"
"ENSG00000088179","DEGs_DOWN_noBinding_DMR"
"ENSG00000131873","DEGs_DOWN_noBinding_DMR"
"ENSG00000187164","DEGs_DOWN_noBinding_DMR"
"ENSG00000184347","DEGs_DOWN_noBinding_DMR"
"ENSG00000169933","DEGs_DOWN_noBinding_DMR"
"ENSG00000180694","DEGs_DOWN_noBinding_DMR"
"ENSG00000134250","DEGs_DOWN_noBinding_DMR"
"ENSG00000162961","DEGs_DOWN_noBinding_DMR"
"ENSG00000140945","DEGs_DOWN_noBinding_DMR"
"ENSG00000146247","DEGs_DOWN_noBinding_DMR"
"ENSG00000137710","DEGs_DOWN_noBinding_DMR"
"ENSG00000145819","DEGs_DOWN_noBinding_DMR"
"ENSG00000178764","DEGs_DOWN_noBinding_DMR"
"ENSG00000141258","DEGs_DOWN_noBinding_DMR"
"ENSG00000170921","DEGs_DOWN_noBinding_DMR"
"ENSG00000214944","DEGs_DOWN_noBinding_DMR"
"ENSG00000124588","DEGs_DOWN_noBinding_DMR"
"ENSG00000075292","DEGs_DOWN_noBinding_DMR"
"ENSG00000181827","DEGs_DOWN_noBinding_DMR"
"ENSG00000133056","DEGs_DOWN_noBinding_DMR"
"ENSG00000153976","DEGs_DOWN_noBinding_DMR"
"ENSG00000113719","DEGs_DOWN_noBinding_DMR"
"ENSG00000142599","DEGs_DOWN_noBinding_DMR"
"ENSG00000058091","DEGs_DOWN_noBinding_DMR"
"ENSG00000163872","DEGs_DOWN_noBinding_DMR"
"ENSG00000164292","DEGs_DOWN_noBinding_DMR"
"ENSG00000059378","DEGs_DOWN_noBinding_DMR"
"ENSG00000146729","DEGs_DOWN_noBinding_DMR"
"ENSG00000179242","DEGs_DOWN_noBinding_DMR"
"ENSG00000146530","DEGs_DOWN_noBinding_DMR"
"ENSG00000128609","DEGs_DOWN_noBinding_DMR"
"ENSG00000125741","DEGs_DOWN_noBinding_DMR"
"ENSG00000120093","DEGs_DOWN_noBinding_DMR"
"ENSG00000187257","DEGs_DOWN_noBinding_DMR"
"ENSG00000140332","DEGs_DOWN_noBinding_DMR"
"ENSG00000175115","DEGs_DOWN_noBinding_DMR"
"ENSG00000213626","DEGs_DOWN_noBinding_DMR"
"ENSG00000090857","DEGs_DOWN_noBinding_DMR"
"ENSG00000152492","DEGs_DOWN_noBinding_DMR"
"ENSG00000118007","DEGs_DOWN_noBinding_DMR"
"ENSG00000111261","DEGs_DOWN_noBinding_DMR"
"ENSG00000164176","DEGs_DOWN_noBinding_DMR"
"ENSG00000188916","DEGs_DOWN_noBinding_DMR"
"ENSG00000203805","DEGs_DOWN_noBinding_DMR"
"ENSG00000163297","DEGs_DOWN_noBinding_DMR"
"ENSG00000163006","DEGs_DOWN_noBinding_DMR"
"ENSG00000183346","DEGs_DOWN_noBinding_DMR"
"ENSG00000117298","DEGs_DOWN_noBinding_DMR"
"ENSG00000157617","DEGs_DOWN_noBinding_DMR"
"ENSG00000188343","DEGs_DOWN_noBinding_DMR"
"ENSG00000105997","DEGs_DOWN_noBinding_DMR"
"ENSG00000109255","DEGs_DOWN_noBinding_DMR"
"ENSG00000162434","DEGs_DOWN_noBinding_DMR"
"ENSG00000197157","DEGs_DOWN_noBinding_DMR"
"ENSG00000133030","DEGs_DOWN_noBinding_DMR"
"ENSG00000143776","DEGs_DOWN_noBinding_DMR"
"ENSG00000064651","DEGs_DOWN_noBinding_DMR"
"ENSG00000129636","DEGs_DOWN_noBinding_DMR"
"ENSG00000104447","DEGs_DOWN_noBinding_DMR"
"ENSG00000144218","DEGs_DOWN_noBinding_DMR"
"ENSG00000159140","DEGs_DOWN_noBinding_DMR"
"ENSG00000035681","DEGs_DOWN_noBinding_DMR"
"ENSG00000156475","DEGs_DOWN_noBinding_DMR"
"ENSG00000160299","DEGs_DOWN_noBinding_DMR"
"ENSG00000166716","DEGs_DOWN_noBinding_DMR"
"ENSG00000169251","DEGs_DOWN_noBinding_DMR"
"ENSG00000124151","DEGs_DOWN_noBinding_DMR"
"ENSG00000083896","DEGs_DOWN_noBinding_DMR"
"ENSG00000044459","DEGs_DOWN_noBinding_DMR"
"ENSG00000133026","DEGs_DOWN_noBinding_DMR"
"ENSG00000107077","DEGs_DOWN_noBinding_DMR"
"ENSG00000128791","DEGs_DOWN_noBinding_DMR"
"ENSG00000185274","DEGs_DOWN_noBinding_DMR"
"ENSG00000145241","DEGs_DOWN_noBinding_DMR"
"ENSG00000140836","DEGs_DOWN_noBinding_DMR"
"ENSG00000133983","DEGs_DOWN_noBinding_DMR"
"ENSG00000146731","DEGs_DOWN_noBinding_DMR"
"ENSG00000123124","DEGs_DOWN_noBinding_DMR"
"ENSG00000154237","DEGs_DOWN_noBinding_DMR"
"ENSG00000124160","DEGs_DOWN_noBinding_DMR"
"ENSG00000135338","DEGs_DOWN_noBinding_DMR"
"ENSG00000215114","DEGs_DOWN_noBinding_DMR"
"ENSG00000109320","DEGs_DOWN_noBinding_DMR"
"ENSG00000168610","DEGs_DOWN_noBinding_DMR"
"ENSG00000104517","DEGs_DOWN_noBinding_DMR"
"ENSG00000051382","DEGs_DOWN_noBinding_DMR"
"ENSG00000124201","DEGs_DOWN_noBinding_DMR"
"ENSG00000185621","DEGs_DOWN_noBinding_DMR"
"ENSG00000172985","DEGs_DOWN_noBinding_DMR"
"ENSG00000273749","DEGs_DOWN_noBinding_DMR"
"ENSG00000135049","DEGs_DOWN_noBinding_DMR"
"ENSG00000185565","DEGs_DOWN_noBinding_DMR"
"ENSG00000185046","DEGs_DOWN_noBinding_DMR"
"ENSG00000122778","DEGs_DOWN_noBinding_DMR"
"ENSG00000125107","DEGs_DOWN_noBinding_DMR"
"ENSG00000105738","DEGs_DOWN_noBinding_DMR"
"ENSG00000126883","DEGs_DOWN_noBinding_DMR"
"ENSG00000071189","DEGs_DOWN_noBinding_DMR"
"ENSG00000145014","DEGs_DOWN_noBinding_DMR"
"ENSG00000140443","DEGs_DOWN_noBinding_DMR"
"ENSG00000118046","DEGs_DOWN_noBinding_DMR"
"ENSG00000107771","DEGs_DOWN_noBinding_DMR"
"ENSG00000151789","DEGs_DOWN_noBinding_DMR"
"ENSG00000145494","DEGs_DOWN_noBinding_DMR"
"ENSG00000149548","DEGs_DOWN_noBinding_DMR"
"ENSG00000113578","DEGs_DOWN_noBinding_DMR"
"ENSG00000182742","DEGs_DOWN_noBinding_DMR"
"ENSG00000114439","DEGs_DOWN_noBinding_DMR"
"ENSG00000136861","DEGs_DOWN_noBinding_DMR"
"ENSG00000164751","DEGs_DOWN_noBinding_DMR"
"ENSG00000158321","DEGs_DOWN_noBinding_DMR"
"ENSG00000005108","DEGs_DOWN_noBinding_DMR"
"ENSG00000179314","DEGs_DOWN_noBinding_DMR"
"ENSG00000197323","DEGs_DOWN_noBinding_DMR"
"ENSG00000085491","DEGs_DOWN_noBinding_DMR"
"ENSG00000130193","DEGs_DOWN_noBinding_DMR"
"ENSG00000013375","DEGs_DOWN_noBinding_DMR"
"ENSG00000113360","DEGs_DOWN_noBinding_DMR"
"ENSG00000278540","DEGs_DOWN_noBinding_DMR"
"ENSG00000167740","DEGs_DOWN_noBinding_DMR"
"ENSG00000117523","DEGs_DOWN_noBinding_DMR"
"ENSG00000198945","DEGs_DOWN_noBinding_DMR"
"ENSG00000136261","DEGs_DOWN_noBinding_DMR"
"ENSG00000165078","DEGs_DOWN_noBinding_DMR"
"ENSG00000172795","DEGs_DOWN_noBinding_DMR"
"ENSG00000185658","DEGs_DOWN_noBinding_DMR"
"ENSG00000163347","DEGs_DOWN_noBinding_DMR"
"ENSG00000166548","DEGs_DOWN_noBinding_DMR"
"ENSG00000198853","DEGs_DOWN_noBinding_DMR"
"ENSG00000075131","DEGs_DOWN_noBinding_DMR"
"ENSG00000145216","DEGs_DOWN_noBinding_DMR"
"ENSG00000124783","DEGs_DOWN_noBinding_DMR"
"ENSG00000127124","DEGs_DOWN_noBinding_DMR"
"ENSG00000173163","DEGs_DOWN_noBinding_DMR"
"ENSG00000099622","DEGs_DOWN_noBinding_DMR"
"ENSG00000112996","DEGs_DOWN_noBinding_DMR"
"ENSG00000170044","DEGs_DOWN_noBinding_DMR"
"ENSG00000156162","DEGs_DOWN_noBinding_DMR"
"ENSG00000001630","DEGs_DOWN_noBinding_DMR"
"ENSG00000117000","DEGs_DOWN_noBinding_DMR"
"ENSG00000183808","DEGs_DOWN_noBinding_DMR"
"ENSG00000168661","DEGs_DOWN_noBinding_DMR"
"ENSG00000082805","DEGs_DOWN_noBinding_DMR"
"ENSG00000148180","DEGs_DOWN_noBinding_DMR"
"ENSG00000144674","DEGs_DOWN_noBinding_DMR"
"ENSG00000104067","DEGs_DOWN_noBinding_DMR"
"ENSG00000088538","DEGs_DOWN_noBinding_DMR"
"ENSG00000148120","DEGs_DOWN_noBinding_DMR"
"ENSG00000170745","DEGs_DOWN_noBinding_DMR"
"ENSG00000123143","DEGs_DOWN_noBinding_DMR"
"ENSG00000025796","DEGs_DOWN_noBinding_DMR"
"ENSG00000104450","DEGs_DOWN_noBinding_DMR"
"ENSG00000135870","DEGs_DOWN_noBinding_DMR"
"ENSG00000141556","DEGs_DOWN_noBinding_DMR"
"ENSG00000187098","DEGs_DOWN_noBinding_DMR"
"ENSG00000130584","DEGs_DOWN_noBinding_DMR"
"ENSG00000166575","DEGs_DOWN_noBinding_DMR"
"ENSG00000259024","DEGs_DOWN_noBinding_DMR"
"ENSG00000153944","DEGs_DOWN_noBinding_DMR"
"ENSG00000115641","DEGs_DOWN_noBinding_DMR"
"ENSG00000167978","DEGs_DOWN_noBinding_DMR"
"ENSG00000197548","DEGs_DOWN_noBinding_DMR"
"ENSG00000129003","DEGs_DOWN_noBinding_DMR"
"ENSG00000278311","DEGs_DOWN_noBinding_DMR"
"ENSG00000185619","DEGs_DOWN_noBinding_DMR"
"ENSG00000178502","DEGs_DOWN_noBinding_DMR"
"ENSG00000171132","DEGs_DOWN_noBinding_DMR"
"ENSG00000002822","DEGs_DOWN_noBinding_DMR"
"ENSG00000105173","DEGs_DOWN_noBinding_DMR"
"ENSG00000140280","DEGs_DOWN_noBinding_DMR"
"ENSG00000104237","DEGs_DOWN_noBinding_DMR"
"ENSG00000123908","DEGs_DOWN_noBinding_DMR"
"ENSG00000198373","DEGs_DOWN_noBinding_DMR"
"ENSG00000174951","DEGs_DOWN_noBinding_DMR"
"ENSG00000106484","DEGs_DOWN_noBinding_DMR"
"ENSG00000007202","DEGs_DOWN_noBinding_DMR"
"ENSG00000120784","DEGs_DOWN_noBinding_DMR"
"ENSG00000164932","DEGs_DOWN_noBinding_DMR"
"ENSG00000129657","DEGs_DOWN_noBinding_DMR"
"ENSG00000107779","DEGs_DOWN_noBinding_DMR"
"ENSG00000159714","DEGs_DOWN_noBinding_DMR"
"ENSG00000126870","DEGs_DOWN_noBinding_DMR"
"ENSG00000108582","DEGs_DOWN_noBinding_DMR"
"ENSG00000068383","DEGs_DOWN_noBinding_DMR"
"ENSG00000136153","DEGs_DOWN_noBinding_DMR"
"ENSG00000106344","DEGs_DOWN_noBinding_DMR"
"ENSG00000125166","DEGs_DOWN_noBinding_DMR"
"ENSG00000173575","DEGs_DOWN_noBinding_DMR"
"ENSG00000140718","DEGs_DOWN_noBinding_DMR"
"ENSG00000083290","DEGs_DOWN_noBinding_DMR"
"ENSG00000123684","DEGs_DOWN_noBinding_DMR"
"ENSG00000285130","DEGs_DOWN_noBinding_DMR"
"ENSG00000161217","DEGs_DOWN_noBinding_DMR"
"ENSG00000115461","DEGs_DOWN_noBinding_noDMR"
"ENSG00000177706","DEGs_DOWN_noBinding_noDMR"
"ENSG00000154678","DEGs_DOWN_noBinding_noDMR"
"ENSG00000259207","DEGs_DOWN_noBinding_noDMR"
"ENSG00000178031","DEGs_DOWN_noBinding_noDMR"
"ENSG00000137962","DEGs_DOWN_noBinding_noDMR"
"ENSG00000186417","DEGs_DOWN_noBinding_noDMR"
"ENSG00000140937","DEGs_DOWN_noBinding_noDMR"
"ENSG00000101871","DEGs_DOWN_noBinding_noDMR"
"ENSG00000197702","DEGs_DOWN_noBinding_noDMR"
"ENSG00000148773","DEGs_DOWN_noBinding_noDMR"
"ENSG00000189060","DEGs_DOWN_noBinding_noDMR"
"ENSG00000277775","DEGs_DOWN_noBinding_noDMR"
"ENSG00000124575","DEGs_DOWN_noBinding_noDMR"
"ENSG00000184357","DEGs_DOWN_noBinding_noDMR"
"ENSG00000276966","DEGs_DOWN_noBinding_noDMR"
"ENSG00000153071","DEGs_DOWN_noBinding_noDMR"
"ENSG00000186185","DEGs_DOWN_noBinding_noDMR"
"ENSG00000133106","DEGs_DOWN_noBinding_noDMR"
"ENSG00000159176","DEGs_DOWN_noBinding_noDMR"
"ENSG00000273983","DEGs_DOWN_noBinding_noDMR"
"ENSG00000047188","DEGs_DOWN_noBinding_noDMR"
"ENSG00000183856","DEGs_DOWN_noBinding_noDMR"
"ENSG00000182168","DEGs_DOWN_noBinding_noDMR"
"ENSG00000197061","DEGs_DOWN_noBinding_noDMR"
"ENSG00000144645","DEGs_DOWN_noBinding_noDMR"
"ENSG00000166147","DEGs_DOWN_noBinding_noDMR"
"ENSG00000182263","DEGs_DOWN_noBinding_noDMR"
"ENSG00000106278","DEGs_DOWN_noBinding_noDMR"
"ENSG00000131747","DEGs_DOWN_noBinding_noDMR"
"ENSG00000198947","DEGs_DOWN_noBinding_noDMR"
"ENSG00000204262","DEGs_DOWN_noBinding_noDMR"
"ENSG00000169991","DEGs_DOWN_noBinding_noDMR"
"ENSG00000118432","DEGs_DOWN_noBinding_noDMR"
"ENSG00000165899","DEGs_DOWN_noBinding_noDMR"
"ENSG00000277157","DEGs_DOWN_noBinding_noDMR"
"ENSG00000124749","DEGs_DOWN_noBinding_noDMR"
"ENSG00000076641","DEGs_DOWN_noBinding_noDMR"
"ENSG00000112276","DEGs_DOWN_noBinding_noDMR"
"ENSG00000066279","DEGs_DOWN_noBinding_noDMR"
"ENSG00000173598","DEGs_DOWN_noBinding_noDMR"
"ENSG00000126878","DEGs_DOWN_noBinding_noDMR"
"ENSG00000136709","DEGs_DOWN_noBinding_noDMR"
"ENSG00000012817","DEGs_DOWN_noBinding_noDMR"
"ENSG00000117569","DEGs_DOWN_noBinding_noDMR"
"ENSG00000008441","DEGs_DOWN_noBinding_noDMR"
"ENSG00000185585","DEGs_DOWN_noBinding_noDMR"
"ENSG00000125827","DEGs_DOWN_noBinding_noDMR"
"ENSG00000278588","DEGs_DOWN_noBinding_noDMR"
"ENSG00000049130","DEGs_DOWN_noBinding_noDMR"
"ENSG00000242498","DEGs_DOWN_noBinding_noDMR"
"ENSG00000166741","DEGs_DOWN_noBinding_noDMR"
"ENSG00000123485","DEGs_DOWN_noBinding_noDMR"
"ENSG00000146802","DEGs_DOWN_noBinding_noDMR"
"ENSG00000087266","DEGs_DOWN_noBinding_noDMR"
"ENSG00000139618","DEGs_DOWN_noBinding_noDMR"
"ENSG00000164692","DEGs_DOWN_noBinding_noDMR"
"ENSG00000152256","DEGs_DOWN_noBinding_noDMR"
"ENSG00000112319","DEGs_DOWN_noBinding_noDMR"
"ENSG00000115414","DEGs_DOWN_noBinding_noDMR"
"ENSG00000156515","DEGs_DOWN_noBinding_noDMR"
"ENSG00000007237","DEGs_DOWN_noBinding_noDMR"
"ENSG00000171241","DEGs_DOWN_noBinding_noDMR"
"ENSG00000089685","DEGs_DOWN_noBinding_noDMR"
"ENSG00000169862","DEGs_DOWN_noBinding_noDMR"
"ENSG00000278705","DEGs_DOWN_noBinding_noDMR"
"ENSG00000278828","DEGs_DOWN_noBinding_noDMR"
"ENSG00000136542","DEGs_DOWN_noBinding_noDMR"
"ENSG00000170471","DEGs_DOWN_noBinding_noDMR"
"ENSG00000129317","DEGs_DOWN_noBinding_noDMR"
"ENSG00000170525","DEGs_DOWN_noBinding_noDMR"
"ENSG00000134954","DEGs_DOWN_noBinding_noDMR"
"ENSG00000134690","DEGs_DOWN_noBinding_noDMR"
"ENSG00000112773","DEGs_DOWN_noBinding_noDMR"
"ENSG00000276903","DEGs_DOWN_noBinding_noDMR"
"ENSG00000102144","DEGs_DOWN_noBinding_noDMR"
"ENSG00000137812","DEGs_DOWN_noBinding_noDMR"
"ENSG00000204767","DEGs_DOWN_noBinding_noDMR"
"ENSG00000138696","DEGs_DOWN_noBinding_noDMR"
"ENSG00000161888","DEGs_DOWN_noBinding_noDMR"
"ENSG00000088325","DEGs_DOWN_noBinding_noDMR"
"ENSG00000079739","DEGs_DOWN_noBinding_noDMR"
"ENSG00000237649","DEGs_DOWN_noBinding_noDMR"
"ENSG00000179869","DEGs_DOWN_noBinding_noDMR"
"ENSG00000111913","DEGs_DOWN_noBinding_noDMR"
"ENSG00000074527","DEGs_DOWN_noBinding_noDMR"
"ENSG00000187325","DEGs_DOWN_noBinding_noDMR"
"ENSG00000124570","DEGs_DOWN_noBinding_noDMR"
"ENSG00000165655","DEGs_DOWN_noBinding_noDMR"
"ENSG00000111206","DEGs_DOWN_noBinding_noDMR"
"ENSG00000136160","DEGs_DOWN_noBinding_noDMR"
"ENSG00000075218","DEGs_DOWN_noBinding_noDMR"
"ENSG00000105976","DEGs_DOWN_noBinding_noDMR"
"ENSG00000048540","DEGs_DOWN_noBinding_noDMR"
"ENSG00000178695","DEGs_DOWN_noBinding_noDMR"
"ENSG00000115306","DEGs_DOWN_noBinding_noDMR"
"ENSG00000165617","DEGs_DOWN_noBinding_noDMR"
"ENSG00000119403","DEGs_DOWN_noBinding_noDMR"
"ENSG00000100201","DEGs_DOWN_noBinding_noDMR"
"ENSG00000169570","DEGs_DOWN_noBinding_noDMR"
"ENSG00000151292","DEGs_DOWN_noBinding_noDMR"
"ENSG00000151883","DEGs_DOWN_noBinding_noDMR"
"ENSG00000183878","DEGs_DOWN_noBinding_noDMR"
"ENSG00000100401","DEGs_DOWN_noBinding_noDMR"
"ENSG00000197603","DEGs_DOWN_noBinding_noDMR"
"ENSG00000275713","DEGs_DOWN_noBinding_noDMR"
"ENSG00000105519","DEGs_DOWN_noBinding_noDMR"
"ENSG00000119900","DEGs_DOWN_noBinding_noDMR"
"ENSG00000178999","DEGs_DOWN_noBinding_noDMR"
"ENSG00000196968","DEGs_DOWN_noBinding_noDMR"
"ENSG00000131437","DEGs_DOWN_noBinding_noDMR"
"ENSG00000164096","DEGs_DOWN_noBinding_noDMR"
"ENSG00000109805","DEGs_DOWN_noBinding_noDMR"
"ENSG00000113391","DEGs_DOWN_noBinding_noDMR"
"ENSG00000182621","DEGs_DOWN_noBinding_noDMR"
"ENSG00000178878","DEGs_DOWN_noBinding_noDMR"
"ENSG00000131269","DEGs_DOWN_noBinding_noDMR"
"ENSG00000067057","DEGs_DOWN_noBinding_noDMR"
"ENSG00000240184","DEGs_DOWN_noBinding_noDMR"
"ENSG00000101057","DEGs_DOWN_noBinding_noDMR"
"ENSG00000131374","DEGs_DOWN_noBinding_noDMR"
"ENSG00000112715","DEGs_DOWN_noBinding_noDMR"
"ENSG00000164904","DEGs_DOWN_noBinding_noDMR"
"ENSG00000119969","DEGs_DOWN_noBinding_noDMR"
"ENSG00000178852","DEGs_DOWN_noBinding_noDMR"
"ENSG00000051341","DEGs_DOWN_noBinding_noDMR"
"ENSG00000116641","DEGs_DOWN_noBinding_noDMR"
"ENSG00000008513","DEGs_DOWN_noBinding_noDMR"
"ENSG00000196747","DEGs_DOWN_noBinding_noDMR"
"ENSG00000132669","DEGs_DOWN_noBinding_noDMR"
"ENSG00000197496","DEGs_DOWN_noBinding_noDMR"
"ENSG00000198954","DEGs_DOWN_noBinding_noDMR"
"ENSG00000173039","DEGs_DOWN_noBinding_noDMR"
"ENSG00000121481","DEGs_DOWN_noBinding_noDMR"
"ENSG00000168056","DEGs_DOWN_noBinding_noDMR"
"ENSG00000126787","DEGs_DOWN_noBinding_noDMR"
"ENSG00000107249","DEGs_DOWN_noBinding_noDMR"
"ENSG00000171992","DEGs_DOWN_noBinding_noDMR"
"ENSG00000138771","DEGs_DOWN_noBinding_noDMR"
"ENSG00000134013","DEGs_DOWN_noBinding_noDMR"
"ENSG00000185130","DEGs_DOWN_noBinding_noDMR"
"ENSG00000175063","DEGs_DOWN_noBinding_noDMR"
"ENSG00000134057","DEGs_DOWN_noBinding_noDMR"
"ENSG00000069275","DEGs_DOWN_noBinding_noDMR"
"ENSG00000171604","DEGs_DOWN_noBinding_noDMR"
"ENSG00000116132","DEGs_DOWN_noBinding_noDMR"
"ENSG00000275023","DEGs_DOWN_noBinding_noDMR"
"ENSG00000165891","DEGs_DOWN_noBinding_noDMR"
"ENSG00000117399","DEGs_DOWN_noBinding_noDMR"
"ENSG00000275379","DEGs_DOWN_noBinding_noDMR"
"ENSG00000112078","DEGs_DOWN_noBinding_noDMR"
"ENSG00000177283","DEGs_DOWN_noBinding_noDMR"
"ENSG00000100852","DEGs_DOWN_noBinding_noDMR"
"ENSG00000112742","DEGs_DOWN_noBinding_noDMR"
"ENSG00000164125","DEGs_DOWN_noBinding_noDMR"
"ENSG00000107159","DEGs_DOWN_noBinding_noDMR"
"ENSG00000137871","DEGs_DOWN_noBinding_noDMR"
"ENSG00000233822","DEGs_DOWN_noBinding_noDMR"
"ENSG00000177119","DEGs_DOWN_noBinding_noDMR"
"ENSG00000101298","DEGs_DOWN_noBinding_noDMR"
"ENSG00000105220","DEGs_DOWN_noBinding_noDMR"
"ENSG00000148655","DEGs_DOWN_noBinding_noDMR"
"ENSG00000158258","DEGs_DOWN_noBinding_noDMR"
"ENSG00000112379","DEGs_DOWN_noBinding_noDMR"
"ENSG00000127955","DEGs_DOWN_noBinding_noDMR"
"ENSG00000080986","DEGs_DOWN_noBinding_noDMR"
"ENSG00000091140","DEGs_DOWN_noBinding_noDMR"
"ENSG00000083857","DEGs_DOWN_noBinding_noDMR"
"ENSG00000099194","DEGs_DOWN_noBinding_noDMR"
"ENSG00000007968","DEGs_DOWN_noBinding_noDMR"
"ENSG00000144554","DEGs_DOWN_noBinding_noDMR"
"ENSG00000011426","DEGs_DOWN_noBinding_noDMR"
"ENSG00000135476","DEGs_DOWN_noBinding_noDMR"
"ENSG00000104320","DEGs_DOWN_noBinding_noDMR"
"ENSG00000115919","DEGs_DOWN_noBinding_noDMR"
"ENSG00000074855","DEGs_DOWN_noBinding_noDMR"
"ENSG00000179222","DEGs_DOWN_noBinding_noDMR"
"ENSG00000181381","DEGs_DOWN_noBinding_noDMR"
"ENSG00000134871","DEGs_DOWN_noBinding_noDMR"
"ENSG00000275714","DEGs_DOWN_noBinding_noDMR"
"ENSG00000144320","DEGs_DOWN_noBinding_noDMR"
"ENSG00000099250","DEGs_DOWN_noBinding_noDMR"
"ENSG00000100504","DEGs_DOWN_noBinding_noDMR"
"ENSG00000116016","DEGs_DOWN_noBinding_noDMR"
"ENSG00000151835","DEGs_DOWN_noBinding_noDMR"
"ENSG00000166750","DEGs_DOWN_noBinding_noDMR"
"ENSG00000197147","DEGs_DOWN_noBinding_noDMR"
"ENSG00000278637","DEGs_DOWN_noBinding_noDMR"
"ENSG00000140022","DEGs_DOWN_noBinding_noDMR"
"ENSG00000188338","DEGs_DOWN_noBinding_noDMR"
"ENSG00000136048","DEGs_DOWN_noBinding_noDMR"
"ENSG00000151892","DEGs_DOWN_noBinding_noDMR"
"ENSG00000170379","DEGs_DOWN_noBinding_noDMR"
"ENSG00000164169","DEGs_DOWN_noBinding_noDMR"
"ENSG00000147224","DEGs_DOWN_noBinding_noDMR"
"ENSG00000129521","DEGs_DOWN_noBinding_noDMR"
"ENSG00000104812","DEGs_DOWN_noBinding_noDMR"
"ENSG00000100505","DEGs_DOWN_noBinding_noDMR"
"ENSG00000164211","DEGs_DOWN_noBinding_noDMR"
"ENSG00000102390","DEGs_DOWN_noBinding_noDMR"
"ENSG00000072422","DEGs_DOWN_noBinding_noDMR"
"ENSG00000154059","DEGs_DOWN_noBinding_noDMR"
"ENSG00000173918","DEGs_DOWN_noBinding_noDMR"
"ENSG00000072682","DEGs_DOWN_noBinding_noDMR"
"ENSG00000132563","DEGs_DOWN_noBinding_noDMR"
"ENSG00000182240","DEGs_DOWN_noBinding_noDMR"
"ENSG00000131149","DEGs_DOWN_noBinding_noDMR"
"ENSG00000163430","DEGs_DOWN_noBinding_noDMR"
"ENSG00000143476","DEGs_DOWN_noBinding_noDMR"
"ENSG00000135541","DEGs_DOWN_noBinding_noDMR"
"ENSG00000106714","DEGs_DOWN_noBinding_noDMR"
"ENSG00000146918","DEGs_DOWN_noBinding_noDMR"
"ENSG00000182481","DEGs_DOWN_noBinding_noDMR"
"ENSG00000166165","DEGs_DOWN_noBinding_noDMR"
"ENSG00000024422","DEGs_DOWN_noBinding_noDMR"
"ENSG00000145147","DEGs_DOWN_noBinding_noDMR"
"ENSG00000135451","DEGs_DOWN_noBinding_noDMR"
"ENSG00000166851","DEGs_DOWN_noBinding_noDMR"
"ENSG00000137040","DEGs_DOWN_noBinding_noDMR"
"ENSG00000162433","DEGs_DOWN_noBinding_noDMR"
"ENSG00000131711","DEGs_DOWN_noBinding_noDMR"
"ENSG00000075702","DEGs_DOWN_noBinding_noDMR"
"ENSG00000052723","DEGs_DOWN_noBinding_noDMR"
"ENSG00000146670","DEGs_DOWN_noBinding_noDMR"
"ENSG00000113368","DEGs_DOWN_noBinding_noDMR"
"ENSG00000145386","DEGs_DOWN_noBinding_noDMR"
"ENSG00000129195","DEGs_DOWN_noBinding_noDMR"
"ENSG00000076382","DEGs_DOWN_noBinding_noDMR"
"ENSG00000123095","DEGs_DOWN_noBinding_noDMR"
"ENSG00000154639","DEGs_DOWN_noBinding_noDMR"
"ENSG00000166073","DEGs_DOWN_noBinding_noDMR"
"ENSG00000023445","DEGs_DOWN_noBinding_noDMR"
"ENSG00000212747","DEGs_DOWN_noBinding_noDMR"
"ENSG00000150782","DEGs_DOWN_noBinding_noDMR"
"ENSG00000085662","DEGs_DOWN_noBinding_noDMR"
"ENSG00000265590","DEGs_DOWN_noBinding_noDMR"
"ENSG00000166004","DEGs_DOWN_noBinding_noDMR"
"ENSG00000101751","DEGs_DOWN_noBinding_noDMR"
"ENSG00000163637","DEGs_DOWN_noBinding_noDMR"
"ENSG00000101003","DEGs_DOWN_noBinding_noDMR"
"ENSG00000111674","DEGs_DOWN_noBinding_noDMR"
"ENSG00000276043","DEGs_DOWN_noBinding_noDMR"
"ENSG00000115750","DEGs_DOWN_noBinding_noDMR"
"ENSG00000119669","DEGs_DOWN_noBinding_noDMR"
"ENSG00000128965","DEGs_DOWN_noBinding_noDMR"
"ENSG00000109738","DEGs_DOWN_noBinding_noDMR"
"ENSG00000248483","DEGs_DOWN_noBinding_noDMR"
"ENSG00000158402","DEGs_DOWN_noBinding_noDMR"
"ENSG00000115415","DEGs_DOWN_noBinding_noDMR"
"ENSG00000149485","DEGs_DOWN_noBinding_noDMR"
"ENSG00000138688","DEGs_DOWN_noBinding_noDMR"
"ENSG00000213853","DEGs_DOWN_noBinding_noDMR"
"ENSG00000110871","DEGs_DOWN_noBinding_noDMR"
"ENSG00000184500","DEGs_DOWN_noBinding_noDMR"
"ENSG00000168874","DEGs_DOWN_noBinding_noDMR"
"ENSG00000062096","DEGs_DOWN_noBinding_noDMR"
"ENSG00000180592","DEGs_DOWN_noBinding_noDMR"
"ENSG00000168209","DEGs_DOWN_noBinding_noDMR"
"ENSG00000162654","DEGs_DOWN_noBinding_noDMR"
"ENSG00000130772","DEGs_DOWN_noBinding_noDMR"
"ENSG00000136295","DEGs_DOWN_noBinding_noDMR"
"ENSG00000173068","DEGs_DOWN_noBinding_noDMR"
"ENSG00000198753","DEGs_DOWN_noBinding_noDMR"
"ENSG00000117620","DEGs_DOWN_noBinding_noDMR"
"ENSG00000130224","DEGs_DOWN_noBinding_noDMR"
"ENSG00000006534","DEGs_DOWN_noBinding_noDMR"
"ENSG00000155313","DEGs_DOWN_noBinding_noDMR"
"ENSG00000129534","DEGs_DOWN_noBinding_noDMR"
"ENSG00000184083","DEGs_DOWN_noBinding_noDMR"
"ENSG00000164466","DEGs_DOWN_noBinding_noDMR"
"ENSG00000101347","DEGs_DOWN_noBinding_noDMR"
"ENSG00000178401","DEGs_DOWN_noBinding_noDMR"
"ENSG00000135334","DEGs_DOWN_noBinding_noDMR"
"ENSG00000164244","DEGs_DOWN_noBinding_noDMR"
"ENSG00000114268","DEGs_DOWN_noBinding_noDMR"
"ENSG00000020577","DEGs_DOWN_noBinding_noDMR"
"ENSG00000169679","DEGs_DOWN_noBinding_noDMR"
"ENSG00000160131","DEGs_DOWN_noBinding_noDMR"
"ENSG00000164896","DEGs_DOWN_noBinding_noDMR"
"ENSG00000147041","DEGs_DOWN_noBinding_noDMR"
"ENSG00000129173","DEGs_DOWN_noBinding_noDMR"
"ENSG00000156970","DEGs_DOWN_noBinding_noDMR"
"ENSG00000115295","DEGs_DOWN_noBinding_noDMR"
"ENSG00000100116","DEGs_DOWN_noBinding_noDMR"
"ENSG00000205403","DEGs_DOWN_noBinding_noDMR"
"ENSG00000069869","DEGs_DOWN_noBinding_noDMR"
"ENSG00000179820","DEGs_DOWN_noBinding_noDMR"
"ENSG00000139292","DEGs_DOWN_noBinding_noDMR"
"ENSG00000039139","DEGs_DOWN_noBinding_noDMR"
"ENSG00000111640","DEGs_DOWN_noBinding_noDMR"
"ENSG00000137968","DEGs_DOWN_noBinding_noDMR"
"ENSG00000143847","DEGs_DOWN_noBinding_noDMR"
"ENSG00000182809","DEGs_DOWN_noBinding_noDMR"
"ENSG00000087586","DEGs_DOWN_noBinding_noDMR"
"ENSG00000073008","DEGs_DOWN_noBinding_noDMR"
"ENSG00000115486","DEGs_DOWN_noBinding_noDMR"
"ENSG00000145730","DEGs_DOWN_noBinding_noDMR"
"ENSG00000122952","DEGs_DOWN_noBinding_noDMR"
"ENSG00000174371","DEGs_DOWN_noBinding_noDMR"
"ENSG00000011143","DEGs_DOWN_noBinding_noDMR"
"ENSG00000141526","DEGs_DOWN_noBinding_noDMR"
"ENSG00000144559","DEGs_DOWN_noBinding_noDMR"
"ENSG00000198796","DEGs_DOWN_noBinding_noDMR"
"ENSG00000102699","DEGs_DOWN_noBinding_noDMR"
"ENSG00000153201","DEGs_DOWN_noBinding_noDMR"
"ENSG00000184661","DEGs_DOWN_noBinding_noDMR"
"ENSG00000067798","DEGs_DOWN_noBinding_noDMR"
"ENSG00000108797","DEGs_DOWN_noBinding_noDMR"
"ENSG00000144802","DEGs_DOWN_noBinding_noDMR"
"ENSG00000170522","DEGs_DOWN_noBinding_noDMR"
"ENSG00000151552","DEGs_DOWN_noBinding_noDMR"
"ENSG00000119906","DEGs_DOWN_noBinding_noDMR"
"ENSG00000127329","DEGs_DOWN_noBinding_noDMR"
"ENSG00000107679","DEGs_DOWN_noBinding_noDMR"
"ENSG00000198826","DEGs_DOWN_noBinding_noDMR"
"ENSG00000128710","DEGs_DOWN_noBinding_noDMR"
"ENSG00000134575","DEGs_DOWN_noBinding_noDMR"
"ENSG00000168453","DEGs_DOWN_noBinding_noDMR"
"ENSG00000108666","DEGs_DOWN_noBinding_noDMR"
"ENSG00000169499","DEGs_DOWN_noBinding_noDMR"
"ENSG00000115355","DEGs_DOWN_noBinding_noDMR"
"ENSG00000137573","DEGs_DOWN_noBinding_noDMR"
"ENSG00000114023","DEGs_DOWN_noBinding_noDMR"
"ENSG00000126773","DEGs_DOWN_noBinding_noDMR"
"ENSG00000089775","DEGs_DOWN_noBinding_noDMR"
"ENSG00000173085","DEGs_DOWN_noBinding_noDMR"
"ENSG00000157240","DEGs_DOWN_noBinding_noDMR"
"ENSG00000198146","DEGs_DOWN_noBinding_noDMR"
"ENSG00000274997","DEGs_DOWN_noBinding_noDMR"
"ENSG00000197837","DEGs_DOWN_noBinding_noDMR"
"ENSG00000187498","DEGs_DOWN_noBinding_noDMR"
"ENSG00000128805","DEGs_DOWN_noBinding_noDMR"
"ENSG00000061656","DEGs_DOWN_noBinding_noDMR"
"ENSG00000105849","DEGs_DOWN_noBinding_noDMR"
"ENSG00000138050","DEGs_DOWN_noBinding_noDMR"
"ENSG00000137038","DEGs_DOWN_noBinding_noDMR"
"ENSG00000170312","DEGs_DOWN_noBinding_noDMR"
"ENSG00000095637","DEGs_DOWN_noBinding_noDMR"
"ENSG00000116005","DEGs_DOWN_noBinding_noDMR"
"ENSG00000163808","DEGs_DOWN_noBinding_noDMR"
"ENSG00000161692","DEGs_DOWN_noBinding_noDMR"
"ENSG00000197712","DEGs_DOWN_noBinding_noDMR"
"ENSG00000072195","DEGs_DOWN_noBinding_noDMR"
"ENSG00000132256","DEGs_DOWN_noBinding_noDMR"
"ENSG00000019144","DEGs_DOWN_noBinding_noDMR"
"ENSG00000136104","DEGs_DOWN_noBinding_noDMR"
"ENSG00000129680","DEGs_DOWN_noBinding_noDMR"
"ENSG00000124145","DEGs_DOWN_noBinding_noDMR"
"ENSG00000007350","DEGs_DOWN_noBinding_noDMR"
"ENSG00000197013","DEGs_DOWN_noBinding_noDMR"
"ENSG00000005448","DEGs_DOWN_noBinding_noDMR"
"ENSG00000128283","DEGs_DOWN_noBinding_noDMR"
"ENSG00000159200","DEGs_DOWN_noBinding_noDMR"
"ENSG00000103876","DEGs_DOWN_noBinding_noDMR"
"ENSG00000179833","DEGs_DOWN_noBinding_noDMR"
"ENSG00000109654","DEGs_DOWN_noBinding_noDMR"
"ENSG00000178694","DEGs_DOWN_noBinding_noDMR"
"ENSG00000152580","DEGs_DOWN_noBinding_noDMR"
"ENSG00000179604","DEGs_DOWN_noBinding_noDMR"
"ENSG00000076555","DEGs_DOWN_noBinding_noDMR"
"ENSG00000184564","DEGs_DOWN_noBinding_noDMR"
"ENSG00000182195","DEGs_DOWN_noBinding_noDMR"
"ENSG00000135318","DEGs_DOWN_noBinding_noDMR"
"ENSG00000138376","DEGs_DOWN_noBinding_noDMR"
"ENSG00000138778","DEGs_DOWN_noBinding_noDMR"
"ENSG00000197565","DEGs_DOWN_noBinding_noDMR"
"ENSG00000121691","DEGs_DOWN_noBinding_noDMR"
"ENSG00000111962","DEGs_DOWN_noBinding_noDMR"
"ENSG00000170275","DEGs_DOWN_noBinding_noDMR"
"ENSG00000120008","DEGs_DOWN_noBinding_noDMR"
"ENSG00000121621","DEGs_DOWN_noBinding_noDMR"
"ENSG00000001036","DEGs_DOWN_noBinding_noDMR"
"ENSG00000124164","DEGs_DOWN_noBinding_noDMR"
"ENSG00000118263","DEGs_DOWN_noBinding_noDMR"
"ENSG00000120549","DEGs_DOWN_noBinding_noDMR"
"ENSG00000074935","DEGs_DOWN_noBinding_noDMR"
"ENSG00000135069","DEGs_DOWN_noBinding_noDMR"
"ENSG00000015676","DEGs_DOWN_noBinding_noDMR"
"ENSG00000158163","DEGs_DOWN_noBinding_noDMR"
"ENSG00000109046","DEGs_DOWN_noBinding_noDMR"
"ENSG00000088280","DEGs_DOWN_noBinding_noDMR"
"ENSG00000102007","DEGs_DOWN_noBinding_noDMR"
"ENSG00000197355","DEGs_DOWN_noBinding_noDMR"
"ENSG00000153113","DEGs_DOWN_noBinding_noDMR"
"ENSG00000145536","DEGs_DOWN_noBinding_noDMR"
"ENSG00000136628","DEGs_DOWN_noBinding_noDMR"
"ENSG00000152601","DEGs_DOWN_noBinding_noDMR"
"ENSG00000075151","DEGs_DOWN_noBinding_noDMR"
"ENSG00000149503","DEGs_DOWN_noBinding_noDMR"
"ENSG00000183098","DEGs_DOWN_noBinding_noDMR"
"ENSG00000165507","DEGs_DOWN_noBinding_noDMR"
"ENSG00000014123","DEGs_DOWN_noBinding_noDMR"
"ENSG00000143322","DEGs_DOWN_noBinding_noDMR"
"ENSG00000159184","DEGs_DOWN_noBinding_noDMR"
"ENSG00000177425","DEGs_DOWN_noBinding_noDMR"
"ENSG00000128739","DEGs_DOWN_noBinding_noDMR"
"ENSG00000023608","DEGs_DOWN_noBinding_noDMR"
"ENSG00000140538","DEGs_DOWN_noBinding_noDMR"
"ENSG00000183486","DEGs_DOWN_noBinding_noDMR"
"ENSG00000198363","DEGs_DOWN_noBinding_noDMR"
"ENSG00000076716","DEGs_DOWN_noBinding_noDMR"
"ENSG00000135829","DEGs_DOWN_noBinding_noDMR"
"ENSG00000196576","DEGs_DOWN_noBinding_noDMR"
"ENSG00000135046","DEGs_DOWN_noBinding_noDMR"
"ENSG00000176087","DEGs_DOWN_noBinding_noDMR"
"ENSG00000129116","DEGs_DOWN_noBinding_noDMR"
"ENSG00000274641","DEGs_DOWN_noBinding_noDMR"
"ENSG00000137135","DEGs_DOWN_noBinding_noDMR"
"ENSG00000163104","DEGs_DOWN_noBinding_noDMR"
"ENSG00000139163","DEGs_DOWN_noBinding_noDMR"
"ENSG00000174684","DEGs_DOWN_noBinding_noDMR"
"ENSG00000184898","DEGs_DOWN_noBinding_noDMR"
"ENSG00000049323","DEGs_DOWN_noBinding_noDMR"
"ENSG00000184588","DEGs_DOWN_noBinding_noDMR"
"ENSG00000101447","DEGs_DOWN_noBinding_noDMR"
"ENSG00000100413","DEGs_DOWN_noBinding_noDMR"
"ENSG00000083123","DEGs_DOWN_noBinding_noDMR"
"ENSG00000175426","DEGs_DOWN_noBinding_noDMR"
"ENSG00000106211","DEGs_DOWN_noBinding_noDMR"
"ENSG00000037757","DEGs_DOWN_noBinding_noDMR"
"ENSG00000162613","DEGs_DOWN_noBinding_noDMR"
"ENSG00000178202","DEGs_DOWN_noBinding_noDMR"
"ENSG00000131389","DEGs_DOWN_noBinding_noDMR"
"ENSG00000120802","DEGs_DOWN_noBinding_noDMR"
"ENSG00000058272","DEGs_DOWN_noBinding_noDMR"
"ENSG00000137628","DEGs_DOWN_noBinding_noDMR"
"ENSG00000111371","DEGs_DOWN_noBinding_noDMR"
"ENSG00000029993","DEGs_DOWN_noBinding_noDMR"
"ENSG00000064225","DEGs_DOWN_noBinding_noDMR"
"ENSG00000157214","DEGs_DOWN_noBinding_noDMR"
"ENSG00000168653","DEGs_DOWN_noBinding_noDMR"
"ENSG00000135837","DEGs_DOWN_noBinding_noDMR"
"ENSG00000275342","DEGs_DOWN_noBinding_noDMR"
"ENSG00000086848","DEGs_DOWN_noBinding_noDMR"
"ENSG00000154529","DEGs_DOWN_noBinding_noDMR"
"ENSG00000130402","DEGs_DOWN_noBinding_noDMR"
"ENSG00000170854","DEGs_DOWN_noBinding_noDMR"
"ENSG00000197555","DEGs_DOWN_noBinding_noDMR"
"ENSG00000024526","DEGs_DOWN_noBinding_noDMR"
"ENSG00000164951","DEGs_DOWN_noBinding_noDMR"
"ENSG00000121940","DEGs_DOWN_noBinding_noDMR"
"ENSG00000164543","DEGs_DOWN_noBinding_noDMR"
"ENSG00000144406","DEGs_DOWN_noBinding_noDMR"
"ENSG00000138061","DEGs_DOWN_noBinding_noDMR"
"ENSG00000170153","DEGs_DOWN_noBinding_noDMR"
"ENSG00000146414","DEGs_DOWN_noBinding_noDMR"
"ENSG00000135316","DEGs_DOWN_noBinding_noDMR"
"ENSG00000129675","DEGs_DOWN_noBinding_noDMR"
"ENSG00000151849","DEGs_DOWN_noBinding_noDMR"
"ENSG00000197892","DEGs_DOWN_noBinding_noDMR"
"ENSG00000114978","DEGs_DOWN_noBinding_noDMR"
"ENSG00000072818","DEGs_DOWN_noBinding_noDMR"
"ENSG00000058056","DEGs_DOWN_noBinding_noDMR"
"ENSG00000113212","DEGs_DOWN_noBinding_noDMR"
"ENSG00000162302","DEGs_DOWN_noBinding_noDMR"
"ENSG00000154556","DEGs_DOWN_noBinding_noDMR"
"ENSG00000203727","DEGs_DOWN_noBinding_noDMR"
"ENSG00000100106","DEGs_DOWN_noBinding_noDMR"
"ENSG00000160712","DEGs_DOWN_noBinding_noDMR"
"ENSG00000170456","DEGs_DOWN_noBinding_noDMR"
"ENSG00000151090","DEGs_DOWN_noBinding_noDMR"
"ENSG00000176890","DEGs_DOWN_noBinding_noDMR"
"ENSG00000065328","DEGs_DOWN_noBinding_noDMR"
"ENSG00000163931","DEGs_DOWN_noBinding_noDMR"
"ENSG00000084207","DEGs_DOWN_noBinding_noDMR"
"ENSG00000198380","DEGs_DOWN_noBinding_noDMR"
"ENSG00000145362","DEGs_DOWN_noBinding_noDMR"
"ENSG00000108474","DEGs_DOWN_noBinding_noDMR"
"ENSG00000155961","DEGs_DOWN_noBinding_noDMR"
"ENSG00000124006","DEGs_DOWN_noBinding_noDMR"
"ENSG00000152078","DEGs_DOWN_noBinding_noDMR"
"ENSG00000119865","DEGs_DOWN_noBinding_noDMR"
"ENSG00000163683","DEGs_DOWN_noBinding_noDMR"
"ENSG00000197102","DEGs_DOWN_noBinding_noDMR"
"ENSG00000188021","DEGs_DOWN_noBinding_noDMR"
"ENSG00000065060","DEGs_DOWN_noBinding_noDMR"
"ENSG00000119431","DEGs_DOWN_noBinding_noDMR"
"ENSG00000132436","DEGs_DOWN_noBinding_noDMR"
"ENSG00000168386","DEGs_DOWN_noBinding_noDMR"
"ENSG00000173548","DEGs_DOWN_noBinding_noDMR"
"ENSG00000172986","DEGs_DOWN_noBinding_noDMR"
"ENSG00000165102","DEGs_DOWN_noBinding_noDMR"
"ENSG00000165416","DEGs_DOWN_noBinding_noDMR"
"ENSG00000133943","DEGs_DOWN_noBinding_noDMR"
"ENSG00000141905","DEGs_DOWN_noBinding_noDMR"
"ENSG00000117650","DEGs_DOWN_noBinding_noDMR"
"ENSG00000164045","DEGs_DOWN_noBinding_noDMR"
"ENSG00000197256","DEGs_DOWN_noBinding_noDMR"
"ENSG00000196428","DEGs_DOWN_noBinding_noDMR"
"ENSG00000111331","DEGs_DOWN_noBinding_noDMR"
"ENSG00000008710","DEGs_DOWN_noBinding_noDMR"
"ENSG00000169188","DEGs_DOWN_noBinding_noDMR"
"ENSG00000203778","DEGs_DOWN_noBinding_noDMR"
"ENSG00000136868","DEGs_DOWN_noBinding_noDMR"
"ENSG00000122884","DEGs_DOWN_noBinding_noDMR"
"ENSG00000142798","DEGs_DOWN_noBinding_noDMR"
"ENSG00000068724","DEGs_DOWN_noBinding_noDMR"
"ENSG00000183735","DEGs_DOWN_noBinding_noDMR"
"ENSG00000115232","DEGs_DOWN_noBinding_noDMR"
"ENSG00000164236","DEGs_DOWN_noBinding_noDMR"
"ENSG00000171314","DEGs_DOWN_noBinding_noDMR"
"ENSG00000003436","DEGs_DOWN_noBinding_noDMR"
"ENSG00000132341","DEGs_DOWN_noBinding_noDMR"
"ENSG00000186815","DEGs_DOWN_noBinding_noDMR"
"ENSG00000104332","DEGs_DOWN_noBinding_noDMR"
"ENSG00000100304","DEGs_DOWN_noBinding_noDMR"
"ENSG00000159167","DEGs_DOWN_noBinding_noDMR"
"ENSG00000168404","DEGs_DOWN_noBinding_noDMR"
"ENSG00000111247","DEGs_DOWN_noBinding_noDMR"
"ENSG00000138182","DEGs_DOWN_noBinding_noDMR"
"ENSG00000095015","DEGs_DOWN_noBinding_noDMR"
"ENSG00000079616","DEGs_DOWN_noBinding_noDMR"
"ENSG00000131475","DEGs_DOWN_noBinding_noDMR"
"ENSG00000084774","DEGs_DOWN_noBinding_noDMR"
"ENSG00000081019","DEGs_DOWN_noBinding_noDMR"
"ENSG00000174738","DEGs_DOWN_noBinding_noDMR"
"ENSG00000048707","DEGs_DOWN_noBinding_noDMR"
"ENSG00000198642","DEGs_DOWN_noBinding_noDMR"
"ENSG00000151320","DEGs_DOWN_noBinding_noDMR"
"ENSG00000178662","DEGs_DOWN_noBinding_noDMR"
"ENSG00000188042","DEGs_DOWN_noBinding_noDMR"
"ENSG00000239887","DEGs_DOWN_noBinding_noDMR"
"ENSG00000170271","DEGs_DOWN_noBinding_noDMR"
"ENSG00000013583","DEGs_DOWN_noBinding_noDMR"
"ENSG00000142731","DEGs_DOWN_noBinding_noDMR"
"ENSG00000203950","DEGs_DOWN_noBinding_noDMR"
"ENSG00000141198","DEGs_DOWN_noBinding_noDMR"
"ENSG00000118246","DEGs_DOWN_noBinding_noDMR"
"ENSG00000118922","DEGs_DOWN_noBinding_noDMR"
"ENSG00000126858","DEGs_DOWN_noBinding_noDMR"
"ENSG00000184271","DEGs_DOWN_noBinding_noDMR"
"ENSG00000071205","DEGs_DOWN_noBinding_noDMR"
"ENSG00000101400","DEGs_DOWN_noBinding_noDMR"
"ENSG00000196628","DEGs_DOWN_noBinding_noDMR"
"ENSG00000160298","DEGs_DOWN_noBinding_noDMR"
"ENSG00000143479","DEGs_DOWN_noBinding_noDMR"
"ENSG00000179832","DEGs_DOWN_noBinding_noDMR"
"ENSG00000129810","DEGs_DOWN_noBinding_noDMR"
"ENSG00000163535","DEGs_DOWN_noBinding_noDMR"
"ENSG00000118985","DEGs_DOWN_noBinding_noDMR"
"ENSG00000075624","DEGs_DOWN_noBinding_noDMR"
"ENSG00000172936","DEGs_DOWN_noBinding_noDMR"
"ENSG00000149218","DEGs_DOWN_noBinding_noDMR"
"ENSG00000154930","DEGs_DOWN_noBinding_noDMR"
"ENSG00000145687","DEGs_DOWN_noBinding_noDMR"
"ENSG00000109618","DEGs_DOWN_noBinding_noDMR"
"ENSG00000196923","DEGs_DOWN_noBinding_noDMR"
"ENSG00000006756","DEGs_DOWN_noBinding_noDMR"
"ENSG00000138002","DEGs_DOWN_noBinding_noDMR"
"ENSG00000214413","DEGs_DOWN_noBinding_noDMR"
"ENSG00000149295","DEGs_DOWN_noBinding_noDMR"
"ENSG00000198707","DEGs_DOWN_noBinding_noDMR"
"ENSG00000132294","DEGs_DOWN_noBinding_noDMR"
"ENSG00000022567","DEGs_DOWN_noBinding_noDMR"
"ENSG00000149636","DEGs_DOWN_noBinding_noDMR"
"ENSG00000155016","DEGs_DOWN_noBinding_noDMR"
"ENSG00000185432","DEGs_DOWN_noBinding_noDMR"
"ENSG00000276234","DEGs_DOWN_noBinding_noDMR"
"ENSG00000188158","DEGs_DOWN_noBinding_noDMR"
"ENSG00000100097","DEGs_DOWN_noBinding_noDMR"
"ENSG00000104177","DEGs_DOWN_noBinding_noDMR"
"ENSG00000164342","DEGs_DOWN_noBinding_noDMR"
"ENSG00000143653","DEGs_DOWN_noBinding_noDMR"
"ENSG00000172216","DEGs_DOWN_noBinding_noDMR"
"ENSG00000164902","DEGs_DOWN_noBinding_noDMR"
"ENSG00000165259","DEGs_DOWN_noBinding_noDMR"
"ENSG00000163072","DEGs_DOWN_noBinding_noDMR"
"ENSG00000178996","DEGs_DOWN_noBinding_noDMR"
"ENSG00000177181","DEGs_DOWN_noBinding_noDMR"
"ENSG00000160310","DEGs_DOWN_noBinding_noDMR"
"ENSG00000121957","DEGs_DOWN_noBinding_noDMR"
"ENSG00000186918","DEGs_DOWN_noBinding_noDMR"
"ENSG00000047315","DEGs_DOWN_noBinding_noDMR"
"ENSG00000138386","DEGs_DOWN_noBinding_noDMR"
"ENSG00000090975","DEGs_DOWN_noBinding_noDMR"
"ENSG00000106789","DEGs_DOWN_noBinding_noDMR"
"ENSG00000128928","DEGs_DOWN_noBinding_noDMR"
"ENSG00000151689","DEGs_DOWN_noBinding_noDMR"
"ENSG00000101210","DEGs_DOWN_noBinding_noDMR"
"ENSG00000116560","DEGs_DOWN_noBinding_noDMR"
"ENSG00000165801","DEGs_DOWN_noBinding_noDMR"
"ENSG00000189369","DEGs_DOWN_noBinding_noDMR"
"ENSG00000077684","DEGs_DOWN_noBinding_noDMR"
"ENSG00000114316","DEGs_DOWN_noBinding_noDMR"
"ENSG00000168476","DEGs_DOWN_noBinding_noDMR"
"ENSG00000196739","DEGs_DOWN_noBinding_noDMR"
"ENSG00000235109","DEGs_DOWN_noBinding_noDMR"
"ENSG00000065054","DEGs_DOWN_noBinding_noDMR"
"ENSG00000177602","DEGs_DOWN_noBinding_noDMR"
"ENSG00000157456","DEGs_DOWN_noBinding_noDMR"
"ENSG00000160209","DEGs_DOWN_noBinding_noDMR"
"ENSG00000163644","DEGs_DOWN_noBinding_noDMR"
"ENSG00000137941","DEGs_DOWN_noBinding_noDMR"
"ENSG00000152944","DEGs_DOWN_noBinding_noDMR"
"ENSG00000130413","DEGs_DOWN_noBinding_noDMR"
"ENSG00000119408","DEGs_DOWN_noBinding_noDMR"
"ENSG00000060138","DEGs_DOWN_noBinding_noDMR"
"ENSG00000184922","DEGs_DOWN_noBinding_noDMR"
"ENSG00000177688","DEGs_DOWN_noBinding_noDMR"
"ENSG00000133739","DEGs_DOWN_noBinding_noDMR"
"ENSG00000197879","DEGs_DOWN_noBinding_noDMR"
"ENSG00000182606","DEGs_DOWN_noBinding_noDMR"
"ENSG00000204186","DEGs_DOWN_noBinding_noDMR"
"ENSG00000110693","DEGs_DOWN_noBinding_noDMR"
"ENSG00000152253","DEGs_DOWN_noBinding_noDMR"
"ENSG00000113108","DEGs_DOWN_noBinding_noDMR"
"ENSG00000144655","DEGs_DOWN_noBinding_noDMR"
"ENSG00000187109","DEGs_DOWN_noBinding_noDMR"
"ENSG00000176697","DEGs_DOWN_noBinding_noDMR"
"ENSG00000114302","DEGs_DOWN_noBinding_noDMR"
"ENSG00000141232","DEGs_DOWN_noBinding_noDMR"
"ENSG00000115963","DEGs_DOWN_noBinding_noDMR"
"ENSG00000260916","DEGs_DOWN_noBinding_noDMR"
"ENSG00000149089","DEGs_DOWN_noBinding_noDMR"
"ENSG00000198740","DEGs_DOWN_noBinding_noDMR"
"ENSG00000263956","DEGs_DOWN_noBinding_noDMR"
"ENSG00000146592","DEGs_DOWN_noBinding_noDMR"
"ENSG00000108379","DEGs_DOWN_noBinding_noDMR"
"ENSG00000164142","DEGs_DOWN_noBinding_noDMR"
"ENSG00000112294","DEGs_DOWN_noBinding_noDMR"
"ENSG00000104884","DEGs_DOWN_noBinding_noDMR"
"ENSG00000154096","DEGs_DOWN_noBinding_noDMR"
"ENSG00000138443","DEGs_DOWN_noBinding_noDMR"
"ENSG00000214357","DEGs_DOWN_noBinding_noDMR"
"ENSG00000173848","DEGs_DOWN_noBinding_noDMR"
"ENSG00000162627","DEGs_DOWN_noBinding_noDMR"
"ENSG00000276180","DEGs_DOWN_noBinding_noDMR"
"ENSG00000094804","DEGs_DOWN_noBinding_noDMR"
"ENSG00000159921","DEGs_DOWN_noBinding_noDMR"
"ENSG00000146263","DEGs_DOWN_noBinding_noDMR"
"ENSG00000105281","DEGs_DOWN_noBinding_noDMR"
"ENSG00000130702","DEGs_DOWN_noBinding_noDMR"
"ENSG00000270629","DEGs_DOWN_noBinding_noDMR"
"ENSG00000107821","DEGs_DOWN_noBinding_noDMR"
"ENSG00000162998","DEGs_DOWN_noBinding_noDMR"
"ENSG00000046604","DEGs_DOWN_noBinding_noDMR"
"ENSG00000114805","DEGs_DOWN_noBinding_noDMR"
"ENSG00000105499","DEGs_DOWN_noBinding_noDMR"
"ENSG00000177875","DEGs_DOWN_noBinding_noDMR"
"ENSG00000138356","DEGs_DOWN_noBinding_noDMR"
"ENSG00000152749","DEGs_DOWN_noBinding_noDMR"
"ENSG00000107554","DEGs_DOWN_noBinding_noDMR"
"ENSG00000186187","DEGs_DOWN_noBinding_noDMR"
"ENSG00000117676","DEGs_DOWN_noBinding_noDMR"
"ENSG00000145414","DEGs_DOWN_noBinding_noDMR"
"ENSG00000106341","DEGs_DOWN_noBinding_noDMR"
"ENSG00000184371","DEGs_DOWN_noBinding_noDMR"
"ENSG00000114021","DEGs_DOWN_noBinding_noDMR"
"ENSG00000087494","DEGs_DOWN_noBinding_noDMR"
"ENSG00000121753","DEGs_DOWN_noBinding_noDMR"
"ENSG00000116251","DEGs_DOWN_noBinding_noDMR"
"ENSG00000087077","DEGs_DOWN_noBinding_noDMR"
"ENSG00000125319","DEGs_DOWN_noBinding_noDMR"
"ENSG00000176396","DEGs_DOWN_noBinding_noDMR"
"ENSG00000140451","DEGs_DOWN_noBinding_noDMR"
"ENSG00000164171","DEGs_DOWN_noBinding_noDMR"
"ENSG00000168497","DEGs_DOWN_noBinding_noDMR"
"ENSG00000164930","DEGs_DOWN_noBinding_noDMR"
"ENSG00000239306","DEGs_DOWN_noBinding_noDMR"
"ENSG00000136492","DEGs_DOWN_noBinding_noDMR"
"ENSG00000143458","DEGs_DOWN_noBinding_noDMR"
"ENSG00000110047","DEGs_DOWN_noBinding_noDMR"
"ENSG00000099810","DEGs_DOWN_noBinding_noDMR"
"ENSG00000138399","DEGs_DOWN_noBinding_noDMR"
"ENSG00000139291","DEGs_DOWN_noBinding_noDMR"
"ENSG00000171608","DEGs_DOWN_noBinding_noDMR"
"ENSG00000160211","DEGs_DOWN_noBinding_noDMR"
"ENSG00000149346","DEGs_DOWN_noBinding_noDMR"
"ENSG00000154493","DEGs_DOWN_noBinding_noDMR"
"ENSG00000134779","DEGs_DOWN_noBinding_noDMR"
"ENSG00000103021","DEGs_DOWN_noBinding_noDMR"
"ENSG00000141759","DEGs_DOWN_noBinding_noDMR"
"ENSG00000110172","DEGs_DOWN_noBinding_noDMR"
"ENSG00000275832","DEGs_DOWN_noBinding_noDMR"
"ENSG00000168685","DEGs_DOWN_noBinding_noDMR"
"ENSG00000162409","DEGs_DOWN_noBinding_noDMR"
"ENSG00000286019","DEGs_DOWN_noBinding_noDMR"
"ENSG00000149313","DEGs_DOWN_noBinding_noDMR"
"ENSG00000271425","DEGs_DOWN_noBinding_noDMR"
"ENSG00000255529","DEGs_DOWN_noBinding_noDMR"
"ENSG00000198417","DEGs_DOWN_noBinding_noDMR"
"ENSG00000110446","DEGs_DOWN_noBinding_noDMR"
"ENSG00000126216","DEGs_DOWN_noBinding_noDMR"
"ENSG00000132561","DEGs_DOWN_noBinding_noDMR"
"ENSG00000196230","DEGs_DOWN_noBinding_noDMR"
"ENSG00000153066","DEGs_DOWN_noBinding_noDMR"
"ENSG00000091157","DEGs_DOWN_noBinding_noDMR"
"ENSG00000147274","DEGs_DOWN_noBinding_noDMR"
"ENSG00000182218","DEGs_DOWN_noBinding_noDMR"
"ENSG00000066032","DEGs_DOWN_noBinding_noDMR"
"ENSG00000139926","DEGs_DOWN_noBinding_noDMR"
"ENSG00000197372","DEGs_DOWN_noBinding_noDMR"
"ENSG00000164070","DEGs_DOWN_noBinding_noDMR"
"ENSG00000144827","DEGs_DOWN_noBinding_noDMR"
"ENSG00000178425","DEGs_DOWN_noBinding_noDMR"
"ENSG00000165304","DEGs_DOWN_noBinding_noDMR"
"ENSG00000177697","DEGs_DOWN_noBinding_noDMR"
"ENSG00000157064","DEGs_DOWN_noBinding_noDMR"
"ENSG00000169255","DEGs_DOWN_noBinding_noDMR"
"ENSG00000124532","DEGs_DOWN_noBinding_noDMR"
"ENSG00000164104","DEGs_DOWN_noBinding_noDMR"
"ENSG00000085999","DEGs_DOWN_noBinding_noDMR"
"ENSG00000232119","DEGs_DOWN_noBinding_noDMR"
"ENSG00000183763","DEGs_DOWN_noBinding_noDMR"
"ENSG00000069399","DEGs_DOWN_noBinding_noDMR"
"ENSG00000108846","DEGs_DOWN_noBinding_noDMR"
"ENSG00000163412","DEGs_DOWN_noBinding_noDMR"
"ENSG00000140406","DEGs_DOWN_noBinding_noDMR"
"ENSG00000012211","DEGs_DOWN_noBinding_noDMR"
"ENSG00000128944","DEGs_DOWN_noBinding_noDMR"
"ENSG00000184887","DEGs_DOWN_noBinding_noDMR"
"ENSG00000016391","DEGs_DOWN_noBinding_noDMR"
"ENSG00000086062","DEGs_DOWN_noBinding_noDMR"
"ENSG00000185033","DEGs_DOWN_noBinding_noDMR"
"ENSG00000149554","DEGs_DOWN_noBinding_noDMR"
"ENSG00000135047","DEGs_DOWN_noBinding_noDMR"
"ENSG00000117054","DEGs_DOWN_noBinding_noDMR"
"ENSG00000149115","DEGs_DOWN_noBinding_noDMR"
"ENSG00000167513","DEGs_DOWN_noBinding_noDMR"
"ENSG00000127564","DEGs_DOWN_noBinding_noDMR"
"ENSG00000105968","DEGs_DOWN_noBinding_noDMR"
"ENSG00000043143","DEGs_DOWN_noBinding_noDMR"
"ENSG00000092470","DEGs_DOWN_noBinding_noDMR"
"ENSG00000073050","DEGs_DOWN_noBinding_noDMR"
"ENSG00000188313","DEGs_DOWN_noBinding_noDMR"
"ENSG00000197894","DEGs_DOWN_noBinding_noDMR"
"ENSG00000104765","DEGs_DOWN_noBinding_noDMR"
"ENSG00000213079","DEGs_DOWN_noBinding_noDMR"
"ENSG00000183598","DEGs_DOWN_noBinding_noDMR"
"ENSG00000268223","DEGs_DOWN_noBinding_noDMR"
"ENSG00000102384","DEGs_DOWN_noBinding_noDMR"
"ENSG00000189057","DEGs_DOWN_noBinding_noDMR"
"ENSG00000164106","DEGs_DOWN_noBinding_noDMR"
"ENSG00000129103","DEGs_DOWN_noBinding_noDMR"
"ENSG00000113083","DEGs_DOWN_noBinding_noDMR"
"ENSG00000150687","DEGs_DOWN_noBinding_noDMR"
"ENSG00000126705","DEGs_DOWN_noBinding_noDMR"
"ENSG00000198833","DEGs_DOWN_noBinding_noDMR"
"ENSG00000137404","DEGs_DOWN_noBinding_noDMR"
"ENSG00000176018","DEGs_DOWN_noBinding_noDMR"
"ENSG00000163584","DEGs_DOWN_noBinding_noDMR"
"ENSG00000107338","DEGs_DOWN_noBinding_noDMR"
"ENSG00000135929","DEGs_DOWN_noBinding_noDMR"
"ENSG00000164093","DEGs_DOWN_noBinding_noDMR"
"ENSG00000167604","DEGs_DOWN_noBinding_noDMR"
"ENSG00000077942","DEGs_DOWN_noBinding_noDMR"
"ENSG00000081760","DEGs_DOWN_noBinding_noDMR"
"ENSG00000108349","DEGs_DOWN_noBinding_noDMR"
"ENSG00000136603","DEGs_DOWN_noBinding_noDMR"
"ENSG00000106628","DEGs_DOWN_noBinding_noDMR"
"ENSG00000169169","DEGs_DOWN_noBinding_noDMR"
"ENSG00000026508","DEGs_DOWN_noBinding_noDMR"
"ENSG00000116489","DEGs_DOWN_noBinding_noDMR"
"ENSG00000142082","DEGs_DOWN_noBinding_noDMR"
"ENSG00000162631","DEGs_DOWN_noBinding_noDMR"
"ENSG00000106991","DEGs_DOWN_noBinding_noDMR"
"ENSG00000088854","DEGs_DOWN_noBinding_noDMR"
"ENSG00000196422","DEGs_DOWN_noBinding_noDMR"
"ENSG00000129480","DEGs_DOWN_noBinding_noDMR"
"ENSG00000119777","DEGs_DOWN_noBinding_noDMR"
"ENSG00000171291","DEGs_DOWN_noBinding_noDMR"
"ENSG00000181007","DEGs_DOWN_noBinding_noDMR"
"ENSG00000006210","DEGs_DOWN_noBinding_noDMR"
"ENSG00000179981","DEGs_DOWN_noBinding_noDMR"
"ENSG00000196498","DEGs_DOWN_noBinding_noDMR"
"ENSG00000106976","DEGs_DOWN_noBinding_noDMR"
"ENSG00000116285","DEGs_DOWN_noBinding_noDMR"
"ENSG00000172716","DEGs_DOWN_noBinding_noDMR"
"ENSG00000136877","DEGs_DOWN_noBinding_noDMR"
"ENSG00000106785","DEGs_DOWN_noBinding_noDMR"
"ENSG00000119537","DEGs_DOWN_noBinding_noDMR"
"ENSG00000092445","DEGs_DOWN_noBinding_noDMR"
"ENSG00000128652","DEGs_DOWN_noBinding_noDMR"
"ENSG00000145675","DEGs_DOWN_noBinding_noDMR"
"ENSG00000136108","DEGs_DOWN_noBinding_noDMR"
"ENSG00000170166","DEGs_DOWN_noBinding_noDMR"
"ENSG00000206538","DEGs_DOWN_noBinding_noDMR"
"ENSG00000244509","DEGs_DOWN_noBinding_noDMR"
"ENSG00000049192","DEGs_DOWN_noBinding_noDMR"
"ENSG00000184897","DEGs_DOWN_noBinding_noDMR"
"ENSG00000150961","DEGs_DOWN_noBinding_noDMR"
"ENSG00000114744","DEGs_DOWN_noBinding_noDMR"
"ENSG00000186575","DEGs_DOWN_noBinding_noDMR"
"ENSG00000179761","DEGs_DOWN_noBinding_noDMR"
"ENSG00000173376","DEGs_DOWN_noBinding_noDMR"
"ENSG00000101224","DEGs_DOWN_noBinding_noDMR"
"ENSG00000141580","DEGs_DOWN_noBinding_noDMR"
"ENSG00000125629","DEGs_DOWN_noBinding_noDMR"
"ENSG00000053371","DEGs_DOWN_noBinding_noDMR"
"ENSG00000197226","DEGs_DOWN_noBinding_noDMR"
"ENSG00000127423","DEGs_DOWN_noBinding_noDMR"
"ENSG00000116747","DEGs_DOWN_noBinding_noDMR"
"ENSG00000115318","DEGs_DOWN_noBinding_noDMR"
"ENSG00000144824","DEGs_DOWN_noBinding_noDMR"
"ENSG00000021300","DEGs_DOWN_noBinding_noDMR"
"ENSG00000143061","DEGs_DOWN_noBinding_noDMR"
"ENSG00000106853","DEGs_DOWN_noBinding_noDMR"
"ENSG00000180347","DEGs_DOWN_noBinding_noDMR"
"ENSG00000197620","DEGs_DOWN_noBinding_noDMR"
"ENSG00000076356","DEGs_DOWN_noBinding_noDMR"
"ENSG00000090447","DEGs_DOWN_noBinding_noDMR"
"ENSG00000176485","DEGs_DOWN_noBinding_noDMR"
"ENSG00000182095","DEGs_DOWN_noBinding_noDMR"
"ENSG00000154856","DEGs_DOWN_noBinding_noDMR"
"ENSG00000082482","DEGs_DOWN_noBinding_noDMR"
"ENSG00000169621","DEGs_DOWN_noBinding_noDMR"
"ENSG00000161714","DEGs_DOWN_noBinding_noDMR"
"ENSG00000131759","DEGs_DOWN_noBinding_noDMR"
"ENSG00000127995","DEGs_DOWN_noBinding_noDMR"
"ENSG00000130340","DEGs_DOWN_noBinding_noDMR"
"ENSG00000196549","DEGs_DOWN_noBinding_noDMR"
"ENSG00000106609","DEGs_DOWN_noBinding_noDMR"
"ENSG00000134291","DEGs_DOWN_noBinding_noDMR"
"ENSG00000095485","DEGs_DOWN_noBinding_noDMR"
"ENSG00000174606","DEGs_DOWN_noBinding_noDMR"
"ENSG00000216937","DEGs_DOWN_noBinding_noDMR"
"ENSG00000136010","DEGs_DOWN_noBinding_noDMR"
"ENSG00000074695","DEGs_DOWN_noBinding_noDMR"
"ENSG00000177432","DEGs_DOWN_noBinding_noDMR"
"ENSG00000008196","DEGs_DOWN_noBinding_noDMR"
"ENSG00000100139","DEGs_DOWN_noBinding_noDMR"
"ENSG00000221968","DEGs_DOWN_noBinding_noDMR"
"ENSG00000142945","DEGs_DOWN_noBinding_noDMR"
"ENSG00000147130","DEGs_DOWN_noBinding_noDMR"
"ENSG00000174130","DEGs_DOWN_noBinding_noDMR"
"ENSG00000133687","DEGs_DOWN_noBinding_noDMR"
"ENSG00000125355","DEGs_DOWN_noBinding_noDMR"
"ENSG00000250644","DEGs_DOWN_noBinding_noDMR"
"ENSG00000100196","DEGs_DOWN_noBinding_noDMR"
"ENSG00000169242","DEGs_DOWN_noBinding_noDMR"
"ENSG00000147454","DEGs_DOWN_noBinding_noDMR"
"ENSG00000265241","DEGs_DOWN_noBinding_noDMR"
"ENSG00000221890","DEGs_DOWN_noBinding_noDMR"
"ENSG00000131462","DEGs_DOWN_noBinding_noDMR"
"ENSG00000274349","DEGs_DOWN_noBinding_noDMR"
"ENSG00000076003","DEGs_DOWN_noBinding_noDMR"
"ENSG00000132855","DEGs_DOWN_noBinding_noDMR"
"ENSG00000120708","DEGs_DOWN_noBinding_noDMR"
"ENSG00000073712","DEGs_DOWN_noBinding_noDMR"
"ENSG00000151876","DEGs_DOWN_noBinding_noDMR"
"ENSG00000152700","DEGs_DOWN_noBinding_noDMR"
"ENSG00000155380","DEGs_DOWN_noBinding_noDMR"
"ENSG00000078043","DEGs_DOWN_noBinding_noDMR"
"ENSG00000164265","DEGs_DOWN_noBinding_noDMR"
"ENSG00000133884","DEGs_DOWN_noBinding_noDMR"
"ENSG00000198001","DEGs_DOWN_noBinding_noDMR"
"ENSG00000168765","DEGs_DOWN_noBinding_noDMR"
"ENSG00000158042","DEGs_DOWN_noBinding_noDMR"
"ENSG00000203814","DEGs_DOWN_noBinding_noDMR"
"ENSG00000118503","DEGs_DOWN_noBinding_noDMR"
"ENSG00000130589","DEGs_DOWN_noBinding_noDMR"
"ENSG00000119125","DEGs_DOWN_noBinding_noDMR"
"ENSG00000129493","DEGs_DOWN_noBinding_noDMR"
"ENSG00000134516","DEGs_DOWN_noBinding_noDMR"
"ENSG00000164124","DEGs_DOWN_noBinding_noDMR"
"ENSG00000108352","DEGs_DOWN_noBinding_noDMR"
"ENSG00000140044","DEGs_DOWN_noBinding_noDMR"
"ENSG00000131153","DEGs_DOWN_noBinding_noDMR"
"ENSG00000131094","DEGs_DOWN_noBinding_noDMR"
"ENSG00000125962","DEGs_DOWN_noBinding_noDMR"
"ENSG00000100147","DEGs_DOWN_noBinding_noDMR"
"ENSG00000111817","DEGs_DOWN_noBinding_noDMR"
"ENSG00000123374","DEGs_DOWN_noBinding_noDMR"
"ENSG00000178404","DEGs_DOWN_noBinding_noDMR"
"ENSG00000172594","DEGs_DOWN_noBinding_noDMR"
"ENSG00000138777","DEGs_DOWN_noBinding_noDMR"
"ENSG00000139304","DEGs_DOWN_noBinding_noDMR"
"ENSG00000147459","DEGs_DOWN_noBinding_noDMR"
"ENSG00000118507","DEGs_DOWN_noBinding_noDMR"
"ENSG00000186174","DEGs_DOWN_noBinding_noDMR"
"ENSG00000133401","DEGs_DOWN_noBinding_noDMR"
"ENSG00000196227","DEGs_DOWN_noBinding_noDMR"
"ENSG00000145354","DEGs_DOWN_noBinding_noDMR"
"ENSG00000119684","DEGs_DOWN_noBinding_noDMR"
"ENSG00000127990","DEGs_DOWN_noBinding_noDMR"
"ENSG00000173124","DEGs_DOWN_noBinding_noDMR"
"ENSG00000100292","DEGs_DOWN_noBinding_noDMR"
"ENSG00000142611","DEGs_DOWN_noBinding_noDMR"
"ENSG00000100987","DEGs_DOWN_noBinding_noDMR"
"ENSG00000132846","DEGs_DOWN_noBinding_noDMR"
"ENSG00000263528","DEGs_DOWN_noBinding_noDMR"
"ENSG00000136122","DEGs_DOWN_noBinding_noDMR"
"ENSG00000188153","DEGs_DOWN_noBinding_noDMR"
"ENSG00000067992","DEGs_DOWN_noBinding_noDMR"
"ENSG00000112182","DEGs_DOWN_noBinding_noDMR"
"ENSG00000258289","DEGs_DOWN_noBinding_noDMR"
"ENSG00000163755","DEGs_DOWN_noBinding_noDMR"
"ENSG00000177453","DEGs_DOWN_noBinding_noDMR"
"ENSG00000140525","DEGs_DOWN_noBinding_noDMR"
"ENSG00000115392","DEGs_DOWN_noBinding_noDMR"
"ENSG00000177239","DEGs_DOWN_noBinding_noDMR"
"ENSG00000151725","DEGs_DOWN_noBinding_noDMR"
"ENSG00000120539","DEGs_DOWN_noBinding_noDMR"
"ENSG00000128245","DEGs_DOWN_noBinding_noDMR"
"ENSG00000150768","DEGs_DOWN_noBinding_noDMR"
"ENSG00000185760","DEGs_DOWN_noBinding_noDMR"
"ENSG00000176014","DEGs_DOWN_noBinding_noDMR"
"ENSG00000182253","DEGs_DOWN_noBinding_noDMR"
"ENSG00000161800","DEGs_DOWN_noBinding_noDMR"
"ENSG00000182013","DEGs_DOWN_noBinding_noDMR"
"ENSG00000206527","DEGs_DOWN_noBinding_noDMR"
"ENSG00000144228","DEGs_DOWN_noBinding_noDMR"
"ENSG00000121989","DEGs_DOWN_noBinding_noDMR"
"ENSG00000179841","DEGs_DOWN_noBinding_noDMR"
"ENSG00000107819","DEGs_DOWN_noBinding_noDMR"
"ENSG00000129682","DEGs_DOWN_noBinding_noDMR"
"ENSG00000162745","DEGs_DOWN_noBinding_noDMR"
"ENSG00000105708","DEGs_DOWN_noBinding_noDMR"
"ENSG00000081041","DEGs_DOWN_noBinding_noDMR"
"ENSG00000131351","DEGs_DOWN_noBinding_noDMR"
"ENSG00000139144","DEGs_DOWN_noBinding_noDMR"
"ENSG00000139973","DEGs_DOWN_noBinding_noDMR"
"ENSG00000067177","DEGs_DOWN_noBinding_noDMR"
"ENSG00000176444","DEGs_DOWN_noBinding_noDMR"
"ENSG00000091622","DEGs_DOWN_noBinding_noDMR"
"ENSG00000115163","DEGs_DOWN_noBinding_noDMR"
"ENSG00000196787","DEGs_DOWN_noBinding_noDMR"
"ENSG00000111554","DEGs_DOWN_noBinding_noDMR"
"ENSG00000254470","DEGs_DOWN_noBinding_noDMR"
"ENSG00000111328","DEGs_DOWN_noBinding_noDMR"
"ENSG00000177839","DEGs_DOWN_noBinding_noDMR"
"ENSG00000078618","DEGs_DOWN_noBinding_noDMR"
"ENSG00000158301","DEGs_DOWN_noBinding_noDMR"
"ENSG00000105835","DEGs_DOWN_noBinding_noDMR"
"ENSG00000198625","DEGs_DOWN_noBinding_noDMR"
"ENSG00000095951","DEGs_DOWN_noBinding_noDMR"
"ENSG00000177565","DEGs_DOWN_noBinding_noDMR"
"ENSG00000239789","DEGs_DOWN_noBinding_noDMR"
"ENSG00000196911","DEGs_DOWN_noBinding_noDMR"
"ENSG00000273136","DEGs_DOWN_noBinding_noDMR"
"ENSG00000166803","DEGs_DOWN_noBinding_noDMR"
"ENSG00000102753","DEGs_DOWN_noBinding_noDMR"
"ENSG00000168487","DEGs_DOWN_noBinding_noDMR"
"ENSG00000128833","DEGs_DOWN_noBinding_noDMR"
"ENSG00000215012","DEGs_DOWN_noBinding_noDMR"
"ENSG00000244486","DEGs_DOWN_noBinding_noDMR"
"ENSG00000111665","DEGs_DOWN_noBinding_noDMR"
"ENSG00000146350","DEGs_DOWN_noBinding_noDMR"
"ENSG00000074964","DEGs_DOWN_noBinding_noDMR"
"ENSG00000171488","DEGs_DOWN_noBinding_noDMR"
"ENSG00000136830","DEGs_DOWN_noBinding_noDMR"
"ENSG00000184014","DEGs_DOWN_noBinding_noDMR"
"ENSG00000144451","DEGs_DOWN_noBinding_noDMR"
"ENSG00000025772","DEGs_DOWN_noBinding_noDMR"
"ENSG00000176974","DEGs_DOWN_noBinding_noDMR"
"ENSG00000178127","DEGs_DOWN_noBinding_noDMR"
"ENSG00000166432","DEGs_DOWN_noBinding_noDMR"
"ENSG00000117448","DEGs_DOWN_noBinding_noDMR"
"ENSG00000213639","DEGs_DOWN_noBinding_noDMR"
"ENSG00000171766","DEGs_DOWN_noBinding_noDMR"
"ENSG00000073614","DEGs_DOWN_noBinding_noDMR"
"ENSG00000266028","DEGs_DOWN_noBinding_noDMR"
"ENSG00000135828","DEGs_DOWN_noBinding_noDMR"
"ENSG00000107331","DEGs_DOWN_noBinding_noDMR"
"ENSG00000288701","DEGs_DOWN_noBinding_noDMR"
"ENSG00000113369","DEGs_DOWN_noBinding_noDMR"
"ENSG00000145604","DEGs_DOWN_noBinding_noDMR"
"ENSG00000070367","DEGs_DOWN_noBinding_noDMR"
"ENSG00000171055","DEGs_DOWN_noBinding_noDMR"
"ENSG00000206052","DEGs_DOWN_noBinding_noDMR"
"ENSG00000160767","DEGs_DOWN_noBinding_noDMR"
"ENSG00000154319","DEGs_DOWN_noBinding_noDMR"
"ENSG00000236383","DEGs_DOWN_noBinding_noDMR"
"ENSG00000014138","DEGs_DOWN_noBinding_noDMR"
"ENSG00000061273","DEGs_DOWN_noBinding_noDMR"
"ENSG00000168116","DEGs_DOWN_noBinding_noDMR"
"ENSG00000100030","DEGs_DOWN_noBinding_noDMR"
"ENSG00000136450","DEGs_DOWN_noBinding_noDMR"
"ENSG00000115310","DEGs_DOWN_noBinding_noDMR"
"ENSG00000141447","DEGs_DOWN_noBinding_noDMR"
"ENSG00000117586","DEGs_DOWN_noBinding_noDMR"
"ENSG00000040275","DEGs_DOWN_noBinding_noDMR"
"ENSG00000162144","DEGs_DOWN_noBinding_noDMR"
"ENSG00000066583","DEGs_DOWN_noBinding_noDMR"
"ENSG00000213445","DEGs_DOWN_noBinding_noDMR"
"ENSG00000103257","DEGs_DOWN_noBinding_noDMR"
"ENSG00000148154","DEGs_DOWN_noBinding_noDMR"
"ENSG00000109323","DEGs_DOWN_noBinding_noDMR"
"ENSG00000204147","DEGs_DOWN_noBinding_noDMR"
"ENSG00000151092","DEGs_DOWN_noBinding_noDMR"
"ENSG00000083642","DEGs_DOWN_noBinding_noDMR"
"ENSG00000102221","DEGs_DOWN_noBinding_noDMR"
"ENSG00000152977","DEGs_DOWN_noBinding_noDMR"
"ENSG00000185567","DEGs_DOWN_noBinding_noDMR"
"ENSG00000104518","DEGs_DOWN_noBinding_noDMR"
"ENSG00000175581","DEGs_DOWN_noBinding_noDMR"
"ENSG00000169710","DEGs_DOWN_noBinding_noDMR"
"ENSG00000179029","DEGs_DOWN_noBinding_noDMR"
"ENSG00000146267","DEGs_DOWN_noBinding_noDMR"
"ENSG00000130119","DEGs_DOWN_noBinding_noDMR"
"ENSG00000182854","DEGs_DOWN_noBinding_noDMR"
"ENSG00000119938","DEGs_DOWN_noBinding_noDMR"
"ENSG00000128394","DEGs_DOWN_noBinding_noDMR"
"ENSG00000164128","DEGs_DOWN_noBinding_noDMR"
"ENSG00000135378","DEGs_DOWN_noBinding_noDMR"
"ENSG00000103148","DEGs_DOWN_noBinding_noDMR"
"ENSG00000197381","DEGs_DOWN_noBinding_noDMR"
"ENSG00000010803","DEGs_DOWN_noBinding_noDMR"
"ENSG00000117308","DEGs_DOWN_noBinding_noDMR"
"ENSG00000088305","DEGs_DOWN_noBinding_noDMR"
"ENSG00000150907","DEGs_DOWN_noBinding_noDMR"
"ENSG00000151575","DEGs_DOWN_noBinding_noDMR"
"ENSG00000073060","DEGs_DOWN_noBinding_noDMR"
"ENSG00000075303","DEGs_DOWN_noBinding_noDMR"
"ENSG00000103319","DEGs_DOWN_noBinding_noDMR"
"ENSG00000093009","DEGs_DOWN_noBinding_noDMR"
"ENSG00000155254","DEGs_DOWN_noBinding_noDMR"
"ENSG00000198176","DEGs_DOWN_noBinding_noDMR"
"ENSG00000119729","DEGs_DOWN_noBinding_noDMR"
"ENSG00000163697","DEGs_DOWN_noBinding_noDMR"
"ENSG00000125398","DEGs_DOWN_noBinding_noDMR"
"ENSG00000175701","DEGs_DOWN_noBinding_noDMR"
"ENSG00000184785","DEGs_DOWN_noBinding_noDMR"
"ENSG00000174307","DEGs_DOWN_noBinding_noDMR"
"ENSG00000169946","DEGs_DOWN_noBinding_noDMR"
"ENSG00000136240","DEGs_DOWN_noBinding_noDMR"
"ENSG00000139146","DEGs_DOWN_noBinding_noDMR"
"ENSG00000156510","DEGs_DOWN_noBinding_noDMR"
"ENSG00000105662","DEGs_DOWN_noBinding_noDMR"
"ENSG00000150455","DEGs_DOWN_noBinding_noDMR"
"ENSG00000164929","DEGs_DOWN_noBinding_noDMR"
"ENSG00000069020","DEGs_DOWN_noBinding_noDMR"
"ENSG00000127920","DEGs_DOWN_noBinding_noDMR"
"ENSG00000188486","DEGs_DOWN_noBinding_noDMR"
"ENSG00000127418","DEGs_DOWN_noBinding_noDMR"
"ENSG00000111843","DEGs_DOWN_noBinding_noDMR"
"ENSG00000181904","DEGs_DOWN_noBinding_noDMR"
"ENSG00000170779","DEGs_DOWN_noBinding_noDMR"
"ENSG00000065485","DEGs_DOWN_noBinding_noDMR"
"ENSG00000198860","DEGs_DOWN_noBinding_noDMR"
"ENSG00000131023","DEGs_DOWN_noBinding_noDMR"
"ENSG00000198756","DEGs_DOWN_noBinding_noDMR"
"ENSG00000162636","DEGs_DOWN_noBinding_noDMR"
"ENSG00000156030","DEGs_DOWN_noBinding_noDMR"
"ENSG00000163681","DEGs_DOWN_noBinding_noDMR"
"ENSG00000141441","DEGs_DOWN_noBinding_noDMR"
"ENSG00000106483","DEGs_DOWN_noBinding_noDMR"
"ENSG00000113615","DEGs_DOWN_noBinding_noDMR"
"ENSG00000148719","DEGs_DOWN_noBinding_noDMR"
"ENSG00000197776","DEGs_DOWN_noBinding_noDMR"
"ENSG00000113396","DEGs_DOWN_noBinding_noDMR"
"ENSG00000196937","DEGs_DOWN_noBinding_noDMR"
"ENSG00000100403","DEGs_DOWN_noBinding_noDMR"
"ENSG00000123975","DEGs_DOWN_noBinding_noDMR"
"ENSG00000138434","DEGs_DOWN_noBinding_noDMR"
"ENSG00000036530","DEGs_DOWN_noBinding_noDMR"
"ENSG00000134982","DEGs_DOWN_noBinding_noDMR"
"ENSG00000272674","DEGs_DOWN_noBinding_noDMR"
"ENSG00000134744","DEGs_DOWN_noBinding_noDMR"
"ENSG00000163660","DEGs_DOWN_noBinding_noDMR"
"ENSG00000139514","DEGs_DOWN_noBinding_noDMR"
"ENSG00000134769","DEGs_DOWN_noBinding_noDMR"
"ENSG00000112297","DEGs_DOWN_noBinding_noDMR"
"ENSG00000115540","DEGs_DOWN_noBinding_noDMR"
"ENSG00000147027","DEGs_DOWN_noBinding_noDMR"
"ENSG00000185201","DEGs_DOWN_noBinding_noDMR"
"ENSG00000175106","DEGs_DOWN_noBinding_noDMR"
"ENSG00000198925","DEGs_DOWN_noBinding_noDMR"
"ENSG00000168906","DEGs_DOWN_noBinding_noDMR"
"ENSG00000166275","DEGs_DOWN_noBinding_noDMR"
"ENSG00000109685","DEGs_DOWN_noBinding_noDMR"
"ENSG00000155592","DEGs_DOWN_noBinding_noDMR"
"ENSG00000128951","DEGs_DOWN_noBinding_noDMR"
"ENSG00000164136","DEGs_DOWN_noBinding_noDMR"
"ENSG00000110435","DEGs_DOWN_noBinding_noDMR"
"ENSG00000149177","DEGs_DOWN_noBinding_noDMR"
"ENSG00000049541","DEGs_DOWN_noBinding_noDMR"
"ENSG00000106462","DEGs_DOWN_noBinding_noDMR"
"ENSG00000204899","DEGs_DOWN_noBinding_noDMR"
"ENSG00000197771","DEGs_DOWN_noBinding_noDMR"
"ENSG00000133138","DEGs_DOWN_noBinding_noDMR"
"ENSG00000154957","DEGs_DOWN_noBinding_noDMR"
"ENSG00000115526","DEGs_DOWN_noBinding_noDMR"
"ENSG00000128641","DEGs_DOWN_noBinding_noDMR"
"ENSG00000077713","DEGs_DOWN_noBinding_noDMR"
"ENSG00000131941","DEGs_DOWN_noBinding_noDMR"
"ENSG00000174791","DEGs_DOWN_noBinding_noDMR"
"ENSG00000059145","DEGs_DOWN_noBinding_noDMR"
"ENSG00000111676","DEGs_DOWN_noBinding_noDMR"
"ENSG00000188483","DEGs_DOWN_noBinding_noDMR"
"ENSG00000214193","DEGs_DOWN_noBinding_noDMR"
"ENSG00000091542","DEGs_DOWN_noBinding_noDMR"
"ENSG00000183864","DEGs_DOWN_noBinding_noDMR"
"ENSG00000100644","DEGs_DOWN_noBinding_noDMR"
"ENSG00000112851","DEGs_DOWN_noBinding_noDMR"
"ENSG00000086758","DEGs_DOWN_noBinding_noDMR"
"ENSG00000106348","DEGs_DOWN_noBinding_noDMR"
"ENSG00000139174","DEGs_DOWN_noBinding_noDMR"
"ENSG00000154330","DEGs_DOWN_noBinding_noDMR"
"ENSG00000163516","DEGs_DOWN_noBinding_noDMR"
"ENSG00000158552","DEGs_DOWN_noBinding_noDMR"
"ENSG00000151150","DEGs_DOWN_noBinding_noDMR"
"ENSG00000171792","DEGs_DOWN_noBinding_noDMR"
"ENSG00000169762","DEGs_DOWN_noBinding_noDMR"
"ENSG00000010404","DEGs_DOWN_noBinding_noDMR"
"ENSG00000167034","DEGs_DOWN_noBinding_noDMR"
"ENSG00000172164","DEGs_DOWN_noBinding_noDMR"
"ENSG00000073464","DEGs_DOWN_noBinding_noDMR"
"ENSG00000168944","DEGs_DOWN_noBinding_noDMR"
"ENSG00000117360","DEGs_DOWN_noBinding_noDMR"
"ENSG00000135968","DEGs_DOWN_noBinding_noDMR"
"ENSG00000165868","DEGs_DOWN_noBinding_noDMR"
"ENSG00000231925","DEGs_DOWN_noBinding_noDMR"
"ENSG00000148225","DEGs_DOWN_noBinding_noDMR"
"ENSG00000196372","DEGs_DOWN_noBinding_noDMR"
"ENSG00000124067","DEGs_DOWN_noBinding_noDMR"
"ENSG00000077152","DEGs_DOWN_noBinding_noDMR"
"ENSG00000188906","DEGs_DOWN_noBinding_noDMR"
"ENSG00000100908","DEGs_DOWN_noBinding_noDMR"
"ENSG00000112200","DEGs_DOWN_noBinding_noDMR"
"ENSG00000108107","DEGs_DOWN_noBinding_noDMR"
"ENSG00000157216","DEGs_DOWN_noBinding_noDMR"
"ENSG00000167378","DEGs_DOWN_noBinding_noDMR"
"ENSG00000107537","DEGs_DOWN_noBinding_noDMR"
"ENSG00000140382","DEGs_DOWN_noBinding_noDMR"
"ENSG00000143819","DEGs_DOWN_noBinding_noDMR"
"ENSG00000198780","DEGs_DOWN_noBinding_noDMR"
"ENSG00000275221","DEGs_DOWN_noBinding_noDMR"
"ENSG00000132613","DEGs_DOWN_noBinding_noDMR"
"ENSG00000105722","DEGs_DOWN_noBinding_noDMR"
"ENSG00000165895","DEGs_DOWN_noBinding_noDMR"
"ENSG00000124486","DEGs_DOWN_noBinding_noDMR"
"ENSG00000106772","DEGs_DOWN_noBinding_noDMR"
"ENSG00000138449","DEGs_DOWN_noBinding_noDMR"
"ENSG00000124795","DEGs_DOWN_noBinding_noDMR"
"ENSG00000113583","DEGs_DOWN_noBinding_noDMR"
"ENSG00000167005","DEGs_DOWN_noBinding_noDMR"
"ENSG00000104738","DEGs_DOWN_noBinding_noDMR"
"ENSG00000180818","DEGs_DOWN_noBinding_noDMR"
"ENSG00000196584","DEGs_DOWN_noBinding_noDMR"
"ENSG00000138398","DEGs_DOWN_noBinding_noDMR"
"ENSG00000070731","DEGs_DOWN_noBinding_noDMR"
"ENSG00000284946","DEGs_DOWN_noBinding_noDMR"
"ENSG00000172819","DEGs_DOWN_noBinding_noDMR"
"ENSG00000075340","DEGs_DOWN_noBinding_noDMR"
"ENSG00000197971","DEGs_DOWN_noBinding_noDMR"
"ENSG00000175931","DEGs_DOWN_noBinding_noDMR"
"ENSG00000185262","DEGs_DOWN_noBinding_noDMR"
"ENSG00000163219","DEGs_DOWN_noBinding_noDMR"
"ENSG00000135905","DEGs_DOWN_noBinding_noDMR"
"ENSG00000181789","DEGs_DOWN_noBinding_noDMR"
"ENSG00000172315","DEGs_DOWN_noBinding_noDMR"
"ENSG00000150636","DEGs_DOWN_noBinding_noDMR"
"ENSG00000170502","DEGs_DOWN_noBinding_noDMR"
"ENSG00000196482","DEGs_DOWN_noBinding_noDMR"
"ENSG00000107566","DEGs_DOWN_noBinding_noDMR"
"ENSG00000072832","DEGs_DOWN_noBinding_noDMR"
"ENSG00000156172","DEGs_DOWN_noBinding_noDMR"
"ENSG00000076685","DEGs_DOWN_noBinding_noDMR"
"ENSG00000139826","DEGs_DOWN_noBinding_noDMR"
"ENSG00000198721","DEGs_DOWN_noBinding_noDMR"
"ENSG00000198586","DEGs_DOWN_noBinding_noDMR"
"ENSG00000153914","DEGs_DOWN_noBinding_noDMR"
"ENSG00000108654","DEGs_DOWN_noBinding_noDMR"
"ENSG00000127481","DEGs_DOWN_noBinding_noDMR"
"ENSG00000131080","DEGs_DOWN_noBinding_noDMR"
"ENSG00000108639","DEGs_DOWN_noBinding_noDMR"
"ENSG00000288722","DEGs_DOWN_noBinding_noDMR"
"ENSG00000107968","DEGs_DOWN_noBinding_noDMR"
"ENSG00000139718","DEGs_DOWN_noBinding_noDMR"
"ENSG00000228716","DEGs_DOWN_noBinding_noDMR"
"ENSG00000171310","DEGs_DOWN_noBinding_noDMR"
"ENSG00000187957","DEGs_DOWN_noBinding_noDMR"
"ENSG00000126368","DEGs_DOWN_noBinding_noDMR"
"ENSG00000273213","DEGs_DOWN_noBinding_noDMR"
"ENSG00000112246","DEGs_DOWN_noBinding_noDMR"
"ENSG00000163531","DEGs_DOWN_noBinding_noDMR"
"ENSG00000165424","DEGs_DOWN_noBinding_noDMR"
"ENSG00000163913","DEGs_DOWN_noBinding_noDMR"
"ENSG00000104231","DEGs_DOWN_noBinding_noDMR"
"ENSG00000125505","DEGs_DOWN_noBinding_noDMR"
"ENSG00000103260","DEGs_DOWN_noBinding_noDMR"
"ENSG00000149782","DEGs_DOWN_noBinding_noDMR"
"ENSG00000152409","DEGs_DOWN_noBinding_noDMR"
"ENSG00000166444","DEGs_DOWN_noBinding_noDMR"
"ENSG00000080824","DEGs_DOWN_noBinding_noDMR"
"ENSG00000157150","DEGs_DOWN_noBinding_noDMR"
"ENSG00000107796","DEGs_DOWN_noBinding_noDMR"
"ENSG00000152518","DEGs_DOWN_noBinding_noDMR"
"ENSG00000139970","DEGs_DOWN_noBinding_noDMR"
"ENSG00000184988","DEGs_DOWN_noBinding_noDMR"
"ENSG00000100629","DEGs_DOWN_noBinding_noDMR"
"ENSG00000149925","DEGs_DOWN_noBinding_noDMR"
"ENSG00000066405","DEGs_DOWN_noBinding_noDMR"
"ENSG00000180917","DEGs_DOWN_noBinding_noDMR"
"ENSG00000186567","DEGs_DOWN_noBinding_noDMR"
"ENSG00000159110","DEGs_DOWN_noBinding_noDMR"
"ENSG00000134202","DEGs_DOWN_noBinding_noDMR"
"ENSG00000169756","DEGs_DOWN_noBinding_noDMR"
"ENSG00000264343","DEGs_DOWN_noBinding_noDMR"
"ENSG00000127337","DEGs_DOWN_noBinding_noDMR"
"ENSG00000113522","DEGs_DOWN_noBinding_noDMR"
"ENSG00000004139","DEGs_DOWN_noBinding_noDMR"
"ENSG00000100154","DEGs_DOWN_noBinding_noDMR"
"ENSG00000122218","DEGs_DOWN_noBinding_noDMR"
"ENSG00000131591","DEGs_DOWN_noBinding_noDMR"
"ENSG00000147852","DEGs_DOWN_noBinding_noDMR"
"ENSG00000164252","DEGs_DOWN_noBinding_noDMR"
"ENSG00000168175","DEGs_DOWN_noBinding_noDMR"
"ENSG00000021826","DEGs_DOWN_noBinding_noDMR"
"ENSG00000158458","DEGs_DOWN_noBinding_noDMR"
"ENSG00000168411","DEGs_DOWN_noBinding_noDMR"
"ENSG00000106397","DEGs_DOWN_noBinding_noDMR"
"ENSG00000089902","DEGs_DOWN_noBinding_noDMR"
"ENSG00000170145","DEGs_DOWN_noBinding_noDMR"
"ENSG00000150625","DEGs_DOWN_noBinding_noDMR"
"ENSG00000013441","DEGs_DOWN_noBinding_noDMR"
"ENSG00000108557","DEGs_DOWN_noBinding_noDMR"
"ENSG00000168062","DEGs_DOWN_noBinding_noDMR"
"ENSG00000169750","DEGs_DOWN_noBinding_noDMR"
"ENSG00000075234","DEGs_DOWN_noBinding_noDMR"
"ENSG00000023516","DEGs_DOWN_noBinding_noDMR"
"ENSG00000241468","DEGs_DOWN_noBinding_noDMR"
"ENSG00000089041","DEGs_DOWN_noBinding_noDMR"
"ENSG00000204267","DEGs_DOWN_noBinding_noDMR"
"ENSG00000104903","DEGs_DOWN_noBinding_noDMR"
"ENSG00000019485","DEGs_DOWN_noBinding_noDMR"
"ENSG00000183155","DEGs_DOWN_noBinding_noDMR"
"ENSG00000219481","DEGs_DOWN_noBinding_noDMR"
"ENSG00000254901","DEGs_DOWN_noBinding_noDMR"
"ENSG00000197969","DEGs_DOWN_noBinding_noDMR"
"ENSG00000143195","DEGs_DOWN_noBinding_noDMR"
"ENSG00000100934","DEGs_DOWN_noBinding_noDMR"
"ENSG00000073734","DEGs_DOWN_noBinding_noDMR"
"ENSG00000127324","DEGs_DOWN_noBinding_noDMR"
"ENSG00000135776","DEGs_DOWN_noBinding_noDMR"
"ENSG00000116685","DEGs_DOWN_noBinding_noDMR"
"ENSG00000142227","DEGs_DOWN_noBinding_noDMR"
"ENSG00000035141","DEGs_DOWN_noBinding_noDMR"
"ENSG00000205476","DEGs_DOWN_noBinding_noDMR"
"ENSG00000161647","DEGs_DOWN_noBinding_noDMR"
"ENSG00000007384","DEGs_DOWN_noBinding_noDMR"
"ENSG00000064886","DEGs_DOWN_noBinding_noDMR"
"ENSG00000167487","DEGs_DOWN_noBinding_noDMR"
"ENSG00000166123","DEGs_DOWN_noBinding_noDMR"
"ENSG00000140464","DEGs_DOWN_noBinding_noDMR"
"ENSG00000140750","DEGs_DOWN_noBinding_noDMR"
"ENSG00000198604","DEGs_DOWN_noBinding_noDMR"
"ENSG00000154822","DEGs_DOWN_noBinding_noDMR"
"ENSG00000139178","DEGs_DOWN_noBinding_noDMR"
"ENSG00000154370","DEGs_DOWN_noBinding_noDMR"
"ENSG00000164465","DEGs_DOWN_noBinding_noDMR"
"ENSG00000162512","DEGs_DOWN_noBinding_noDMR"
"ENSG00000129084","DEGs_DOWN_noBinding_noDMR"
"ENSG00000165912","DEGs_DOWN_noBinding_noDMR"
"ENSG00000205238","DEGs_DOWN_noBinding_noDMR"
"ENSG00000180228","DEGs_DOWN_noBinding_noDMR"
"ENSG00000128713","DEGs_DOWN_noBinding_noDMR"
"ENSG00000182199","DEGs_DOWN_noBinding_noDMR"
"ENSG00000162062","DEGs_DOWN_noBinding_noDMR"
"ENSG00000127863","DEGs_DOWN_noBinding_noDMR"
"ENSG00000092036","DEGs_DOWN_noBinding_noDMR"
"ENSG00000167670","DEGs_DOWN_noBinding_noDMR"
"ENSG00000110911","DEGs_DOWN_noBinding_noDMR"
"ENSG00000177732","DEGs_DOWN_noBinding_noDMR"
"ENSG00000121964","DEGs_DOWN_noBinding_noDMR"
"ENSG00000198055","DEGs_DOWN_noBinding_noDMR"
"ENSG00000124171","DEGs_DOWN_noBinding_noDMR"
"ENSG00000182010","DEGs_DOWN_noBinding_noDMR"
"ENSG00000128602","DEGs_DOWN_noBinding_noDMR"
"ENSG00000171388","DEGs_DOWN_noBinding_noDMR"
"ENSG00000125733","DEGs_DOWN_noBinding_noDMR"
"ENSG00000197757","DEGs_DOWN_noBinding_noDMR"
"ENSG00000150967","DEGs_DOWN_noBinding_noDMR"
"ENSG00000204463","DEGs_DOWN_noBinding_noDMR"
"ENSG00000169607","DEGs_DOWN_noBinding_noDMR"
"ENSG00000164197","DEGs_DOWN_noBinding_noDMR"
"ENSG00000171867","DEGs_DOWN_noBinding_noDMR"
"ENSG00000286219","DEGs_DOWN_noBinding_noDMR"
"ENSG00000105854","DEGs_DOWN_noBinding_noDMR"
"ENSG00000144231","DEGs_DOWN_noBinding_noDMR"
"ENSG00000141959","DEGs_DOWN_noBinding_noDMR"
"ENSG00000010818","DEGs_DOWN_noBinding_noDMR"
"ENSG00000166289","DEGs_DOWN_noBinding_noDMR"
"ENSG00000138835","DEGs_DOWN_noBinding_noDMR"
"ENSG00000260097","DEGs_DOWN_noBinding_noDMR"
"ENSG00000079150","DEGs_DOWN_noBinding_noDMR"
"ENSG00000165060","DEGs_DOWN_noBinding_noDMR"
"ENSG00000177990","DEGs_DOWN_noBinding_noDMR"
"ENSG00000114120","DEGs_DOWN_noBinding_noDMR"
"ENSG00000168917","DEGs_DOWN_noBinding_noDMR"
"ENSG00000184867","DEGs_DOWN_noBinding_noDMR"
"ENSG00000163110","DEGs_DOWN_noBinding_noDMR"
"ENSG00000213741","DEGs_DOWN_noBinding_noDMR"
"ENSG00000167680","DEGs_DOWN_noBinding_noDMR"
"ENSG00000148429","DEGs_DOWN_noBinding_noDMR"
"ENSG00000138738","DEGs_DOWN_noBinding_noDMR"
"ENSG00000134508","DEGs_DOWN_noBinding_noDMR"
"ENSG00000140015","DEGs_DOWN_noBinding_noDMR"
"ENSG00000253276","DEGs_DOWN_noBinding_noDMR"
"ENSG00000111666","DEGs_DOWN_noBinding_noDMR"
"ENSG00000136717","DEGs_DOWN_noBinding_noDMR"
"ENSG00000126351","DEGs_DOWN_noBinding_noDMR"
"ENSG00000168078","DEGs_DOWN_noBinding_noDMR"
"ENSG00000132017","DEGs_DOWN_noBinding_noDMR"
"ENSG00000099949","DEGs_DOWN_noBinding_noDMR"
"ENSG00000139324","DEGs_DOWN_noBinding_noDMR"
"ENSG00000162595","DEGs_DOWN_noBinding_noDMR"
"ENSG00000179776","DEGs_DOWN_noBinding_noDMR"
"ENSG00000127125","DEGs_DOWN_noBinding_noDMR"
"ENSG00000144040","DEGs_DOWN_noBinding_noDMR"
"ENSG00000255302","DEGs_DOWN_noBinding_noDMR"
"ENSG00000133131","DEGs_DOWN_noBinding_noDMR"
"ENSG00000181019","DEGs_DOWN_noBinding_noDMR"
"ENSG00000139687","DEGs_DOWN_noBinding_noDMR"
"ENSG00000132182","DEGs_DOWN_noBinding_noDMR"
"ENSG00000189241","DEGs_DOWN_noBinding_noDMR"
"ENSG00000171722","DEGs_DOWN_noBinding_noDMR"
"ENSG00000109466","DEGs_DOWN_noBinding_noDMR"
"ENSG00000132463","DEGs_DOWN_noBinding_noDMR"
"ENSG00000204394","DEGs_DOWN_noBinding_noDMR"
"ENSG00000164916","DEGs_DOWN_noBinding_noDMR"
"ENSG00000161533","DEGs_DOWN_noBinding_noDMR"
"ENSG00000141569","DEGs_DOWN_noBinding_noDMR"
"ENSG00000142949","DEGs_DOWN_noBinding_noDMR"
"ENSG00000163961","DEGs_DOWN_noBinding_noDMR"
"ENSG00000196369","DEGs_DOWN_noBinding_noDMR"
"ENSG00000163093","DEGs_DOWN_noBinding_noDMR"
"ENSG00000105011","DEGs_DOWN_noBinding_noDMR"
"ENSG00000115468","DEGs_DOWN_noBinding_noDMR"
"ENSG00000179058","DEGs_DOWN_noBinding_noDMR"
"ENSG00000180773","DEGs_DOWN_noBinding_noDMR"
"ENSG00000196440","DEGs_DOWN_noBinding_noDMR"
"ENSG00000080298","DEGs_DOWN_noBinding_noDMR"
"ENSG00000092096","DEGs_DOWN_noBinding_noDMR"
"ENSG00000114450","DEGs_DOWN_noBinding_noDMR"
"ENSG00000139437","DEGs_DOWN_noBinding_noDMR"
"ENSG00000089159","DEGs_DOWN_noBinding_noDMR"
"ENSG00000169282","DEGs_DOWN_noBinding_noDMR"
"ENSG00000114374","DEGs_DOWN_noBinding_noDMR"
"ENSG00000178700","DEGs_DOWN_noBinding_noDMR"
"ENSG00000184007","DEGs_DOWN_noBinding_noDMR"
"ENSG00000099797","DEGs_DOWN_noBinding_noDMR"
"ENSG00000144028","DEGs_DOWN_noBinding_noDMR"
"ENSG00000101986","DEGs_DOWN_noBinding_noDMR"
"ENSG00000163281","DEGs_DOWN_noBinding_noDMR"
"ENSG00000093000","DEGs_DOWN_noBinding_noDMR"
"ENSG00000153233","DEGs_DOWN_noBinding_noDMR"
"ENSG00000153187","DEGs_DOWN_noBinding_noDMR"
"ENSG00000117525","DEGs_DOWN_noBinding_noDMR"
"ENSG00000124098","DEGs_DOWN_noBinding_noDMR"
"ENSG00000065029","DEGs_DOWN_noBinding_noDMR"
"ENSG00000151240","DEGs_DOWN_noBinding_noDMR"
"ENSG00000140853","DEGs_DOWN_noBinding_noDMR"
"ENSG00000128654","DEGs_DOWN_noBinding_noDMR"
"ENSG00000128311","DEGs_DOWN_noBinding_noDMR"
"ENSG00000213047","DEGs_DOWN_noBinding_noDMR"
"ENSG00000023697","DEGs_DOWN_noBinding_noDMR"
"ENSG00000135336","DEGs_DOWN_noBinding_noDMR"
"ENSG00000154553","DEGs_DOWN_noBinding_noDMR"
"ENSG00000100028","DEGs_DOWN_noBinding_noDMR"
"ENSG00000241489","DEGs_DOWN_noBinding_noDMR"
"ENSG00000077150","DEGs_DOWN_noBinding_noDMR"
"ENSG00000178965","DEGs_DOWN_noBinding_noDMR"
"ENSG00000137337","DEGs_DOWN_noBinding_noDMR"
"ENSG00000196411","DEGs_DOWN_noBinding_noDMR"
"ENSG00000132589","DEGs_DOWN_noBinding_noDMR"
"ENSG00000119471","DEGs_DOWN_noBinding_noDMR"
"ENSG00000186350","DEGs_DOWN_noBinding_noDMR"
"ENSG00000176393","DEGs_DOWN_noBinding_noDMR"
"ENSG00000121542","DEGs_DOWN_noBinding_noDMR"
"ENSG00000114062","DEGs_DOWN_noBinding_noDMR"
"ENSG00000067225","DEGs_DOWN_noBinding_noDMR"
"ENSG00000186638","DEGs_DOWN_noBinding_noDMR"
"ENSG00000128342","DEGs_DOWN_noBinding_noDMR"
"ENSG00000138614","DEGs_DOWN_noBinding_noDMR"
"ENSG00000015479","DEGs_DOWN_noBinding_noDMR"
"ENSG00000133104","DEGs_DOWN_noBinding_noDMR"
"ENSG00000130304","DEGs_DOWN_noBinding_noDMR"
"ENSG00000188315","DEGs_DOWN_noBinding_noDMR"
"ENSG00000092140","DEGs_DOWN_noBinding_noDMR"
"ENSG00000170860","DEGs_DOWN_noBinding_noDMR"
"ENSG00000182179","DEGs_DOWN_noBinding_noDMR"
"ENSG00000171960","DEGs_DOWN_noBinding_noDMR"
"ENSG00000168488","DEGs_DOWN_noBinding_noDMR"
"ENSG00000142686","DEGs_DOWN_noBinding_noDMR"
"ENSG00000169379","DEGs_DOWN_noBinding_noDMR"
"ENSG00000133561","DEGs_DOWN_noBinding_noDMR"
"ENSG00000275793","DEGs_DOWN_noBinding_noDMR"
"ENSG00000076770","DEGs_DOWN_noBinding_noDMR"
"ENSG00000044090","DEGs_DOWN_noBinding_noDMR"
"ENSG00000178209","DEGs_DOWN_noBinding_noDMR"
"ENSG00000100065","DEGs_DOWN_noBinding_noDMR"
"ENSG00000011028","DEGs_DOWN_noBinding_noDMR"
"ENSG00000204856","DEGs_DOWN_noBinding_noDMR"
"ENSG00000182752","DEGs_DOWN_noBinding_noDMR"
"ENSG00000177098","DEGs_DOWN_noBinding_noDMR"
"ENSG00000187908","DEGs_DOWN_noBinding_noDMR"
"ENSG00000182957","DEGs_DOWN_noBinding_noDMR"
"ENSG00000131969","DEGs_DOWN_noBinding_noDMR"
"ENSG00000120324","DEGs_DOWN_noBinding_noDMR"
"ENSG00000183578","DEGs_DOWN_noBinding_noDMR"
"ENSG00000115107","DEGs_DOWN_noBinding_noDMR"
"ENSG00000162373","DEGs_DOWN_noBinding_noDMR"
"ENSG00000121350","DEGs_DOWN_noBinding_noDMR"
"ENSG00000111728","DEGs_DOWN_noBinding_noDMR"
"ENSG00000085982","DEGs_DOWN_noBinding_noDMR"
"ENSG00000168490","DEGs_DOWN_noBinding_noDMR"
"ENSG00000126804","DEGs_DOWN_noBinding_noDMR"
"ENSG00000170689","DEGs_DOWN_noBinding_noDMR"
"ENSG00000160789","DEGs_DOWN_noBinding_noDMR"
"ENSG00000152359","DEGs_DOWN_noBinding_noDMR"
"ENSG00000006282","DEGs_DOWN_noBinding_noDMR"
"ENSG00000155957","DEGs_DOWN_noBinding_noDMR"
"ENSG00000187790","DEGs_DOWN_noBinding_noDMR"
"ENSG00000185480","DEGs_DOWN_noBinding_noDMR"
"ENSG00000205517","DEGs_DOWN_noBinding_noDMR"
"ENSG00000125753","DEGs_DOWN_noBinding_noDMR"
"ENSG00000163655","DEGs_DOWN_noBinding_noDMR"
"ENSG00000113240","DEGs_DOWN_noBinding_noDMR"
"ENSG00000079246","DEGs_DOWN_noBinding_noDMR"
"ENSG00000269713","DEGs_DOWN_noBinding_noDMR"
"ENSG00000244462","DEGs_DOWN_noBinding_noDMR"
"ENSG00000188177","DEGs_DOWN_noBinding_noDMR"
"ENSG00000020181","DEGs_DOWN_noBinding_noDMR"
"ENSG00000198429","DEGs_DOWN_noBinding_noDMR"
"ENSG00000161267","DEGs_DOWN_noBinding_noDMR"
"ENSG00000167363","DEGs_DOWN_noBinding_noDMR"
"ENSG00000184731","DEGs_DOWN_noBinding_noDMR"
"ENSG00000206053","DEGs_DOWN_noBinding_noDMR"
"ENSG00000163689","DEGs_DOWN_noBinding_noDMR"
"ENSG00000168297","DEGs_DOWN_noBinding_noDMR"
"ENSG00000144199","DEGs_DOWN_noBinding_noDMR"
"ENSG00000138115","DEGs_DOWN_noBinding_noDMR"
"ENSG00000228049","DEGs_DOWN_noBinding_noDMR"
"ENSG00000006634","DEGs_DOWN_noBinding_noDMR"
"ENSG00000147894","DEGs_DOWN_noBinding_noDMR"
"ENSG00000166130","DEGs_DOWN_noBinding_noDMR"
"ENSG00000157110","DEGs_DOWN_noBinding_noDMR"
"ENSG00000115419","DEGs_DOWN_noBinding_noDMR"
"ENSG00000035403","DEGs_DOWN_noBinding_noDMR"
"ENSG00000068028","DEGs_DOWN_noBinding_noDMR"
"ENSG00000171320","DEGs_DOWN_noBinding_noDMR"
"ENSG00000164627","DEGs_DOWN_noBinding_noDMR"
"ENSG00000133169","DEGs_DOWN_noBinding_noDMR"
"ENSG00000163507","DEGs_DOWN_noBinding_noDMR"
"ENSG00000107372","DEGs_DOWN_noBinding_noDMR"
"ENSG00000242220","DEGs_DOWN_noBinding_noDMR"
"ENSG00000141179","DEGs_DOWN_noBinding_noDMR"
"ENSG00000065911","DEGs_DOWN_noBinding_noDMR"
"ENSG00000136068","DEGs_DOWN_noBinding_noDMR"
"ENSG00000042980","DEGs_DOWN_noBinding_noDMR"
"ENSG00000138756","DEGs_DOWN_noBinding_noDMR"
"ENSG00000135473","DEGs_DOWN_noBinding_noDMR"
"ENSG00000140395","DEGs_DOWN_noBinding_noDMR"
"ENSG00000134970","DEGs_DOWN_noBinding_noDMR"
"ENSG00000182050","DEGs_DOWN_noBinding_noDMR"
"ENSG00000175463","DEGs_DOWN_noBinding_noDMR"
"ENSG00000082397","DEGs_DOWN_noBinding_noDMR"
"ENSG00000087237","DEGs_DOWN_noBinding_noDMR"
"ENSG00000102781","DEGs_DOWN_noBinding_noDMR"
"ENSG00000118473","DEGs_DOWN_noBinding_noDMR"
"ENSG00000184675","DEGs_DOWN_noBinding_noDMR"
"ENSG00000123384","DEGs_DOWN_noBinding_noDMR"
"ENSG00000102471","DEGs_DOWN_noBinding_noDMR"
"ENSG00000137752","DEGs_DOWN_noBinding_noDMR"
"ENSG00000148143","DEGs_DOWN_noBinding_noDMR"
"ENSG00000103642","DEGs_DOWN_noBinding_noDMR"
"ENSG00000198042","DEGs_DOWN_noBinding_noDMR"
"ENSG00000164654","DEGs_DOWN_noBinding_noDMR"
"ENSG00000129197","DEGs_DOWN_noBinding_noDMR"
"ENSG00000175105","DEGs_DOWN_noBinding_noDMR"
"ENSG00000187605","DEGs_DOWN_noBinding_noDMR"
"ENSG00000144152","DEGs_DOWN_noBinding_noDMR"
"ENSG00000221994","DEGs_DOWN_noBinding_noDMR"
"ENSG00000164611","DEGs_DOWN_noBinding_noDMR"
"ENSG00000117528","DEGs_DOWN_noBinding_noDMR"
"ENSG00000170160","DEGs_DOWN_noBinding_noDMR"
"ENSG00000155755","DEGs_DOWN_noBinding_noDMR"
"ENSG00000136451","DEGs_DOWN_noBinding_noDMR"
"ENSG00000186469","DEGs_DOWN_noBinding_noDMR"
"ENSG00000008394","DEGs_DOWN_noBinding_noDMR"
"ENSG00000168255","DEGs_DOWN_noBinding_noDMR"
"ENSG00000196305","DEGs_DOWN_noBinding_noDMR"
"ENSG00000124615","DEGs_DOWN_noBinding_noDMR"
"ENSG00000227051","DEGs_DOWN_noBinding_noDMR"
"ENSG00000164199","DEGs_DOWN_noBinding_noDMR"
"ENSG00000171385","DEGs_DOWN_noBinding_noDMR"
"ENSG00000109861","DEGs_DOWN_noBinding_noDMR"
"ENSG00000181444","DEGs_DOWN_noBinding_noDMR"
"ENSG00000142634","DEGs_DOWN_noBinding_noDMR"
"ENSG00000197872","DEGs_DOWN_noBinding_noDMR"
"ENSG00000221869","DEGs_DOWN_noBinding_noDMR"
"ENSG00000112081","DEGs_DOWN_noBinding_noDMR"
"ENSG00000011523","DEGs_DOWN_noBinding_noDMR"
"ENSG00000198455","DEGs_DOWN_noBinding_noDMR"
"ENSG00000062822","DEGs_DOWN_noBinding_noDMR"
"ENSG00000070423","DEGs_DOWN_noBinding_noDMR"
"ENSG00000148187","DEGs_DOWN_noBinding_noDMR"
"ENSG00000163638","DEGs_DOWN_noBinding_noDMR"
"ENSG00000156687","DEGs_DOWN_noBinding_noDMR"
"ENSG00000023572","DEGs_DOWN_noBinding_noDMR"
"ENSG00000071626","DEGs_DOWN_noBinding_noDMR"
"ENSG00000135272","DEGs_DOWN_noBinding_noDMR"
"ENSG00000144560","DEGs_DOWN_noBinding_noDMR"
"ENSG00000101353","DEGs_DOWN_noBinding_noDMR"
"ENSG00000147123","DEGs_DOWN_noBinding_noDMR"
"ENSG00000125675","DEGs_DOWN_noBinding_noDMR"
"ENSG00000181544","DEGs_DOWN_noBinding_noDMR"
"ENSG00000124299","DEGs_DOWN_noBinding_noDMR"
"ENSG00000131791","DEGs_DOWN_noBinding_noDMR"
"ENSG00000277972","DEGs_DOWN_noBinding_noDMR"
"ENSG00000135185","DEGs_DOWN_noBinding_noDMR"
"ENSG00000132356","DEGs_DOWN_noBinding_noDMR"
"ENSG00000160710","DEGs_DOWN_noBinding_noDMR"
"ENSG00000145087","DEGs_DOWN_noBinding_noDMR"
"ENSG00000078900","DEGs_DOWN_noBinding_noDMR"
"ENSG00000185414","DEGs_DOWN_noBinding_noDMR"
"ENSG00000077097","DEGs_DOWN_noBinding_noDMR"
"ENSG00000079156","DEGs_DOWN_noBinding_noDMR"
"ENSG00000196569","DEGs_DOWN_noBinding_noDMR"
"ENSG00000128731","DEGs_DOWN_noBinding_noDMR"
"ENSG00000147526","DEGs_DOWN_noBinding_noDMR"
"ENSG00000196187","DEGs_DOWN_noBinding_noDMR"
"ENSG00000104219","DEGs_DOWN_noBinding_noDMR"
"ENSG00000100749","DEGs_DOWN_noBinding_noDMR"
"ENSG00000158290","DEGs_DOWN_noBinding_noDMR"
"ENSG00000119004","DEGs_DOWN_noBinding_noDMR"
"ENSG00000060339","DEGs_DOWN_noBinding_noDMR"
"ENSG00000100578","DEGs_DOWN_noBinding_noDMR"
"ENSG00000188167","DEGs_DOWN_noBinding_noDMR"
"ENSG00000110697","DEGs_DOWN_noBinding_noDMR"
"ENSG00000204219","DEGs_DOWN_noBinding_noDMR"
"ENSG00000130024","DEGs_DOWN_noBinding_noDMR"
"ENSG00000168036","DEGs_DOWN_noBinding_noDMR"
"ENSG00000133641","DEGs_DOWN_noBinding_noDMR"
"ENSG00000055163","DEGs_DOWN_noBinding_noDMR"
"ENSG00000130592","DEGs_DOWN_noBinding_noDMR"
"ENSG00000113441","DEGs_DOWN_noBinding_noDMR"
"ENSG00000256188","DEGs_DOWN_noBinding_noDMR"
"ENSG00000106992","DEGs_DOWN_noBinding_noDMR"
"ENSG00000137804","DEGs_DOWN_noBinding_noDMR"
"ENSG00000149792","DEGs_DOWN_noBinding_noDMR"
"ENSG00000285437","DEGs_DOWN_noBinding_noDMR"
"ENSG00000055332","DEGs_DOWN_noBinding_noDMR"
"ENSG00000185245","DEGs_DOWN_noBinding_noDMR"
"ENSG00000187555","DEGs_DOWN_noBinding_noDMR"
"ENSG00000104290","DEGs_DOWN_noBinding_noDMR"
"ENSG00000004866","DEGs_DOWN_noBinding_noDMR"
"ENSG00000132623","DEGs_DOWN_noBinding_noDMR"
"ENSG00000100526","DEGs_DOWN_noBinding_noDMR"
"ENSG00000110455","DEGs_DOWN_noBinding_noDMR"
"ENSG00000101974","DEGs_DOWN_noBinding_noDMR"
"ENSG00000196683","DEGs_DOWN_noBinding_noDMR"
"ENSG00000238227","DEGs_DOWN_noBinding_noDMR"
"ENSG00000174963","DEGs_DOWN_noBinding_noDMR"
"ENSG00000075073","DEGs_DOWN_noBinding_noDMR"
"ENSG00000121741","DEGs_DOWN_noBinding_noDMR"
"ENSG00000154767","DEGs_DOWN_noBinding_noDMR"
"ENSG00000110171","DEGs_DOWN_noBinding_noDMR"
"ENSG00000092208","DEGs_DOWN_noBinding_noDMR"
"ENSG00000270231","DEGs_DOWN_noBinding_noDMR"
"ENSG00000178105","DEGs_DOWN_noBinding_noDMR"
"ENSG00000105793","DEGs_DOWN_noBinding_noDMR"
"ENSG00000215301","DEGs_DOWN_noBinding_noDMR"
"ENSG00000166974","DEGs_DOWN_noBinding_noDMR"
"ENSG00000107960","DEGs_DOWN_noBinding_noDMR"
"ENSG00000145861","DEGs_DOWN_noBinding_noDMR"
"ENSG00000109436","DEGs_DOWN_noBinding_noDMR"
"ENSG00000278505","DEGs_DOWN_noBinding_noDMR"
"ENSG00000198743","DEGs_DOWN_noBinding_noDMR"
"ENSG00000164220","DEGs_DOWN_noBinding_noDMR"
"ENSG00000118420","DEGs_DOWN_noBinding_noDMR"
"ENSG00000006638","DEGs_DOWN_noBinding_noDMR"
"ENSG00000197724","DEGs_DOWN_noBinding_noDMR"
"ENSG00000149506","DEGs_DOWN_noBinding_noDMR"
"ENSG00000113494","DEGs_DOWN_noBinding_noDMR"
"ENSG00000160219","DEGs_DOWN_noBinding_noDMR"
"ENSG00000172053","DEGs_DOWN_noBinding_noDMR"
"ENSG00000008952","DEGs_DOWN_noBinding_noDMR"
"ENSG00000182963","DEGs_DOWN_noBinding_noDMR"
"ENSG00000139151","DEGs_DOWN_noBinding_noDMR"
"ENSG00000063601","DEGs_DOWN_noBinding_noDMR"
"ENSG00000112769","DEGs_DOWN_noBinding_noDMR"
"ENSG00000139351","DEGs_DOWN_noBinding_noDMR"
"ENSG00000165244","DEGs_DOWN_noBinding_noDMR"
"ENSG00000152348","DEGs_DOWN_noBinding_noDMR"
"ENSG00000130517","DEGs_DOWN_noBinding_noDMR"
"ENSG00000071051","DEGs_DOWN_noBinding_noDMR"
"ENSG00000138668","DEGs_DOWN_noBinding_noDMR"
"ENSG00000116001","DEGs_DOWN_noBinding_noDMR"
"ENSG00000131473","DEGs_DOWN_noBinding_noDMR"
"ENSG00000101236","DEGs_DOWN_noBinding_noDMR"
"ENSG00000275183","DEGs_DOWN_noBinding_noDMR"
"ENSG00000233276","DEGs_DOWN_noBinding_noDMR"
"ENSG00000161996","DEGs_DOWN_noBinding_noDMR"
"ENSG00000115840","DEGs_DOWN_noBinding_noDMR"
"ENSG00000135108","DEGs_DOWN_noBinding_noDMR"
"ENSG00000117834","DEGs_DOWN_noBinding_noDMR"
"ENSG00000178921","DEGs_DOWN_noBinding_noDMR"
"ENSG00000101246","DEGs_DOWN_noBinding_noDMR"
"ENSG00000137221","DEGs_DOWN_noBinding_noDMR"
"ENSG00000179241","DEGs_DOWN_noBinding_noDMR"
"ENSG00000165091","DEGs_DOWN_noBinding_noDMR"
"ENSG00000132122","DEGs_DOWN_noBinding_noDMR"
"ENSG00000112029","DEGs_DOWN_noBinding_noDMR"
"ENSG00000117481","DEGs_DOWN_noBinding_noDMR"
"ENSG00000187650","DEGs_DOWN_noBinding_noDMR"
"ENSG00000132716","DEGs_DOWN_noBinding_noDMR"
"ENSG00000141279","DEGs_DOWN_noBinding_noDMR"
"ENSG00000137561","DEGs_DOWN_noBinding_noDMR"
"ENSG00000174405","DEGs_DOWN_noBinding_noDMR"
"ENSG00000064652","DEGs_DOWN_noBinding_noDMR"
"ENSG00000077238","DEGs_DOWN_noBinding_noDMR"
"ENSG00000144120","DEGs_DOWN_noBinding_noDMR"
"ENSG00000254440","DEGs_DOWN_noBinding_noDMR"
"ENSG00000111678","DEGs_DOWN_noBinding_noDMR"
"ENSG00000109686","DEGs_DOWN_noBinding_noDMR"
"ENSG00000241839","DEGs_DOWN_noBinding_noDMR"
"ENSG00000149311","DEGs_DOWN_noBinding_noDMR"
"ENSG00000196136","DEGs_DOWN_noBinding_noDMR"
"ENSG00000107165","DEGs_DOWN_noBinding_noDMR"
"ENSG00000197183","DEGs_DOWN_noBinding_noDMR"
"ENSG00000187866","DEGs_DOWN_noBinding_noDMR"
"ENSG00000160216","DEGs_DOWN_noBinding_noDMR"
"ENSG00000147124","DEGs_DOWN_noBinding_noDMR"
"ENSG00000184557","DEGs_DOWN_noBinding_noDMR"
"ENSG00000157978","DEGs_DOWN_noBinding_noDMR"
"ENSG00000113645","DEGs_DOWN_noBinding_noDMR"
"ENSG00000132305","DEGs_DOWN_noBinding_noDMR"
"ENSG00000133111","DEGs_DOWN_noBinding_noDMR"
"ENSG00000133048","DEGs_DOWN_noBinding_noDMR"
"ENSG00000116337","DEGs_DOWN_noBinding_noDMR"
"ENSG00000185220","DEGs_DOWN_noBinding_noDMR"
"ENSG00000126903","DEGs_DOWN_noBinding_noDMR"
"ENSG00000072864","DEGs_DOWN_noBinding_noDMR"
"ENSG00000107485","DEGs_DOWN_noBinding_noDMR"
"ENSG00000213347","DEGs_DOWN_noBinding_noDMR"
"ENSG00000095380","DEGs_DOWN_noBinding_noDMR"
"ENSG00000070214","DEGs_DOWN_noBinding_noDMR"
"ENSG00000086102","DEGs_DOWN_noBinding_noDMR"
"ENSG00000130962","DEGs_DOWN_noBinding_noDMR"
"ENSG00000198932","DEGs_DOWN_noBinding_noDMR"
"ENSG00000164494","DEGs_DOWN_noBinding_noDMR"
"ENSG00000148450","DEGs_DOWN_noBinding_noDMR"
"ENSG00000138764","DEGs_DOWN_noBinding_noDMR"
"ENSG00000163935","DEGs_DOWN_noBinding_noDMR"
"ENSG00000182700","DEGs_DOWN_noBinding_noDMR"
"ENSG00000105327","DEGs_DOWN_noBinding_noDMR"
"ENSG00000169126","DEGs_DOWN_noBinding_noDMR"
"ENSG00000177311","DEGs_DOWN_noBinding_noDMR"
"ENSG00000144115","DEGs_DOWN_noBinding_noDMR"
"ENSG00000151490","DEGs_DOWN_noBinding_noDMR"
"ENSG00000285077","DEGs_DOWN_noBinding_noDMR"
"ENSG00000047849","DEGs_DOWN_noBinding_noDMR"
"ENSG00000197935","DEGs_DOWN_noBinding_noDMR"
"ENSG00000134532","DEGs_DOWN_noBinding_noDMR"
"ENSG00000088766","DEGs_DOWN_noBinding_noDMR"
"ENSG00000112033","DEGs_DOWN_noBinding_noDMR"
"ENSG00000099256","DEGs_DOWN_noBinding_noDMR"
"ENSG00000128872","DEGs_DOWN_noBinding_noDMR"
"ENSG00000163702","DEGs_DOWN_noBinding_noDMR"
"ENSG00000135930","DEGs_DOWN_noBinding_noDMR"
"ENSG00000148926","DEGs_DOWN_noBinding_noDMR"
"ENSG00000104365","DEGs_DOWN_noBinding_noDMR"
"ENSG00000120327","DEGs_DOWN_noBinding_noDMR"
"ENSG00000172115","DEGs_DOWN_noBinding_noDMR"
"ENSG00000172269","DEGs_DOWN_noBinding_noDMR"
"ENSG00000112759","DEGs_DOWN_noBinding_noDMR"
"ENSG00000176624","DEGs_DOWN_noBinding_noDMR"
"ENSG00000141367","DEGs_DOWN_noBinding_noDMR"
"ENSG00000125730","DEGs_DOWN_noBinding_noDMR"
"ENSG00000157014","DEGs_DOWN_noBinding_noDMR"
"ENSG00000273173","DEGs_DOWN_noBinding_noDMR"
"ENSG00000156017","DEGs_DOWN_noBinding_noDMR"
"ENSG00000115760","DEGs_DOWN_noBinding_noDMR"
"ENSG00000143374","DEGs_DOWN_noBinding_noDMR"
"ENSG00000153147","DEGs_DOWN_noBinding_noDMR"
"ENSG00000122694","DEGs_DOWN_noBinding_noDMR"
"ENSG00000177542","DEGs_DOWN_noBinding_noDMR"
"ENSG00000197324","DEGs_DOWN_noBinding_noDMR"
"ENSG00000164172","DEGs_DOWN_noBinding_noDMR"
"ENSG00000121454","DEGs_DOWN_noBinding_noDMR"
"ENSG00000114923","DEGs_DOWN_noBinding_noDMR"
"ENSG00000111237","DEGs_DOWN_noBinding_noDMR"
"ENSG00000157933","DEGs_DOWN_noBinding_noDMR"
"ENSG00000152439","DEGs_DOWN_noBinding_noDMR"
"ENSG00000120322","DEGs_DOWN_noBinding_noDMR"
"ENSG00000100014","DEGs_DOWN_noBinding_noDMR"
"ENSG00000230124","DEGs_DOWN_noBinding_noDMR"
"ENSG00000136436","DEGs_DOWN_noBinding_noDMR"
"ENSG00000142892","DEGs_DOWN_noBinding_noDMR"
"ENSG00000158571","DEGs_DOWN_noBinding_noDMR"
"ENSG00000163605","DEGs_DOWN_noBinding_noDMR"
"ENSG00000166979","DEGs_DOWN_noBinding_noDMR"
"ENSG00000126822","DEGs_DOWN_noBinding_noDMR"
"ENSG00000182504","DEGs_DOWN_noBinding_noDMR"
"ENSG00000081177","DEGs_DOWN_noBinding_noDMR"
"ENSG00000029363","DEGs_DOWN_noBinding_noDMR"
"ENSG00000082512","DEGs_DOWN_noBinding_noDMR"
"ENSG00000204568","DEGs_DOWN_noBinding_noDMR"
"ENSG00000037965","DEGs_DOWN_noBinding_noDMR"
"ENSG00000163807","DEGs_DOWN_noBinding_noDMR"
"ENSG00000146757","DEGs_DOWN_noBinding_noDMR"
"ENSG00000072062","DEGs_DOWN_noBinding_noDMR"
"ENSG00000182749","DEGs_DOWN_noBinding_noDMR"
"ENSG00000188596","DEGs_DOWN_noBinding_noDMR"
"ENSG00000103742","DEGs_DOWN_noBinding_noDMR"
"ENSG00000129625","DEGs_DOWN_noBinding_noDMR"
"ENSG00000198205","DEGs_DOWN_noBinding_noDMR"
"ENSG00000214087","DEGs_DOWN_noBinding_noDMR"
"ENSG00000066044","DEGs_DOWN_noBinding_noDMR"
"ENSG00000166479","DEGs_DOWN_noBinding_noDMR"
"ENSG00000116815","DEGs_DOWN_noBinding_noDMR"
"ENSG00000104856","DEGs_DOWN_noBinding_noDMR"
"ENSG00000114473","DEGs_DOWN_noBinding_noDMR"
"ENSG00000268043","DEGs_DOWN_noBinding_noDMR"
"ENSG00000133392","DEGs_DOWN_noBinding_noDMR"
"ENSG00000089006","DEGs_DOWN_noBinding_noDMR"
"ENSG00000085719","DEGs_DOWN_noBinding_noDMR"
"ENSG00000185129","DEGs_DOWN_noBinding_noDMR"
"ENSG00000145391","DEGs_DOWN_noBinding_noDMR"
"ENSG00000071539","DEGs_DOWN_noBinding_noDMR"
"ENSG00000100162","DEGs_DOWN_noBinding_noDMR"
"ENSG00000122482","DEGs_DOWN_noBinding_noDMR"
"ENSG00000134184","DEGs_DOWN_noBinding_noDMR"
"ENSG00000186684","DEGs_DOWN_noBinding_noDMR"
"ENSG00000107959","DEGs_DOWN_noBinding_noDMR"
"ENSG00000120318","DEGs_DOWN_noBinding_noDMR"
"ENSG00000135454","DEGs_DOWN_noBinding_noDMR"
"ENSG00000138650","DEGs_DOWN_noBinding_noDMR"
"ENSG00000145592","DEGs_DOWN_noBinding_noDMR"
"ENSG00000162063","DEGs_DOWN_noBinding_noDMR"
"ENSG00000155363","DEGs_DOWN_noBinding_noDMR"
"ENSG00000103811","DEGs_DOWN_noBinding_noDMR"
"ENSG00000004897","DEGs_DOWN_noBinding_noDMR"
"ENSG00000241258","DEGs_DOWN_noBinding_noDMR"
"ENSG00000175602","DEGs_DOWN_noBinding_noDMR"
"ENSG00000203760","DEGs_DOWN_noBinding_noDMR"
"ENSG00000144815","DEGs_DOWN_noBinding_noDMR"
"ENSG00000164823","DEGs_DOWN_noBinding_noDMR"
"ENSG00000186716","DEGs_DOWN_noBinding_noDMR"
"ENSG00000099917","DEGs_DOWN_noBinding_noDMR"
"ENSG00000168118","DEGs_DOWN_noBinding_noDMR"
"ENSG00000198837","DEGs_DOWN_noBinding_noDMR"
"ENSG00000127325","DEGs_DOWN_noBinding_noDMR"
"ENSG00000111696","DEGs_DOWN_noBinding_noDMR"
"ENSG00000100003","DEGs_DOWN_noBinding_noDMR"
"ENSG00000177943","DEGs_DOWN_noBinding_noDMR"
"ENSG00000112701","DEGs_DOWN_noBinding_noDMR"
"ENSG00000008517","DEGs_DOWN_noBinding_noDMR"
"ENSG00000196290","DEGs_DOWN_noBinding_noDMR"
"ENSG00000179051","DEGs_DOWN_noBinding_noDMR"
"ENSG00000164761","DEGs_DOWN_noBinding_noDMR"
"ENSG00000167524","DEGs_DOWN_noBinding_noDMR"
"ENSG00000009954","DEGs_DOWN_noBinding_noDMR"
"ENSG00000078403","DEGs_DOWN_noBinding_noDMR"
"ENSG00000165219","DEGs_DOWN_noBinding_noDMR"
"ENSG00000237651","DEGs_DOWN_noBinding_noDMR"
"ENSG00000140400","DEGs_DOWN_noBinding_noDMR"
"ENSG00000196865","DEGs_DOWN_noBinding_noDMR"
"ENSG00000148339","DEGs_DOWN_noBinding_noDMR"
"ENSG00000175536","DEGs_DOWN_noBinding_noDMR"
"ENSG00000162591","DEGs_DOWN_noBinding_noDMR"
"ENSG00000073146","DEGs_DOWN_noBinding_noDMR"
"ENSG00000083312","DEGs_DOWN_noBinding_noDMR"
"ENSG00000153879","DEGs_DOWN_noBinding_noDMR"
"ENSG00000152495","DEGs_DOWN_noBinding_noDMR"
"ENSG00000164105","DEGs_DOWN_noBinding_noDMR"
"ENSG00000081052","DEGs_DOWN_noBinding_noDMR"
"ENSG00000106799","DEGs_DOWN_noBinding_noDMR"
"ENSG00000158445","DEGs_DOWN_noBinding_noDMR"
"ENSG00000214753","DEGs_DOWN_noBinding_noDMR"
"ENSG00000100906","DEGs_DOWN_noBinding_noDMR"
"ENSG00000165156","DEGs_DOWN_noBinding_noDMR"
"ENSG00000160208","DEGs_DOWN_noBinding_noDMR"
"ENSG00000187535","DEGs_DOWN_noBinding_noDMR"
"ENSG00000117625","DEGs_DOWN_noBinding_noDMR"
"ENSG00000042088","DEGs_DOWN_noBinding_noDMR"
"ENSG00000071127","DEGs_DOWN_noBinding_noDMR"
"ENSG00000156671","DEGs_DOWN_noBinding_noDMR"
"ENSG00000147140","DEGs_DOWN_noBinding_noDMR"
"ENSG00000135821","DEGs_DOWN_noBinding_noDMR"
"ENSG00000138758","DEGs_DOWN_noBinding_noDMR"
"ENSG00000168393","DEGs_DOWN_noBinding_noDMR"
"ENSG00000070476","DEGs_DOWN_noBinding_noDMR"
"ENSG00000168994","DEGs_DOWN_noBinding_noDMR"
"ENSG00000165061","DEGs_DOWN_noBinding_noDMR"
"ENSG00000162702","DEGs_DOWN_noBinding_noDMR"
"ENSG00000134371","DEGs_DOWN_noBinding_noDMR"
"ENSG00000130669","DEGs_DOWN_noBinding_noDMR"
"ENSG00000105323","DEGs_DOWN_noBinding_noDMR"
"ENSG00000185088","DEGs_DOWN_noBinding_noDMR"
"ENSG00000188529","DEGs_DOWN_noBinding_noDMR"
"ENSG00000136840","DEGs_DOWN_noBinding_noDMR"
"ENSG00000130726","DEGs_DOWN_noBinding_noDMR"
"ENSG00000158106","DEGs_DOWN_noBinding_noDMR"
"ENSG00000167995","DEGs_DOWN_noBinding_noDMR"
"ENSG00000054793","DEGs_DOWN_noBinding_noDMR"
"ENSG00000083444","DEGs_DOWN_noBinding_noDMR"
"ENSG00000116497","DEGs_DOWN_noBinding_noDMR"
"ENSG00000071859","DEGs_DOWN_noBinding_noDMR"
"ENSG00000187091","DEGs_DOWN_noBinding_noDMR"
"ENSG00000156697","DEGs_DOWN_noBinding_noDMR"
"ENSG00000108106","DEGs_DOWN_noBinding_noDMR"
"ENSG00000197045","DEGs_DOWN_noBinding_noDMR"
"ENSG00000197479","DEGs_DOWN_noBinding_noDMR"
"ENSG00000134590","DEGs_DOWN_noBinding_noDMR"
"ENSG00000122481","DEGs_DOWN_noBinding_noDMR"
"ENSG00000078967","DEGs_DOWN_noBinding_noDMR"
"ENSG00000105287","DEGs_DOWN_noBinding_noDMR"
"ENSG00000173705","DEGs_DOWN_noBinding_noDMR"
"ENSG00000182180","DEGs_DOWN_noBinding_noDMR"
"ENSG00000184634","DEGs_DOWN_noBinding_noDMR"
"ENSG00000256162","DEGs_DOWN_noBinding_noDMR"
"ENSG00000214338","DEGs_DOWN_noBinding_noDMR"
"ENSG00000074181","DEGs_DOWN_noBinding_noDMR"
"ENSG00000117543","DEGs_DOWN_noBinding_noDMR"
"ENSG00000087245","DEGs_DOWN_noBinding_noDMR"
"ENSG00000159069","DEGs_DOWN_noBinding_noDMR"
"ENSG00000163864","DEGs_DOWN_noBinding_noDMR"
"ENSG00000275074","DEGs_DOWN_noBinding_noDMR"
"ENSG00000114353","DEGs_DOWN_noBinding_noDMR"
"ENSG00000073670","DEGs_DOWN_noBinding_noDMR"
"ENSG00000139116","DEGs_DOWN_noBinding_noDMR"
"ENSG00000183474","DEGs_DOWN_noBinding_noDMR"
"ENSG00000128683","DEGs_DOWN_noBinding_noDMR"
"ENSG00000188647","DEGs_DOWN_noBinding_noDMR"
"ENSG00000099284","DEGs_DOWN_noBinding_noDMR"
"ENSG00000135218","DEGs_DOWN_noBinding_noDMR"
"ENSG00000171574","DEGs_DOWN_noBinding_noDMR"
"ENSG00000088888","DEGs_DOWN_noBinding_noDMR"
"ENSG00000173281","DEGs_DOWN_noBinding_noDMR"
"ENSG00000122545","DEGs_DOWN_noBinding_noDMR"
"ENSG00000165490","DEGs_DOWN_noBinding_noDMR"
"ENSG00000005483","DEGs_DOWN_noBinding_noDMR"
"ENSG00000113569","DEGs_DOWN_noBinding_noDMR"
"ENSG00000127483","DEGs_DOWN_noBinding_noDMR"
"ENSG00000175455","DEGs_DOWN_noBinding_noDMR"
"ENSG00000169021","DEGs_DOWN_noBinding_noDMR"
"ENSG00000185442","DEGs_DOWN_noBinding_noDMR"
"ENSG00000126005","DEGs_DOWN_noBinding_noDMR"
"ENSG00000126215","DEGs_DOWN_noBinding_noDMR"
"ENSG00000092964","DEGs_DOWN_noBinding_noDMR"
"ENSG00000244754","DEGs_DOWN_noBinding_noDMR"
"ENSG00000099330","DEGs_DOWN_noBinding_noDMR"
"ENSG00000176225","DEGs_DOWN_noBinding_noDMR"
"ENSG00000127314","DEGs_DOWN_noBinding_noDMR"
"ENSG00000116191","DEGs_DOWN_noBinding_noDMR"
"ENSG00000119699","DEGs_DOWN_noBinding_noDMR"
"ENSG00000135245","DEGs_DOWN_noBinding_noDMR"
"ENSG00000135097","DEGs_DOWN_noBinding_noDMR"
"ENSG00000143493","DEGs_DOWN_noBinding_noDMR"
"ENSG00000155096","DEGs_DOWN_noBinding_noDMR"
"ENSG00000152284","DEGs_DOWN_noBinding_noDMR"
"ENSG00000133321","DEGs_DOWN_noBinding_noDMR"
"ENSG00000205981","DEGs_DOWN_noBinding_noDMR"
"ENSG00000152465","DEGs_DOWN_noBinding_noDMR"
"ENSG00000160917","DEGs_DOWN_noBinding_noDMR"
"ENSG00000118418","DEGs_DOWN_noBinding_noDMR"
"ENSG00000051180","DEGs_DOWN_noBinding_noDMR"
"ENSG00000069966","DEGs_DOWN_noBinding_noDMR"
"ENSG00000221886","DEGs_DOWN_noBinding_noDMR"
"ENSG00000169599","DEGs_DOWN_noBinding_noDMR"
"ENSG00000267534","DEGs_DOWN_noBinding_noDMR"
"ENSG00000166793","DEGs_DOWN_noBinding_noDMR"
"ENSG00000072778","DEGs_DOWN_noBinding_noDMR"
"ENSG00000033627","DEGs_DOWN_noBinding_noDMR"
"ENSG00000104142","DEGs_DOWN_noBinding_noDMR"
"ENSG00000129355","DEGs_DOWN_noBinding_noDMR"
"ENSG00000120820","DEGs_DOWN_noBinding_noDMR"
"ENSG00000137700","DEGs_DOWN_noBinding_noDMR"
"ENSG00000144426","DEGs_DOWN_noBinding_noDMR"
"ENSG00000121775","DEGs_DOWN_noBinding_noDMR"
"ENSG00000169692","DEGs_DOWN_noBinding_noDMR"
"ENSG00000205129","DEGs_DOWN_noBinding_noDMR"
"ENSG00000087842","DEGs_DOWN_noBinding_noDMR"
"ENSG00000118482","DEGs_DOWN_noBinding_noDMR"
"ENSG00000100228","DEGs_DOWN_noBinding_noDMR"
"ENSG00000172548","DEGs_DOWN_noBinding_noDMR"
"ENSG00000139209","DEGs_DOWN_noBinding_noDMR"
"ENSG00000116095","DEGs_DOWN_noBinding_noDMR"
"ENSG00000138135","DEGs_DOWN_noBinding_noDMR"
"ENSG00000145217","DEGs_DOWN_noBinding_noDMR"
"ENSG00000164649","DEGs_DOWN_noBinding_noDMR"
"ENSG00000123416","DEGs_DOWN_noBinding_noDMR"
"ENSG00000090686","DEGs_DOWN_noBinding_noDMR"
"ENSG00000064961","DEGs_DOWN_noBinding_noDMR"
"ENSG00000166912","DEGs_DOWN_noBinding_noDMR"
"ENSG00000156253","DEGs_DOWN_noBinding_noDMR"
"ENSG00000165181","DEGs_DOWN_noBinding_noDMR"
"ENSG00000173272","DEGs_DOWN_noBinding_noDMR"
"ENSG00000109586","DEGs_DOWN_noBinding_noDMR"
"ENSG00000150867","DEGs_DOWN_noBinding_noDMR"
"ENSG00000094631","DEGs_DOWN_noBinding_noDMR"
"ENSG00000107816","DEGs_DOWN_noBinding_noDMR"
"ENSG00000116857","DEGs_DOWN_noBinding_noDMR"
"ENSG00000106603","DEGs_DOWN_noBinding_noDMR"
"ENSG00000173258","DEGs_DOWN_noBinding_noDMR"
"ENSG00000122126","DEGs_DOWN_noBinding_noDMR"
"ENSG00000196371","DEGs_DOWN_noBinding_noDMR"
"ENSG00000109189","DEGs_DOWN_noBinding_noDMR"
"ENSG00000161395","DEGs_DOWN_noBinding_noDMR"
"ENSG00000138311","DEGs_DOWN_noBinding_noDMR"
"ENSG00000196550","DEGs_DOWN_noBinding_noDMR"
"ENSG00000197587","DEGs_DOWN_noBinding_noDMR"
"ENSG00000168066","DEGs_DOWN_noBinding_noDMR"
"ENSG00000104093","DEGs_DOWN_noBinding_noDMR"
"ENSG00000143771","DEGs_DOWN_noBinding_noDMR"
"ENSG00000162980","DEGs_DOWN_noBinding_noDMR"
"ENSG00000048392","DEGs_DOWN_noBinding_noDMR"
"ENSG00000283528","DEGs_DOWN_noBinding_noDMR"
"ENSG00000107263","DEGs_DOWN_noBinding_noDMR"
"ENSG00000162365","DEGs_DOWN_noBinding_noDMR"
"ENSG00000100422","DEGs_DOWN_noBinding_noDMR"
"ENSG00000170485","DEGs_DOWN_noBinding_noDMR"
"ENSG00000147799","DEGs_DOWN_noBinding_noDMR"
"ENSG00000169925","DEGs_DOWN_noBinding_noDMR"
"ENSG00000151353","DEGs_DOWN_noBinding_noDMR"
"ENSG00000088970","DEGs_DOWN_noBinding_noDMR"
"ENSG00000205795","DEGs_DOWN_noBinding_noDMR"
"ENSG00000005059","DEGs_DOWN_noBinding_noDMR"
"ENSG00000143612","DEGs_DOWN_noBinding_noDMR"
"ENSG00000168675","DEGs_DOWN_noBinding_noDMR"
"ENSG00000146205","DEGs_DOWN_noBinding_noDMR"
"ENSG00000221926","DEGs_DOWN_noBinding_noDMR"
"ENSG00000136869","DEGs_DOWN_noBinding_noDMR"
"ENSG00000130175","DEGs_DOWN_noBinding_noDMR"
"ENSG00000146232","DEGs_DOWN_noBinding_noDMR"
"ENSG00000143801","DEGs_DOWN_noBinding_noDMR"
"ENSG00000147601","DEGs_DOWN_noBinding_noDMR"
"ENSG00000136147","DEGs_DOWN_noBinding_noDMR"
"ENSG00000169813","DEGs_DOWN_noBinding_noDMR"
"ENSG00000168214","DEGs_DOWN_noBinding_noDMR"
"ENSG00000135766","DEGs_DOWN_noBinding_noDMR"
"ENSG00000162931","DEGs_DOWN_noBinding_noDMR"
"ENSG00000173889","DEGs_DOWN_noBinding_noDMR"
"ENSG00000144227","DEGs_DOWN_noBinding_noDMR"
"ENSG00000215784","DEGs_DOWN_noBinding_noDMR"
"ENSG00000151687","DEGs_DOWN_noBinding_noDMR"
"ENSG00000147403","DEGs_DOWN_noBinding_noDMR"
"ENSG00000256436","DEGs_DOWN_noBinding_noDMR"
"ENSG00000118508","DEGs_DOWN_noBinding_noDMR"
"ENSG00000084636","DEGs_DOWN_noBinding_noDMR"
"ENSG00000142102","DEGs_DOWN_noBinding_noDMR"
"ENSG00000185090","DEGs_DOWN_noBinding_noDMR"
"ENSG00000255837","DEGs_DOWN_noBinding_noDMR"
"ENSG00000077616","DEGs_DOWN_noBinding_noDMR"
"ENSG00000151233","DEGs_DOWN_noBinding_noDMR"
"ENSG00000166471","DEGs_DOWN_noBinding_noDMR"
"ENSG00000112144","DEGs_DOWN_noBinding_noDMR"
"ENSG00000128915","DEGs_DOWN_noBinding_noDMR"
"ENSG00000151093","DEGs_DOWN_noBinding_noDMR"
"ENSG00000125551","DEGs_DOWN_noBinding_noDMR"
"ENSG00000033122","DEGs_DOWN_noBinding_noDMR"
"ENSG00000255374","DEGs_DOWN_noBinding_noDMR"
"ENSG00000124762","DEGs_DOWN_noBinding_noDMR"
"ENSG00000117713","DEGs_DOWN_noBinding_noDMR"
"ENSG00000137656","DEGs_DOWN_noBinding_noDMR"
"ENSG00000145365","DEGs_DOWN_noBinding_noDMR"
"ENSG00000136732","DEGs_DOWN_noBinding_noDMR"
"ENSG00000135297","DEGs_DOWN_noBinding_noDMR"
"ENSG00000059573","DEGs_DOWN_noBinding_noDMR"
"ENSG00000157020","DEGs_DOWN_noBinding_noDMR"
"ENSG00000156313","DEGs_DOWN_noBinding_noDMR"
"ENSG00000057294","DEGs_DOWN_noBinding_noDMR"
"ENSG00000112640","DEGs_DOWN_noBinding_noDMR"
"ENSG00000139350","DEGs_DOWN_noBinding_noDMR"
"ENSG00000240764","DEGs_DOWN_noBinding_noDMR"
"ENSG00000197208","DEGs_DOWN_noBinding_noDMR"
"ENSG00000141338","DEGs_DOWN_noBinding_noDMR"
"ENSG00000078061","DEGs_DOWN_noBinding_noDMR"
"ENSG00000075407","DEGs_DOWN_noBinding_noDMR"
"ENSG00000105643","DEGs_DOWN_noBinding_noDMR"
"ENSG00000184990","DEGs_DOWN_noBinding_noDMR"
"ENSG00000172733","DEGs_DOWN_noBinding_noDMR"
"ENSG00000160991","DEGs_DOWN_noBinding_noDMR"
"ENSG00000137497","DEGs_DOWN_noBinding_noDMR"
"ENSG00000090266","DEGs_DOWN_noBinding_noDMR"
"ENSG00000155966","DEGs_DOWN_noBinding_noDMR"
"ENSG00000215252","DEGs_DOWN_noBinding_noDMR"
"ENSG00000196776","DEGs_DOWN_noBinding_noDMR"
"ENSG00000189339","DEGs_DOWN_noBinding_noDMR"
"ENSG00000164040","DEGs_DOWN_noBinding_noDMR"
"ENSG00000164076","DEGs_DOWN_noBinding_noDMR"
"ENSG00000100220","DEGs_DOWN_noBinding_noDMR"
"ENSG00000178665","DEGs_DOWN_noBinding_noDMR"
"ENSG00000166598","DEGs_DOWN_noBinding_noDMR"
"ENSG00000135390","DEGs_DOWN_noBinding_noDMR"
"ENSG00000110880","DEGs_DOWN_noBinding_noDMR"
"ENSG00000102804","DEGs_DOWN_noBinding_noDMR"
"ENSG00000169507","DEGs_DOWN_noBinding_noDMR"
"ENSG00000134014","DEGs_DOWN_noBinding_noDMR"
"ENSG00000153707","DEGs_DOWN_noBinding_noDMR"
"ENSG00000177853","DEGs_DOWN_noBinding_noDMR"
"ENSG00000185361","DEGs_DOWN_noBinding_noDMR"
"ENSG00000128989","DEGs_DOWN_noBinding_noDMR"
"ENSG00000119227","DEGs_DOWN_noBinding_noDMR"
"ENSG00000162971","DEGs_DOWN_noBinding_noDMR"
"ENSG00000163320","DEGs_DOWN_noBinding_noDMR"
"ENSG00000160007","DEGs_DOWN_noBinding_noDMR"
"ENSG00000167123","DEGs_DOWN_noBinding_noDMR"
"ENSG00000175785","DEGs_DOWN_noBinding_noDMR"
"ENSG00000180777","DEGs_DOWN_noBinding_noDMR"
"ENSG00000165175","DEGs_DOWN_noBinding_noDMR"
"ENSG00000125648","DEGs_DOWN_noBinding_noDMR"
"ENSG00000147162","DEGs_DOWN_noBinding_noDMR"
"ENSG00000126247","DEGs_DOWN_noBinding_noDMR"
"ENSG00000099942","DEGs_DOWN_noBinding_noDMR"
"ENSG00000108528","DEGs_DOWN_noBinding_noDMR"
"ENSG00000166828","DEGs_DOWN_noBinding_noDMR"
"ENSG00000082014","DEGs_DOWN_noBinding_noDMR"
"ENSG00000173193","DEGs_DOWN_noBinding_noDMR"
"ENSG00000119321","DEGs_DOWN_noBinding_noDMR"
"ENSG00000008735","DEGs_DOWN_noBinding_noDMR"
"ENSG00000138674","DEGs_DOWN_noBinding_noDMR"
"ENSG00000171016","DEGs_DOWN_noBinding_noDMR"
"ENSG00000133937","DEGs_DOWN_noBinding_noDMR"
"ENSG00000100889","DEGs_DOWN_noBinding_noDMR"
"ENSG00000001561","DEGs_DOWN_noBinding_noDMR"
"ENSG00000175718","DEGs_DOWN_noBinding_noDMR"
"ENSG00000167371","DEGs_DOWN_noBinding_noDMR"
"ENSG00000145476","DEGs_DOWN_noBinding_noDMR"
"ENSG00000239704","DEGs_DOWN_noBinding_noDMR"
"ENSG00000179023","DEGs_DOWN_noBinding_noDMR"
"ENSG00000134864","DEGs_DOWN_noBinding_noDMR"
"ENSG00000133142","DEGs_DOWN_noBinding_noDMR"
"ENSG00000234127","DEGs_DOWN_noBinding_noDMR"
"ENSG00000164776","DEGs_DOWN_noBinding_noDMR"
"ENSG00000070018","DEGs_DOWN_noBinding_noDMR"
"ENSG00000166313","DEGs_DOWN_noBinding_noDMR"
"ENSG00000212124","DEGs_DOWN_noBinding_noDMR"
"ENSG00000106537","DEGs_DOWN_noBinding_noDMR"
"ENSG00000177189","DEGs_DOWN_noBinding_noDMR"
"ENSG00000104804","DEGs_DOWN_noBinding_noDMR"
"ENSG00000182359","DEGs_DOWN_noBinding_noDMR"
"ENSG00000135636","DEGs_DOWN_noBinding_noDMR"
"ENSG00000119383","DEGs_DOWN_noBinding_noDMR"
"ENSG00000127528","DEGs_DOWN_noBinding_noDMR"
"ENSG00000130520","DEGs_DOWN_noBinding_noDMR"
"ENSG00000110987","DEGs_DOWN_noBinding_noDMR"
"ENSG00000101152","DEGs_DOWN_noBinding_noDMR"
"ENSG00000173786","DEGs_DOWN_noBinding_noDMR"
"ENSG00000163746","DEGs_DOWN_noBinding_noDMR"
"ENSG00000206190","DEGs_DOWN_noBinding_noDMR"
"ENSG00000118412","DEGs_DOWN_noBinding_noDMR"
"ENSG00000153044","DEGs_DOWN_noBinding_noDMR"
"ENSG00000183955","DEGs_DOWN_noBinding_noDMR"
"ENSG00000104980","DEGs_DOWN_noBinding_noDMR"
"ENSG00000119787","DEGs_DOWN_noBinding_noDMR"
"ENSG00000131238","DEGs_DOWN_noBinding_noDMR"
"ENSG00000284308","DEGs_DOWN_noBinding_noDMR"
"ENSG00000072310","DEGs_DOWN_noBinding_noDMR"
"ENSG00000102034","DEGs_DOWN_noBinding_noDMR"
"ENSG00000136870","DEGs_DOWN_noBinding_noDMR"
"ENSG00000149658","DEGs_DOWN_noBinding_noDMR"
"ENSG00000188060","DEGs_DOWN_noBinding_noDMR"
"ENSG00000143126","DEGs_DOWN_noBinding_noDMR"
"ENSG00000103202","DEGs_DOWN_noBinding_noDMR"
"ENSG00000131019","DEGs_DOWN_noBinding_noDMR"
"ENSG00000274180","DEGs_DOWN_noBinding_noDMR"
"ENSG00000135124","DEGs_DOWN_noBinding_noDMR"
"ENSG00000197429","DEGs_DOWN_noBinding_noDMR"
"ENSG00000196715","DEGs_DOWN_noBinding_noDMR"
"ENSG00000123473","DEGs_DOWN_noBinding_noDMR"
"ENSG00000112234","DEGs_DOWN_noBinding_noDMR"
"ENSG00000227345","DEGs_DOWN_noBinding_noDMR"
"ENSG00000104687","DEGs_DOWN_noBinding_noDMR"
"ENSG00000184838","DEGs_DOWN_noBinding_noDMR"
"ENSG00000197978","DEGs_DOWN_noBinding_noDMR"
"ENSG00000122386","DEGs_DOWN_noBinding_noDMR"
"ENSG00000171931","DEGs_DOWN_noBinding_noDMR"
"ENSG00000127663","DEGs_DOWN_noBinding_noDMR"
"ENSG00000013374","DEGs_DOWN_noBinding_noDMR"
"ENSG00000155846","DEGs_DOWN_noBinding_noDMR"
"ENSG00000110011","DEGs_DOWN_noBinding_noDMR"
"ENSG00000112333","DEGs_DOWN_noBinding_noDMR"
"ENSG00000135736","DEGs_DOWN_noBinding_noDMR"
"ENSG00000175073","DEGs_DOWN_noBinding_noDMR"
"ENSG00000051128","DEGs_DOWN_noBinding_noDMR"
"ENSG00000203485","DEGs_DOWN_noBinding_noDMR"
"ENSG00000163629","DEGs_DOWN_noBinding_noDMR"
"ENSG00000181788","DEGs_DOWN_noBinding_noDMR"
"ENSG00000076067","DEGs_DOWN_noBinding_noDMR"
"ENSG00000157470","DEGs_DOWN_noBinding_noDMR"
"ENSG00000198901","DEGs_DOWN_noBinding_noDMR"
"ENSG00000170248","DEGs_DOWN_noBinding_noDMR"
"ENSG00000070669","DEGs_DOWN_noBinding_noDMR"
"ENSG00000169992","DEGs_DOWN_noBinding_noDMR"
"ENSG00000056736","DEGs_DOWN_noBinding_noDMR"
"ENSG00000133107","DEGs_DOWN_noBinding_noDMR"
"ENSG00000135083","DEGs_DOWN_noBinding_noDMR"
"ENSG00000185989","DEGs_DOWN_noBinding_noDMR"
"ENSG00000115183","DEGs_DOWN_noBinding_noDMR"
"ENSG00000180376","DEGs_DOWN_noBinding_noDMR"
"ENSG00000175582","DEGs_DOWN_noBinding_noDMR"
"ENSG00000180806","DEGs_DOWN_noBinding_noDMR"
"ENSG00000090006","DEGs_DOWN_noBinding_noDMR"
"ENSG00000188807","DEGs_DOWN_noBinding_noDMR"
"ENSG00000115875","DEGs_DOWN_noBinding_noDMR"
"ENSG00000097033","DEGs_DOWN_noBinding_noDMR"
"ENSG00000151491","DEGs_DOWN_noBinding_noDMR"
"ENSG00000174839","DEGs_DOWN_noBinding_noDMR"
"ENSG00000166451","DEGs_DOWN_noBinding_noDMR"
"ENSG00000125450","DEGs_DOWN_noBinding_noDMR"
"ENSG00000137338","DEGs_DOWN_noBinding_noDMR"
"ENSG00000007168","DEGs_DOWN_noBinding_noDMR"
"ENSG00000198478","DEGs_DOWN_noBinding_noDMR"
"ENSG00000107863","DEGs_DOWN_noBinding_noDMR"
"ENSG00000166582","DEGs_DOWN_noBinding_noDMR"
"ENSG00000146282","DEGs_DOWN_noBinding_noDMR"
"ENSG00000188211","DEGs_DOWN_noBinding_noDMR"
"ENSG00000099849","DEGs_DOWN_noBinding_noDMR"
"ENSG00000141665","DEGs_DOWN_noBinding_noDMR"
"ENSG00000074696","DEGs_DOWN_noBinding_noDMR"
"ENSG00000127666","DEGs_DOWN_noBinding_noDMR"
"ENSG00000123096","DEGs_DOWN_noBinding_noDMR"
"ENSG00000259431","DEGs_DOWN_noBinding_noDMR"
"ENSG00000089199","DEGs_DOWN_noBinding_noDMR"
"ENSG00000197114","DEGs_DOWN_noBinding_noDMR"
"ENSG00000185973","DEGs_DOWN_noBinding_noDMR"
"ENSG00000141577","DEGs_DOWN_noBinding_noDMR"
"ENSG00000204977","DEGs_DOWN_noBinding_noDMR"
"ENSG00000183023","DEGs_DOWN_noBinding_noDMR"
"ENSG00000184254","DEGs_DOWN_noBinding_noDMR"
"ENSG00000109756","DEGs_DOWN_noBinding_noDMR"
"ENSG00000064115","DEGs_DOWN_noBinding_noDMR"
"ENSG00000146278","DEGs_DOWN_noBinding_noDMR"
"ENSG00000169241","DEGs_DOWN_noBinding_noDMR"
"ENSG00000154760","DEGs_DOWN_noBinding_noDMR"
"ENSG00000091073","DEGs_DOWN_noBinding_noDMR"
"ENSG00000130713","DEGs_DOWN_noBinding_noDMR"
"ENSG00000101811","DEGs_DOWN_noBinding_noDMR"
"ENSG00000067369","DEGs_DOWN_noBinding_noDMR"
"ENSG00000171953","DEGs_DOWN_noBinding_noDMR"
"ENSG00000204439","DEGs_DOWN_noBinding_noDMR"
"ENSG00000177685","DEGs_DOWN_noBinding_noDMR"
"ENSG00000152778","DEGs_DOWN_noBinding_noDMR"
"ENSG00000128191","DEGs_DOWN_noBinding_noDMR"
"ENSG00000160949","DEGs_DOWN_noBinding_noDMR"
"ENSG00000166681","DEGs_DOWN_noBinding_noDMR"
"ENSG00000148680","DEGs_DOWN_noBinding_noDMR"
"ENSG00000118495","DEGs_DOWN_noBinding_noDMR"
"ENSG00000088451","DEGs_DOWN_noBinding_noDMR"
"ENSG00000132464","DEGs_DOWN_noBinding_noDMR"
"ENSG00000120693","DEGs_DOWN_noBinding_noDMR"
"ENSG00000178177","DEGs_DOWN_noBinding_noDMR"
"ENSG00000099910","DEGs_DOWN_noBinding_noDMR"
"ENSG00000176971","DEGs_DOWN_noBinding_noDMR"
"ENSG00000087448","DEGs_DOWN_noBinding_noDMR"
"ENSG00000168612","DEGs_DOWN_noBinding_noDMR"
"ENSG00000115524","DEGs_DOWN_noBinding_noDMR"
"ENSG00000134962","DEGs_DOWN_noBinding_noDMR"
"ENSG00000215883","DEGs_DOWN_noBinding_noDMR"
"ENSG00000170915","DEGs_DOWN_noBinding_noDMR"
"ENSG00000142867","DEGs_DOWN_noBinding_noDMR"
"ENSG00000117152","DEGs_DOWN_noBinding_noDMR"
"ENSG00000187608","DEGs_DOWN_noBinding_noDMR"
"ENSG00000124097","DEGs_DOWN_noBinding_noDMR"
"ENSG00000188157","DEGs_DOWN_noBinding_noDMR"
"ENSG00000134255","DEGs_DOWN_noBinding_noDMR"
"ENSG00000143324","DEGs_DOWN_noBinding_noDMR"
"ENSG00000099957","DEGs_DOWN_noBinding_noDMR"
"ENSG00000167526","DEGs_DOWN_noBinding_noDMR"
"ENSG00000135679","DEGs_DOWN_noBinding_noDMR"
"ENSG00000126001","DEGs_DOWN_noBinding_noDMR"
"ENSG00000198951","DEGs_DOWN_noBinding_noDMR"
"ENSG00000129315","DEGs_DOWN_noBinding_noDMR"
"ENSG00000004799","DEGs_DOWN_noBinding_noDMR"
"ENSG00000256394","DEGs_DOWN_noBinding_noDMR"
"ENSG00000256812","DEGs_DOWN_noBinding_noDMR"
"ENSG00000144048","DEGs_DOWN_noBinding_noDMR"
"ENSG00000228623","DEGs_DOWN_noBinding_noDMR"
"ENSG00000100300","DEGs_DOWN_noBinding_noDMR"
"ENSG00000123595","DEGs_DOWN_noBinding_noDMR"
"ENSG00000229474","DEGs_DOWN_noBinding_noDMR"
"ENSG00000161921","DEGs_DOWN_noBinding_noDMR"
"ENSG00000162951","DEGs_DOWN_noBinding_noDMR"
"ENSG00000115825","DEGs_DOWN_noBinding_noDMR"
"ENSG00000107862","DEGs_DOWN_noBinding_noDMR"
"ENSG00000103855","DEGs_DOWN_noBinding_noDMR"
"ENSG00000139370","DEGs_DOWN_noBinding_noDMR"
"ENSG00000153814","DEGs_DOWN_noBinding_noDMR"
"ENSG00000151806","DEGs_DOWN_noBinding_noDMR"
"ENSG00000165997","DEGs_DOWN_noBinding_noDMR"
"ENSG00000123496","DEGs_DOWN_noBinding_noDMR"
"ENSG00000229674","DEGs_DOWN_noBinding_noDMR"
"ENSG00000154153","DEGs_DOWN_noBinding_noDMR"
"ENSG00000100105","DEGs_DOWN_noBinding_noDMR"
"ENSG00000134107","DEGs_DOWN_noBinding_noDMR"
"ENSG00000164542","DEGs_DOWN_noBinding_noDMR"
"ENSG00000125844","DEGs_DOWN_noBinding_noDMR"
"ENSG00000107105","DEGs_DOWN_noBinding_noDMR"
"ENSG00000136141","DEGs_DOWN_noBinding_noDMR"
"ENSG00000067048","DEGs_DOWN_noBinding_noDMR"
"ENSG00000099821","DEGs_DOWN_noBinding_noDMR"
"ENSG00000052126","DEGs_DOWN_noBinding_noDMR"
"ENSG00000183615","DEGs_DOWN_noBinding_noDMR"
"ENSG00000182916","DEGs_DOWN_noBinding_noDMR"
"ENSG00000167113","DEGs_DOWN_noBinding_noDMR"
"ENSG00000148343","DEGs_DOWN_noBinding_noDMR"
"ENSG00000159388","DEGs_DOWN_noBinding_noDMR"
"ENSG00000116584","DEGs_DOWN_noBinding_noDMR"
"ENSG00000163946","DEGs_DOWN_noBinding_noDMR"
"ENSG00000243156","DEGs_DOWN_noBinding_noDMR"
"ENSG00000148356","DEGs_DOWN_noBinding_noDMR"
"ENSG00000257704","DEGs_DOWN_noBinding_noDMR"
"ENSG00000136485","DEGs_DOWN_noBinding_noDMR"
"ENSG00000185267","DEGs_DOWN_noBinding_noDMR"
"ENSG00000066654","DEGs_DOWN_noBinding_noDMR"
"ENSG00000188573","DEGs_DOWN_noBinding_noDMR"
"ENSG00000179456","DEGs_DOWN_noBinding_noDMR"
"ENSG00000147155","DEGs_DOWN_noBinding_noDMR"
"ENSG00000141582","DEGs_DOWN_noBinding_noDMR"
"ENSG00000154240","DEGs_DOWN_noBinding_noDMR"
"ENSG00000100614","DEGs_DOWN_noBinding_noDMR"
"ENSG00000162878","DEGs_DOWN_noBinding_noDMR"
"ENSG00000277586","DEGs_DOWN_noBinding_noDMR"
"ENSG00000114200","DEGs_DOWN_noBinding_noDMR"
"ENSG00000176105","DEGs_DOWN_noBinding_noDMR"
"ENSG00000165169","DEGs_DOWN_noBinding_noDMR"
"ENSG00000126603","DEGs_DOWN_noBinding_noDMR"
"ENSG00000198799","DEGs_DOWN_noBinding_noDMR"
"ENSG00000172508","DEGs_DOWN_noBinding_noDMR"
"ENSG00000143537","DEGs_DOWN_noBinding_noDMR"
"ENSG00000197415","DEGs_DOWN_noBinding_noDMR"
"ENSG00000187741","DEGs_DOWN_noBinding_noDMR"
"ENSG00000134758","DEGs_DOWN_noBinding_noDMR"
"ENSG00000135917","DEGs_DOWN_noBinding_noDMR"
"ENSG00000269190","DEGs_DOWN_noBinding_noDMR"
"ENSG00000154620","DEGs_DOWN_noBinding_noDMR"
"ENSG00000174938","DEGs_DOWN_noBinding_noDMR"
"ENSG00000105996","DEGs_DOWN_noBinding_noDMR"
"ENSG00000116721","DEGs_DOWN_noBinding_noDMR"
"ENSG00000204576","DEGs_DOWN_noBinding_noDMR"
"ENSG00000188130","DEGs_DOWN_noBinding_noDMR"
"ENSG00000180628","DEGs_DOWN_noBinding_noDMR"
"ENSG00000204634","DEGs_DOWN_noBinding_noDMR"
"ENSG00000114251","DEGs_DOWN_noBinding_noDMR"
"ENSG00000085117","DEGs_DOWN_noBinding_noDMR"
"ENSG00000101557","DEGs_DOWN_noBinding_noDMR"
"ENSG00000165644","DEGs_DOWN_noBinding_noDMR"
"ENSG00000161249","DEGs_DOWN_noBinding_noDMR"
"ENSG00000104897","DEGs_DOWN_noBinding_noDMR"
"ENSG00000074266","DEGs_DOWN_noBinding_noDMR"
"ENSG00000119661","DEGs_DOWN_noBinding_noDMR"
"ENSG00000123500","DEGs_DOWN_noBinding_noDMR"
"ENSG00000078140","DEGs_DOWN_noBinding_noDMR"
"ENSG00000120699","DEGs_DOWN_noBinding_noDMR"
"ENSG00000169045","DEGs_DOWN_noBinding_noDMR"
"ENSG00000035928","DEGs_DOWN_noBinding_noDMR"
"ENSG00000100364","DEGs_DOWN_noBinding_noDMR"
"ENSG00000116062","DEGs_DOWN_noBinding_noDMR"
"ENSG00000080345","DEGs_DOWN_noBinding_noDMR"
"ENSG00000198715","DEGs_DOWN_noBinding_noDMR"
"ENSG00000155252","DEGs_DOWN_noBinding_noDMR"
"ENSG00000107223","DEGs_DOWN_noBinding_noDMR"
"ENSG00000158169","DEGs_DOWN_noBinding_noDMR"
"ENSG00000146733","DEGs_DOWN_noBinding_noDMR"
"ENSG00000168077","DEGs_DOWN_noBinding_noDMR"
"ENSG00000040199","DEGs_DOWN_noBinding_noDMR"
"ENSG00000168970","DEGs_DOWN_noBinding_noDMR"
"ENSG00000115364","DEGs_DOWN_noBinding_noDMR"
"ENSG00000285253","DEGs_DOWN_noBinding_noDMR"
"ENSG00000205730","DEGs_DOWN_noBinding_noDMR"
"ENSG00000158711","DEGs_DOWN_noBinding_noDMR"
"ENSG00000128159","DEGs_DOWN_noBinding_noDMR"
"ENSG00000132196","DEGs_DOWN_noBinding_noDMR"
"ENSG00000204852","DEGs_DOWN_noBinding_noDMR"
"ENSG00000187372","DEGs_DOWN_noBinding_noDMR"
"ENSG00000197021","DEGs_DOWN_noBinding_noDMR"
"ENSG00000179091","DEGs_DOWN_noBinding_noDMR"
"ENSG00000136527","DEGs_DOWN_noBinding_noDMR"
"ENSG00000132005","DEGs_DOWN_noBinding_noDMR"
"ENSG00000109184","DEGs_DOWN_noBinding_noDMR"
"ENSG00000100079","DEGs_DOWN_noBinding_noDMR"
"ENSG00000171121","DEGs_DOWN_noBinding_noDMR"
"ENSG00000175806","DEGs_DOWN_noBinding_noDMR"
"ENSG00000213085","DEGs_DOWN_noBinding_noDMR"
"ENSG00000116096","DEGs_DOWN_noBinding_noDMR"
"ENSG00000139874","DEGs_DOWN_noBinding_noDMR"
"ENSG00000188783","DEGs_DOWN_noBinding_noDMR"
"ENSG00000130921","DEGs_DOWN_noBinding_noDMR"
"ENSG00000074621","DEGs_DOWN_noBinding_noDMR"
"ENSG00000278889","DEGs_DOWN_noBinding_noDMR"
"ENSG00000102466","DEGs_DOWN_noBinding_noDMR"
"ENSG00000156171","DEGs_DOWN_noBinding_noDMR"
"ENSG00000111215","DEGs_DOWN_noBinding_noDMR"
"ENSG00000157483","DEGs_DOWN_noBinding_noDMR"
"ENSG00000164961","DEGs_DOWN_noBinding_noDMR"
"ENSG00000158122","DEGs_DOWN_noBinding_noDMR"
"ENSG00000204172","DEGs_DOWN_noBinding_noDMR"
"ENSG00000177150","DEGs_DOWN_noBinding_noDMR"
"ENSG00000179583","DEGs_DOWN_noBinding_noDMR"
"ENSG00000013619","DEGs_DOWN_noBinding_noDMR"
"ENSG00000130518","DEGs_DOWN_noBinding_noDMR"
"ENSG00000039523","DEGs_DOWN_noBinding_noDMR"
"ENSG00000132313","DEGs_DOWN_noBinding_noDMR"
"ENSG00000110628","DEGs_DOWN_noBinding_noDMR"
"ENSG00000151502","DEGs_DOWN_noBinding_noDMR"
"ENSG00000133226","DEGs_DOWN_noBinding_noDMR"
"ENSG00000143815","DEGs_DOWN_noBinding_noDMR"
"ENSG00000158296","DEGs_DOWN_noBinding_noDMR"
"ENSG00000112118","DEGs_DOWN_noBinding_noDMR"
"ENSG00000117477","DEGs_DOWN_noBinding_noDMR"
"ENSG00000170162","DEGs_DOWN_noBinding_noDMR"
"ENSG00000142733","DEGs_DOWN_noBinding_noDMR"
"ENSG00000154642","DEGs_DOWN_noBinding_noDMR"
"ENSG00000109919","DEGs_DOWN_noBinding_noDMR"
"ENSG00000122707","DEGs_DOWN_noBinding_noDMR"
"ENSG00000118322","DEGs_DOWN_noBinding_noDMR"
"ENSG00000104886","DEGs_DOWN_noBinding_noDMR"
"ENSG00000137200","DEGs_DOWN_noBinding_noDMR"
"ENSG00000114166","DEGs_DOWN_noBinding_noDMR"
"ENSG00000185774","DEGs_DOWN_noBinding_noDMR"
"ENSG00000069493","DEGs_DOWN_noBinding_noDMR"
"ENSG00000136813","DEGs_DOWN_noBinding_noDMR"
"ENSG00000132570","DEGs_DOWN_noBinding_noDMR"
"ENSG00000236104","DEGs_DOWN_noBinding_noDMR"
"ENSG00000164647","DEGs_DOWN_noBinding_noDMR"
"ENSG00000125872","DEGs_DOWN_noBinding_noDMR"
"ENSG00000165113","DEGs_DOWN_noBinding_noDMR"
"ENSG00000031081","DEGs_DOWN_noBinding_noDMR"
"ENSG00000117139","DEGs_DOWN_noBinding_noDMR"
"ENSG00000131584","DEGs_DOWN_noBinding_noDMR"
"ENSG00000166136","DEGs_DOWN_noBinding_noDMR"
"ENSG00000116906","DEGs_DOWN_noBinding_noDMR"
"ENSG00000136161","DEGs_DOWN_noBinding_noDMR"
"ENSG00000136811","DEGs_DOWN_noBinding_noDMR"
"ENSG00000167283","DEGs_DOWN_noBinding_noDMR"
"ENSG00000181817","DEGs_DOWN_noBinding_noDMR"
"ENSG00000243477","DEGs_DOWN_noBinding_noDMR"
"ENSG00000170144","DEGs_DOWN_noBinding_noDMR"
"ENSG00000266338","DEGs_DOWN_noBinding_noDMR"
"ENSG00000283703","DEGs_DOWN_noBinding_noDMR"
"ENSG00000173227","DEGs_DOWN_noBinding_noDMR"
"ENSG00000075336","DEGs_DOWN_noBinding_noDMR"
"ENSG00000204410","DEGs_DOWN_noBinding_noDMR"
"ENSG00000123999","DEGs_DOWN_noBinding_noDMR"
"ENSG00000125821","DEGs_DOWN_noBinding_noDMR"
"ENSG00000114857","DEGs_DOWN_noBinding_noDMR"
"ENSG00000100462","DEGs_DOWN_noBinding_noDMR"
"ENSG00000166925","DEGs_DOWN_noBinding_noDMR"
"ENSG00000143409","DEGs_DOWN_noBinding_noDMR"
"ENSG00000163623","DEGs_DOWN_noBinding_noDMR"
"ENSG00000140943","DEGs_DOWN_noBinding_noDMR"
"ENSG00000164808","DEGs_DOWN_noBinding_noDMR"
"ENSG00000204272","DEGs_DOWN_noBinding_noDMR"
"ENSG00000123575","DEGs_DOWN_noBinding_noDMR"
"ENSG00000185972","DEGs_DOWN_noBinding_noDMR"
"ENSG00000012983","DEGs_DOWN_noBinding_noDMR"
"ENSG00000111058","DEGs_DOWN_noBinding_noDMR"
"ENSG00000173674","DEGs_DOWN_noBinding_noDMR"
"ENSG00000158055","DEGs_DOWN_noBinding_noDMR"
"ENSG00000266967","DEGs_DOWN_noBinding_noDMR"
"ENSG00000178814","DEGs_DOWN_noBinding_noDMR"
"ENSG00000179397","DEGs_DOWN_noBinding_noDMR"
"ENSG00000205220","DEGs_DOWN_noBinding_noDMR"
"ENSG00000175471","DEGs_DOWN_noBinding_noDMR"
"ENSG00000170892","DEGs_DOWN_noBinding_noDMR"
"ENSG00000273604","DEGs_DOWN_noBinding_noDMR"
"ENSG00000163125","DEGs_DOWN_noBinding_noDMR"
"ENSG00000113389","DEGs_DOWN_noBinding_noDMR"
"ENSG00000196338","DEGs_DOWN_noBinding_noDMR"
"ENSG00000104415","DEGs_DOWN_noBinding_noDMR"
"ENSG00000128709","DEGs_DOWN_noBinding_noDMR"
"ENSG00000198569","DEGs_DOWN_noBinding_noDMR"
"ENSG00000032444","DEGs_DOWN_noBinding_noDMR"
"ENSG00000054598","DEGs_DOWN_noBinding_noDMR"
"ENSG00000145692","DEGs_DOWN_noBinding_noDMR"
"ENSG00000113552","DEGs_DOWN_noBinding_noDMR"
"ENSG00000136874","DEGs_DOWN_noBinding_noDMR"
"ENSG00000250565","DEGs_DOWN_noBinding_noDMR"
"ENSG00000153234","DEGs_DOWN_noBinding_noDMR"
"ENSG00000132825","DEGs_DOWN_noBinding_noDMR"
"ENSG00000069956","DEGs_DOWN_noBinding_noDMR"
"ENSG00000039319","DEGs_DOWN_noBinding_noDMR"
"ENSG00000102710","DEGs_DOWN_noBinding_noDMR"
"ENSG00000230358","DEGs_DOWN_noBinding_noDMR"
"ENSG00000135966","DEGs_DOWN_noBinding_noDMR"
"ENSG00000163632","DEGs_DOWN_noBinding_noDMR"
"ENSG00000091831","DEGs_DOWN_noBinding_noDMR"
"ENSG00000109511","DEGs_DOWN_noBinding_noDMR"
"ENSG00000039600","DEGs_DOWN_noBinding_noDMR"
"ENSG00000136159","DEGs_DOWN_noBinding_noDMR"
"ENSG00000182326","DEGs_DOWN_noBinding_noDMR"
"ENSG00000100664","DEGs_DOWN_noBinding_noDMR"
"ENSG00000158987","DEGs_DOWN_noBinding_noDMR"
"ENSG00000100316","DEGs_DOWN_noBinding_noDMR"
"ENSG00000111885","DEGs_DOWN_noBinding_noDMR"
"ENSG00000137691","DEGs_DOWN_noBinding_noDMR"
"ENSG00000123405","DEGs_DOWN_noBinding_noDMR"
"ENSG00000108953","DEGs_DOWN_noBinding_noDMR"
"ENSG00000130985","DEGs_DOWN_noBinding_noDMR"
"ENSG00000266094","DEGs_DOWN_noBinding_noDMR"
"ENSG00000146047","DEGs_DOWN_noBinding_noDMR"
"ENSG00000158023","DEGs_DOWN_noBinding_noDMR"
"ENSG00000187189","DEGs_DOWN_noBinding_noDMR"
"ENSG00000157445","DEGs_DOWN_noBinding_noDMR"
"ENSG00000110723","DEGs_DOWN_noBinding_noDMR"
"ENSG00000025770","DEGs_DOWN_noBinding_noDMR"
"ENSG00000138346","DEGs_DOWN_noBinding_noDMR"
"ENSG00000173436","DEGs_DOWN_noBinding_noDMR"
"ENSG00000172789","DEGs_DOWN_noBinding_noDMR"
"ENSG00000005073","DEGs_DOWN_noBinding_noDMR"
"ENSG00000100281","DEGs_DOWN_noBinding_noDMR"
"ENSG00000115207","DEGs_DOWN_noBinding_noDMR"
"ENSG00000144580","DEGs_DOWN_noBinding_noDMR"
"ENSG00000159335","DEGs_DOWN_noBinding_noDMR"
"ENSG00000164209","DEGs_DOWN_noBinding_noDMR"
"ENSG00000173599","DEGs_DOWN_noBinding_noDMR"
"ENSG00000105372","DEGs_DOWN_noBinding_noDMR"
"ENSG00000154920","DEGs_DOWN_noBinding_noDMR"
"ENSG00000124207","DEGs_DOWN_noBinding_noDMR"
"ENSG00000188895","DEGs_DOWN_noBinding_noDMR"
"ENSG00000166579","DEGs_DOWN_noBinding_noDMR"
"ENSG00000124782","DEGs_DOWN_noBinding_noDMR"
"ENSG00000183741","DEGs_DOWN_noBinding_noDMR"
"ENSG00000099783","DEGs_DOWN_noBinding_noDMR"
"ENSG00000145736","DEGs_DOWN_noBinding_noDMR"
"ENSG00000163069","DEGs_DOWN_noBinding_noDMR"
"ENSG00000081051","DEGs_DOWN_noBinding_noDMR"
"ENSG00000162894","DEGs_DOWN_noBinding_noDMR"
"ENSG00000106688","DEGs_DOWN_noBinding_noDMR"
"ENSG00000109339","DEGs_DOWN_noBinding_noDMR"
"ENSG00000068137","DEGs_DOWN_noBinding_noDMR"
"ENSG00000224531","DEGs_DOWN_noBinding_noDMR"
"ENSG00000125812","DEGs_DOWN_noBinding_noDMR"
"ENSG00000232434","DEGs_DOWN_noBinding_noDMR"
"ENSG00000136052","DEGs_DOWN_noBinding_noDMR"
"ENSG00000177917","DEGs_DOWN_noBinding_noDMR"
"ENSG00000164919","DEGs_DOWN_noBinding_noDMR"
"ENSG00000091127","DEGs_DOWN_noBinding_noDMR"
"ENSG00000241973","DEGs_DOWN_noBinding_noDMR"
"ENSG00000218336","DEGs_DOWN_noBinding_noDMR"
"ENSG00000163933","DEGs_DOWN_noBinding_noDMR"
"ENSG00000106443","DEGs_DOWN_noBinding_noDMR"
"ENSG00000163625","DEGs_DOWN_noBinding_noDMR"
"ENSG00000168758","DEGs_DOWN_noBinding_noDMR"
"ENSG00000147065","DEGs_DOWN_noBinding_noDMR"
"ENSG00000143575","DEGs_DOWN_noBinding_noDMR"
"ENSG00000186480","DEGs_DOWN_noBinding_noDMR"
"ENSG00000112299","DEGs_DOWN_noBinding_noDMR"
"ENSG00000162437","DEGs_DOWN_noBinding_noDMR"
"ENSG00000161010","DEGs_DOWN_noBinding_noDMR"
"ENSG00000157764","DEGs_DOWN_noBinding_noDMR"
"ENSG00000151135","DEGs_DOWN_noBinding_noDMR"
"ENSG00000159692","DEGs_DOWN_noBinding_noDMR"
"ENSG00000131788","DEGs_DOWN_noBinding_noDMR"
"ENSG00000164484","DEGs_DOWN_noBinding_noDMR"
"ENSG00000135317","DEGs_DOWN_noBinding_noDMR"
"ENSG00000022840","DEGs_DOWN_noBinding_noDMR"
"ENSG00000112695","DEGs_DOWN_noBinding_noDMR"
"ENSG00000169495","DEGs_DOWN_noBinding_noDMR"
"ENSG00000187607","DEGs_DOWN_noBinding_noDMR"
"ENSG00000158578","DEGs_DOWN_noBinding_noDMR"
"ENSG00000206535","DEGs_DOWN_noBinding_noDMR"
"ENSG00000162065","DEGs_DOWN_noBinding_noDMR"
"ENSG00000129824","DEGs_DOWN_noBinding_noDMR"
"ENSG00000114126","DEGs_DOWN_noBinding_noDMR"
"ENSG00000177182","DEGs_DOWN_noBinding_noDMR"
"ENSG00000078246","DEGs_DOWN_noBinding_noDMR"
"ENSG00000108984","DEGs_DOWN_noBinding_noDMR"
"ENSG00000167325","DEGs_DOWN_noBinding_noDMR"
"ENSG00000142303","DEGs_DOWN_noBinding_noDMR"
"ENSG00000055044","DEGs_DOWN_noBinding_noDMR"
"ENSG00000196368","DEGs_DOWN_noBinding_noDMR"
"ENSG00000070614","DEGs_DOWN_noBinding_noDMR"
"ENSG00000105325","DEGs_DOWN_noBinding_noDMR"
"ENSG00000171843","DEGs_DOWN_noBinding_noDMR"
"ENSG00000108518","DEGs_DOWN_noBinding_noDMR"
"ENSG00000165684","DEGs_DOWN_noBinding_noDMR"
"ENSG00000167525","DEGs_DOWN_noBinding_noDMR"
"ENSG00000274600","DEGs_DOWN_noBinding_noDMR"
"ENSG00000158352","DEGs_DOWN_noBinding_noDMR"
"ENSG00000122515","DEGs_DOWN_noBinding_noDMR"
"ENSG00000102858","DEGs_DOWN_noBinding_noDMR"
"ENSG00000165105","DEGs_DOWN_noBinding_noDMR"
"ENSG00000042781","DEGs_DOWN_noBinding_noDMR"
"ENSG00000139726","DEGs_DOWN_noBinding_noDMR"
"ENSG00000214367","DEGs_DOWN_noBinding_noDMR"
"ENSG00000134551","DEGs_DOWN_noBinding_noDMR"
"ENSG00000064703","DEGs_DOWN_noBinding_noDMR"
"ENSG00000125944","DEGs_DOWN_noBinding_noDMR"
"ENSG00000126934","DEGs_DOWN_noBinding_noDMR"
"ENSG00000204397","DEGs_DOWN_noBinding_noDMR"
"ENSG00000221983","DEGs_DOWN_noBinding_noDMR"
"ENSG00000168454","DEGs_DOWN_noBinding_noDMR"
"ENSG00000152661","DEGs_DOWN_noBinding_noDMR"
"ENSG00000160703","DEGs_DOWN_noBinding_noDMR"
"ENSG00000014216","DEGs_DOWN_noBinding_noDMR"
"ENSG00000205302","DEGs_DOWN_noBinding_noDMR"
"ENSG00000082701","DEGs_DOWN_noBinding_noDMR"
"ENSG00000183454","DEGs_DOWN_noBinding_noDMR"
"ENSG00000184560","DEGs_DOWN_noBinding_noDMR"
"ENSG00000131899","DEGs_DOWN_noBinding_noDMR"
"ENSG00000204815","DEGs_DOWN_noBinding_noDMR"
"ENSG00000143878","DEGs_DOWN_noBinding_noDMR"
"ENSG00000203896","DEGs_DOWN_noBinding_noDMR"
"ENSG00000197375","DEGs_DOWN_noBinding_noDMR"
"ENSG00000271601","DEGs_DOWN_noBinding_noDMR"
"ENSG00000163888","DEGs_DOWN_noBinding_noDMR"
"ENSG00000147059","DEGs_DOWN_noBinding_noDMR"
"ENSG00000185532","DEGs_DOWN_noBinding_noDMR"
"ENSG00000138448","DEGs_DOWN_noBinding_noDMR"
"ENSG00000176978","DEGs_DOWN_noBinding_noDMR"
"ENSG00000103995","DEGs_DOWN_noBinding_noDMR"
"ENSG00000145495","DEGs_DOWN_noBinding_noDMR"
"ENSG00000008056","DEGs_DOWN_noBinding_noDMR"
"ENSG00000124641","DEGs_DOWN_noBinding_noDMR"
"ENSG00000109743","DEGs_DOWN_noBinding_noDMR"
"ENSG00000133119","DEGs_DOWN_noBinding_noDMR"
"ENSG00000005022","DEGs_DOWN_noBinding_noDMR"
"ENSG00000103194","DEGs_DOWN_noBinding_noDMR"
"ENSG00000047648","DEGs_DOWN_noBinding_noDMR"
"ENSG00000013364","DEGs_DOWN_noBinding_noDMR"
"ENSG00000175395","DEGs_DOWN_noBinding_noDMR"
"ENSG00000151503","DEGs_DOWN_noBinding_noDMR"
"ENSG00000131470","DEGs_DOWN_noBinding_noDMR"
"ENSG00000063169","DEGs_DOWN_noBinding_noDMR"
"ENSG00000134265","DEGs_DOWN_noBinding_noDMR"
"ENSG00000148948","DEGs_DOWN_noBinding_noDMR"
"ENSG00000103197","DEGs_DOWN_noBinding_noDMR"
"ENSG00000111404","DEGs_DOWN_noBinding_noDMR"
"ENSG00000113658","DEGs_DOWN_noBinding_noDMR"
"ENSG00000069943","DEGs_DOWN_noBinding_noDMR"
"ENSG00000145901","DEGs_DOWN_noBinding_noDMR"
"ENSG00000165458","DEGs_DOWN_noBinding_noDMR"
"ENSG00000183386","DEGs_DOWN_noBinding_noDMR"
"ENSG00000171492","DEGs_DOWN_noBinding_noDMR"
"ENSG00000176435","DEGs_DOWN_noBinding_noDMR"
"ENSG00000285000","DEGs_DOWN_noBinding_noDMR"
"ENSG00000100442","DEGs_DOWN_noBinding_noDMR"
"ENSG00000118260","DEGs_DOWN_noBinding_noDMR"
"ENSG00000097046","DEGs_DOWN_noBinding_noDMR"
"ENSG00000067704","DEGs_DOWN_noBinding_noDMR"
"ENSG00000156709","DEGs_DOWN_noBinding_noDMR"
"ENSG00000178104","DEGs_DOWN_noBinding_noDMR"
"ENSG00000197816","DEGs_DOWN_noBinding_noDMR"
"ENSG00000171634","DEGs_DOWN_noBinding_noDMR"
"ENSG00000112312","DEGs_DOWN_noBinding_noDMR"
"ENSG00000103351","DEGs_DOWN_noBinding_noDMR"
"ENSG00000188554","DEGs_DOWN_noBinding_noDMR"
"ENSG00000168389","DEGs_DOWN_noBinding_noDMR"
"ENSG00000165996","DEGs_DOWN_noBinding_noDMR"
"ENSG00000154102","DEGs_DOWN_noBinding_noDMR"
"ENSG00000165443","DEGs_DOWN_noBinding_noDMR"
"ENSG00000229676","DEGs_DOWN_noBinding_noDMR"
"ENSG00000101546","DEGs_DOWN_noBinding_noDMR"
"ENSG00000145428","DEGs_DOWN_noBinding_noDMR"
"ENSG00000149201","DEGs_DOWN_noBinding_noDMR"
"ENSG00000186462","DEGs_DOWN_noBinding_noDMR"
"ENSG00000205593","DEGs_DOWN_noBinding_noDMR"
"ENSG00000138092","DEGs_DOWN_noBinding_noDMR"
"ENSG00000196693","DEGs_DOWN_noBinding_noDMR"
"ENSG00000134802","DEGs_DOWN_noBinding_noDMR"
"ENSG00000183579","DEGs_DOWN_noBinding_noDMR"
"ENSG00000137767","DEGs_DOWN_noBinding_noDMR"
"ENSG00000081181","DEGs_DOWN_noBinding_noDMR"
"ENSG00000111581","DEGs_DOWN_noBinding_noDMR"
"ENSG00000166963","DEGs_DOWN_noBinding_noDMR"
"ENSG00000166685","DEGs_DOWN_noBinding_noDMR"
"ENSG00000065325","DEGs_DOWN_noBinding_noDMR"
"ENSG00000187634","DEGs_DOWN_noBinding_noDMR"
"ENSG00000198879","DEGs_DOWN_noBinding_noDMR"
"ENSG00000173230","DEGs_DOWN_noBinding_noDMR"
"ENSG00000115942","DEGs_DOWN_noBinding_noDMR"
"ENSG00000147434","DEGs_DOWN_noBinding_noDMR"
"ENSG00000243716","DEGs_DOWN_noBinding_noDMR"
"ENSG00000169604","DEGs_DOWN_noBinding_noDMR"
"ENSG00000180251","DEGs_DOWN_noBinding_noDMR"
"ENSG00000101444","DEGs_DOWN_noBinding_noDMR"
"ENSG00000106560","DEGs_DOWN_noBinding_noDMR"
"ENSG00000010256","DEGs_DOWN_noBinding_noDMR"
"ENSG00000150394","DEGs_DOWN_noBinding_noDMR"
"ENSG00000178691","DEGs_DOWN_noBinding_noDMR"
"ENSG00000226761","DEGs_DOWN_noBinding_noDMR"
"ENSG00000113575","DEGs_DOWN_noBinding_noDMR"
"ENSG00000272031","DEGs_DOWN_noBinding_noDMR"
"ENSG00000112561","DEGs_DOWN_noBinding_noDMR"
"ENSG00000008256","DEGs_DOWN_noBinding_noDMR"
"ENSG00000057935","DEGs_DOWN_noBinding_noDMR"
"ENSG00000075415","DEGs_DOWN_noBinding_noDMR"
"ENSG00000139278","DEGs_DOWN_noBinding_noDMR"
"ENSG00000131378","DEGs_DOWN_noBinding_noDMR"
"ENSG00000173456","DEGs_DOWN_noBinding_noDMR"
"ENSG00000169302","DEGs_DOWN_noBinding_noDMR"
"ENSG00000158186","DEGs_DOWN_noBinding_noDMR"
"ENSG00000108515","DEGs_DOWN_noBinding_noDMR"
"ENSG00000212127","DEGs_DOWN_noBinding_noDMR"
"ENSG00000123836","DEGs_DOWN_noBinding_noDMR"
"ENSG00000105429","DEGs_DOWN_noBinding_noDMR"
"ENSG00000189367","DEGs_DOWN_noBinding_noDMR"
"ENSG00000111716","DEGs_DOWN_noBinding_noDMR"
"ENSG00000270882","DEGs_DOWN_noBinding_noDMR"
"ENSG00000107130","DEGs_DOWN_noBinding_noDMR"
"ENSG00000204628","DEGs_DOWN_noBinding_noDMR"
"ENSG00000167608","DEGs_DOWN_noBinding_noDMR"
"ENSG00000197410","DEGs_DOWN_noBinding_noDMR"
"ENSG00000142208","DEGs_DOWN_noBinding_noDMR"
"ENSG00000162430","DEGs_DOWN_noBinding_noDMR"
"ENSG00000104549","DEGs_DOWN_noBinding_noDMR"
"ENSG00000196199","DEGs_DOWN_noBinding_noDMR"
"ENSG00000140403","DEGs_DOWN_noBinding_noDMR"
"ENSG00000110046","DEGs_DOWN_noBinding_noDMR"
"ENSG00000082516","DEGs_DOWN_noBinding_noDMR"
"ENSG00000178750","DEGs_DOWN_noBinding_noDMR"
"ENSG00000117984","DEGs_DOWN_noBinding_noDMR"
"ENSG00000111450","DEGs_DOWN_noBinding_noDMR"
"ENSG00000130725","DEGs_DOWN_noBinding_noDMR"
"ENSG00000198960","DEGs_DOWN_noBinding_noDMR"
"ENSG00000121749","DEGs_DOWN_noBinding_noDMR"
"ENSG00000174886","DEGs_DOWN_noBinding_noDMR"
"ENSG00000101342","DEGs_DOWN_noBinding_noDMR"
"ENSG00000169896","DEGs_DOWN_noBinding_noDMR"
"ENSG00000159128","DEGs_DOWN_noBinding_noDMR"
"ENSG00000128596","DEGs_DOWN_noBinding_noDMR"
"ENSG00000178074","DEGs_DOWN_noBinding_noDMR"
"ENSG00000137878","DEGs_DOWN_noBinding_noDMR"
"ENSG00000095739","DEGs_DOWN_noBinding_noDMR"
"ENSG00000047597","DEGs_DOWN_noBinding_noDMR"
"ENSG00000117069","DEGs_DOWN_noBinding_noDMR"
"ENSG00000065559","DEGs_DOWN_noBinding_noDMR"
"ENSG00000162814","DEGs_DOWN_noBinding_noDMR"
"ENSG00000203923","DEGs_DOWN_noBinding_noDMR"
"ENSG00000007372","DEGs_DOWN_noBinding_noDMR"
"ENSG00000235106","DEGs_DOWN_noBinding_noDMR"
"ENSG00000166197","DEGs_DOWN_noBinding_noDMR"
"ENSG00000100226","DEGs_DOWN_noBinding_noDMR"
"ENSG00000172380","DEGs_DOWN_noBinding_noDMR"
"ENSG00000134285","DEGs_DOWN_noBinding_noDMR"
"ENSG00000113387","DEGs_DOWN_noBinding_noDMR"
"ENSG00000163840","DEGs_DOWN_noBinding_noDMR"
"ENSG00000149557","DEGs_DOWN_noBinding_noDMR"
"ENSG00000177576","DEGs_DOWN_noBinding_noDMR"
"ENSG00000171703","DEGs_DOWN_noBinding_noDMR"
"ENSG00000131323","DEGs_DOWN_noBinding_noDMR"
"ENSG00000174227","DEGs_DOWN_noBinding_noDMR"
"ENSG00000261934","DEGs_DOWN_noBinding_noDMR"
"ENSG00000135622","DEGs_DOWN_noBinding_noDMR"
"ENSG00000177721","DEGs_DOWN_noBinding_noDMR"
"ENSG00000102125","DEGs_DOWN_noBinding_noDMR"
"ENSG00000197635","DEGs_DOWN_noBinding_noDMR"
"ENSG00000116750","DEGs_DOWN_noBinding_noDMR"
"ENSG00000161791","DEGs_DOWN_noBinding_noDMR"
"ENSG00000173726","DEGs_DOWN_noBinding_noDMR"
"ENSG00000266173","DEGs_DOWN_noBinding_noDMR"
"ENSG00000166396","DEGs_DOWN_noBinding_noDMR"
"ENSG00000198039","DEGs_DOWN_noBinding_noDMR"
"ENSG00000198915","DEGs_DOWN_noBinding_noDMR"
"ENSG00000110536","DEGs_DOWN_noBinding_noDMR"
"ENSG00000169905","DEGs_DOWN_noBinding_noDMR"
"ENSG00000130766","DEGs_DOWN_noBinding_noDMR"
"ENSG00000103024","DEGs_DOWN_noBinding_noDMR"
"ENSG00000189157","DEGs_DOWN_noBinding_noDMR"
"ENSG00000204217","DEGs_DOWN_noBinding_noDMR"
"ENSG00000153395","DEGs_DOWN_noBinding_noDMR"
"ENSG00000164620","DEGs_DOWN_noBinding_noDMR"
"ENSG00000104885","DEGs_DOWN_noBinding_noDMR"
"ENSG00000140374","DEGs_DOWN_noBinding_noDMR"
"ENSG00000198517","DEGs_DOWN_noBinding_noDMR"
"ENSG00000203883","DEGs_DOWN_noBinding_noDMR"
"ENSG00000141646","DEGs_DOWN_noBinding_noDMR"
"ENSG00000148834","DEGs_DOWN_noBinding_noDMR"
"ENSG00000256537","DEGs_DOWN_noBinding_noDMR"
"ENSG00000182580","DEGs_DOWN_noBinding_noDMR"
"ENSG00000131669","DEGs_DOWN_noBinding_noDMR"
"ENSG00000182132","DEGs_DOWN_noBinding_noDMR"
"ENSG00000101150","DEGs_DOWN_noBinding_noDMR"
"ENSG00000173480","DEGs_DOWN_noBinding_noDMR"
"ENSG00000164323","DEGs_DOWN_noBinding_noDMR"
"ENSG00000189403","DEGs_DOWN_noBinding_noDMR"
"ENSG00000180096","DEGs_DOWN_noBinding_noDMR"
"ENSG00000143552","DEGs_DOWN_noBinding_noDMR"
"ENSG00000121864","DEGs_DOWN_noBinding_noDMR"
"ENSG00000151726","DEGs_DOWN_noBinding_noDMR"
"ENSG00000198420","DEGs_DOWN_noBinding_noDMR"
"ENSG00000271321","DEGs_DOWN_noBinding_noDMR"
"ENSG00000185379","DEGs_DOWN_noBinding_noDMR"
"ENSG00000122912","DEGs_DOWN_noBinding_noDMR"
"ENSG00000170759","DEGs_DOWN_noBinding_noDMR"
"ENSG00000102096","DEGs_DOWN_noBinding_noDMR"
"ENSG00000184470","DEGs_DOWN_noBinding_noDMR"
"ENSG00000169856","DEGs_DOWN_noBinding_noDMR"
"ENSG00000229894","DEGs_DOWN_noBinding_noDMR"
"ENSG00000133805","DEGs_DOWN_noBinding_noDMR"
"ENSG00000185758","DEGs_DOWN_noBinding_noDMR"
"ENSG00000162408","DEGs_DOWN_noBinding_noDMR"
"ENSG00000184983","DEGs_DOWN_noBinding_noDMR"
"ENSG00000002016","DEGs_DOWN_noBinding_noDMR"
"ENSG00000153048","DEGs_DOWN_noBinding_noDMR"
"ENSG00000125484","DEGs_DOWN_noBinding_noDMR"
"ENSG00000106366","DEGs_DOWN_noBinding_noDMR"
"ENSG00000205560","DEGs_DOWN_noBinding_noDMR"
"ENSG00000138363","DEGs_DOWN_noBinding_noDMR"
"ENSG00000165288","DEGs_DOWN_noBinding_noDMR"
"ENSG00000112305","DEGs_DOWN_noBinding_noDMR"
"ENSG00000118276","DEGs_DOWN_noBinding_noDMR"
"ENSG00000143207","DEGs_DOWN_noBinding_noDMR"
"ENSG00000092978","DEGs_DOWN_noBinding_noDMR"
"ENSG00000243789","DEGs_DOWN_noBinding_noDMR"
"ENSG00000183137","DEGs_DOWN_noBinding_noDMR"
"ENSG00000089280","DEGs_DOWN_noBinding_noDMR"
"ENSG00000029534","DEGs_DOWN_noBinding_noDMR"
"ENSG00000105443","DEGs_DOWN_noBinding_noDMR"
"ENSG00000119509","DEGs_DOWN_noBinding_noDMR"
"ENSG00000155660","DEGs_DOWN_noBinding_noDMR"
"ENSG00000283378","DEGs_DOWN_noBinding_noDMR"
"ENSG00000053747","DEGs_DOWN_noBinding_noDMR"
"ENSG00000169592","DEGs_DOWN_noBinding_noDMR"
"ENSG00000162775","DEGs_DOWN_noBinding_noDMR"
"ENSG00000142252","DEGs_DOWN_noBinding_noDMR"
"ENSG00000115756","DEGs_DOWN_noBinding_noDMR"
"ENSG00000263513","DEGs_DOWN_noBinding_noDMR"
"ENSG00000147548","DEGs_DOWN_noBinding_noDMR"
"ENSG00000166913","DEGs_DOWN_noBinding_noDMR"
"ENSG00000075886","DEGs_DOWN_noBinding_noDMR"
"ENSG00000071242","DEGs_DOWN_noBinding_noDMR"
"ENSG00000106665","DEGs_DOWN_noBinding_noDMR"
"ENSG00000156097","DEGs_DOWN_noBinding_noDMR"
"ENSG00000084676","DEGs_DOWN_noBinding_noDMR"
"ENSG00000136026","DEGs_DOWN_noBinding_noDMR"
"ENSG00000179954","DEGs_DOWN_noBinding_noDMR"
"ENSG00000157152","DEGs_DOWN_noBinding_noDMR"
"ENSG00000101654","DEGs_DOWN_noBinding_noDMR"
"ENSG00000239713","DEGs_DOWN_noBinding_noDMR"
"ENSG00000082515","DEGs_DOWN_noBinding_noDMR"
"ENSG00000134504","DEGs_DOWN_noBinding_noDMR"
"ENSG00000143942","DEGs_DOWN_noBinding_noDMR"
"ENSG00000099875","DEGs_DOWN_noBinding_noDMR"
"ENSG00000085871","DEGs_DOWN_noBinding_noDMR"
"ENSG00000214026","DEGs_DOWN_noBinding_noDMR"
"ENSG00000056998","DEGs_DOWN_noBinding_noDMR"
"ENSG00000183018","DEGs_DOWN_noBinding_noDMR"
"ENSG00000175065","DEGs_DOWN_noBinding_noDMR"
"ENSG00000164741","DEGs_DOWN_noBinding_noDMR"
"ENSG00000240065","DEGs_DOWN_noBinding_noDMR"
"ENSG00000197312","DEGs_DOWN_noBinding_noDMR"
"ENSG00000258890","DEGs_DOWN_noBinding_noDMR"
"ENSG00000269858","DEGs_DOWN_noBinding_noDMR"
"ENSG00000105576","DEGs_DOWN_noBinding_noDMR"
"ENSG00000196505","DEGs_DOWN_noBinding_noDMR"
"ENSG00000173933","DEGs_DOWN_noBinding_noDMR"
"ENSG00000162377","DEGs_DOWN_noBinding_noDMR"
"ENSG00000102468","DEGs_DOWN_noBinding_noDMR"
"ENSG00000165804","DEGs_DOWN_noBinding_noDMR"
"ENSG00000181555","DEGs_DOWN_noBinding_noDMR"
"ENSG00000137273","DEGs_DOWN_noBinding_noDMR"
"ENSG00000177733","DEGs_DOWN_noBinding_noDMR"
"ENSG00000163374","DEGs_DOWN_noBinding_noDMR"
"ENSG00000077312","DEGs_DOWN_noBinding_noDMR"
"ENSG00000181873","DEGs_DOWN_noBinding_noDMR"
"ENSG00000123600","DEGs_DOWN_noBinding_noDMR"
"ENSG00000129167","DEGs_DOWN_noBinding_noDMR"
"ENSG00000171303","DEGs_DOWN_noBinding_noDMR"
"ENSG00000108175","DEGs_DOWN_noBinding_noDMR"
"ENSG00000114405","DEGs_DOWN_noBinding_noDMR"
"ENSG00000179148","DEGs_DOWN_noBinding_noDMR"
"ENSG00000151176","DEGs_DOWN_noBinding_noDMR"
"ENSG00000164754","DEGs_DOWN_noBinding_noDMR"
"ENSG00000271092","DEGs_DOWN_noBinding_noDMR"
"ENSG00000103707","DEGs_DOWN_noBinding_noDMR"
"ENSG00000168268","DEGs_DOWN_noBinding_noDMR"
"ENSG00000185040","DEGs_DOWN_noBinding_noDMR"
"ENSG00000160051","DEGs_DOWN_noBinding_noDMR"
"ENSG00000092010","DEGs_DOWN_noBinding_noDMR"
"ENSG00000152684","DEGs_DOWN_noBinding_noDMR"
"ENSG00000102531","DEGs_DOWN_noBinding_noDMR"
"ENSG00000189046","DEGs_DOWN_noBinding_noDMR"
"ENSG00000173678","DEGs_DOWN_noBinding_noDMR"
"ENSG00000112659","DEGs_DOWN_noBinding_noDMR"
"ENSG00000144935","DEGs_DOWN_noBinding_noDMR"
"ENSG00000102445","DEGs_DOWN_noBinding_noDMR"
"ENSG00000142675","DEGs_DOWN_noBinding_noDMR"
"ENSG00000183943","DEGs_DOWN_noBinding_noDMR"
"ENSG00000152102","DEGs_DOWN_noBinding_noDMR"
"ENSG00000173744","DEGs_DOWN_noBinding_noDMR"
"ENSG00000100034","DEGs_DOWN_noBinding_noDMR"
"ENSG00000132481","DEGs_DOWN_noBinding_noDMR"
"ENSG00000170677","DEGs_DOWN_noBinding_noDMR"
"ENSG00000185483","DEGs_DOWN_noBinding_noDMR"
"ENSG00000110811","DEGs_DOWN_noBinding_noDMR"
"ENSG00000111602","DEGs_DOWN_noBinding_noDMR"
"ENSG00000173226","DEGs_DOWN_noBinding_noDMR"
"ENSG00000176454","DEGs_DOWN_noBinding_noDMR"
"ENSG00000171217","DEGs_DOWN_noBinding_noDMR"
"ENSG00000067606","DEGs_DOWN_noBinding_noDMR"
"ENSG00000122642","DEGs_DOWN_noBinding_noDMR"
"ENSG00000167522","DEGs_DOWN_noBinding_noDMR"
"ENSG00000179094","DEGs_DOWN_noBinding_noDMR"
"ENSG00000104635","DEGs_DOWN_noBinding_noDMR"
"ENSG00000025434","DEGs_DOWN_noBinding_noDMR"
"ENSG00000083635","DEGs_DOWN_noBinding_noDMR"
"ENSG00000136381","DEGs_DOWN_noBinding_noDMR"
"ENSG00000050393","DEGs_DOWN_noBinding_noDMR"
"ENSG00000168237","DEGs_DOWN_noBinding_noDMR"
"ENSG00000217930","DEGs_DOWN_noBinding_noDMR"
"ENSG00000075239","DEGs_DOWN_noBinding_noDMR"
"ENSG00000125352","DEGs_DOWN_noBinding_noDMR"
"ENSG00000103335","DEGs_DOWN_noBinding_noDMR"
"ENSG00000121005","DEGs_DOWN_noBinding_noDMR"
"ENSG00000073737","DEGs_DOWN_noBinding_noDMR"
"ENSG00000110367","DEGs_DOWN_noBinding_noDMR"
"ENSG00000196284","DEGs_DOWN_noBinding_noDMR"
"ENSG00000169826","DEGs_DOWN_noBinding_noDMR"
"ENSG00000165795","DEGs_DOWN_noBinding_noDMR"
"ENSG00000183020","DEGs_DOWN_noBinding_noDMR"
"ENSG00000162368","DEGs_DOWN_noBinding_noDMR"
"ENSG00000112852","DEGs_DOWN_noBinding_noDMR"
"ENSG00000139537","DEGs_DOWN_noBinding_noDMR"
"ENSG00000197930","DEGs_DOWN_noBinding_noDMR"
"ENSG00000076248","DEGs_DOWN_noBinding_noDMR"
"ENSG00000092201","DEGs_DOWN_noBinding_noDMR"
"ENSG00000126562","DEGs_DOWN_noBinding_noDMR"
"ENSG00000177383","DEGs_DOWN_noBinding_noDMR"
"ENSG00000131171","DEGs_DOWN_noBinding_noDMR"
"ENSG00000188522","DEGs_DOWN_noBinding_noDMR"
"ENSG00000104808","DEGs_DOWN_noBinding_noDMR"
"ENSG00000112992","DEGs_DOWN_noBinding_noDMR"
"ENSG00000136051","DEGs_DOWN_noBinding_noDMR"
"ENSG00000106351","DEGs_DOWN_noBinding_noDMR"
"ENSG00000131188","DEGs_DOWN_noBinding_noDMR"
"ENSG00000186160","DEGs_DOWN_noBinding_noDMR"
"ENSG00000168924","DEGs_DOWN_noBinding_noDMR"
"ENSG00000197296","DEGs_DOWN_noBinding_noDMR"
"ENSG00000283208","DEGs_DOWN_noBinding_noDMR"
"ENSG00000198331","DEGs_DOWN_noBinding_noDMR"
"ENSG00000161547","DEGs_DOWN_noBinding_noDMR"
"ENSG00000137166","DEGs_DOWN_noBinding_noDMR"
"ENSG00000177842","DEGs_DOWN_noBinding_noDMR"
"ENSG00000131844","DEGs_DOWN_noBinding_noDMR"
"ENSG00000035115","DEGs_DOWN_noBinding_noDMR"
"ENSG00000100242","DEGs_DOWN_noBinding_noDMR"
"ENSG00000164743","DEGs_DOWN_noBinding_noDMR"
"ENSG00000100815","DEGs_DOWN_noBinding_noDMR"
"ENSG00000107625","DEGs_DOWN_noBinding_noDMR"
"ENSG00000256029","DEGs_DOWN_noBinding_noDMR"
"ENSG00000174327","DEGs_DOWN_noBinding_noDMR"
"ENSG00000168631","DEGs_DOWN_noBinding_noDMR"
"ENSG00000174837","DEGs_DOWN_noBinding_noDMR"
"ENSG00000182093","DEGs_DOWN_noBinding_noDMR"
"ENSG00000259224","DEGs_DOWN_noBinding_noDMR"
"ENSG00000166086","DEGs_DOWN_noBinding_noDMR"
"ENSG00000181982","DEGs_DOWN_noBinding_noDMR"
"ENSG00000174021","DEGs_DOWN_noBinding_noDMR"
"ENSG00000117592","DEGs_DOWN_noBinding_noDMR"
"ENSG00000000003","DEGs_DOWN_noBinding_noDMR"
"ENSG00000171443","DEGs_DOWN_noBinding_noDMR"
"ENSG00000148341","DEGs_DOWN_noBinding_noDMR"
"ENSG00000077782","DEGs_DOWN_noBinding_noDMR"
"ENSG00000141510","DEGs_DOWN_noBinding_noDMR"
"ENSG00000186889","DEGs_DOWN_noBinding_noDMR"
"ENSG00000168566","DEGs_DOWN_noBinding_noDMR"
"ENSG00000112655","DEGs_DOWN_noBinding_noDMR"
"ENSG00000163012","DEGs_DOWN_noBinding_noDMR"
"ENSG00000157625","DEGs_DOWN_noBinding_noDMR"
"ENSG00000099377","DEGs_DOWN_noBinding_noDMR"
"ENSG00000169116","DEGs_DOWN_noBinding_noDMR"
"ENSG00000134899","DEGs_DOWN_noBinding_noDMR"
"ENSG00000056050","DEGs_DOWN_noBinding_noDMR"
"ENSG00000138600","DEGs_DOWN_noBinding_noDMR"
"ENSG00000162241","DEGs_DOWN_noBinding_noDMR"
"ENSG00000177666","DEGs_DOWN_noBinding_noDMR"
"ENSG00000212126","DEGs_DOWN_noBinding_noDMR"
"ENSG00000229117","DEGs_DOWN_noBinding_noDMR"
"ENSG00000078674","DEGs_DOWN_noBinding_noDMR"
"ENSG00000087206","DEGs_DOWN_noBinding_noDMR"
"ENSG00000157992","DEGs_DOWN_noBinding_noDMR"
"ENSG00000196636","DEGs_DOWN_noBinding_noDMR"
"ENSG00000114745","DEGs_DOWN_noBinding_noDMR"
"ENSG00000166016","DEGs_DOWN_noBinding_noDMR"
"ENSG00000117143","DEGs_DOWN_noBinding_noDMR"
"ENSG00000104892","DEGs_DOWN_noBinding_noDMR"
"ENSG00000175264","DEGs_DOWN_noBinding_noDMR"
"ENSG00000005243","DEGs_DOWN_noBinding_noDMR"
"ENSG00000082458","DEGs_DOWN_noBinding_noDMR"
"ENSG00000249222","DEGs_DOWN_noBinding_noDMR"
"ENSG00000176153","DEGs_DOWN_noBinding_noDMR"
"ENSG00000134046","DEGs_DOWN_noBinding_noDMR"
"ENSG00000132840","DEGs_DOWN_noBinding_noDMR"
"ENSG00000164506","DEGs_DOWN_noBinding_noDMR"
"ENSG00000198553","DEGs_DOWN_noBinding_noDMR"
"ENSG00000214279","DEGs_DOWN_noBinding_noDMR"
"ENSG00000211454","DEGs_DOWN_noBinding_noDMR"
"ENSG00000076706","DEGs_DOWN_noBinding_noDMR"
"ENSG00000090971","DEGs_DOWN_noBinding_noDMR"
"ENSG00000289721","DEGs_DOWN_noBinding_noDMR"
"ENSG00000103121","DEGs_DOWN_noBinding_noDMR"
"ENSG00000126214","DEGs_DOWN_noBinding_noDMR"
"ENSG00000170855","DEGs_DOWN_noBinding_noDMR"
"ENSG00000197128","DEGs_DOWN_noBinding_noDMR"
"ENSG00000172476","DEGs_DOWN_noBinding_noDMR"
"ENSG00000141543","DEGs_DOWN_noBinding_noDMR"
"ENSG00000123983","DEGs_DOWN_noBinding_noDMR"
"ENSG00000143578","DEGs_DOWN_noBinding_noDMR"
"ENSG00000232040","DEGs_DOWN_noBinding_noDMR"
"ENSG00000172766","DEGs_DOWN_noBinding_noDMR"
"ENSG00000182150","DEGs_DOWN_noBinding_noDMR"
"ENSG00000167580","DEGs_DOWN_noBinding_noDMR"
"ENSG00000156239","DEGs_DOWN_noBinding_noDMR"
"ENSG00000104866","DEGs_DOWN_noBinding_noDMR"
"ENSG00000214078","DEGs_DOWN_noBinding_noDMR"
"ENSG00000121486","DEGs_DOWN_noBinding_noDMR"
"ENSG00000176732","DEGs_DOWN_noBinding_noDMR"
"ENSG00000124613","DEGs_DOWN_noBinding_noDMR"
"ENSG00000154027","DEGs_DOWN_noBinding_noDMR"
"ENSG00000148297","DEGs_DOWN_noBinding_noDMR"
"ENSG00000153093","DEGs_DOWN_noBinding_noDMR"
"ENSG00000138642","DEGs_DOWN_noBinding_noDMR"
"ENSG00000168754","DEGs_DOWN_noBinding_noDMR"
"ENSG00000117155","DEGs_DOWN_noBinding_noDMR"
"ENSG00000113600","DEGs_DOWN_noBinding_noDMR"
"ENSG00000128656","DEGs_DOWN_noBinding_noDMR"
"ENSG00000184584","DEGs_DOWN_noBinding_noDMR"
"ENSG00000168658","DEGs_DOWN_noBinding_noDMR"
"ENSG00000120729","DEGs_DOWN_noBinding_noDMR"
"ENSG00000166348","DEGs_DOWN_noBinding_noDMR"
"ENSG00000124232","DEGs_DOWN_noBinding_noDMR"
"ENSG00000116984","DEGs_DOWN_noBinding_noDMR"
"ENSG00000163040","DEGs_DOWN_noBinding_noDMR"
"ENSG00000151006","DEGs_DOWN_noBinding_noDMR"
"ENSG00000137275","DEGs_DOWN_noBinding_noDMR"
"ENSG00000214013","DEGs_DOWN_noBinding_noDMR"
"ENSG00000172244","DEGs_DOWN_noBinding_noDMR"
"ENSG00000106125","DEGs_DOWN_noBinding_noDMR"
"ENSG00000271383","DEGs_DOWN_noBinding_noDMR"
"ENSG00000147573","DEGs_DOWN_noBinding_noDMR"
"ENSG00000233198","DEGs_DOWN_noBinding_noDMR"
"ENSG00000120500","DEGs_DOWN_noBinding_noDMR"
"ENSG00000082146","DEGs_DOWN_noBinding_noDMR"
"ENSG00000179218","DEGs_DOWN_noBinding_noDMR"
"ENSG00000105640","DEGs_DOWN_noBinding_noDMR"
"ENSG00000049089","DEGs_DOWN_noBinding_noDMR"
"ENSG00000124155","DEGs_DOWN_noBinding_noDMR"
"ENSG00000153485","DEGs_DOWN_noBinding_noDMR"
"ENSG00000101220","DEGs_DOWN_noBinding_noDMR"
"ENSG00000176915","DEGs_DOWN_noBinding_noDMR"
"ENSG00000168124","DEGs_DOWN_noBinding_noDMR"
"ENSG00000166855","DEGs_DOWN_noBinding_noDMR"
"ENSG00000165195","DEGs_DOWN_noBinding_noDMR"
"ENSG00000127603","DEGs_DOWN_noBinding_noDMR"
"ENSG00000090339","DEGs_DOWN_noBinding_noDMR"
"ENSG00000115307","DEGs_DOWN_noBinding_noDMR"
"ENSG00000198276","DEGs_DOWN_noBinding_noDMR"
"ENSG00000111837","DEGs_DOWN_noBinding_noDMR"
"ENSG00000167291","DEGs_DOWN_noBinding_noDMR"
"ENSG00000281406","DEGs_DOWN_noBinding_noDMR"
"ENSG00000169683","DEGs_DOWN_noBinding_noDMR"
"ENSG00000213722","DEGs_DOWN_noBinding_noDMR"
"ENSG00000139194","DEGs_DOWN_noBinding_noDMR"
"ENSG00000286015","DEGs_DOWN_noBinding_noDMR"
"ENSG00000167468","DEGs_DOWN_noBinding_noDMR"
"ENSG00000186193","DEGs_DOWN_noBinding_noDMR"
"ENSG00000060762","DEGs_DOWN_noBinding_noDMR"
"ENSG00000154309","DEGs_DOWN_noBinding_noDMR"
"ENSG00000143570","DEGs_DOWN_noBinding_noDMR"
"ENSG00000065268","DEGs_DOWN_noBinding_noDMR"
"ENSG00000186517","DEGs_DOWN_noBinding_noDMR"
"ENSG00000124193","DEGs_DOWN_noBinding_noDMR"
"ENSG00000081237","DEGs_DOWN_noBinding_noDMR"
"ENSG00000144410","DEGs_DOWN_noBinding_noDMR"
"ENSG00000143036","DEGs_DOWN_noBinding_noDMR"
"ENSG00000065150","DEGs_DOWN_noBinding_noDMR"
"ENSG00000203756","DEGs_DOWN_noBinding_noDMR"
"ENSG00000152784","DEGs_DOWN_noBinding_noDMR"
"ENSG00000106692","DEGs_DOWN_noBinding_noDMR"
"ENSG00000196220","DEGs_DOWN_noBinding_noDMR"
"ENSG00000148204","DEGs_DOWN_noBinding_noDMR"
"ENSG00000161513","DEGs_DOWN_noBinding_noDMR"
"ENSG00000197766","DEGs_DOWN_noBinding_noDMR"
"ENSG00000125630","DEGs_DOWN_noBinding_noDMR"
"ENSG00000122971","DEGs_DOWN_noBinding_noDMR"
"ENSG00000107643","DEGs_DOWN_noBinding_noDMR"
"ENSG00000124920","DEGs_DOWN_noBinding_noDMR"
"ENSG00000110169","DEGs_DOWN_noBinding_noDMR"
"ENSG00000172888","DEGs_DOWN_noBinding_noDMR"
"ENSG00000198830","DEGs_DOWN_noBinding_noDMR"
"ENSG00000131381","DEGs_DOWN_noBinding_noDMR"
"ENSG00000196188","DEGs_DOWN_noBinding_noDMR"
"ENSG00000101187","DEGs_DOWN_noBinding_noDMR"
"ENSG00000168724","DEGs_DOWN_noBinding_noDMR"
"ENSG00000197467","DEGs_DOWN_noBinding_noDMR"
"ENSG00000089737","DEGs_DOWN_noBinding_noDMR"
"ENSG00000170037","DEGs_DOWN_noBinding_noDMR"
"ENSG00000185024","DEGs_DOWN_noBinding_noDMR"
"ENSG00000119596","DEGs_DOWN_noBinding_noDMR"
"ENSG00000105699","DEGs_DOWN_noBinding_noDMR"
"ENSG00000144840","DEGs_DOWN_noBinding_noDMR"
"ENSG00000084693","DEGs_DOWN_noBinding_noDMR"
"ENSG00000166446","DEGs_DOWN_noBinding_noDMR"
"ENSG00000103241","DEGs_DOWN_noBinding_noDMR"
"ENSG00000198755","DEGs_DOWN_noBinding_noDMR"
"ENSG00000163635","DEGs_DOWN_noBinding_noDMR"
"ENSG00000138792","DEGs_DOWN_noBinding_noDMR"
"ENSG00000126067","DEGs_DOWN_noBinding_noDMR"
"ENSG00000188152","DEGs_DOWN_noBinding_noDMR"
"ENSG00000131263","DEGs_DOWN_noBinding_noDMR"
"ENSG00000137809","DEGs_DOWN_noBinding_noDMR"
"ENSG00000177938","DEGs_DOWN_noBinding_noDMR"
"ENSG00000089597","DEGs_DOWN_noBinding_noDMR"
"ENSG00000166896","DEGs_DOWN_noBinding_noDMR"
"ENSG00000111252","DEGs_DOWN_noBinding_noDMR"
"ENSG00000019186","DEGs_DOWN_noBinding_noDMR"
"ENSG00000122033","DEGs_DOWN_noBinding_noDMR"
"ENSG00000160408","DEGs_DOWN_noBinding_noDMR"
"ENSG00000021762","DEGs_DOWN_noBinding_noDMR"
"ENSG00000110801","DEGs_DOWN_noBinding_noDMR"
"ENSG00000114737","DEGs_DOWN_noBinding_noDMR"
"ENSG00000112320","DEGs_DOWN_noBinding_noDMR"
"ENSG00000196812","DEGs_DOWN_noBinding_noDMR"
"ENSG00000162753","DEGs_DOWN_noBinding_noDMR"
"ENSG00000030066","DEGs_DOWN_noBinding_noDMR"
"ENSG00000188761","DEGs_DOWN_noBinding_noDMR"
"ENSG00000128346","DEGs_DOWN_noBinding_noDMR"
"ENSG00000115041","DEGs_DOWN_noBinding_noDMR"
"ENSG00000110660","DEGs_DOWN_noBinding_noDMR"
"ENSG00000180902","DEGs_DOWN_noBinding_noDMR"
"ENSG00000106571","DEGs_DOWN_noBinding_noDMR"
"ENSG00000130227","DEGs_DOWN_noBinding_noDMR"
"ENSG00000185792","DEGs_DOWN_noBinding_noDMR"
"ENSG00000137218","DEGs_DOWN_noBinding_noDMR"
"ENSG00000172354","DEGs_DOWN_noBinding_noDMR"
"ENSG00000172340","DEGs_DOWN_noBinding_noDMR"
"ENSG00000174482","DEGs_DOWN_noBinding_noDMR"
"ENSG00000188846","DEGs_DOWN_noBinding_noDMR"
"ENSG00000157542","DEGs_DOWN_noBinding_noDMR"
"ENSG00000198546","random_control"
"ENSG00000172345","random_control"
"ENSG00000276600","random_control"
"ENSG00000198668","random_control"
"ENSG00000076864","random_control"
"ENSG00000242485","random_control"
"ENSG00000174151","random_control"
"ENSG00000124422","random_control"
"ENSG00000120915","random_control"
"ENSG00000177363","random_control"
"ENSG00000160271","random_control"
"ENSG00000052344","random_control"
"ENSG00000152413","random_control"
"ENSG00000072609","random_control"
"ENSG00000102119","random_control"
"ENSG00000105697","random_control"
"ENSG00000156398","random_control"
"ENSG00000118094","random_control"
"ENSG00000198785","random_control"
"ENSG00000115694","random_control"
"ENSG00000100575","random_control"
"ENSG00000168556","random_control"
"ENSG00000180104","random_control"
"ENSG00000213793","random_control"
"ENSG00000135916","random_control"
"ENSG00000258102","random_control"
"ENSG00000137101","random_control"
"ENSG00000172590","random_control"
"ENSG00000115234","random_control"
"ENSG00000164144","random_control"
"ENSG00000100519","random_control"
"ENSG00000131480","random_control"
"ENSG00000142609","random_control"
"ENSG00000148156","random_control"
"ENSG00000167595","random_control"
"ENSG00000140398","random_control"
"ENSG00000141979","random_control"
"ENSG00000143786","random_control"
"ENSG00000086967","random_control"
"ENSG00000149527","random_control"
"ENSG00000176533","random_control"
"ENSG00000141622","random_control"
"ENSG00000277481","random_control"
"ENSG00000167578","random_control"
"ENSG00000285509","random_control"
"ENSG00000166002","random_control"
"ENSG00000109956","random_control"
"ENSG00000234602","random_control"
"ENSG00000113924","random_control"
"ENSG00000117394","random_control"
"ENSG00000136824","random_control"
"ENSG00000072042","random_control"
"ENSG00000172497","random_control"
"ENSG00000285480","random_control"
"ENSG00000214558","random_control"
"ENSG00000167565","random_control"
"ENSG00000100038","random_control"
"ENSG00000262484","random_control"
"ENSG00000075914","random_control"
"ENSG00000137757","random_control"
"ENSG00000116539","random_control"
"ENSG00000256269","random_control"
"ENSG00000104979","random_control"
"ENSG00000145911","random_control"
"ENSG00000139780","random_control"
"ENSG00000108100","random_control"
"ENSG00000169403","random_control"
"ENSG00000172782","random_control"
"ENSG00000144130","random_control"
