"tes_meth","gfp_meth","diff","group"
11.9823311463415,5.85723921951219,6.12509192682927,"DEGs_DOWN_with_binding"
13.6402198292683,8.19111897560976,5.44910085365854,"DEGs_DOWN_with_binding"
13.7406520731707,10.8763827804878,2.86426929268293,"DEGs_DOWN_with_binding"
11.9872101219512,2.54124397560976,9.44596614634146,"DEGs_DOWN_with_binding"
11.7841150731707,2.56636275609756,9.21775231707317,"DEGs_DOWN_with_binding"
11.7079445365854,11.285392804878,0.422551731707317,"DEGs_DOWN_with_binding"
10.7485879512195,8.1714086097561,2.57717934146341,"DEGs_DOWN_with_binding"
13.862236195122,11.5820983658537,2.28013782926829,"DEGs_DOWN_with_binding"
9.71703829268293,9.57077909756098,0.146259195121951,"DEGs_DOWN_with_binding"
12.5028887560976,9.50870765853658,2.99418109756098,"DEGs_DOWN_with_binding"
9.93701790243902,18.6954854146341,-8.75846751219512,"DEGs_DOWN_with_binding"
10.2167951707317,16.8250263902439,-6.6082312195122,"DEGs_DOWN_with_binding"
11.6701907073171,16.6763994146341,-5.00620870731708,"DEGs_DOWN_with_binding"
5.46766187804878,9.22447117073171,-3.75680929268293,"DEGs_DOWN_with_binding"
7.50865326829268,13.7225677073171,-6.21391443902439,"DEGs_DOWN_with_binding"
9.15800451219512,12.9677917804878,-3.80978726829268,"DEGs_DOWN_with_binding"
7.35565721951219,11.5951965121951,-4.23953929268293,"DEGs_DOWN_with_binding"
1.33582273170732,0.732008341463415,0.603814390243902,"DEGs_DOWN_with_binding"
8.089397,11.9026322926829,-3.81323529268293,"DEGs_DOWN_with_binding"
7.00289758536585,10.0262210243902,-3.02332343902439,"DEGs_DOWN_with_binding"
10.6500135609756,18.477099804878,-7.82708624390244,"DEGs_DOWN_with_binding"
10.3031977073171,15.9434944146341,-5.64029670731707,"DEGs_DOWN_with_binding"
10.390240097561,15.2991501463415,-4.90891004878049,"DEGs_DOWN_with_binding"
8.95765143902439,12.8942101707317,-3.93655873170732,"DEGs_DOWN_with_binding"
7.50361546341463,11.3879435609756,-3.88432809756097,"DEGs_DOWN_with_binding"
5.76480012195122,9.1424566097561,-3.37765648780488,"DEGs_DOWN_with_binding"
9.69128146341463,8.05379765853658,1.63748380487805,"DEGs_DOWN_with_binding"
10.8102398780488,15.1070362439024,-4.29679636585366,"DEGs_DOWN_with_binding"
8.71956021951219,9.14922473170732,-0.429664512195123,"DEGs_DOWN_with_binding"
8.00185441463415,12.5901761463415,-4.58832173170732,"DEGs_DOWN_with_binding"
17.7347038536585,32.1871884146341,-14.4524845609756,"DEGs_DOWN_with_binding"
20.2156773170732,23.5830677560976,-3.36739043902439,"DEGs_DOWN_with_binding"
19.9441143658537,35.9011977317073,-15.9570833658537,"DEGs_DOWN_with_binding"
16.1512332439024,18.7966390731707,-2.64540582926829,"DEGs_DOWN_with_binding"
1.81660641463415,0.867862414634146,0.948744,"DEGs_DOWN_with_binding"
1.33277163414634,2.23006914634146,-0.897297512195122,"DEGs_DOWN_with_binding"
11.943566097561,14.0466909512195,-2.10312485365854,"DEGs_DOWN_with_binding"
10.0200686829268,11.202036,-1.18196731707317,"DEGs_DOWN_with_binding"
11.5175150731707,20.9146236341463,-9.39710856097561,"DEGs_DOWN_with_binding"
4.32202982926829,3.73457597560976,0.587453853658537,"DEGs_DOWN_with_binding"
0,1.45754268292683,-1.45754268292683,"DEGs_DOWN_with_binding"
0,6.52559958536585,-6.52559958536585,"DEGs_DOWN_with_binding"
14.2757008536585,11.1777705609756,3.09793029268293,"DEGs_DOWN_with_binding"
7.35517595121951,10.8443809756098,-3.48920502439024,"DEGs_DOWN_with_binding"
6.03802904878049,4.68153434146341,1.35649470731707,"DEGs_DOWN_with_binding"
4.53685170731707,9.91515495121951,-5.37830324390244,"DEGs_DOWN_with_binding"
10.9297689756098,8.94134541463415,1.98842356097561,"DEGs_DOWN_with_binding"
8.29900043902439,5.87893182926829,2.4200686097561,"DEGs_DOWN_with_binding"
6.33910331707317,5.82840017073171,0.510703146341464,"DEGs_DOWN_with_binding"
9.00406482926829,12.8135767560976,-3.80951192682927,"DEGs_DOWN_with_binding"
7.03659790243902,10.3520006097561,-3.31540270731707,"DEGs_DOWN_with_binding"
7.24511202439024,13.8757581219512,-6.63064609756098,"DEGs_DOWN_with_binding"
8.939196,14.3160245121951,-5.37682851219512,"DEGs_DOWN_with_binding"
10.1863139512195,14.5769640487805,-4.39065009756098,"DEGs_DOWN_with_binding"
10.3261730487805,18.8364764146341,-8.51030336585366,"DEGs_DOWN_with_binding"
8.42023407317073,12.1025772195122,-3.68234314634146,"DEGs_DOWN_with_binding"
9.65506882926829,10.2877693658537,-0.632700536585366,"DEGs_DOWN_with_binding"
8.6100133902439,13.8729049756098,-5.26289158536586,"DEGs_DOWN_with_binding"
10.3224617073171,8.11657236585366,2.20588934146341,"DEGs_DOWN_with_binding"
9.606066,6.13119809756098,3.47486790243902,"DEGs_DOWN_with_binding"
9.217485,13.1926064146341,-3.97512141463415,"DEGs_DOWN_with_binding"
8.55723536585366,20.1586215121951,-11.6013861463415,"DEGs_DOWN_with_binding"
10.8456043414634,12.908846097561,-2.06324175609756,"DEGs_DOWN_with_binding"
11.0616471707317,15.0093525853659,-3.94770541463415,"DEGs_DOWN_with_binding"
11.2210523902439,21.5493873170732,-10.3283349268293,"DEGs_DOWN_with_binding"
9.64268309756098,16.5426187073171,-6.8999356097561,"DEGs_DOWN_with_binding"
11.6465140243902,16.2628537804878,-4.61633975609756,"DEGs_DOWN_with_binding"
6.8482476097561,13.3634079512195,-6.51516034146341,"DEGs_DOWN_with_binding"
8.7992713902439,13.3410863902439,-4.541815,"DEGs_DOWN_with_binding"
10.0762631707317,10.6876587560976,-0.611395585365853,"DEGs_DOWN_with_binding"
12.2109564878049,8.93499636585366,3.27596012195122,"DEGs_DOWN_with_binding"
6.65964524390244,5.56736185365854,1.0922833902439,"DEGs_DOWN_with_binding"
17.5694631707317,28.0698251219512,-10.5003619512195,"DEGs_DOWN_with_binding"
2.79360592682927,1.8608903902439,0.932715536585366,"DEGs_DOWN_with_binding"
14.5320977804878,19.4536003414634,-4.92150256097561,"DEGs_DOWN_with_binding"
5.43367575609756,10.0662781707317,-4.63260241463415,"DEGs_DOWN_with_binding"
9.38142036585366,14.585407804878,-5.20398743902439,"DEGs_DOWN_with_binding"
12.272390097561,6.72185363414634,5.55053646341463,"DEGs_DOWN_with_binding"
11.0304204390244,9.34835568292683,1.68206475609756,"DEGs_DOWN_with_binding"
10.6003696097561,12.1272766341463,-1.52690702439024,"DEGs_DOWN_with_binding"
4.8128882195122,13.4088548536585,-8.59596663414634,"DEGs_DOWN_with_binding"
8.20437156097561,12.7165362439024,-4.51216468292683,"DEGs_DOWN_with_binding"
8.75840843902439,11.5374506829268,-2.77904224390244,"DEGs_DOWN_with_binding"
9.24590941463415,12.8328141463415,-3.58690473170732,"DEGs_DOWN_with_binding"
7.9362906097561,7.16584826829268,0.770442341463415,"DEGs_DOWN_with_binding"
8.93150207317073,7.4720387804878,1.45946329268293,"DEGs_DOWN_with_binding"
10.806614,13.9367702682927,-3.13015626829268,"DEGs_DOWN_with_binding"
11.0540119756098,18.7408503414634,-7.68683836585366,"DEGs_DOWN_with_binding"
9.95807743902439,18.1111119268293,-8.15303448780488,"DEGs_DOWN_with_binding"
8.22126951219512,8.23609229268293,-0.0148227804878047,"DEGs_DOWN_with_binding"
6.46281212195122,10.6218687560976,-4.15905663414634,"DEGs_DOWN_with_binding"
8.00438392682927,12.5113581707317,-4.50697424390244,"DEGs_DOWN_with_binding"
6.65589475609756,10.3518929756098,-3.6959982195122,"DEGs_DOWN_with_binding"
6.88052917073171,15.0526725853659,-8.17214341463415,"DEGs_DOWN_with_binding"
11.5308917560976,9.81013153658537,1.72076021951219,"DEGs_DOWN_with_binding"
8.62201636585366,10.0240935853659,-1.4020772195122,"DEGs_DOWN_with_binding"
8.50783126829268,12.3883466829268,-3.88051541463415,"DEGs_DOWN_with_binding"
8.11492397560976,13.8377202439024,-5.72279626829268,"DEGs_DOWN_with_binding"
12.163767097561,9.0467567804878,3.11701031707317,"DEGs_DOWN_with_binding"
9.73139319512195,16.9159454390244,-7.18455224390244,"DEGs_DOWN_with_binding"
9.14739017073171,11.7022028536585,-2.55481268292683,"DEGs_DOWN_with_binding"
11.0485597560976,11.0719688780488,-0.0234091219512198,"DEGs_DOWN_with_binding"
4.7552646097561,4.41190117073171,0.34336343902439,"DEGs_DOWN_with_binding"
9.29389297560976,14.2930243902439,-4.99913141463415,"DEGs_DOWN_with_binding"
11.8562555609756,13.4214850731707,-1.56522951219512,"DEGs_DOWN_with_binding"
7.65573375609756,10.1192440487805,-2.46351029268293,"DEGs_DOWN_with_binding"
8.6557116097561,12.8836710243902,-4.22795941463415,"DEGs_DOWN_with_binding"
5.03897929268293,8.53486853658537,-3.49588924390244,"DEGs_DOWN_with_binding"
6.58204256097561,11.9044014634146,-5.32235890243903,"DEGs_DOWN_with_binding"
8.67415309756097,12.0151749512195,-3.34102185365854,"DEGs_DOWN_with_binding"
8.3948773902439,11.9377096341463,-3.54283224390244,"DEGs_DOWN_with_binding"
7.91678995121951,13.6631823658537,-5.74639241463414,"DEGs_DOWN_with_binding"
6.94890756097561,10.7299728536585,-3.78106529268293,"DEGs_DOWN_with_binding"
6.54051770731707,10.2126344390244,-3.67211673170732,"DEGs_DOWN_with_binding"
6.92371524390244,10.2220346097561,-3.29831936585366,"DEGs_DOWN_with_binding"
6.67843729268293,6.57676253658537,0.101674756097561,"DEGs_DOWN_with_binding"
15.390077902439,0.947731146341463,14.4423467560976,"DEGs_DOWN_with_binding"
7.85843678048781,11.6189136341463,-3.76047685365854,"DEGs_DOWN_with_binding"
7.81065214634146,13.7019387804878,-5.89128663414634,"DEGs_DOWN_with_binding"
6.33776058536585,9.86573,-3.52796941463415,"DEGs_DOWN_with_binding"
6.11632809756098,9.37123002439024,-3.25490192682927,"DEGs_DOWN_with_binding"
9.19571670731707,7.43866065853658,1.75705604878049,"DEGs_DOWN_with_binding"
9.79217519512195,11.6575701707317,-1.86539497560976,"DEGs_DOWN_with_binding"
7.42707892682927,11.8504306829268,-4.42335175609756,"DEGs_DOWN_with_binding"
7.80031429268293,12.7843085853659,-4.98399429268293,"DEGs_DOWN_with_binding"
7.91679209756098,10.7361378536585,-2.81934575609756,"DEGs_DOWN_with_binding"
8.90795082926829,13.9922528780488,-5.08430204878049,"DEGs_DOWN_with_binding"
7.32926473170732,5.7499053902439,1.57935934146342,"DEGs_DOWN_with_binding"
13.7451075121951,6.65784136585366,7.08726614634146,"DEGs_DOWN_with_binding"
17.4763613414634,12.8959017317073,4.5804596097561,"DEGs_DOWN_with_binding"
14.3839256341463,8.37608185365854,6.00784378048781,"DEGs_DOWN_with_binding"
9.93311224390244,14.8405926097561,-4.90748036585366,"DEGs_DOWN_with_binding"
8.74464797560976,11.2908561463415,-2.54620817073171,"DEGs_DOWN_with_binding"
6.12160612195122,12.1512294634146,-6.02962334146341,"DEGs_DOWN_with_binding"
7.1320922195122,11.9811215609756,-4.84902934146341,"DEGs_DOWN_with_binding"
8.34396390243902,15.3370882195122,-6.99312431707317,"DEGs_DOWN_with_binding"
5.81484704878049,9.71053617073171,-3.89568912195122,"DEGs_DOWN_with_binding"
4.383941,5.97157873170732,-1.58763773170732,"DEGs_DOWN_with_binding"
7.2354812195122,8.16187936585366,-0.926398146341464,"DEGs_DOWN_with_binding"
7.44695014634146,9.04544573170732,-1.59849558536585,"DEGs_DOWN_with_binding"
4.38003214634146,2.19923712195122,2.18079502439024,"DEGs_DOWN_with_binding"
9.87965348780488,2.73276065853659,7.14689282926829,"DEGs_DOWN_with_binding"
8.16583975609756,5.16868046341463,2.99715929268293,"DEGs_DOWN_with_binding"
7.43463202439024,4.24645531707317,3.18817670731707,"DEGs_DOWN_with_binding"
10.269552,14.2059183170732,-3.93636631707317,"DEGs_DOWN_with_binding"
6.08259970731707,10.9651897804878,-4.88259007317073,"DEGs_DOWN_with_binding"
9.52459941463415,15.4635759512195,-5.93897653658537,"DEGs_DOWN_with_binding"
9.18288582926829,14.3864692439024,-5.20358341463415,"DEGs_DOWN_with_binding"
6.01118387804878,11.4651326829268,-5.45394880487805,"DEGs_DOWN_with_binding"
7.58104441463415,12.5520623902439,-4.97101797560976,"DEGs_DOWN_with_binding"
8.17645136585366,12.5286315853659,-4.3521802195122,"DEGs_DOWN_with_binding"
6.86211104878049,10.857012804878,-3.99490175609756,"DEGs_DOWN_with_binding"
8.46448536585366,10.6939749756098,-2.2294896097561,"DEGs_DOWN_with_binding"
7.01063129268293,11.3125042195122,-4.30187292682927,"DEGs_DOWN_with_binding"
8.55131234146342,12.6268545365854,-4.07554219512195,"DEGs_DOWN_with_binding"
8.04814412195122,14.274637195122,-6.22649307317073,"DEGs_DOWN_with_binding"
7.5623907804878,11.3017350243902,-3.73934424390244,"DEGs_DOWN_with_binding"
7.41200975609756,13.0075570243902,-5.59554726829268,"DEGs_DOWN_with_binding"
9.80197704878049,13.7838002195122,-3.98182317073171,"DEGs_DOWN_with_binding"
9.15784075609756,12.8298683170732,-3.67202756097561,"DEGs_DOWN_with_binding"
10.226267097561,9.52285917073171,0.703407926829268,"DEGs_DOWN_with_binding"
8.02604792682927,14.0916525853659,-6.06560465853659,"DEGs_DOWN_with_binding"
9.26942121951219,8.73234712195122,0.537074097560975,"DEGs_DOWN_with_binding"
5.22172209756098,4.32219436585366,0.899527731707318,"DEGs_DOWN_with_binding"
10.0780562682927,14.3356083902439,-4.25755212195122,"DEGs_DOWN_with_binding"
8.65798612195122,13.2471813170732,-4.58919519512195,"DEGs_DOWN_with_binding"
9.86636941463415,15.406098097561,-5.53972868292683,"DEGs_DOWN_with_binding"
8.02191336585366,13.4790046097561,-5.45709124390244,"DEGs_DOWN_with_binding"
11.5250976585366,14.2208589268293,-2.69576126829268,"DEGs_DOWN_with_binding"
11.367615097561,14.0602837317073,-2.69266863414634,"DEGs_DOWN_with_binding"
11.321047195122,15.6926953658537,-4.37164817073171,"DEGs_DOWN_with_binding"
7.68333073170732,13.1624861219512,-5.4791553902439,"DEGs_DOWN_with_binding"
6.57945109756098,8.37270924390244,-1.79325814634146,"DEGs_DOWN_with_binding"
10.0864297073171,11.3047974634146,-1.21836775609756,"DEGs_DOWN_with_binding"
8.78048385365854,11.7276959512195,-2.94721209756098,"DEGs_DOWN_with_binding"
7.32427146341463,9.07570982926829,-1.75143836585366,"DEGs_DOWN_with_binding"
10.8741453902439,15.3431835121951,-4.46903812195122,"DEGs_DOWN_with_binding"
14.0674560243902,15.3308567804878,-1.26340075609756,"DEGs_DOWN_with_binding"
9.16309482926829,10.9730623414634,-1.80996751219512,"DEGs_DOWN_with_binding"
11.7935742439024,15.9881370243902,-4.19456278048781,"DEGs_DOWN_with_binding"
11.9199594390244,13.6835132195122,-1.7635537804878,"DEGs_DOWN_with_binding"
10.5322053170732,13.386674902439,-2.85446958536585,"DEGs_DOWN_with_binding"
9.27549419512195,15.7450653658537,-6.46957117073171,"DEGs_DOWN_with_binding"
7.65116924390244,12.2204258780488,-4.56925663414634,"DEGs_DOWN_with_binding"
2.34234868292683,2.10094836585366,0.241400317073171,"DEGs_DOWN_with_binding"
15.5773382195122,25.7738048292683,-10.1964666097561,"DEGs_DOWN_with_binding"
11.9993564390244,19.2332658292683,-7.2339093902439,"DEGs_DOWN_with_binding"
15.4470471707317,20.1092797560976,-4.66223258536585,"DEGs_DOWN_with_binding"
16.519942195122,24.576676097561,-8.05673390243902,"DEGs_DOWN_with_binding"
14.381901804878,9.82538136585366,4.55652043902439,"DEGs_DOWN_with_binding"
10.9960974390244,6.88747419512195,4.10862324390244,"DEGs_DOWN_with_binding"
17.6344230487805,26.1978613902439,-8.56343834146341,"DEGs_DOWN_with_binding"
11.7609714390244,3.04194165853659,8.7190297804878,"DEGs_DOWN_with_binding"
10.5988069512195,9.97546092682927,0.623346024390244,"DEGs_DOWN_with_binding"
7.73705812195122,19.3381135609756,-11.6010554390244,"DEGs_DOWN_with_binding"
9.60899892682927,14.7154945365854,-5.1064956097561,"DEGs_DOWN_with_binding"
9.47031868292683,14.1103762195122,-4.64005753658537,"DEGs_DOWN_with_binding"
11.4713976585366,10.4330112926829,1.03838636585366,"DEGs_DOWN_with_binding"
7.2548666097561,11.6392915853659,-4.38442497560976,"DEGs_DOWN_with_binding"
19.2082761463415,30.771467,-11.5631908536585,"DEGs_DOWN_with_binding"
31.1340251707317,48.9106485609756,-17.7766233902439,"DEGs_DOWN_with_binding"
76.6771732195122,30.210289804878,46.4668834146342,"DEGs_DOWN_with_binding"
21.7890765121951,33.437201195122,-11.6481246829268,"DEGs_DOWN_with_binding"
30.1107494390244,26.4631226097561,3.64762682926829,"DEGs_DOWN_with_binding"
11.682243195122,21.6694567073171,-9.98721351219512,"DEGs_DOWN_with_binding"
7.77614751219512,1.36294092682927,6.41320658536585,"DEGs_DOWN_with_binding"
15.6572789756098,27.1372965853659,-11.4800176097561,"DEGs_DOWN_with_binding"
6.60032680487805,8.01641685365854,-1.41609004878049,"DEGs_DOWN_with_binding"
4.77933304878049,6.73136926829268,-1.9520362195122,"DEGs_DOWN_with_binding"
5.40506682926829,10.1693924634146,-4.76432563414634,"DEGs_DOWN_with_binding"
7.55061792682927,9.04861536585366,-1.49799743902439,"DEGs_DOWN_with_binding"
5.3020387804878,9.42261656097561,-4.12057778048781,"DEGs_DOWN_with_binding"
5.50687965853658,8.59145173170732,-3.08457207317073,"DEGs_DOWN_with_binding"
5.09601192682927,8.60865763414634,-3.51264570731707,"DEGs_DOWN_with_binding"
4.76048841463415,8.84456190243903,-4.08407348780488,"DEGs_DOWN_with_binding"
4.81618975609756,8.05102517073171,-3.23483541463415,"DEGs_DOWN_with_binding"
4.37825082926829,6.64452075609756,-2.26626992682927,"DEGs_DOWN_with_binding"
6.12516965853659,11.3878490243902,-5.26267936585366,"DEGs_DOWN_with_binding"
5.10896675609756,6.64710258536585,-1.53813582926829,"DEGs_DOWN_with_binding"
5.66032082926829,11.1869051463415,-5.52658431707317,"DEGs_DOWN_with_binding"
5.1563313902439,9.74979543902439,-4.59346404878049,"DEGs_DOWN_with_binding"
4.87337026829268,10.413079804878,-5.53970953658537,"DEGs_DOWN_with_binding"
8.35343556097561,6.85491934146341,1.4985162195122,"DEGs_DOWN_with_binding"
6.1005582195122,9.32348304878049,-3.22292482926829,"DEGs_DOWN_with_binding"
5.62563419512195,10.5089382439024,-4.88330404878049,"DEGs_DOWN_with_binding"
5.11622719512195,8.83595814634146,-3.71973095121951,"DEGs_DOWN_with_binding"
6.18906387804878,9.3044266097561,-3.11536273170732,"DEGs_DOWN_with_binding"
9.31694363414634,19.7648091219512,-10.4478654878049,"DEGs_DOWN_with_binding"
5.57161482926829,10.0104039756098,-4.43878914634146,"DEGs_DOWN_with_binding"
7.62783895121951,11.1319355365854,-3.50409658536585,"DEGs_DOWN_with_binding"
7.32456773170732,8.38252280487805,-1.05795507317073,"DEGs_DOWN_with_binding"
7.70352926829268,11.4544997073171,-3.75097043902439,"DEGs_DOWN_with_binding"
12.6535883414634,12.908695804878,-0.255107463414634,"DEGs_DOWN_with_binding"
8.77912882926829,14.6487543902439,-5.86962556097561,"DEGs_DOWN_with_binding"
5.77204863414634,9.10407780487805,-3.33202917073171,"DEGs_DOWN_with_binding"
10.8041143658537,13.6091243414634,-2.80500997560976,"DEGs_DOWN_with_binding"
10.1688336829268,14.2722831707317,-4.10344948780488,"DEGs_DOWN_with_binding"
8.6243167804878,13.2838024634146,-4.65948568292683,"DEGs_DOWN_with_binding"
6.53759356097561,5.5732133902439,0.964380170731708,"DEGs_DOWN_with_binding"
8.88619253658537,13.4917806097561,-4.60558807317073,"DEGs_DOWN_with_binding"
10.4011562682927,12.4818628536585,-2.08070658536585,"DEGs_DOWN_with_binding"
8.57858897560976,8.81060836585366,-0.232019390243902,"DEGs_DOWN_with_binding"
5.13798712195122,5.68669875609756,-0.548711634146342,"DEGs_DOWN_with_binding"
7.73299517073171,12.5488443414634,-4.81584917073171,"DEGs_DOWN_with_binding"
8.29521021951219,11.1499318536585,-2.85472163414634,"DEGs_DOWN_with_binding"
9.82109087804878,14.7613942926829,-4.94030341463415,"DEGs_DOWN_with_binding"
7.34138014634146,7.821635,-0.480254853658536,"DEGs_DOWN_with_binding"
6.74749292682927,10.4027417560976,-3.65524882926829,"DEGs_DOWN_with_binding"
9.38955163414634,12.3827808292683,-2.99322919512195,"DEGs_DOWN_with_binding"
8.59083734146341,14.9812000731707,-6.39036273170732,"DEGs_DOWN_with_binding"
9.18163124390244,13.5423817560976,-4.36075051219512,"DEGs_DOWN_with_binding"
4.73945158536585,4.8341777804878,-0.0947261951219511,"DEGs_DOWN_with_binding"
8.76933653658537,14.9317471707317,-6.16241063414634,"DEGs_DOWN_with_binding"
9.80267795121951,15.7770546585366,-5.97437670731707,"DEGs_DOWN_with_binding"
6.72641546341463,12.359694,-5.63327853658537,"DEGs_DOWN_with_binding"
7.42364492682927,13.5585209512195,-6.13487602439024,"DEGs_DOWN_with_binding"
8.79136141463415,12.5428513902439,-3.75148997560976,"DEGs_DOWN_with_binding"
7.28006443902439,8.72634697560976,-1.44628253658537,"DEGs_DOWN_with_binding"
7.88707997560976,13.0497258536585,-5.16264587804878,"DEGs_DOWN_with_binding"
8.29706685365854,6.15052073170732,2.14654612195122,"DEGs_DOWN_with_binding"
12.3308889268293,13.3063984878049,-0.97550956097561,"DEGs_DOWN_with_binding"
6.766707,7.62003417073171,-0.853327170731707,"DEGs_DOWN_with_binding"
9.49393995121951,9.68585185365854,-0.191911902439024,"DEGs_DOWN_with_binding"
8.48233941463415,3.04583548780488,5.43650392682927,"DEGs_DOWN_with_binding"
10.4890456097561,16.1368447560976,-5.64779914634146,"DEGs_DOWN_with_binding"
6.46181504878049,9.1511702195122,-2.68935517073171,"DEGs_DOWN_with_binding"
8.51896336585366,7.41662380487805,1.10233956097561,"DEGs_DOWN_with_binding"
11.995591,19.2275485609756,-7.23195756097561,"DEGs_DOWN_with_binding"
6.16997729268293,11.3326785853659,-5.16270129268293,"DEGs_DOWN_with_binding"
10.6901808780488,7.06019251219512,3.62998836585366,"DEGs_DOWN_with_binding"
9.0349292195122,9.67485812195122,-0.639928902439024,"DEGs_DOWN_with_binding"
11.349724195122,13.6434125853659,-2.2936883902439,"DEGs_DOWN_with_binding"
8.42870856097561,12.1361433902439,-3.70743482926829,"DEGs_DOWN_with_binding"
5.35904846341463,12.729591902439,-7.37054343902439,"DEGs_DOWN_with_binding"
10.280938902439,15.4964357804878,-5.21549687804878,"DEGs_DOWN_with_binding"
6.48814736585366,9.90563514634146,-3.41748778048781,"DEGs_DOWN_with_binding"
21.5621365853659,17.4153701463415,4.14676643902439,"DEGs_DOWN_with_binding"
8.82705924390244,6.47644670731707,2.35061253658537,"DEGs_DOWN_with_binding"
14.9696281707317,8.40296612195122,6.56666204878049,"DEGs_DOWN_with_binding"
10.4783569268293,18.027644097561,-7.54928717073171,"DEGs_DOWN_with_binding"
12.2721569512195,10.8613287804878,1.41082817073171,"DEGs_DOWN_with_binding"
5.42966648780488,8.61367880487805,-3.18401231707317,"DEGs_DOWN_with_binding"
10.2251089268293,13.538317902439,-3.31320897560976,"DEGs_DOWN_with_binding"
13.5486480731707,16.6825397073171,-3.13389163414634,"DEGs_DOWN_with_binding"
9.64591295121951,14.0541042195122,-4.40819126829268,"DEGs_DOWN_with_binding"
4.87019395121951,5.31483978048781,-0.444645829268293,"DEGs_DOWN_with_binding"
0,0,0,"DEGs_DOWN_with_binding"
2.07376829268293,0,2.07376829268293,"DEGs_DOWN_with_binding"
2.73362243902439,0,2.73362243902439,"DEGs_DOWN_with_binding"
1.051913,0,1.051913,"DEGs_DOWN_with_binding"
0,0,0,"DEGs_DOWN_with_binding"
3.64372487804878,1.27177743902439,2.37194743902439,"DEGs_DOWN_with_binding"
5.20571068292683,8.17082717073171,-2.96511648780488,"DEGs_DOWN_with_binding"
0,0,0,"DEGs_DOWN_with_binding"
43.4637731219512,8.56784304878049,34.8959300731707,"DEGs_DOWN_with_binding"
0.325653658536585,4.24932682926829,-3.92367317073171,"DEGs_DOWN_with_binding"
23.6565682926829,23.0876106097561,0.568957682926829,"DEGs_DOWN_with_binding"
11.4793056341463,10.5858133170732,0.89349231707317,"DEGs_DOWN_with_binding"
12.3663104634146,13.2300185365854,-0.863708073170731,"DEGs_DOWN_with_binding"
12.1905530487805,6.45268685365854,5.73786619512195,"DEGs_DOWN_with_binding"
13.9514561219512,7.05910334146341,6.8923527804878,"DEGs_DOWN_with_binding"
10.8545733658537,3.62154456097561,7.23302880487805,"DEGs_DOWN_with_binding"
10.6760307560976,12.7173892682927,-2.04135851219512,"DEGs_DOWN_with_binding"
9.10399141463415,13.5115671463415,-4.40757573170732,"DEGs_DOWN_with_binding"
8.01731214634146,13.1992392926829,-5.18192714634146,"DEGs_DOWN_with_binding"
9.30571358536585,14.6180880487805,-5.31237446341463,"DEGs_DOWN_with_binding"
15.956896,12.5069382926829,3.44995770731707,"DEGs_DOWN_with_binding"
11.2917959756098,15.8494264146341,-4.55763043902439,"DEGs_DOWN_with_binding"
7.38587595121951,9.05953519512195,-1.67365924390244,"DEGs_DOWN_with_binding"
9.4254046097561,14.294441195122,-4.86903658536585,"DEGs_DOWN_with_binding"
9.52793651219512,13.6190766341463,-4.09114012195122,"DEGs_DOWN_with_binding"
2.40723017073171,0.583298170731707,1.823932,"DEGs_DOWN_with_binding"
5.48281326829268,8.73453748780488,-3.2517242195122,"DEGs_DOWN_with_binding"
7.73040663414634,12.3424373170732,-4.61203068292683,"DEGs_DOWN_with_binding"
8.10521363414634,15.9318905609756,-7.82667692682927,"DEGs_DOWN_with_binding"
7.32461765853659,10.9093701707317,-3.58475251219512,"DEGs_DOWN_with_binding"
7.58003104878049,12.0995516585366,-4.5195206097561,"DEGs_DOWN_with_binding"
8.31724017073171,15.023488804878,-6.70624863414634,"DEGs_DOWN_with_binding"
8.1421846097561,12.1325847560976,-3.99040014634146,"DEGs_DOWN_with_binding"
10.6396165609756,16.8016592439024,-6.16204268292683,"DEGs_DOWN_with_binding"
2.12140848780488,3.93722253658537,-1.81581404878049,"DEGs_DOWN_with_binding"
8.80528975609756,15.7091516829268,-6.90386192682927,"DEGs_DOWN_with_binding"
1.57963353658537,2.41669443902439,-0.837060902439024,"DEGs_DOWN_with_binding"
9.16119202439024,14.319849902439,-5.15865787804878,"DEGs_DOWN_with_binding"
9.8799367804878,14.4203964390244,-4.54045965853659,"DEGs_DOWN_with_binding"
11.6868606585366,14.9696874878049,-3.28282682926829,"DEGs_DOWN_with_binding"
15.0408645853659,7.75473707317073,7.28612751219512,"DEGs_DOWN_with_binding"
10.450041195122,11.7711295853659,-1.3210883902439,"DEGs_DOWN_with_binding"
8.62261231707317,10.7359451219512,-2.11333280487805,"DEGs_DOWN_with_binding"
8.50058441463415,9.23071143902439,-0.730127024390244,"DEGs_DOWN_with_binding"
10.5926154634146,2.03995787804878,8.55265758536585,"DEGs_DOWN_with_binding"
1.82369834146341,2.21531517073171,-0.391616829268293,"DEGs_DOWN_with_binding"
6.50113482926829,13.1569716097561,-6.6558367804878,"DEGs_DOWN_with_binding"
7.90146324390244,14.6787632195122,-6.77729997560976,"DEGs_DOWN_with_binding"
5.6818877804878,8.33426226829268,-2.65237448780488,"DEGs_DOWN_with_binding"
2.15607109756098,1.88190436585366,0.274166731707317,"DEGs_DOWN_with_binding"
12.5274051463415,23.3327854390244,-10.8053802926829,"DEGs_DOWN_with_binding"
8.30593168292683,11.2694394146341,-2.96350773170732,"DEGs_DOWN_with_binding"
10.0104800243902,8.13729119512195,1.87318882926829,"DEGs_DOWN_with_binding"
11.1744019756098,8.86564531707317,2.30875665853659,"DEGs_DOWN_with_binding"
21.3753440243902,17.9199695853659,3.45537443902439,"DEGs_DOWN_with_binding"
6.36222207317073,12.2763104878049,-5.91408841463415,"DEGs_DOWN_with_binding"
8.39282765853659,10.1450952682927,-1.7522676097561,"DEGs_DOWN_with_binding"
12.620181,13.6548736829268,-1.03469268292683,"DEGs_DOWN_with_binding"
8.63210336585366,16.7625826585366,-8.13047929268293,"DEGs_DOWN_with_binding"
7.37335958536585,13.352174,-5.97881441463415,"DEGs_DOWN_with_binding"
9.40412351219512,15.1744014146341,-5.77027790243902,"DEGs_DOWN_with_binding"
10.4506056585366,18.9262342439024,-8.47562858536585,"DEGs_DOWN_with_binding"
8.95440492682927,15.8726726585366,-6.91826773170732,"DEGs_DOWN_with_binding"
16.3370126097561,17.2558889268293,-0.91887631707317,"DEGs_DOWN_with_binding"
18.9667693658537,5.06288587804878,13.9038834878049,"DEGs_DOWN_with_binding"
24.6418427317073,11.216039,13.4258037317073,"DEGs_DOWN_with_binding"
12.9137577073171,17.5246219512195,-4.61086424390244,"DEGs_DOWN_with_binding"
9.87631626829268,16.5717929512195,-6.69547668292683,"DEGs_DOWN_with_binding"
9.22969456097561,16.9293700731707,-7.69967551219512,"DEGs_DOWN_with_binding"
12.1813277560976,15.8300105121951,-3.64868275609756,"DEGs_DOWN_with_binding"
14.1994602439024,20.8697358292683,-6.67027558536585,"DEGs_DOWN_with_binding"
16.0273852439024,25.4026513902439,-9.37526614634146,"DEGs_DOWN_with_binding"
14.6407831219512,19.520764804878,-4.87998168292683,"DEGs_DOWN_with_binding"
8.41763168292683,13.4562451463415,-5.03861346341463,"DEGs_DOWN_with_binding"
2.53715697560976,1.62407158536585,0.913085390243902,"DEGs_DOWN_with_binding"
7.73977424390244,7.85928643902439,-0.119512195121951,"DEGs_DOWN_with_binding"
6.7631337804878,9.73241595121951,-2.96928217073171,"DEGs_DOWN_with_binding"
5.10277807317073,2.49976548780488,2.60301258536585,"DEGs_DOWN_with_binding"
9.93895775609756,14.8116087804878,-4.87265102439024,"DEGs_DOWN_with_binding"
13.3337512682927,28.1875905609756,-14.8538392926829,"DEGs_DOWN_with_binding"
11.2420129268293,18.3430146585366,-7.10100173170732,"DEGs_DOWN_with_binding"
9.22808217073171,15.7584128780488,-6.53033070731707,"DEGs_DOWN_with_binding"
14.4264434878049,10.3310463170732,4.09539717073171,"DEGs_DOWN_with_binding"
12.0325821219512,15.6160678292683,-3.58348570731707,"DEGs_DOWN_with_binding"
10.1121205609756,17.6831322439024,-7.57101168292683,"DEGs_DOWN_with_binding"
12.9656393170732,22.3487717560976,-9.38313243902439,"DEGs_DOWN_with_binding"
13.3030046341463,18.2121058780488,-4.90910124390244,"DEGs_DOWN_with_binding"
13.737634097561,23.6172099268293,-9.87957582926829,"DEGs_DOWN_with_binding"
8.9795926097561,15.1273721707317,-6.14777956097561,"DEGs_DOWN_with_binding"
11.8981249512195,19.7304885609756,-7.8323636097561,"DEGs_DOWN_with_binding"
9.06173946341463,13.2481118292683,-4.18637236585366,"DEGs_DOWN_with_binding"
11.6633100243902,16.7039293170732,-5.04061929268293,"DEGs_DOWN_with_binding"
9.50408236585366,17.1169718292683,-7.61288946341464,"DEGs_DOWN_with_binding"
8.91586595121951,9.7210286097561,-0.805162658536585,"DEGs_DOWN_with_binding"
9.66242980487805,17.0017930243902,-7.3393632195122,"DEGs_DOWN_with_binding"
11.5666627560976,17.6179122195122,-6.05124946341463,"DEGs_DOWN_with_binding"
11.246170195122,17.6022401463415,-6.35606995121951,"DEGs_DOWN_with_binding"
6.74779556097561,4.96624636585366,1.78154919512195,"DEGs_DOWN_with_binding"
12.8994335609756,18.1423306829268,-5.24289712195122,"DEGs_DOWN_with_binding"
9.6052056097561,15.2094411707317,-5.60423556097561,"DEGs_DOWN_with_binding"
12.4328874634146,18.2203119268293,-5.78742446341463,"DEGs_DOWN_with_binding"
9.34301253658537,13.35764,-4.01462746341463,"DEGs_DOWN_with_binding"
7.8095947804878,13.3697198292683,-5.56012504878049,"DEGs_DOWN_with_binding"
6.66634387804878,9.61499221951219,-2.94864834146341,"DEGs_DOWN_with_binding"
9.06364897560976,15.9072440487805,-6.84359507317073,"DEGs_DOWN_with_binding"
9.4846673902439,16.0584115121951,-6.57374412195122,"DEGs_DOWN_with_binding"
8.49544787804878,12.3027025853659,-3.80725470731707,"DEGs_DOWN_with_binding"
10.1309247317073,15.1032465609756,-4.97232182926829,"DEGs_DOWN_with_binding"
11.8655424634146,18.2296923170732,-6.36414985365854,"DEGs_DOWN_with_binding"
10.368676195122,16.5324682195122,-6.16379202439025,"DEGs_DOWN_with_binding"
13.7651712926829,7.62278814634146,6.14238314634146,"DEGs_DOWN_with_binding"
11.6265626097561,13.1267310731707,-1.50016846341463,"DEGs_DOWN_with_binding"
0.843398585365854,0.69191912195122,0.151479463414634,"DEGs_DOWN_with_binding"
11.7543272926829,9.9852652195122,1.76906207317073,"DEGs_DOWN_with_binding"
10.7020844146341,11.5301656097561,-0.828081195121952,"DEGs_DOWN_with_binding"
6.12445941463415,12.3258629756098,-6.20140356097561,"DEGs_DOWN_with_binding"
7.87538190243902,13.384938097561,-5.50955619512195,"DEGs_DOWN_with_binding"
9.29459341463415,13.7258634146341,-4.43127,"DEGs_DOWN_with_binding"
9.84138182926829,10.1615337317073,-0.320151902439024,"DEGs_DOWN_with_binding"
9.74417109756098,15.2489502682927,-5.50477917073171,"DEGs_DOWN_with_binding"
10.780883097561,19.6431390243902,-8.86225592682927,"DEGs_DOWN_with_binding"
7.82294153658537,11.8398727317073,-4.01693119512195,"DEGs_DOWN_with_binding"
10.0681777804878,12.2724568780488,-2.20427909756098,"DEGs_DOWN_with_binding"
12.064235195122,14.5780802682927,-2.51384507317073,"DEGs_DOWN_with_binding"
15.1788384634146,12.6605706585366,2.51826780487805,"DEGs_DOWN_with_binding"
8.50769648780488,11.121802097561,-2.6141056097561,"DEGs_DOWN_with_binding"
9.3039806097561,11.7373733902439,-2.43339278048781,"DEGs_DOWN_with_binding"
11.2702549756098,17.0957963658537,-5.8255413902439,"DEGs_DOWN_with_binding"
6.76742168292683,12.713133097561,-5.94571141463415,"DEGs_DOWN_with_binding"
9.91875085365854,12.3524819756098,-2.43373112195122,"DEGs_DOWN_with_binding"
6.8689827804878,6.59764836585366,0.271334414634146,"DEGs_DOWN_with_binding"
13.199065097561,7.68369819512195,5.51536690243902,"DEGs_DOWN_with_binding"
19.325128,7.24576595121951,12.0793620487805,"DEGs_DOWN_with_binding"
5.11937317073171,8.87975758536585,-3.76038441463415,"DEGs_DOWN_with_binding"
1.33515326829268,0.907697219512195,0.427456048780488,"DEGs_DOWN_with_binding"
5.96810207317073,10.3295567560976,-4.36145468292683,"DEGs_DOWN_with_binding"
8.89352097560976,13.427269902439,-4.53374892682927,"DEGs_DOWN_with_binding"
10.1669097073171,6.22988817073171,3.93702153658537,"DEGs_DOWN_with_binding"
8.91316092682927,19.7585087073171,-10.8453477804878,"DEGs_DOWN_with_binding"
2.33602080487805,0.0114317073170732,2.32458909756098,"DEGs_DOWN_with_binding"
8.16996980487805,14.911950195122,-6.7419803902439,"DEGs_DOWN_with_binding"
7.50615992682927,11.8683669512195,-4.36220702439024,"DEGs_DOWN_with_binding"
6.9248202195122,11.4224063658537,-4.49758614634146,"DEGs_DOWN_with_binding"
9.27015634146341,12.9028043170732,-3.63264797560976,"DEGs_DOWN_with_binding"
7.1104703902439,12.9089607560976,-5.79849036585366,"DEGs_DOWN_with_binding"
11.7354377317073,10.5878057073171,1.14763202439024,"DEGs_DOWN_with_binding"
14.113016,6.04979485365854,8.06322114634146,"DEGs_DOWN_with_binding"
12.6223775121951,4.81637636585366,7.80600114634146,"DEGs_DOWN_with_binding"
8.82847034146342,11.6132373658537,-2.78476702439024,"DEGs_DOWN_with_binding"
6.93817692682927,10.3563184146341,-3.41814148780488,"DEGs_DOWN_with_binding"
9.08436195121951,8.27300856097561,0.811353390243902,"DEGs_DOWN_with_binding"
10.8887233658537,13.0809825121951,-2.19225914634146,"DEGs_DOWN_with_binding"
9.14122202439024,12.5704528780488,-3.42923085365854,"DEGs_DOWN_with_binding"
8.38735580487805,18.117088804878,-9.729733,"DEGs_DOWN_with_binding"
12.3973000731707,15.0224974146341,-2.62519734146342,"DEGs_DOWN_with_binding"
3.49065141463415,1.22623702439024,2.2644143902439,"DEGs_DOWN_with_binding"
4.03356924390244,8.00251168292683,-3.96894243902439,"DEGs_DOWN_with_binding"
5.50499419512195,9.46668626829268,-3.96169207317073,"DEGs_DOWN_with_binding"
7.38632190243902,9.76757046341463,-2.38124856097561,"DEGs_DOWN_with_binding"
7.09943053658537,12.287336,-5.18790546341463,"DEGs_DOWN_with_binding"
8.89766214634146,21.7944537804878,-12.8967916341463,"DEGs_DOWN_with_binding"
10.1450371463415,13.7320493902439,-3.58701224390244,"DEGs_DOWN_with_binding"
12.464129195122,7.80494451219512,4.65918468292683,"DEGs_DOWN_with_binding"
12.7455149756098,7.05905497560976,5.68646,"DEGs_DOWN_with_binding"
12.1709339512195,12.8553455121951,-0.68441156097561,"DEGs_DOWN_with_binding"
11.3373957804878,9.60082995121951,1.73656582926829,"DEGs_DOWN_with_binding"
12.0921738780488,2.14877817073171,9.94339570731707,"DEGs_DOWN_with_binding"
12.3760393658537,15.4935509268293,-3.11751156097561,"DEGs_DOWN_with_binding"
14.9853122195122,8.19437741463415,6.79093480487805,"DEGs_DOWN_with_binding"
8.57161929268293,4.77342165853659,3.79819763414634,"DEGs_DOWN_with_binding"
9.2066617804878,4.0868787804878,5.119783,"DEGs_DOWN_with_binding"
7.75776451219512,2.85129875609756,4.90646575609756,"DEGs_DOWN_with_binding"
5.57512253658537,10.7771984390244,-5.20207590243902,"DEGs_DOWN_with_binding"
10.106634097561,18.1859805121951,-8.07934641463415,"DEGs_DOWN_with_binding"
7.55141536585366,13.5989863170732,-6.04757095121951,"DEGs_DOWN_with_binding"
8.965349,13.3049864390244,-4.33963743902439,"DEGs_DOWN_with_binding"
8.80072475609756,12.5316891219512,-3.73096436585366,"DEGs_DOWN_with_binding"
9.22421768292683,13.6346017804878,-4.41038409756097,"DEGs_DOWN_with_binding"
9.30864497560976,14.127359097561,-4.81871412195122,"DEGs_DOWN_with_binding"
9.0504493902439,14.5563566097561,-5.5059072195122,"DEGs_DOWN_with_binding"
8.88370756097561,17.7470824878049,-8.86337492682927,"DEGs_DOWN_with_binding"
9.84621392682927,12.9338848536585,-3.08767092682927,"DEGs_DOWN_with_binding"
7.43998446341463,12.6094055853659,-5.16942112195122,"DEGs_DOWN_with_binding"
8.01177826829268,9.99578917073171,-1.98401090243902,"DEGs_DOWN_with_binding"
7.27247246341463,6.91944397560976,0.353028487804878,"DEGs_DOWN_with_binding"
10.2621396585366,7.35203973170732,2.91009992682927,"DEGs_DOWN_with_binding"
8.88094826829268,12.601523097561,-3.72057482926829,"DEGs_DOWN_with_binding"
10.8255724878049,19.4757521463415,-8.65017965853658,"DEGs_DOWN_with_binding"
10.8907060243902,8.36354631707317,2.52715970731707,"DEGs_DOWN_with_binding"
12.1636538292683,14.303320902439,-2.13966707317073,"DEGs_DOWN_with_binding"
12.0025873902439,10.0769038780488,1.92568351219512,"DEGs_DOWN_with_binding"
8.27988775609756,28.575281097561,-20.2953933414634,"DEGs_DOWN_with_binding"
14.2445584146341,20.3123424390244,-6.06778402439024,"DEGs_DOWN_with_binding"
14.7359823170732,7.79184919512195,6.94413312195122,"DEGs_DOWN_with_binding"
13.6176839268293,8.46435702439024,5.15332690243902,"DEGs_DOWN_with_binding"
12.3222861707317,11.6602051707317,0.662081000000001,"DEGs_DOWN_with_binding"
9.03858034146342,4.64746829268293,4.39111204878049,"DEGs_DOWN_with_binding"
8.66799668292683,6.5832437804878,2.08475290243902,"DEGs_DOWN_with_binding"
7.71898617073171,11.2924218292683,-3.57343565853659,"DEGs_DOWN_with_binding"
4.78884578048781,7.89288192682927,-3.10403614634146,"DEGs_DOWN_with_binding"
6.84300024390244,12.0902555365854,-5.24725529268293,"DEGs_DOWN_with_binding"
5.38828009756098,8.24784073170732,-2.85956063414634,"DEGs_DOWN_with_binding"
6.06597729268293,8.36961226829268,-2.30363497560976,"DEGs_DOWN_with_binding"
6.50059292682927,10.0896432926829,-3.58905036585366,"DEGs_DOWN_with_binding"
5.81744463414634,6.80002351219512,-0.982578878048781,"DEGs_DOWN_with_binding"
6.2218443902439,8.55499680487805,-2.33315241463415,"DEGs_DOWN_with_binding"
5.48624285365854,8.24147475609756,-2.75523190243903,"DEGs_DOWN_with_binding"
7.72996909756098,8.95836104878049,-1.22839195121951,"DEGs_DOWN_with_binding"
6.72629014634146,12.3052909512195,-5.57900080487805,"DEGs_DOWN_with_binding"
8.99930409756097,21.9193295609756,-12.9200254634146,"DEGs_DOWN_with_binding"
6.84300304878049,5.93145029268293,0.911552756097561,"DEGs_DOWN_with_binding"
6.80871387804878,2.28276568292683,4.52594819512195,"DEGs_DOWN_with_binding"
6.12994919512195,1.37187675609756,4.75807243902439,"DEGs_DOWN_with_binding"
8.71897917073171,6.21209204878049,2.50688712195122,"DEGs_DOWN_with_binding"
7.31353817073171,6.07935812195122,1.23418004878049,"DEGs_DOWN_with_binding"
5.63088741463415,7.34571724390244,-1.71482982926829,"DEGs_DOWN_with_binding"
6.45562085365854,2.401075,4.05454585365854,"DEGs_DOWN_with_binding"
8.39510348780488,4.54526107317073,3.84984241463415,"DEGs_DOWN_with_binding"
7.63336148780488,4.06145075609756,3.57191073170732,"DEGs_DOWN_with_binding"
6.434441,8.66066102439024,-2.22622002439024,"DEGs_DOWN_with_binding"
6.49032780487805,8.25048368292683,-1.76015587804878,"DEGs_DOWN_with_binding"
5.36696295121951,10.6115837804878,-5.24462082926829,"DEGs_DOWN_with_binding"
6.87134956097561,16.5574667560976,-9.68611719512195,"DEGs_DOWN_with_binding"
3.14587709756098,2.94820090243902,0.197676195121951,"DEGs_DOWN_with_binding"
5.23111553658537,8.36594224390244,-3.13482670731707,"DEGs_DOWN_with_binding"
5.01494375609756,9.37122063414634,-4.35627687804878,"DEGs_DOWN_with_binding"
1.48276968292683,1.532318,-0.0495483170731708,"DEGs_DOWN_with_binding"
6.43344341463415,9.93974485365854,-3.50630143902439,"DEGs_DOWN_with_binding"
6.25303512195122,8.57533217073171,-2.32229704878049,"DEGs_DOWN_with_binding"
5.57685046341463,10.2169116097561,-4.64006114634146,"DEGs_DOWN_with_binding"
6.02881880487805,10.8069502439024,-4.77813143902439,"DEGs_DOWN_with_binding"
6.64269656097561,7.76281614634146,-1.12011958536585,"DEGs_DOWN_with_binding"
6.50035202439024,10.9143469268293,-4.41399490243902,"DEGs_DOWN_with_binding"
9.94203131707317,10.7573344390244,-0.815303121951219,"DEGs_DOWN_with_binding"
8.69908197560976,6.59947114634146,2.09961082926829,"DEGs_DOWN_with_binding"
7.65430490243902,10.0582721707317,-2.40396726829268,"DEGs_DOWN_with_binding"
6.80472231707317,9.57214956097561,-2.76742724390244,"DEGs_DOWN_with_binding"
6.74582692682927,9.40660217073171,-2.66077524390244,"DEGs_DOWN_with_binding"
5.01879348780488,6.66912382926829,-1.65033034146342,"DEGs_DOWN_with_binding"
5.74626904878049,10.2643812926829,-4.51811224390244,"DEGs_DOWN_with_binding"
4.7276902195122,8.04554463414634,-3.31785441463415,"DEGs_DOWN_with_binding"
6.40111497560976,7.37109819512195,-0.969983219512195,"DEGs_DOWN_with_binding"
5.91597031707317,10.1527293658537,-4.23675904878049,"DEGs_DOWN_with_binding"
5.1959067804878,6.3887563902439,-1.1928496097561,"DEGs_DOWN_with_binding"
5.39140702439024,8.91876351219512,-3.52735648780488,"DEGs_DOWN_with_binding"
5.90315490243902,9.94114051219512,-4.0379856097561,"DEGs_DOWN_with_binding"
8.04290680487805,11.2871852926829,-3.24427848780488,"DEGs_DOWN_with_binding"
6.8334566097561,8.37183253658537,-1.53837592682927,"DEGs_DOWN_with_binding"
9.55155924390244,11.1497635609756,-1.59820431707317,"DEGs_DOWN_with_binding"
5.69409785365854,9.99674380487805,-4.30264595121951,"DEGs_DOWN_with_binding"
9.20756973170732,6.19552331707317,3.01204641463415,"DEGs_DOWN_with_binding"
10.6383369756098,8.52997329268293,2.10836368292683,"DEGs_DOWN_with_binding"
7.43885597560976,1.91064017073171,5.52821580487805,"DEGs_DOWN_with_binding"
5.03805053658537,2.30842331707317,2.72962721951219,"DEGs_DOWN_with_binding"
5.6364653902439,10.3202750731707,-4.68380968292683,"DEGs_DOWN_with_binding"
8.58339353658537,14.7416665121951,-6.15827297560976,"DEGs_DOWN_with_binding"
4.44881880487805,6.89054380487805,-2.441725,"DEGs_DOWN_with_binding"
5.81489558536585,8.59206834146342,-2.77717275609756,"DEGs_DOWN_with_binding"
8.76198470731707,8.85515482926829,-0.0931701219512195,"DEGs_DOWN_with_binding"
6.52996509756098,9.16498185365854,-2.63501675609756,"DEGs_DOWN_with_binding"
7.68006317073171,9.17133402439024,-1.49127085365854,"DEGs_DOWN_with_binding"
7.12396317073171,6.32404926829268,0.799913902439025,"DEGs_DOWN_with_binding"
6.43144687804878,7.82885590243902,-1.39740902439024,"DEGs_DOWN_with_binding"
7.59685543902439,4.8029803902439,2.79387504878049,"DEGs_DOWN_with_binding"
6.36187926829268,8.42009770731707,-2.05821843902439,"DEGs_DOWN_with_binding"
10.4163643658537,4.26767919512195,6.14868517073171,"DEGs_DOWN_with_binding"
8.29426319512195,21.752893804878,-13.4586306097561,"DEGs_DOWN_with_binding"
7.26853734146342,11.9342431219512,-4.6657057804878,"DEGs_DOWN_with_binding"
8.35585987804878,15.2294764634146,-6.87361658536585,"DEGs_DOWN_with_binding"
7.95415809756098,16.0443335121951,-8.09017541463415,"DEGs_DOWN_with_binding"
9.14015143902439,6.78373180487805,2.35641963414634,"DEGs_DOWN_with_binding"
8.21814746341463,11.6055766829268,-3.38742921951219,"DEGs_DOWN_with_binding"
7.76485556097561,1.53763124390244,6.22722431707317,"DEGs_DOWN_with_binding"
9.61987843902439,11.9952322439024,-2.37535380487805,"DEGs_DOWN_with_binding"
12.6107997560976,13.7052839756098,-1.09448421951219,"DEGs_DOWN_with_binding"
5.61898246341463,9.05991317073171,-3.44093070731707,"DEGs_DOWN_with_binding"
8.66304726829268,12.0850918780488,-3.4220446097561,"DEGs_DOWN_with_binding"
13.8173198780488,13.0985217804878,0.718798097560976,"DEGs_DOWN_with_binding"
13.5480570487805,13.4403781219512,0.107678926829267,"DEGs_DOWN_with_binding"
12.2887718292683,16.6907373414634,-4.40196551219512,"DEGs_DOWN_with_binding"
15.6820703902439,23.2806593902439,-7.598589,"DEGs_DOWN_with_binding"
15.4017170243902,14.050069,1.35164802439024,"DEGs_DOWN_with_binding"
16.7474546097561,9.19797919512195,7.54947541463415,"DEGs_DOWN_with_binding"
13.204598902439,9.63806785365854,3.56653104878049,"DEGs_DOWN_with_binding"
15.4778119756098,20.9757325121951,-5.49792053658537,"DEGs_DOWN_with_binding"
9.32620943902439,12.4847728780488,-3.15856343902439,"DEGs_DOWN_with_binding"
7.40116841463415,3.54539231707317,3.85577609756098,"DEGs_DOWN_with_binding"
13.5304561463415,14.2131172926829,-0.682661146341463,"DEGs_DOWN_with_binding"
13.2479269512195,13.8151618536585,-0.567234902439024,"DEGs_DOWN_with_binding"
8.07723843902439,7.60693729268293,0.470301146341463,"DEGs_DOWN_with_binding"
7.96594868292683,4.38685170731707,3.57909697560976,"DEGs_DOWN_with_binding"
8.80821751219512,8.19491919512195,0.613298317073172,"DEGs_DOWN_with_binding"
14.8004876341463,21.1582981219512,-6.35781048780488,"DEGs_DOWN_with_binding"
9.02152890243902,15.3308694634146,-6.30934056097561,"DEGs_DOWN_with_binding"
0.303004804878049,1.72478390243902,-1.42177909756098,"DEGs_DOWN_with_binding"
3.90323109756098,3.47538636585366,0.427844731707317,"DEGs_DOWN_with_binding"
15.1804642682927,11.2490056097561,3.93145865853658,"DEGs_DOWN_with_binding"
15.520846804878,11.782622902439,3.73822390243902,"DEGs_DOWN_with_binding"
10.285847902439,5.90401807317073,4.38182982926829,"DEGs_DOWN_with_binding"
20.228310804878,0.524734073170732,19.7035767317073,"DEGs_DOWN_with_binding"
20.2617008780488,5.74078541463415,14.5209154634146,"DEGs_DOWN_with_binding"
25.8610158780488,11.2245848292683,14.6364310487805,"DEGs_DOWN_with_binding"
13.7734205365854,12.623945804878,1.14947473170732,"DEGs_DOWN_with_binding"
11.9481105365854,9.06407214634146,2.8840383902439,"DEGs_DOWN_with_binding"
19.3259351219512,4.81358790243902,14.5123472195122,"DEGs_DOWN_with_binding"
7.73045990243902,3.24768812195122,4.48277178048781,"DEGs_DOWN_with_binding"
6.53271814634146,1.22576734146341,5.30695080487805,"DEGs_DOWN_with_binding"
10.640472804878,17.8600253414634,-7.21955253658537,"DEGs_DOWN_with_binding"
14.0448640731707,5.66037256097561,8.38449151219512,"DEGs_DOWN_with_binding"
20.9369715365854,13.2697645609756,7.66720697560975,"DEGs_DOWN_with_binding"
11.6068198292683,3.81932736585366,7.78749246341463,"DEGs_DOWN_with_binding"
16.2855922682927,7.88455790243902,8.40103436585366,"DEGs_DOWN_with_binding"
10.2175489756098,6.80417892682927,3.41337004878049,"DEGs_DOWN_with_binding"
13.7122728292683,6.92411895121951,6.78815387804878,"DEGs_DOWN_with_binding"
14.4023122439024,14.1499803658537,0.25233187804878,"DEGs_DOWN_with_binding"
17.1513470487805,14.1521894634146,2.99915758536585,"DEGs_DOWN_with_binding"
13.1851283170732,9.05613212195122,4.12899619512195,"DEGs_DOWN_with_binding"
11.2807799268293,13.4124067317073,-2.13162680487805,"DEGs_DOWN_with_binding"
12.892134,10.7931375365854,2.09899646341463,"DEGs_DOWN_with_binding"
22.6738367560976,28.4286155609756,-5.75477880487805,"DEGs_DOWN_with_binding"
16.1701880487805,3.44980102439024,12.7203870243902,"DEGs_DOWN_with_binding"
9.13685934146342,4.4315092195122,4.70535012195122,"DEGs_DOWN_with_binding"
20.679288804878,7.55233368292683,13.1269551219512,"DEGs_DOWN_with_binding"
20.0360101219512,7.07451151219512,12.9614986097561,"DEGs_DOWN_with_binding"
23.2667501463415,5.89335309756098,17.3733970487805,"DEGs_DOWN_with_binding"
20.9881786341463,10.2081492439024,10.7800293902439,"DEGs_DOWN_with_binding"
12.189392097561,18.995677804878,-6.80628570731707,"DEGs_DOWN_with_binding"
16.0119622439024,17.2596897317073,-1.24772748780488,"DEGs_DOWN_with_binding"
14.8723604390244,24.8279039512195,-9.95554351219512,"DEGs_DOWN_with_binding"
8.33303107317073,7.98084292682927,0.352188146341463,"DEGs_DOWN_with_binding"
7.03051978048781,9.11677978048781,-2.08626,"DEGs_DOWN_with_binding"
5.8230563902439,10.0881058292683,-4.26504943902439,"DEGs_DOWN_with_binding"
5.74992653658537,9.86609070731707,-4.11616417073171,"DEGs_DOWN_with_binding"
3.96392058536585,4.37681882926829,-0.412898243902439,"DEGs_DOWN_with_binding"
5.22480185365854,11.7558787804878,-6.53107692682927,"DEGs_DOWN_with_binding"
14.7365444390244,2.74703212195122,11.9895123170732,"DEGs_DOWN_with_binding"
13.7519987317073,2.84191304878049,10.9100856829268,"DEGs_DOWN_with_binding"
14.0358287073171,6.72810063414634,7.30772807317073,"DEGs_DOWN_with_binding"
12.9187267804878,12.3070420243902,0.611684756097562,"DEGs_DOWN_with_binding"
10.962810195122,11.7249153902439,-0.762105195121951,"DEGs_DOWN_with_binding"
15.6709668780488,6.92204617073171,8.74892070731707,"DEGs_DOWN_with_binding"
6.4285447804878,3.04810809756098,3.38043668292683,"DEGs_DOWN_with_binding"
13.2477821707317,7.30217190243902,5.94561026829268,"DEGs_DOWN_with_binding"
10.2044507560976,8.36752519512195,1.83692556097561,"DEGs_DOWN_with_binding"
6.44947482926829,6.87693575609756,-0.427460926829268,"DEGs_DOWN_with_binding"
8.90007990243902,13.0711519512195,-4.17107204878049,"DEGs_DOWN_with_binding"
5.31694234146341,9.08161643902439,-3.76467409756098,"DEGs_DOWN_with_binding"
7.33334634146341,8.40174865853658,-1.06840231707317,"DEGs_DOWN_with_binding"
8.94800958536585,7.35467248780488,1.59333709756098,"DEGs_DOWN_with_binding"
9.90321804878049,12.1606607317073,-2.25744268292683,"DEGs_DOWN_with_binding"
6.6782767804878,7.30793868292683,-0.629661902439025,"DEGs_DOWN_with_binding"
2.88212624390244,4.38466397560976,-1.50253773170732,"DEGs_DOWN_with_binding"
5.67470829268293,7.9654743902439,-2.29076609756098,"DEGs_DOWN_with_binding"
10.4258253414634,4.22233697560976,6.20348836585366,"DEGs_DOWN_with_binding"
17.6059326097561,5.462809,12.1431236097561,"DEGs_DOWN_with_binding"
14.835062804878,11.300837097561,3.53422570731707,"DEGs_DOWN_with_binding"
13.6342149512195,11.1635496341463,2.47066531707317,"DEGs_DOWN_with_binding"
11.6766742195122,1.62675604878049,10.0499181707317,"DEGs_DOWN_with_binding"
17.9823968048781,6.78028795121951,11.2021088536585,"DEGs_DOWN_with_binding"
14.0707423658537,5.68612597560976,8.3846163902439,"DEGs_DOWN_with_binding"
4.61244192682927,4.41718219512195,0.195259731707317,"DEGs_DOWN_with_binding"
22.1159092195122,2.91254424390244,19.2033649756098,"DEGs_DOWN_with_binding"
13.370375,6.18158480487805,7.18879019512195,"DEGs_DOWN_with_binding"
6.86941504878049,1.9945447804878,4.87487026829268,"DEGs_DOWN_with_binding"
8.37059587804878,14.6226872195122,-6.25209134146342,"DEGs_DOWN_with_binding"
7.41538956097561,6.75796453658537,0.657425024390244,"DEGs_DOWN_with_binding"
9.58768370731707,10.654817195122,-1.06713348780488,"DEGs_DOWN_with_binding"
9.04462321951219,12.7847216829268,-3.74009846341463,"DEGs_DOWN_with_binding"
8.33406146341463,14.0314336341463,-5.69737217073171,"DEGs_DOWN_with_binding"
8.24919170731707,12.3036237073171,-4.054432,"DEGs_DOWN_with_binding"
8.7860866097561,10.216963902439,-1.43087729268293,"DEGs_DOWN_with_binding"
0.399158341463415,0,0.399158341463415,"DEGs_DOWN_with_binding"
10.052929097561,5.14728719512195,4.90564190243902,"DEGs_DOWN_with_binding"
13.4748122439024,12.4525525365854,1.02225970731707,"DEGs_DOWN_with_binding"
10.126962195122,7.92626941463415,2.20069278048781,"DEGs_DOWN_with_binding"
7.26280858536585,7.95042558536585,-0.687617,"DEGs_DOWN_with_binding"
10.528014804878,14.8231296585366,-4.29511485365854,"DEGs_DOWN_with_binding"
27.602846097561,11.1182922926829,16.484553804878,"DEGs_DOWN_with_binding"
8.4689422195122,16.3310373414634,-7.86209512195122,"DEGs_DOWN_with_binding"
11.897182195122,12.3109875121951,-0.413805317073171,"DEGs_DOWN_with_binding"
8.25521014634146,10.2486272439024,-1.99341709756098,"DEGs_DOWN_with_binding"
8.44831343902439,3.78304265853659,4.66527078048781,"DEGs_DOWN_with_binding"
11.3448965121951,4.63542841463415,6.70946809756098,"DEGs_DOWN_with_binding"
6.39050624390244,4.98423358536585,1.40627265853658,"DEGs_DOWN_with_binding"
10.4805193658537,9.33142197560976,1.1490973902439,"DEGs_DOWN_with_binding"
1.87964395121951,2.38740648780488,-0.507762536585366,"DEGs_DOWN_with_binding"
6.32719456097561,11.9913186341463,-5.66412407317073,"DEGs_DOWN_with_binding"
7.14329917073171,7.55094475609756,-0.407645585365853,"DEGs_DOWN_with_binding"
3.92939463414634,6.66360556097561,-2.73421092682927,"DEGs_DOWN_with_binding"
4.42942329268293,7.39538836585366,-2.96596507317073,"DEGs_DOWN_with_binding"
7.3161057804878,7.51702756097561,-0.200921780487805,"DEGs_DOWN_with_binding"
8.3490726097561,3.95975546341463,4.38931714634146,"DEGs_DOWN_with_binding"
7.02388417073171,8.69142707317073,-1.66754290243902,"DEGs_DOWN_with_binding"
4.72448865853659,8.51590656097561,-3.79141790243902,"DEGs_DOWN_with_binding"
8.64271219512195,11.132863902439,-2.49015170731707,"DEGs_DOWN_with_binding"
4.82436182926829,0.84858443902439,3.9757773902439,"DEGs_DOWN_with_binding"
3.76888924390244,6.48090719512195,-2.71201795121951,"DEGs_DOWN_with_binding"
5.7886493902439,8.27692882926829,-2.48827943902439,"DEGs_DOWN_with_binding"
6.57491582926829,9.95962848780488,-3.38471265853658,"DEGs_DOWN_with_binding"
6.17471241463415,1.72353034146341,4.45118207317073,"DEGs_DOWN_without_binding"
14.3645364146341,7.99718170731707,6.36735470731707,"DEGs_DOWN_without_binding"
6.34745353658537,1.62331368292683,4.72413985365854,"DEGs_DOWN_without_binding"
13.2407531707317,9.8292357804878,3.4115173902439,"DEGs_DOWN_without_binding"
3.61296487804878,1.60428131707317,2.00868356097561,"DEGs_DOWN_without_binding"
12.1972513658537,3.60978834146341,8.58746302439024,"DEGs_DOWN_without_binding"
9.41963175609756,4.37882497560976,5.0408067804878,"DEGs_DOWN_without_binding"
14.1228095365854,6.70629304878049,7.41651648780488,"DEGs_DOWN_without_binding"
14.1263006585366,5.80408768292683,8.32221297560976,"DEGs_DOWN_without_binding"
6.58932934146341,2.79780078048781,3.79152856097561,"DEGs_DOWN_without_binding"
8.3102972195122,3.45283075609756,4.85746646341463,"DEGs_DOWN_without_binding"
14.1639200731707,6.97025636585366,7.19366370731707,"DEGs_DOWN_without_binding"
16.4784899268293,10.3859888536585,6.09250107317073,"DEGs_DOWN_without_binding"
12.3395646829268,13.181226,-0.841661317073171,"DEGs_DOWN_without_binding"
11.4809043170732,13.2655067317073,-1.78460241463415,"DEGs_DOWN_without_binding"
11.0955679512195,2.75108658536585,8.34448136585366,"DEGs_DOWN_without_binding"
11.4877374634146,6.11672982926829,5.37100763414634,"DEGs_DOWN_without_binding"
8.17853609756098,3.04455080487805,5.13398529268293,"DEGs_DOWN_without_binding"
13.4025768292683,3.26095358536585,10.1416232439024,"DEGs_DOWN_without_binding"
11.6044531219512,13.9770762926829,-2.37262317073171,"DEGs_DOWN_without_binding"
2.81480819512195,4.44281656097561,-1.62800836585366,"DEGs_DOWN_without_binding"
13.138863195122,3.7827132195122,9.35614997560976,"DEGs_DOWN_without_binding"
11.9343162439024,12.4879085609756,-0.553592317073171,"DEGs_DOWN_without_binding"
0.815859170731707,1.25358453658537,-0.437725365853658,"DEGs_DOWN_without_binding"
17.0672926585366,7.95148790243902,9.11580475609756,"DEGs_DOWN_without_binding"
12.9456443658537,4.29618029268293,8.64946407317073,"DEGs_DOWN_without_binding"
2.87622553658537,3.38734695121951,-0.511121414634146,"DEGs_DOWN_without_binding"
11.7875558536585,3.33001509756098,8.45754075609756,"DEGs_DOWN_without_binding"
13.3307706585366,14.1650497073171,-0.834279048780489,"DEGs_DOWN_without_binding"
5.778884,6.57700992682927,-0.798125926829269,"DEGs_DOWN_without_binding"
9.60657568292683,6.34265795121951,3.26391773170732,"DEGs_DOWN_without_binding"
9.02761395121951,7.66618873170732,1.3614252195122,"DEGs_DOWN_without_binding"
11.255464902439,11.4441462195122,-0.18868131707317,"DEGs_DOWN_without_binding"
10.0707232195122,13.0870751463415,-3.01635192682927,"DEGs_DOWN_without_binding"
13.4092192195122,6.70479609756098,6.70442312195122,"DEGs_DOWN_without_binding"
12.3046302682927,14.0313594390244,-1.72672917073171,"DEGs_DOWN_without_binding"
10.9801869268293,3.95037387804878,7.02981304878049,"DEGs_DOWN_without_binding"
10.461769097561,14.1942293170732,-3.7324602195122,"DEGs_DOWN_without_binding"
10.8606171463415,7.20691343902439,3.65370370731707,"DEGs_DOWN_without_binding"
10.4582481463415,6.23082865853659,4.22741948780488,"DEGs_DOWN_without_binding"
11.3805500487805,6.18865897560976,5.19189107317073,"DEGs_DOWN_without_binding"
5.93999251219512,2.35435285365854,3.58563965853659,"DEGs_DOWN_without_binding"
8.54584504878049,13.2866987073171,-4.74085365853659,"DEGs_DOWN_without_binding"
9.77873753658537,8.73873131707317,1.0400062195122,"DEGs_DOWN_without_binding"
11.2853517560976,10.0309924878049,1.25435926829268,"DEGs_DOWN_without_binding"
10.0395224146341,7.04455836585366,2.99496404878049,"DEGs_DOWN_without_binding"
10.4900264146341,4.38650956097561,6.10351685365854,"DEGs_DOWN_without_binding"
9.59804565853659,12.6236597073171,-3.02561404878049,"DEGs_DOWN_without_binding"
12.067766,4.14994546341463,7.91782053658537,"DEGs_DOWN_without_binding"
6.94085375609756,2.14638797560976,4.7944657804878,"DEGs_DOWN_without_binding"
4.36737653658537,12.3908920487805,-8.02351551219512,"DEGs_DOWN_without_binding"
11.3653075121951,3.87601824390244,7.48928926829268,"DEGs_DOWN_without_binding"
9.88837256097561,7.90979034146341,1.97858221951219,"DEGs_DOWN_without_binding"
10.6940966585366,3.17844795121951,7.51564870731707,"DEGs_DOWN_without_binding"
8.71155275609756,2.92727170731707,5.78428104878049,"DEGs_DOWN_without_binding"
10.9905642439024,7.20525314634146,3.78531109756098,"DEGs_DOWN_without_binding"
16.4049333170732,14.5572136829268,1.84771963414634,"DEGs_DOWN_without_binding"
9.16415841463415,2.37427765853659,6.78988075609756,"DEGs_DOWN_without_binding"
10.3802130487805,5.05675824390244,5.32345480487805,"DEGs_DOWN_without_binding"
7.434739,3.69199775609756,3.74274124390244,"DEGs_DOWN_without_binding"
8.25492741463415,4.50541417073171,3.74951324390244,"DEGs_DOWN_without_binding"
10.5788010243902,14.1915819268293,-3.61278090243903,"DEGs_DOWN_without_binding"
15.2924232195122,7.37717092682927,7.91525229268293,"DEGs_DOWN_without_binding"
3.87426331707317,2.29917212195122,1.57509119512195,"DEGs_DOWN_without_binding"
4.26596607317073,0,4.26596607317073,"DEGs_DOWN_without_binding"
13.2263317317073,13.2639488780488,-0.0376171463414643,"DEGs_DOWN_without_binding"
13.8535450243902,26.1373829268293,-12.283837902439,"DEGs_DOWN_without_binding"
10.8641675853659,14.2662797317073,-3.40211214634146,"DEGs_DOWN_without_binding"
8.38349309756098,12.0610442439024,-3.67755114634146,"DEGs_DOWN_without_binding"
11.3737893658537,3.11502297560976,8.2587663902439,"DEGs_DOWN_without_binding"
14.2988069512195,8.69800170731707,5.60080524390244,"DEGs_DOWN_without_binding"
8.70762648780488,12.234090097561,-3.5264636097561,"DEGs_DOWN_without_binding"
16.0144461219512,1.19869792682927,14.815748195122,"DEGs_DOWN_without_binding"
5.98006234146341,3.66466602439024,2.31539631707317,"DEGs_DOWN_without_binding"
15.0815526097561,8.58131309756098,6.50023951219512,"DEGs_DOWN_without_binding"
10.1474861707317,11.2399996097561,-1.09251343902439,"DEGs_DOWN_without_binding"
10.5037577560976,3.11737482926829,7.38638292682927,"DEGs_DOWN_without_binding"
12.5529893170732,12.1012270731707,0.45176224390244,"DEGs_DOWN_without_binding"
10.6821253658537,10.2561191707317,0.42600619512195,"DEGs_DOWN_without_binding"
7.57717768292683,3.64061636585366,3.93656131707317,"DEGs_DOWN_without_binding"
8.23547765853658,13.3926629268293,-5.15718526829268,"DEGs_DOWN_without_binding"
9.31399607317073,8.92081131707317,0.393184756097561,"DEGs_DOWN_without_binding"
9.50064590243903,10.2118504634146,-0.711204560975609,"DEGs_DOWN_without_binding"
6.81119702439024,10.798077,-3.98687997560976,"DEGs_DOWN_without_binding"
8.04584568292683,11.1527146341463,-3.10686895121951,"DEGs_DOWN_without_binding"
8.45333326829268,2.24052429268293,6.21280897560976,"DEGs_DOWN_without_binding"
14.1453652439024,3.89915970731707,10.2462055365854,"DEGs_DOWN_without_binding"
13.8063536585366,6.01330151219512,7.79305214634146,"DEGs_DOWN_without_binding"
11.6339587073171,4.60063304878049,7.03332565853659,"DEGs_DOWN_without_binding"
8.81058009756098,7.96000782926829,0.850572268292684,"DEGs_DOWN_without_binding"
11.0574981707317,8.78270756097561,2.2747906097561,"DEGs_DOWN_without_binding"
10.2310115121951,6.11576224390244,4.11524926829268,"DEGs_DOWN_without_binding"
8.62873743902439,5.99875736585366,2.62998007317073,"DEGs_DOWN_without_binding"
1.8829667804878,3.62034917073171,-1.7373823902439,"DEGs_DOWN_without_binding"
1.79256580487805,1.01699451219512,0.775571292682927,"DEGs_DOWN_without_binding"
8.42638319512195,10.5462939756098,-2.11991078048781,"DEGs_DOWN_without_binding"
10.9347964634146,9.40921224390244,1.52558421951219,"DEGs_DOWN_without_binding"
6.51743392682927,5.55753656097561,0.959897365853658,"DEGs_DOWN_without_binding"
6.91317041463415,13.9663589268293,-7.05318851219512,"DEGs_DOWN_without_binding"
7.92699136585366,11.9482220243902,-4.02123065853659,"DEGs_DOWN_without_binding"
10.4243172439024,11.7268719268293,-1.30255468292683,"DEGs_DOWN_without_binding"
10.6414667560976,14.3408984146341,-3.69943165853659,"DEGs_DOWN_without_binding"
12.790727097561,7.91546241463415,4.87526468292683,"DEGs_DOWN_without_binding"
9.33332643902439,7.33807197560976,1.99525446341463,"DEGs_DOWN_without_binding"
12.9986942195122,7.54343665853659,5.45525756097561,"DEGs_DOWN_without_binding"
8.33007573170732,16.9088559268293,-8.57878019512195,"DEGs_DOWN_without_binding"
9.85299143902439,14.8465846585366,-4.9935932195122,"DEGs_DOWN_without_binding"
13.2813942682927,21.1260589512195,-7.84466468292683,"DEGs_DOWN_without_binding"
11.1642690487805,14.007002804878,-2.84273375609756,"DEGs_DOWN_without_binding"
7.47808285365854,12.5056958536585,-5.027613,"DEGs_DOWN_without_binding"
8.42648302439024,13.6671153414634,-5.24063231707317,"DEGs_DOWN_without_binding"
10.6037749756098,13.1616656585366,-2.55789068292683,"DEGs_DOWN_without_binding"
10.3999597804878,12.5606323414634,-2.16067256097561,"DEGs_DOWN_without_binding"
7.4198762195122,13.5359681707317,-6.11609195121951,"DEGs_DOWN_without_binding"
7.18944168292683,11.6893239268293,-4.49988224390244,"DEGs_DOWN_without_binding"
9.58352475609756,14.2898985609756,-4.70637380487805,"DEGs_DOWN_without_binding"
17.4588422926829,12.2169556585366,5.24188663414634,"DEGs_DOWN_without_binding"
7.77985573170732,10.5725746097561,-2.79271887804878,"DEGs_DOWN_without_binding"
5.55155904878049,9.34961243902439,-3.7980533902439,"DEGs_DOWN_without_binding"
8.02243485365854,15.0035224390244,-6.98108758536585,"DEGs_DOWN_without_binding"
5.73910858536585,10.1023154634146,-4.36320687804878,"DEGs_DOWN_without_binding"
6.94233370731707,8.44060541463415,-1.49827170731707,"DEGs_DOWN_without_binding"
6.45116212195122,11.8531074390244,-5.40194531707317,"DEGs_DOWN_without_binding"
7.12846221951219,13.2573865853659,-6.12892436585366,"DEGs_DOWN_without_binding"
8.80705451219512,12.189050804878,-3.38199629268293,"DEGs_DOWN_without_binding"
8.75113824390244,14.6588223170732,-5.90768407317073,"DEGs_DOWN_without_binding"
7.94619404878049,13.7961137073171,-5.84991965853659,"DEGs_DOWN_without_binding"
9.05425495121951,6.42367146341463,2.63058348780488,"DEGs_DOWN_without_binding"
10.4792941463415,18.3512113902439,-7.87191724390244,"DEGs_DOWN_without_binding"
11.1936065365854,16.4618285365854,-5.268222,"DEGs_DOWN_without_binding"
8.55453512195122,13.2250628780488,-4.67052775609756,"DEGs_DOWN_without_binding"
5.45361651219512,9.93248380487805,-4.47886729268293,"DEGs_DOWN_without_binding"
7.18343180487805,10.9128217560976,-3.72938995121951,"DEGs_DOWN_without_binding"
8.83016568292683,14.1731394390244,-5.34297375609756,"DEGs_DOWN_without_binding"
10.3523071219512,16.5861558292683,-6.23384870731707,"DEGs_DOWN_without_binding"
9.59311414634146,15.7703256097561,-6.17721146341463,"DEGs_DOWN_without_binding"
7.59084292682927,15.2908891463415,-7.70004621951219,"DEGs_DOWN_without_binding"
8.91730173170732,12.5716466585366,-3.65434492682927,"DEGs_DOWN_without_binding"
9.07081351219512,16.0408258048781,-6.97001229268293,"DEGs_DOWN_without_binding"
12.0947593170732,10.6389143170732,1.455845,"DEGs_DOWN_without_binding"
10.2661938780488,10.9234158780488,-0.657222000000001,"DEGs_DOWN_without_binding"
9.14626231707317,13.6005417560976,-4.45427943902439,"DEGs_DOWN_without_binding"
8.10204112195122,11.7650832439024,-3.66304212195122,"DEGs_DOWN_without_binding"
5.83422458536585,10.5281667804878,-4.69394219512195,"DEGs_DOWN_without_binding"
9.59122065853659,15.2575425853659,-5.66632192682927,"DEGs_DOWN_without_binding"
8.1797176097561,14.569194,-6.3894763902439,"DEGs_DOWN_without_binding"
8.32355229268293,13.9488864390244,-5.62533414634146,"DEGs_DOWN_without_binding"
7.28132504878049,10.5543388292683,-3.2730137804878,"DEGs_DOWN_without_binding"
7.512858,9.64420358536585,-2.13134558536585,"DEGs_DOWN_without_binding"
5.90209290243902,11.5725034634146,-5.67041056097561,"DEGs_DOWN_without_binding"
8.24765802439024,14.6263087804878,-6.37865075609756,"DEGs_DOWN_without_binding"
9.7034302195122,16.3235845853659,-6.62015436585366,"DEGs_DOWN_without_binding"
10.2477133658537,14.0308127560976,-3.7830993902439,"DEGs_DOWN_without_binding"
10.7490830487805,14.7913086829268,-4.04222563414634,"DEGs_DOWN_without_binding"
8.2015037804878,1.7157032195122,6.48580056097561,"DEGs_DOWN_without_binding"
4.84201980487805,2.92286990243902,1.91914990243902,"DEGs_DOWN_without_binding"
9.75397317073171,2.38561253658537,7.36836063414634,"DEGs_DOWN_without_binding"
9.37052695121951,7.54291970731707,1.82760724390244,"DEGs_DOWN_without_binding"
4.02760546341463,6.72119114634146,-2.69358568292683,"DEGs_DOWN_without_binding"
10.1438127317073,14.1210849512195,-3.97727221951219,"DEGs_DOWN_without_binding"
9.52239990243902,3.79308273170732,5.72931717073171,"DEGs_DOWN_without_binding"
9.93925736585366,8.59777080487805,1.34148656097561,"DEGs_DOWN_without_binding"
7.42038317073171,15.8016937073171,-8.38131053658537,"DEGs_DOWN_without_binding"
6.78745909756098,8.61651502439024,-1.82905592682927,"DEGs_DOWN_without_binding"
7.17617068292683,8.71939975609756,-1.54322907317073,"DEGs_DOWN_without_binding"
7.85028482926829,14.0565107804878,-6.20622595121951,"DEGs_DOWN_without_binding"
4.72182985365854,4.70889365853659,0.0129361951219513,"DEGs_DOWN_without_binding"
8.75481809756098,9.84311943902439,-1.08830134146341,"DEGs_DOWN_without_binding"
11.1359221463415,6.52058090243902,4.61534124390244,"DEGs_DOWN_without_binding"
11.3027658536585,9.70405043902439,1.59871541463415,"DEGs_DOWN_without_binding"
10.9213271463415,11.7339551463415,-0.812628,"DEGs_DOWN_without_binding"
9.16115421951219,16.2815676097561,-7.1204133902439,"DEGs_DOWN_without_binding"
7.48695131707317,5.40915497560976,2.07779634146341,"DEGs_DOWN_without_binding"
10.0730822439024,16.5296977317073,-6.45661548780488,"DEGs_DOWN_without_binding"
8.69938656097561,12.6344007804878,-3.9350142195122,"DEGs_DOWN_without_binding"
12.9107709268293,16.0716553902439,-3.16088446341463,"DEGs_DOWN_without_binding"
11.6054819756098,11.629846,-0.0243640243902448,"DEGs_DOWN_without_binding"
17.3075237560976,22.5284110731707,-5.22088731707317,"DEGs_DOWN_without_binding"
13.6818251219512,25.9816477073171,-12.2998225853659,"DEGs_DOWN_without_binding"
13.4528255609756,23.8583013658537,-10.405475804878,"DEGs_DOWN_without_binding"
11.119653097561,18.2571103414634,-7.13745724390244,"DEGs_DOWN_without_binding"
2.447821,4.23738712195122,-1.78956612195122,"DEGs_DOWN_without_binding"
0.283676804878049,1.10749363414634,-0.823816829268293,"DEGs_DOWN_without_binding"
1.09261726829268,2.11416158536585,-1.02154431707317,"DEGs_DOWN_without_binding"
0.339679219512195,0.424661512195122,-0.0849822926829269,"DEGs_DOWN_without_binding"
2.25601112195122,3.95413453658537,-1.69812341463415,"DEGs_DOWN_without_binding"
0.498699707317073,0.849458512195122,-0.350758804878049,"DEGs_DOWN_without_binding"
0.745671585365854,0,0.745671585365854,"DEGs_DOWN_without_binding"
9.2759116097561,5.92007090243902,3.35584070731707,"DEGs_DOWN_without_binding"
11.1514773414634,9.24467358536585,1.90680375609756,"DEGs_DOWN_without_binding"
12.6206665609756,13.0057924878049,-0.385125926829268,"DEGs_DOWN_without_binding"
11.8965942926829,5.29552795121951,6.60106634146342,"DEGs_DOWN_without_binding"
0.236665707317073,0.667121731707317,-0.430456024390244,"DEGs_DOWN_without_binding"
0.364531731707317,0.914426390243902,-0.549894658536585,"DEGs_DOWN_without_binding"
1.75946270731707,3.78059165853659,-2.02112895121951,"DEGs_DOWN_without_binding"
7.39962497560976,10.4193014878049,-3.01967651219512,"DEGs_DOWN_without_binding"
2.30907580487805,3.67532756097561,-1.36625175609756,"DEGs_DOWN_without_binding"
0.286109609756098,0.499592902439024,-0.213483292682927,"DEGs_DOWN_without_binding"
0.144413609756098,0.19606612195122,-0.051652512195122,"DEGs_DOWN_without_binding"
1.11272414634146,1.68390263414634,-0.571178487804878,"DEGs_DOWN_without_binding"
1.72596712195122,2.52599768292683,-0.80003056097561,"DEGs_DOWN_without_binding"
0.656794682926829,1.19343831707317,-0.536643634146342,"DEGs_DOWN_without_binding"
0.10304756097561,0.386287878048781,-0.283240317073171,"DEGs_DOWN_without_binding"
1.23971234146341,2.19978563414634,-0.960073292682927,"DEGs_DOWN_without_binding"
0,0,0,"DEGs_DOWN_without_binding"
0,0.691742024390244,-0.691742024390244,"DEGs_DOWN_without_binding"
13.6307823902439,7.41081551219512,6.21996687804878,"DEGs_DOWN_without_binding"
14.1067744878049,12.582289195122,1.52448529268293,"DEGs_DOWN_without_binding"
14.2071416341463,7.30131351219512,6.90582812195122,"DEGs_DOWN_without_binding"
8.76442297560976,2.78214195121951,5.98228102439024,"DEGs_DOWN_without_binding"
11.9293927804878,6.8800082195122,5.04938456097561,"DEGs_DOWN_without_binding"
10.9769858536585,3.11397936585366,7.86300648780488,"DEGs_DOWN_without_binding"
8.93940492682927,5.79947129268293,3.13993363414634,"DEGs_DOWN_without_binding"
11.0421610243902,4.53281148780488,6.50934953658537,"DEGs_DOWN_without_binding"
7.02290617073171,5.59698624390244,1.42591992682927,"DEGs_DOWN_without_binding"
13.7857042195122,4.54427624390244,9.24142797560976,"DEGs_DOWN_without_binding"
8.4927412195122,8.10735712195122,0.385384097560976,"DEGs_DOWN_without_binding"
13.4526890487805,7.42185680487805,6.03083224390244,"DEGs_DOWN_without_binding"
12.7163568780488,13.2087205121951,-0.492363634146342,"DEGs_DOWN_without_binding"
9.13319665853659,3.01292117073171,6.12027548780488,"DEGs_DOWN_without_binding"
10.8729665121951,8.08833226829268,2.78463424390244,"DEGs_DOWN_without_binding"
3.5717066097561,1.76506929268293,1.80663731707317,"DEGs_DOWN_without_binding"
11.4214264146341,2.73050270731707,8.69092370731707,"DEGs_DOWN_without_binding"
12.0814903170732,8.2601202195122,3.82137009756097,"DEGs_DOWN_without_binding"
10.6297316097561,6.66883390243902,3.96089770731707,"DEGs_DOWN_without_binding"
10.942682195122,4.96656724390244,5.97611495121951,"DEGs_DOWN_without_binding"
7.04459687804878,2.48464858536585,4.55994829268293,"DEGs_DOWN_without_binding"
11.9771062195122,2.53049604878049,9.44661017073171,"DEGs_DOWN_without_binding"
11.0708591707317,5.70243719512195,5.36842197560976,"DEGs_DOWN_without_binding"
3.01731743902439,0,3.01731743902439,"DEGs_DOWN_without_binding"
6.29331204878049,8.14702641463415,-1.85371436585366,"DEGs_DOWN_without_binding"
10.3615270731707,10.0274198780488,0.334107195121952,"DEGs_DOWN_without_binding"
8.69222895121951,10.2298827804878,-1.53765382926829,"DEGs_DOWN_without_binding"
10.2386519512195,13.070346,-2.83169404878049,"DEGs_DOWN_without_binding"
7.35445990243902,4.46255382926829,2.89190607317073,"DEGs_DOWN_without_binding"
8.82394412195122,14.9802954146341,-6.15635129268293,"DEGs_DOWN_without_binding"
8.27785068292683,9.65954402439024,-1.38169334146341,"DEGs_DOWN_without_binding"
14.1581205609756,7.2794603902439,6.87866017073171,"DEGs_DOWN_without_binding"
8.84897256097561,4.58198351219512,4.26698904878049,"DEGs_DOWN_without_binding"
8.23144219512195,8.33143956097561,-0.0999973658536586,"DEGs_DOWN_without_binding"
3.30499231707317,5.62388082926829,-2.31888851219512,"DEGs_DOWN_without_binding"
4.88848348780488,8.21538009756098,-3.3268966097561,"DEGs_DOWN_without_binding"
9.26393878048781,13.2899852926829,-4.02604651219512,"DEGs_DOWN_without_binding"
6.57597595121951,10.2289043414634,-3.6529283902439,"DEGs_DOWN_without_binding"
6.82650036585366,11.6060456829268,-4.77954531707317,"DEGs_DOWN_without_binding"
7.86429553658537,15.4827673902439,-7.61847185365854,"DEGs_DOWN_without_binding"
9.98003004878049,14.8822763414634,-4.90224629268293,"DEGs_DOWN_without_binding"
8.54625570731707,13.5628083902439,-5.01655268292683,"DEGs_DOWN_without_binding"
10.4272230243902,22.8099586585366,-12.3827356341463,"DEGs_DOWN_without_binding"
6.62919963414634,10.7373446341463,-4.108145,"DEGs_DOWN_without_binding"
11.0421902682927,10.8779366585366,0.164253609756098,"DEGs_DOWN_without_binding"
8.34033868292683,13.0275529756098,-4.68721429268293,"DEGs_DOWN_without_binding"
7.99646817073171,13.0127752682927,-5.01630709756098,"DEGs_DOWN_without_binding"
11.0354386341463,11.3782483658537,-0.342809731707316,"DEGs_DOWN_without_binding"
7.52162917073171,9.12424997560976,-1.60262080487805,"DEGs_DOWN_without_binding"
9.704364,13.8738164390244,-4.16945243902439,"DEGs_DOWN_without_binding"
8.26901575609756,5.41294980487805,2.85606595121951,"DEGs_DOWN_without_binding"
9.29155007317073,15.0096952195122,-5.71814514634146,"DEGs_DOWN_without_binding"
9.65169546341463,14.1441590243902,-4.49246356097561,"DEGs_DOWN_without_binding"
11.0748657804878,11.9986182195122,-0.923752439024391,"DEGs_DOWN_without_binding"
9.23323592682927,10.3285496341463,-1.09531370731707,"DEGs_DOWN_without_binding"
8.38372356097561,13.1848750487805,-4.80115148780488,"DEGs_DOWN_without_binding"
8.08411858536585,8.56661243902439,-0.482493853658536,"DEGs_DOWN_without_binding"
8.732935,12.8052000243902,-4.07226502439024,"DEGs_DOWN_without_binding"
6.48505831707317,9.91382834146341,-3.42877002439024,"DEGs_DOWN_without_binding"
9.33010912195122,14.1845658292683,-4.85445670731707,"DEGs_DOWN_without_binding"
12.3485614634146,15.4455600243902,-3.09699856097561,"DEGs_DOWN_without_binding"
8.28382209756098,10.4960486829268,-2.21222658536585,"DEGs_DOWN_without_binding"
7.26706180487805,12.5098624390244,-5.24280063414634,"DEGs_DOWN_without_binding"
7.09841558536585,12.284737097561,-5.18632151219512,"DEGs_DOWN_without_binding"
6.79028651219512,11.2969773658537,-4.50669085365854,"DEGs_DOWN_without_binding"
10.1057443658537,9.90291829268293,0.202826073170732,"DEGs_DOWN_without_binding"
9.32784526829268,14.556127902439,-5.22828263414634,"DEGs_DOWN_without_binding"
9.5715966097561,21.0642941219512,-11.4926975121951,"DEGs_DOWN_without_binding"
5.76596958536585,10.2070994634146,-4.44112987804878,"DEGs_DOWN_without_binding"
7.34950536585366,11.844190804878,-4.49468543902439,"DEGs_DOWN_without_binding"
13.4993824634146,24.6495101463415,-11.1501276829268,"DEGs_DOWN_without_binding"
9.9397383902439,10.3221140243902,-0.38237563414634,"DEGs_DOWN_without_binding"
8.05255412195122,4.62893429268293,3.42361982926829,"DEGs_DOWN_without_binding"
7.83578368292683,4.34181307317073,3.4939706097561,"DEGs_DOWN_without_binding"
7.11456429268293,4.07163517073171,3.04292912195122,"DEGs_DOWN_without_binding"
14.688132902439,9.21540704878049,5.47272585365854,"DEGs_DOWN_without_binding"
8.9494457804878,8.69909036585366,0.250355414634146,"DEGs_DOWN_without_binding"
11.2633189756098,13.6956533170732,-2.43233434146341,"DEGs_DOWN_without_binding"
17.1387443414634,16.3152205121951,0.823523829268293,"DEGs_DOWN_without_binding"
8.93236956097561,4.3373786097561,4.59499095121951,"DEGs_DOWN_without_binding"
5.09802380487805,3.15723904878049,1.94078475609756,"DEGs_DOWN_without_binding"
6.52159473170732,1.29088490243902,5.23070982926829,"DEGs_DOWN_without_binding"
10.0507855365854,5.98903787804878,4.06174765853659,"DEGs_DOWN_without_binding"
9.68224551219512,7.013477,2.66876851219512,"DEGs_DOWN_without_binding"
12.4933212195122,12.0176081707317,0.475713048780488,"DEGs_DOWN_without_binding"
11.0759605121951,7.94818485365854,3.12777565853659,"DEGs_DOWN_without_binding"
6.13784931707317,2.96372148780488,3.17412782926829,"DEGs_DOWN_without_binding"
9.35952836585366,8.55591373170732,0.80361463414634,"DEGs_DOWN_without_binding"
9.93984329268293,13.4336939756098,-3.49385068292683,"DEGs_DOWN_without_binding"
6.44233763414634,6.06003446341463,0.382303170731707,"DEGs_DOWN_without_binding"
0.851466780487805,0.511522048780488,0.339944731707317,"DEGs_DOWN_without_binding"
3.59073012195122,4.26440595121951,-0.673675829268293,"DEGs_DOWN_without_binding"
10.5246025121951,4.07324953658537,6.45135297560976,"DEGs_DOWN_without_binding"
7.59869473170732,6.1594143902439,1.43928034146341,"DEGs_DOWN_without_binding"
8.00967643902439,10.2124235365854,-2.20274709756097,"DEGs_DOWN_without_binding"
8.55115378048781,12.8725445365854,-4.32139075609756,"DEGs_DOWN_without_binding"
8.13877948780488,9.6601566097561,-1.52137712195122,"DEGs_DOWN_without_binding"
10.0261018780488,9.3780647804878,0.648037097560977,"DEGs_DOWN_without_binding"
9.23839063414634,16.6163609268293,-7.37797029268293,"DEGs_DOWN_without_binding"
10.0494413170732,8.84068936585366,1.20875195121951,"DEGs_DOWN_without_binding"
10.8872462439024,24.8806797317073,-13.9934334878049,"DEGs_DOWN_without_binding"
8.67601878048781,11.5646223658537,-2.88860358536585,"DEGs_DOWN_without_binding"
8.7274813902439,12.2332589268293,-3.50577753658537,"DEGs_DOWN_without_binding"
8.71464609756098,13.2814244634146,-4.56677836585366,"DEGs_DOWN_without_binding"
10.3691619268293,11.9714207073171,-1.60225878048781,"DEGs_DOWN_without_binding"
8.10407375609756,13.9011599512195,-5.79708619512195,"DEGs_DOWN_without_binding"
4.1375937804878,5.92455553658537,-1.78696175609756,"DEGs_DOWN_without_binding"
7.28965953658537,13.6862341219512,-6.39657458536585,"DEGs_DOWN_without_binding"
8.67409241463415,13.9281602439024,-5.25406782926829,"DEGs_DOWN_without_binding"
6.4662393902439,9.0217876097561,-2.5555482195122,"DEGs_DOWN_without_binding"
10.4106834634146,15.4988643658537,-5.08818090243902,"DEGs_DOWN_without_binding"
10.2609619512195,9.40381351219512,0.857148439024391,"DEGs_DOWN_without_binding"
8.92645226829268,14.8898726829268,-5.96342041463414,"DEGs_DOWN_without_binding"
12.2329825609756,11.1830876097561,1.04989495121951,"DEGs_DOWN_without_binding"
12.4279246829268,20.4164584878049,-7.98853380487805,"DEGs_DOWN_without_binding"
11.9784804634146,7.21176995121951,4.76671051219512,"DEGs_DOWN_without_binding"
11.9397759268293,7.20470543902439,4.73507048780488,"DEGs_DOWN_without_binding"
10.6614635121951,10.2839232195122,0.377540292682927,"DEGs_DOWN_without_binding"
8.79179912195122,14.7148855853659,-5.92308646341463,"DEGs_DOWN_without_binding"
10.051504195122,8.2722112195122,1.77929297560976,"DEGs_DOWN_without_binding"
9.11693041463415,2.61038702439024,6.5065433902439,"DEGs_DOWN_without_binding"
11.2803586097561,3.47954480487805,7.80081380487805,"DEGs_DOWN_without_binding"
13.2895758780488,18.4914417317073,-5.20186585365853,"DEGs_DOWN_without_binding"
9.42276165853658,10.181333097561,-0.758571439024392,"DEGs_DOWN_without_binding"
12.1911109756098,14.7020405121951,-2.51092953658537,"DEGs_DOWN_without_binding"
9.52673851219512,15.297145097561,-5.77040658536585,"DEGs_DOWN_without_binding"
10.0355153658537,11.6778457073171,-1.64233034146342,"DEGs_DOWN_without_binding"
9.02483080487805,14.0185366585366,-4.99370585365854,"DEGs_DOWN_without_binding"
13.1484628292683,20.0498728780488,-6.90141004878049,"DEGs_DOWN_without_binding"
14.1807511707317,19.5046946341463,-5.32394346341464,"DEGs_DOWN_without_binding"
7.70632368292683,11.7695347804878,-4.06321109756098,"DEGs_DOWN_without_binding"
11.1135762195122,21.1591615853659,-10.0455853658537,"DEGs_DOWN_without_binding"
16.1275004634146,22.369979195122,-6.24247873170732,"DEGs_DOWN_without_binding"
2.82545912195122,4.17296334146342,-1.3475042195122,"DEGs_DOWN_without_binding"
8.70791243902439,8.53974868292683,0.168163756097561,"DEGs_DOWN_without_binding"
4.57199612195122,7.9962126097561,-3.42421648780488,"DEGs_DOWN_without_binding"
10.5067262439024,14.6420986585366,-4.13537241463415,"DEGs_DOWN_without_binding"
10.8951587560976,5.36022970731707,5.53492904878049,"DEGs_DOWN_without_binding"
16.584704,11.8112585365854,4.77344546341463,"DEGs_DOWN_without_binding"
8.74710643902439,12.1822078292683,-3.4351013902439,"DEGs_DOWN_without_binding"
12.3831141463415,5.06177887804878,7.32133526829268,"DEGs_DOWN_without_binding"
13.0964356097561,6.9195323902439,6.1769032195122,"DEGs_DOWN_without_binding"
5.48115804878049,6.698571,-1.21741295121951,"DEGs_DOWN_without_binding"
6.26529714634146,11.6382096097561,-5.37291246341463,"DEGs_DOWN_without_binding"
1.79178175609756,2.88071053658537,-1.0889287804878,"DEGs_DOWN_without_binding"
6.37831363414634,6.10100080487805,0.277312829268292,"DEGs_DOWN_without_binding"
9.11494351219512,13.6694117804878,-4.55446826829268,"DEGs_DOWN_without_binding"
14.1327550487805,16.6690466585366,-2.5362916097561,"DEGs_DOWN_without_binding"
7.37457312195122,4.40718748780488,2.96738563414634,"DEGs_DOWN_without_binding"
11.8638284634146,7.40268702439024,4.46114143902439,"DEGs_DOWN_without_binding"
8.5052247804878,1.42607980487805,7.07914497560976,"DEGs_DOWN_without_binding"
10.3189629512195,6.4836546097561,3.83530834146342,"DEGs_DOWN_without_binding"
18.4701559268293,7.29414109756098,11.1760148292683,"DEGs_DOWN_without_binding"
14.1658825609756,10.6947649512195,3.4711176097561,"DEGs_DOWN_without_binding"
7.1838153902439,2.62808807317073,4.55572731707317,"DEGs_DOWN_without_binding"
11.406169,8.89515448780488,2.51101451219512,"DEGs_DOWN_without_binding"
9.03115787804878,14.1689364390244,-5.13777856097561,"DEGs_DOWN_without_binding"
9.58495173170732,14.5433326585366,-4.95838092682927,"DEGs_DOWN_without_binding"
9.3212906097561,8.99997136585366,0.321319243902439,"DEGs_DOWN_without_binding"
9.80813609756098,14.6189424878049,-4.8108063902439,"DEGs_DOWN_without_binding"
10.3772640731707,12.5670616341463,-2.18979756097561,"DEGs_DOWN_without_binding"
10.1608947317073,15.0704153658537,-4.90952063414634,"DEGs_DOWN_without_binding"
11.7308876585366,16.7220178536585,-4.99113019512195,"DEGs_DOWN_without_binding"
12.5772508536585,16.0235074878049,-3.44625663414634,"DEGs_DOWN_without_binding"
9.50971151219512,12.5630574390244,-3.05334592682927,"DEGs_DOWN_without_binding"
7.73804880487805,13.4836595365854,-5.74561073170732,"DEGs_DOWN_without_binding"
13.4208606829268,16.5605834634146,-3.1397227804878,"DEGs_DOWN_without_binding"
9.90473643902439,13.3708275121951,-3.46609107317073,"DEGs_DOWN_without_binding"
15.500351097561,14.0084821463415,1.49186895121951,"DEGs_DOWN_without_binding"
8.97080697560976,14.9220336097561,-5.95122663414634,"DEGs_DOWN_without_binding"
6.47467236585366,11.7141530243902,-5.23948065853659,"DEGs_DOWN_without_binding"
10.2967854878049,5.74953336585366,4.54725212195122,"DEGs_DOWN_without_binding"
10.7475767317073,10.3511855609756,0.396391170731707,"DEGs_DOWN_without_binding"
0.799978,0.763076170731707,0.0369018292682927,"DEGs_DOWN_without_binding"
8.67115707317073,15.9876474634146,-7.3164903902439,"DEGs_DOWN_without_binding"
10.7041284146341,13.0054776097561,-2.30134919512195,"DEGs_DOWN_without_binding"
9.54704648780488,10.4197570243902,-0.872710536585366,"DEGs_DOWN_without_binding"
9.13284604878049,10.9234216341463,-1.79057558536585,"DEGs_DOWN_without_binding"
11.2948828536585,13.7488792926829,-2.45399643902439,"DEGs_DOWN_without_binding"
10.0721871707317,5.08662792682927,4.98555924390244,"DEGs_DOWN_without_binding"
9.95679709756098,9.62896568292683,0.327831414634147,"DEGs_DOWN_without_binding"
11.4126529268293,5.7836033902439,5.62904953658537,"DEGs_DOWN_without_binding"
11.9305211463415,14.2199641219512,-2.28944297560976,"DEGs_DOWN_without_binding"
9.73655109756097,13.9757095121951,-4.23915841463415,"DEGs_DOWN_without_binding"
9.18598056097561,8.89249680487805,0.293483756097562,"DEGs_DOWN_without_binding"
8.26801834146342,14.8381183658537,-6.57010002439024,"DEGs_DOWN_without_binding"
11.7778458292683,7.71384470731707,4.06400112195122,"DEGs_DOWN_without_binding"
8.92356643902439,11.4589257560976,-2.53535931707317,"DEGs_DOWN_without_binding"
9.75365602439024,13.9701128780488,-4.21645685365854,"DEGs_DOWN_without_binding"
9.32546851219512,11.721370097561,-2.39590158536585,"DEGs_DOWN_without_binding"
10.5175141707317,7.18097946341463,3.33653470731707,"DEGs_DOWN_without_binding"
8.062843,8.33480543902439,-0.271962439024389,"DEGs_DOWN_without_binding"
5.25595224390244,8.7606807804878,-3.50472853658537,"DEGs_DOWN_without_binding"
9.2574446097561,11.5095835365854,-2.25213892682927,"DEGs_DOWN_without_binding"
9.43118309756098,13.8150688536585,-4.38388575609756,"DEGs_DOWN_without_binding"
11.9835643414634,12.0873184634146,-0.103754121951219,"DEGs_DOWN_without_binding"
11.2850106829268,7.96368414634146,3.32132653658537,"DEGs_DOWN_without_binding"
11.6149656097561,11.8063528780488,-0.191387268292683,"DEGs_DOWN_without_binding"
12.0703808292683,6.60352968292683,5.46685114634146,"DEGs_DOWN_without_binding"
13.5109598292683,6.40839631707317,7.10256351219512,"DEGs_DOWN_without_binding"
8.84027636585366,9.34556151219512,-0.505285146341464,"DEGs_DOWN_without_binding"
10.3782800243902,16.5770391219512,-6.19875909756098,"DEGs_DOWN_without_binding"
6.44903902439024,4.79142187804878,1.65761714634146,"DEGs_DOWN_without_binding"
11.026009902439,8.05456229268293,2.9714476097561,"DEGs_DOWN_without_binding"
10.2373972439024,6.63352987804878,3.60386736585366,"DEGs_DOWN_without_binding"
9.81438268292683,10.1944942682927,-0.380111585365853,"DEGs_DOWN_without_binding"
12.5418323902439,12.8524936097561,-0.310661219512195,"DEGs_DOWN_without_binding"
9.0237186097561,5.29758907317073,3.72612953658536,"DEGs_DOWN_without_binding"
9.20133995121951,9.73366802439024,-0.532328073170731,"DEGs_DOWN_without_binding"
7.14981273170732,4.30072148780488,2.84909124390244,"DEGs_DOWN_without_binding"
12.1852764146341,4.39029136585366,7.79498504878049,"DEGs_DOWN_without_binding"
14.8461287560976,9.36160636585366,5.4845223902439,"DEGs_DOWN_without_binding"
12.6603136829268,12.5717641707317,0.0885495121951205,"DEGs_DOWN_without_binding"
10.0815111219512,8.80883775609756,1.27267336585366,"DEGs_DOWN_without_binding"
8.99313585365854,17.0090976341463,-8.01596178048781,"DEGs_DOWN_without_binding"
5.93711843902439,9.68904190243902,-3.75192346341463,"DEGs_DOWN_without_binding"
3.96768992682927,8.02222092682927,-4.054531,"DEGs_DOWN_without_binding"
12.857110195122,10.6187068536585,2.23840334146341,"DEGs_DOWN_without_binding"
9.30650626829268,11.801094195122,-2.49458792682927,"DEGs_DOWN_without_binding"
12.7196704146341,14.2321134146341,-1.512443,"DEGs_DOWN_without_binding"
10.1176552439024,5.32336253658537,4.79429270731707,"DEGs_DOWN_without_binding"
11.6952443658537,10.6119390487805,1.08330531707317,"DEGs_DOWN_without_binding"
8.89079424390244,15.4324584390244,-6.54166419512195,"DEGs_DOWN_without_binding"
0.101001585365854,0.213091024390244,-0.11208943902439,"DEGs_DOWN_without_binding"
7.62698319512195,7.84645382926829,-0.219470634146341,"DEGs_DOWN_without_binding"
8.07103263414634,5.30582156097561,2.76521107317073,"DEGs_DOWN_without_binding"
13.7996446829268,7.80491219512195,5.99473248780488,"DEGs_DOWN_without_binding"
12.2947776097561,2.92144970731707,9.37332790243902,"DEGs_DOWN_without_binding"
8.53724017073171,3.67345748780488,4.86378268292683,"DEGs_DOWN_without_binding"
2.27780114634146,4.93244792682927,-2.6546467804878,"DEGs_DOWN_without_binding"
7.16975968292683,7.60267873170732,-0.432919048780488,"DEGs_DOWN_without_binding"
10.3153067073171,17.1355817073171,-6.820275,"DEGs_DOWN_without_binding"
9.46448041463415,11.9369144146341,-2.472434,"DEGs_DOWN_without_binding"
15.2607567560976,7.83943629268293,7.42132046341463,"DEGs_DOWN_without_binding"
11.9558117317073,11.3466988780488,0.609112853658537,"DEGs_DOWN_without_binding"
12.1747903658537,9.7476143902439,2.42717597560976,"DEGs_DOWN_without_binding"
7.88944836585366,9.2100383902439,-1.32059002439024,"DEGs_DOWN_without_binding"
14.1882286829268,12.8157968780488,1.37243180487805,"DEGs_DOWN_without_binding"
13.2544407804878,13.4285407317073,-0.174099951219512,"DEGs_DOWN_without_binding"
13.4373109512195,14.9515964878049,-1.51428553658537,"DEGs_DOWN_without_binding"
7.85117243902439,10.7895870731707,-2.93841463414634,"DEGs_DOWN_without_binding"
8.4916963902439,10.0028291707317,-1.51113278048781,"DEGs_DOWN_without_binding"
7.84746802439024,11.7556000731707,-3.90813204878049,"DEGs_DOWN_without_binding"
8.83411604878049,11.7077691463415,-2.87365309756098,"DEGs_DOWN_without_binding"
12.1566625121951,8.15564019512195,4.00102231707317,"DEGs_DOWN_without_binding"
2.70800792682927,4.15995773170732,-1.45194980487805,"DEGs_DOWN_without_binding"
6.82035731707317,11.5745849756098,-4.75422765853659,"DEGs_DOWN_without_binding"
6.61367163414634,7.61504070731707,-1.00136907317073,"DEGs_DOWN_without_binding"
4.51442880487805,1.61181043902439,2.90261836585366,"DEGs_DOWN_without_binding"
8.37411565853659,10.6324787560976,-2.25836309756098,"DEGs_DOWN_without_binding"
10.8054669268293,13.0326342195122,-2.22716729268293,"DEGs_DOWN_without_binding"
10.439161195122,11.8562800487805,-1.41711885365854,"DEGs_DOWN_without_binding"
6.74307358536585,9.48441621951219,-2.74134263414634,"DEGs_DOWN_without_binding"
8.10339268292683,5.62487065853659,2.47852202439024,"DEGs_DOWN_without_binding"
12.2666380487805,3.73122829268293,8.53540975609756,"DEGs_DOWN_without_binding"
8.03177885365854,13.6399362926829,-5.60815743902439,"DEGs_DOWN_without_binding"
2.77085331707317,2.2607347804878,0.510118536585366,"DEGs_DOWN_without_binding"
8.93852073170732,3.22744575609756,5.71107497560976,"DEGs_DOWN_without_binding"
11.2216122439024,8.35789256097561,2.86371968292683,"DEGs_DOWN_without_binding"
10.0090339512195,11.8173793658537,-1.80834541463415,"DEGs_DOWN_without_binding"
14.162402,9.28358468292683,4.87881731707317,"DEGs_DOWN_without_binding"
13.9952150731707,13.7906561707317,0.204558902439024,"DEGs_DOWN_without_binding"
6.12692982926829,2.38848041463415,3.73844941463415,"DEGs_DOWN_without_binding"
5.82397507317073,1.84115443902439,3.98282063414634,"DEGs_DOWN_without_binding"
2.73397985365854,0.657323170731707,2.07665668292683,"DEGs_DOWN_without_binding"
12.7830119268293,17.253803195122,-4.47079126829268,"DEGs_DOWN_without_binding"
8.0343883902439,14.4399785853659,-6.40559019512195,"DEGs_DOWN_without_binding"
5.07686241463415,6.95840741463415,-1.881545,"DEGs_DOWN_without_binding"
6.54147509756098,10.389531804878,-3.84805670731707,"DEGs_DOWN_without_binding"
7.3591777804878,13.1294204634146,-5.77024268292683,"DEGs_DOWN_without_binding"
10.2238531707317,18.2071144878049,-7.98326131707317,"DEGs_DOWN_without_binding"
7.65786229268293,13.2758303170732,-5.61796802439024,"DEGs_DOWN_without_binding"
7.90933795121951,9.61358219512195,-1.70424424390244,"DEGs_DOWN_without_binding"
8.15119002439024,11.9752253170732,-3.82403529268293,"DEGs_DOWN_without_binding"
10.4489332926829,13.617765195122,-3.16883190243902,"DEGs_DOWN_without_binding"
9.20269631707317,15.3722638292683,-6.16956751219512,"DEGs_DOWN_without_binding"
9.31031629268293,11.1910542195122,-1.88073792682927,"DEGs_DOWN_without_binding"
8.55351397560976,6.14350946341463,2.41000451219512,"DEGs_DOWN_without_binding"
7.6696297804878,8.50204175609756,-0.832411975609757,"DEGs_DOWN_without_binding"
10.1203223902439,10.9110000487805,-0.790677658536586,"DEGs_DOWN_without_binding"
8.13280182926829,13.5895855365854,-5.45678370731707,"DEGs_DOWN_without_binding"
7.27174070731707,13.0815376341463,-5.80979692682927,"DEGs_DOWN_without_binding"
7.52004485365854,13.4058829268293,-5.88583807317073,"DEGs_DOWN_without_binding"
6.18731797560976,10.4059451707317,-4.21862719512195,"DEGs_DOWN_without_binding"
8.07450692682927,10.3259955121951,-2.25148858536585,"DEGs_DOWN_without_binding"
7.87846929268293,11.5344527560976,-3.65598346341463,"DEGs_DOWN_without_binding"
6.185088,11.4799304146341,-5.29484241463415,"DEGs_DOWN_without_binding"
6.84101214634146,8.66308634146341,-1.82207419512195,"DEGs_DOWN_without_binding"
7.79442682926829,9.34580553658537,-1.55137870731707,"DEGs_DOWN_without_binding"
10.7390125609756,11.6101294878049,-0.871116926829268,"DEGs_DOWN_without_binding"
10.4241254390244,13.052960902439,-2.62883546341463,"DEGs_DOWN_without_binding"
7.94146526829268,5.59845831707317,2.34300695121951,"DEGs_DOWN_without_binding"
9.02024531707317,12.5956711219512,-3.57542580487805,"DEGs_DOWN_without_binding"
8.58216514634146,10.6143313658537,-2.0321662195122,"DEGs_DOWN_without_binding"
9.10277563414634,8.78318517073171,0.319590463414634,"DEGs_DOWN_without_binding"
9.15386904878049,10.0246335365854,-0.870764487804879,"DEGs_DOWN_without_binding"
8.10701814634146,11.5290001463415,-3.421982,"DEGs_DOWN_without_binding"
7.53108056097561,10.6780660487805,-3.14698548780488,"DEGs_DOWN_without_binding"
7.35446812195122,11.2994963902439,-3.94502826829268,"DEGs_DOWN_without_binding"
3.05482748780488,0,3.05482748780488,"DEGs_DOWN_without_binding"
18.6168288292683,10.5719793902439,8.04484943902439,"DEGs_DOWN_without_binding"
11.7084991463415,3.98911734146341,7.71938180487805,"DEGs_DOWN_without_binding"
15.2736810487805,10.8802586829268,4.39342236585366,"DEGs_DOWN_without_binding"
17.0217928048781,2.09510865853659,14.9266841463415,"DEGs_DOWN_without_binding"
6.29229153658537,12.3521143414634,-6.05982280487805,"DEGs_DOWN_without_binding"
11.3437876829268,12.0800318536585,-0.736244170731707,"DEGs_DOWN_without_binding"
8.64845887804878,12.3277771219512,-3.67931824390244,"DEGs_DOWN_without_binding"
8.70842163414634,14.5700815121951,-5.86165987804878,"DEGs_DOWN_without_binding"
6.9224057804878,9.3731063902439,-2.4507006097561,"DEGs_DOWN_without_binding"
7.090986,11.5978214146341,-4.50683541463415,"DEGs_DOWN_without_binding"
7.6670426097561,13.2185305365854,-5.55148792682927,"DEGs_DOWN_without_binding"
8.1325076097561,11.888566097561,-3.75605848780488,"DEGs_DOWN_without_binding"
7.32135129268293,13.4664110487805,-6.14505975609756,"DEGs_DOWN_without_binding"
8.25907934146341,12.0036994146341,-3.74462007317073,"DEGs_DOWN_without_binding"
6.56110612195122,11.2000408780488,-4.63893475609756,"DEGs_DOWN_without_binding"
7.27669221951219,12.4693547560976,-5.19266253658537,"DEGs_DOWN_without_binding"
7.24939436585366,11.1024721219512,-3.85307775609756,"DEGs_DOWN_without_binding"
6.56857412195122,11.6027002195122,-5.03412609756098,"DEGs_DOWN_without_binding"
7.63282802439024,9.69978441463415,-2.0669563902439,"DEGs_DOWN_without_binding"
10.9818690731707,14.5280021463415,-3.54613307317073,"DEGs_DOWN_without_binding"
8.06674948780488,13.6715431707317,-5.60479368292683,"DEGs_DOWN_without_binding"
7.30678531707317,12.4413830243902,-5.13459770731707,"DEGs_DOWN_without_binding"
9.15552565853659,13.4423374878049,-4.28681182926829,"DEGs_DOWN_without_binding"
9.84277551219512,13.6304654878049,-3.78768997560976,"DEGs_DOWN_without_binding"
16.5530094146341,16.8896473902439,-0.336637975609754,"DEGs_DOWN_without_binding"
9.16076768292683,10.0346118780488,-0.873844195121951,"DEGs_DOWN_without_binding"
14.2104151463415,10.9042698292683,3.30614531707317,"DEGs_DOWN_without_binding"
7.96483258536585,6.07380468292683,1.89102790243903,"DEGs_DOWN_without_binding"
8.48138992682927,6.63232609756098,1.84906382926829,"DEGs_DOWN_without_binding"
7.53157434146341,11.9335517804878,-4.40197743902439,"DEGs_DOWN_without_binding"
7.52535002439024,10.2924306097561,-2.76708058536585,"DEGs_DOWN_without_binding"
11.0936226341463,19.3609993170732,-8.26737668292683,"DEGs_DOWN_without_binding"
10.8577928780488,16.1463122926829,-5.28851941463415,"DEGs_DOWN_without_binding"
8.91233458536585,9.26737868292683,-0.355044097560976,"DEGs_DOWN_without_binding"
8.32504892682927,10.8318912195122,-2.50684229268293,"DEGs_DOWN_without_binding"
7.23081451219512,10.5006663170732,-3.26985180487805,"DEGs_DOWN_without_binding"
12.5328532195122,15.4552892926829,-2.92243607317073,"DEGs_DOWN_without_binding"
11.5357113170732,10.6316723170732,0.904038999999999,"DEGs_DOWN_without_binding"
8.90747212195122,8.75858429268293,0.148887829268292,"DEGs_DOWN_without_binding"
11.9316117073171,7.54706312195122,4.38454858536585,"DEGs_DOWN_without_binding"
9.16693002439024,11.6459607317073,-2.47903070731707,"DEGs_DOWN_without_binding"
9.22943285365854,16.0014805853659,-6.77204773170732,"DEGs_DOWN_without_binding"
8.90742809756098,13.7921156341463,-4.88468753658537,"DEGs_DOWN_without_binding"
5.77080578048781,11.2592950243902,-5.48848924390244,"DEGs_DOWN_without_binding"
11.686961195122,15.6079212439024,-3.92096004878049,"DEGs_DOWN_without_binding"
9.40825712195122,12.6050058780488,-3.19674875609756,"DEGs_DOWN_without_binding"
6.47351873170732,9.00600878048781,-2.53249004878049,"DEGs_DOWN_without_binding"
7.00037429268293,12.3226338536585,-5.32225956097561,"DEGs_DOWN_without_binding"
5.71330807317073,9.16111826829268,-3.44781019512195,"DEGs_DOWN_without_binding"
7.72623782926829,13.798845097561,-6.07260726829268,"DEGs_DOWN_without_binding"
13.7026196341463,16.003766195122,-2.30114656097561,"DEGs_DOWN_without_binding"
12.6351491707317,12.8694764390244,-0.234327268292683,"DEGs_DOWN_without_binding"
10.339533,17.0577838780488,-6.71825087804878,"DEGs_DOWN_without_binding"
12.8400970487805,8.33528563414634,4.50481141463415,"DEGs_DOWN_without_binding"
7.51329387804878,7.58542143902439,-0.07212756097561,"DEGs_DOWN_without_binding"
9.94098590243902,7.96397226829268,1.97701363414634,"DEGs_DOWN_without_binding"
6.56287924390244,4.19479863414634,2.3680806097561,"DEGs_DOWN_without_binding"
18.5404122926829,6.91994156097561,11.6204707317073,"DEGs_DOWN_without_binding"
19.914802097561,8.27432797560976,11.6404741219512,"DEGs_DOWN_without_binding"
8.65376436585366,3.4752976097561,5.17846675609756,"DEGs_DOWN_without_binding"
10.2128762926829,3.64680812195122,6.56606817073171,"DEGs_DOWN_without_binding"
9.79969826829268,1.59037068292683,8.20932758536585,"DEGs_DOWN_without_binding"
12.1719457317073,3.89528095121951,8.2766647804878,"DEGs_DOWN_without_binding"
11.0025290243902,15.7984888292683,-4.79595980487805,"DEGs_DOWN_without_binding"
10.1738772682927,9.29692202439024,0.876955243902438,"DEGs_DOWN_without_binding"
12.833356195122,15.0943704390244,-2.26101424390244,"DEGs_DOWN_without_binding"
9.80296702439024,13.6061132926829,-3.80314626829268,"DEGs_DOWN_without_binding"
6.67448658536585,6.29826336585366,0.376223219512195,"DEGs_DOWN_without_binding"
8.28377809756098,9.88398817073171,-1.60021007317073,"DEGs_DOWN_without_binding"
7.11408634146341,6.74693073170732,0.367155609756098,"DEGs_DOWN_without_binding"
9.85373334146341,11.6528750731707,-1.79914173170732,"DEGs_DOWN_without_binding"
10.6402612926829,11.3122555121951,-0.671994219512195,"DEGs_DOWN_without_binding"
9.9887183902439,5.26929190243902,4.71942648780488,"DEGs_DOWN_without_binding"
12.658643097561,15.8613945365854,-3.20275143902439,"DEGs_DOWN_without_binding"
17.7436165609756,12.4367503658537,5.30686619512195,"DEGs_DOWN_without_binding"
2.33873419512195,0.635094829268293,1.70363936585366,"DEGs_DOWN_without_binding"
8.83801458536585,1.68642346341463,7.15159112195122,"DEGs_DOWN_without_binding"
17.3710674634146,9.1709116097561,8.20015585365854,"DEGs_DOWN_without_binding"
14.9466680243902,5.17587014634146,9.77079787804878,"DEGs_DOWN_without_binding"
3.61845912195122,6.47521,-2.85675087804878,"DEGs_DOWN_without_binding"
7.80530778048781,9.5258133902439,-1.7205056097561,"DEGs_DOWN_without_binding"
8.86739707317073,4.80836817073171,4.05902890243902,"DEGs_DOWN_without_binding"
9.01742431707317,10.9553291707317,-1.93790485365854,"DEGs_DOWN_without_binding"
9.19164541463415,9.24993926829268,-0.0582938536585367,"DEGs_DOWN_without_binding"
11.0382460487805,9.71816848780488,1.32007756097561,"DEGs_DOWN_without_binding"
9.0830077804878,11.1786009268293,-2.09559314634146,"DEGs_DOWN_without_binding"
10.2703755121951,10.644892195122,-0.37451668292683,"DEGs_DOWN_without_binding"
10.1982485609756,13.3588922195122,-3.16064365853658,"DEGs_DOWN_without_binding"
4.04570404878049,5.9924667804878,-1.94676273170732,"DEGs_DOWN_without_binding"
6.00200404878049,14.0345742439024,-8.03257019512195,"DEGs_DOWN_without_binding"
7.70348558536585,4.97150268292683,2.73198290243902,"DEGs_DOWN_without_binding"
11.4242183658537,10.2428237317073,1.18139463414634,"DEGs_DOWN_without_binding"
6.97593141463415,11.9532042195122,-4.97727280487805,"DEGs_DOWN_without_binding"
8.01804682926829,4.96019048780488,3.05785634146342,"DEGs_DOWN_without_binding"
8.08730724390244,10.9893563902439,-2.90204914634146,"DEGs_DOWN_without_binding"
5.97921612195122,8.60246602439024,-2.62324990243902,"DEGs_DOWN_without_binding"
6.07442787804878,11.7175050243902,-5.64307714634146,"DEGs_DOWN_without_binding"
6.08779229268293,11.594342097561,-5.50654980487805,"DEGs_DOWN_without_binding"
7.28888695121951,12.1307056585366,-4.84181870731707,"DEGs_DOWN_without_binding"
6.98173675609756,12.2702904146341,-5.28855365853659,"DEGs_DOWN_without_binding"
4.4937443902439,9.24153251219512,-4.74778812195122,"DEGs_DOWN_without_binding"
10.2887395609756,10.6030769512195,-0.314337390243901,"DEGs_DOWN_without_binding"
6.72808143902439,12.0011219512195,-5.27304051219512,"DEGs_DOWN_without_binding"
6.81389609756098,12.1566837560976,-5.34278765853658,"DEGs_DOWN_without_binding"
6.54381370731707,11.9198550487805,-5.37604134146341,"DEGs_DOWN_without_binding"
3.40967353658537,6.3701786097561,-2.96050507317073,"DEGs_DOWN_without_binding"
5.55052897560976,10.8911341219512,-5.34060514634146,"DEGs_DOWN_without_binding"
5.9794513902439,12.1339276097561,-6.1544762195122,"DEGs_DOWN_without_binding"
8.16119451219512,11.2251070243902,-3.06391251219512,"DEGs_DOWN_without_binding"
13.401527804878,12.3677604634146,1.03376734146341,"DEGs_DOWN_without_binding"
7.28374109756098,8.93889582926829,-1.65515473170732,"DEGs_DOWN_without_binding"
6.20083829268293,8.70928078048781,-2.50844248780488,"DEGs_DOWN_without_binding"
5.915385,8.83659417073171,-2.92120917073171,"DEGs_DOWN_without_binding"
7.0042543902439,12.8451760731707,-5.84092168292683,"DEGs_DOWN_without_binding"
5.96463917073171,6.11010946341463,-0.145470292682927,"DEGs_DOWN_without_binding"
2.8207876097561,2.13223736585366,0.688550243902439,"DEGs_DOWN_without_binding"
6.48483858536585,4.38100936585366,2.1038292195122,"DEGs_DOWN_without_binding"
4.2916927804878,2.74471134146341,1.54698143902439,"DEGs_DOWN_without_binding"
11.9807673414634,19.2986188780488,-7.31785153658537,"DEGs_DOWN_without_binding"
6.28992102439024,7.74108909756098,-1.45116807317073,"DEGs_DOWN_without_binding"
7.63755565853659,10.5677824634146,-2.93022680487805,"DEGs_DOWN_without_binding"
6.43644085365854,14.6471399756098,-8.21069912195122,"DEGs_DOWN_without_binding"
8.62622009756098,9.0449806097561,-0.418760512195121,"DEGs_DOWN_without_binding"
7.5428076097561,11.8580155609756,-4.31520795121951,"DEGs_DOWN_without_binding"
3.68035134146341,4.42432668292683,-0.743975341463415,"DEGs_DOWN_without_binding"
7.18903173170732,12.5983347560976,-5.40930302439024,"DEGs_DOWN_without_binding"
8.45274429268293,8.98019487804878,-0.527450585365854,"DEGs_DOWN_without_binding"
8.39547107317073,8.94348607317073,-0.548014999999999,"DEGs_DOWN_without_binding"
7.83408202439024,7.34299946341463,0.49108256097561,"DEGs_DOWN_without_binding"
9.55686726829268,5.47067153658537,4.08619573170732,"DEGs_DOWN_without_binding"
7.9713236097561,4.92717778048781,3.04414582926829,"DEGs_DOWN_without_binding"
9.18802992682927,8.27036004878049,0.91766987804878,"DEGs_DOWN_without_binding"
8.41087746341463,6.28830958536585,2.12256787804878,"DEGs_DOWN_without_binding"
8.15716382926829,4.51449790243902,3.64266592682927,"DEGs_DOWN_without_binding"
9.52860192682927,6.26298163414634,3.26562029268293,"DEGs_DOWN_without_binding"
2.98090729268293,1.36303190243902,1.6178753902439,"DEGs_DOWN_without_binding"
3.16996673170732,2.35034395121951,0.819622780487805,"DEGs_DOWN_without_binding"
7.49570514634146,2.57714146341463,4.91856368292683,"DEGs_DOWN_without_binding"
2.26765495121951,0.464684073170732,1.80297087804878,"DEGs_DOWN_without_binding"
7.15281304878049,2.0712402195122,5.08157282926829,"DEGs_DOWN_without_binding"
4.96704731707317,1.98268153658537,2.9843657804878,"DEGs_DOWN_without_binding"
1.82386075609756,2.86229185365854,-1.03843109756098,"DEGs_DOWN_without_binding"
8.31658195121951,2.34672797560976,5.96985397560976,"DEGs_DOWN_without_binding"
5.06896775609756,2.05997931707317,3.00898843902439,"DEGs_DOWN_without_binding"
5.03259412195122,8.13811695121951,-3.10552282926829,"DEGs_DOWN_without_binding"
7.97452851219512,2.69996485365854,5.27456365853659,"DEGs_DOWN_without_binding"
7.62771134146341,0.566985609756098,7.06072573170732,"DEGs_DOWN_without_binding"
9.01163621951219,11.4674635609756,-2.45582734146342,"DEGs_DOWN_without_binding"
8.82422434146341,9.00307431707317,-0.178849975609756,"DEGs_DOWN_without_binding"
7.72271858536585,2.9056133902439,4.81710519512195,"DEGs_DOWN_without_binding"
5.93230236585366,6.01720778048781,-0.0849054146341466,"DEGs_DOWN_without_binding"
8.57815104878049,14.7364328780488,-6.15828182926829,"DEGs_DOWN_without_binding"
5.90910663414634,8.80790504878049,-2.89879841463415,"DEGs_DOWN_without_binding"
9.25390826829268,8.95644365853659,0.297464609756098,"DEGs_DOWN_without_binding"
5.639744,9.99763995121951,-4.35789595121951,"DEGs_DOWN_without_binding"
8.55664568292683,14.5412799756098,-5.98463429268293,"DEGs_DOWN_without_binding"
7.59699941463415,9.87827587804878,-2.28127646341463,"DEGs_DOWN_without_binding"
6.92410173170732,7.93582863414634,-1.01172690243902,"DEGs_DOWN_without_binding"
9.70614963414634,8.6461813902439,1.05996824390244,"DEGs_DOWN_without_binding"
8.43352080487805,9.22264314634146,-0.789122341463415,"DEGs_DOWN_without_binding"
4.61372114634146,8.28713229268293,-3.67341114634146,"DEGs_DOWN_without_binding"
5.41392809756098,8.91020807317073,-3.49627997560976,"DEGs_DOWN_without_binding"
7.59718780487805,13.2517751707317,-5.65458736585366,"DEGs_DOWN_without_binding"
7.79111112195122,13.3198855853659,-5.52877446341463,"DEGs_DOWN_without_binding"
6.2161543902439,10.663416195122,-4.44726180487805,"DEGs_DOWN_without_binding"
5.80977207317073,12.6499906829268,-6.8402186097561,"DEGs_DOWN_without_binding"
6.20458470731707,11.7386856829268,-5.53410097560976,"DEGs_DOWN_without_binding"
7.19894592682927,12.9859784146341,-5.78703248780488,"DEGs_DOWN_without_binding"
5.21720914634146,9.07583234146341,-3.85862319512195,"DEGs_DOWN_without_binding"
8.70009617073171,9.12132595121951,-0.421229780487804,"DEGs_DOWN_without_binding"
7.9490963902439,9.43901763414634,-1.48992124390244,"DEGs_DOWN_without_binding"
7.43421341463415,14.0437092439024,-6.60949582926829,"DEGs_DOWN_without_binding"
4.61598173170732,7.06813448780488,-2.45215275609756,"DEGs_DOWN_without_binding"
6.2111427804878,13.6811980243902,-7.47005524390244,"DEGs_DOWN_without_binding"
6.13747797560976,13.2244340731707,-7.08695609756098,"DEGs_DOWN_without_binding"
5.9548916097561,9.6888673902439,-3.73397578048781,"DEGs_DOWN_without_binding"
7.60868085365854,11.7727659756098,-4.16408512195122,"DEGs_DOWN_without_binding"
5.387729,9.49610353658537,-4.10837453658537,"DEGs_DOWN_without_binding"
9.25323304878049,11.1761365609756,-1.92290351219512,"DEGs_DOWN_without_binding"
10.7234542439024,17.093584804878,-6.37013056097561,"DEGs_DOWN_without_binding"
12.2199707317073,14.1852651219512,-1.9652943902439,"DEGs_DOWN_without_binding"
8.53702768292683,11.4288648292683,-2.89183714634146,"DEGs_DOWN_without_binding"
7.98293765853658,12.0959413170732,-4.11300365853659,"DEGs_DOWN_without_binding"
9.93839197560976,13.1210878780488,-3.18269590243903,"DEGs_DOWN_without_binding"
7.87066863414634,12.8970570487805,-5.02638841463415,"DEGs_DOWN_without_binding"
8.12529819512195,9.01060009756098,-0.885301902439025,"DEGs_DOWN_without_binding"
8.31424165853659,9.18925097560976,-0.87500931707317,"DEGs_DOWN_without_binding"
8.79144675609756,11.6957864878049,-2.90433973170732,"DEGs_DOWN_without_binding"
7.61911863414634,12.6428137073171,-5.02369507317073,"DEGs_DOWN_without_binding"
8.09199129268293,14.3345018292683,-6.24251053658537,"DEGs_DOWN_without_binding"
7.97666931707317,16.3166522195122,-8.33998290243903,"DEGs_DOWN_without_binding"
10.662807804878,15.1611776341463,-4.49836982926829,"DEGs_DOWN_without_binding"
7.66736795121951,11.4185563902439,-3.75118843902439,"DEGs_DOWN_without_binding"
6.5759933902439,17.2432073902439,-10.667214,"DEGs_DOWN_without_binding"
5.72467480487805,9.35356026829268,-3.62888546341463,"DEGs_DOWN_without_binding"
9.90319870731707,12.8940804878049,-2.9908817804878,"DEGs_DOWN_without_binding"
9.24740773170732,15.1104035609756,-5.86299582926829,"DEGs_DOWN_without_binding"
6.51151329268293,8.52114095121951,-2.00962765853659,"DEGs_DOWN_without_binding"
8.70336204878049,13.7801216341463,-5.07675958536585,"DEGs_DOWN_without_binding"
3.62898712195122,5.6000802195122,-1.97109309756098,"DEGs_DOWN_without_binding"
9.10232429268293,12.3042618780488,-3.20193758536585,"DEGs_DOWN_without_binding"
9.60268687804878,15.2107416585366,-5.60805478048781,"DEGs_DOWN_without_binding"
7.96841048780488,12.8271857560976,-4.85877526829268,"DEGs_DOWN_without_binding"
8.62200002439024,14.3378008292683,-5.71580080487805,"DEGs_DOWN_without_binding"
7.98477373170732,11.8178712195122,-3.83309748780488,"DEGs_DOWN_without_binding"
10.1526948292683,15.9758669756098,-5.82317214634146,"DEGs_DOWN_without_binding"
10.0887693170732,8.86213592682927,1.2266333902439,"DEGs_DOWN_without_binding"
9.10480541463415,14.9945878292683,-5.88978241463415,"DEGs_DOWN_without_binding"
9.99449341463415,13.3079610487805,-3.31346763414634,"DEGs_DOWN_without_binding"
9.22470690243902,14.2036565609756,-4.97894965853659,"DEGs_DOWN_without_binding"
13.4787580731707,10.4005964878049,3.07816158536585,"DEGs_DOWN_without_binding"
13.0523403414634,10.0228671219512,3.0294732195122,"DEGs_DOWN_without_binding"
2.38456053658537,3.52566697560976,-1.14110643902439,"DEGs_DOWN_without_binding"
8.97990146341463,6.80227053658537,2.17763092682927,"DEGs_DOWN_without_binding"
11.5334450243902,12.0050664146341,-0.471621390243904,"DEGs_DOWN_without_binding"
10.638351195122,8.97082673170732,1.66752446341463,"DEGs_DOWN_without_binding"
9.84460187804878,9.62518582926829,0.219416048780488,"DEGs_DOWN_without_binding"
8.60898029268293,8.99777965853658,-0.388799365853657,"DEGs_DOWN_without_binding"
9.93379724390244,6.58489387804878,3.34890336585366,"DEGs_DOWN_without_binding"
10.3859449512195,9.76609148780488,0.619853463414634,"DEGs_DOWN_without_binding"
7.61742334146341,9.05951851219512,-1.44209517073171,"DEGs_DOWN_without_binding"
3.7224287804878,4.361055,-0.638626219512195,"DEGs_DOWN_without_binding"
8.12151226829268,11.2681093170732,-3.14659704878049,"DEGs_DOWN_without_binding"
11.2426455121951,11.9946990731707,-0.752053560975611,"DEGs_DOWN_without_binding"
11.0991277804878,10.6946349268293,0.404492853658537,"DEGs_DOWN_without_binding"
9.03201612195122,12.5023318536585,-3.47031573170732,"DEGs_DOWN_without_binding"
7.18917997560976,9.47980273170732,-2.29062275609756,"DEGs_DOWN_without_binding"
7.00734712195122,10.8905729512195,-3.88322582926829,"DEGs_DOWN_without_binding"
17.9434760731707,12.3823143902439,5.56116168292683,"DEGs_DOWN_without_binding"
7.90872729268293,11.3642372439024,-3.45550995121951,"DEGs_DOWN_without_binding"
10.6605622926829,14.1496220731707,-3.48905978048781,"DEGs_DOWN_without_binding"
10.6282786097561,17.1807940243902,-6.55251541463415,"DEGs_DOWN_without_binding"
8.71944492682927,10.5184594390244,-1.79901451219512,"DEGs_DOWN_without_binding"
10.3944088536585,7.57002204878049,2.82438680487805,"DEGs_DOWN_without_binding"
10.1507626585366,12.071008097561,-1.92024543902439,"DEGs_DOWN_without_binding"
9.00233129268293,14.2203059268293,-5.21797463414634,"DEGs_DOWN_without_binding"
6.51728614634146,8.15309124390244,-1.63580509756098,"DEGs_DOWN_without_binding"
8.49362158536585,11.5151600731707,-3.02153848780488,"DEGs_DOWN_without_binding"
10.4621795121951,10.6162806097561,-0.154101097560975,"DEGs_DOWN_without_binding"
6.20022712195122,8.69648046341463,-2.49625334146341,"DEGs_DOWN_without_binding"
9.54547775609756,9.18179195121951,0.363685804878049,"DEGs_DOWN_without_binding"
7.9247197804878,12.8103326829268,-4.88561290243902,"DEGs_DOWN_without_binding"
7.69825241463415,9.91166017073171,-2.21340775609756,"DEGs_DOWN_without_binding"
6.04328597560976,9.72658736585366,-3.6833013902439,"DEGs_DOWN_without_binding"
6.31789802439024,8.77605814634146,-2.45816012195122,"DEGs_DOWN_without_binding"
11.7381676585366,19.0137771219512,-7.27560946341463,"DEGs_DOWN_without_binding"
10.9603025365854,11.9879976585366,-1.02769512195122,"DEGs_DOWN_without_binding"
13.5996320487805,9.4006582195122,4.19897382926829,"DEGs_DOWN_without_binding"
17.7067383170732,46.6359809512195,-28.9292426341463,"DEGs_DOWN_without_binding"
10.4167610487805,15.1192000243902,-4.70243897560976,"DEGs_DOWN_without_binding"
12.8932073658537,17.7513090243902,-4.85810165853659,"DEGs_DOWN_without_binding"
9.32148024390244,9.89529331707317,-0.573813073170731,"DEGs_DOWN_without_binding"
8.03136148780488,3.78070458536585,4.25065690243902,"DEGs_DOWN_without_binding"
11.6947486341463,13.5613031219512,-1.86655448780488,"DEGs_DOWN_without_binding"
13.097907195122,15.0832792439024,-1.98537204878049,"DEGs_DOWN_without_binding"
13.9384863170732,22.2975723658537,-8.35908604878049,"DEGs_DOWN_without_binding"
23.6813906097561,22.666741097561,1.01464951219512,"DEGs_DOWN_without_binding"
6.88885314634146,1.08126619512195,5.80758695121951,"DEGs_DOWN_without_binding"
17.7017370731707,5.66017175609756,12.0415653170732,"DEGs_DOWN_without_binding"
2.7844756097561,2.63116212195122,0.153313487804878,"DEGs_DOWN_without_binding"
14.3523789756098,20.4854130731707,-6.13303409756098,"DEGs_DOWN_without_binding"
13.4614729512195,20.0050680487805,-6.54359509756097,"DEGs_DOWN_without_binding"
13.6474624634146,21.4930092926829,-7.84554682926829,"DEGs_DOWN_without_binding"
15.8918973170732,29.8371961707317,-13.9452988536585,"DEGs_DOWN_without_binding"
13.2575292926829,26.151989,-12.8944597073171,"DEGs_DOWN_without_binding"
11.468952804878,19.5389878536585,-8.07003504878049,"DEGs_DOWN_without_binding"
28.5733966585366,11.2429420731707,17.3304545853659,"DEGs_DOWN_without_binding"
22.7780094146341,15.8310654390244,6.94694397560976,"DEGs_DOWN_without_binding"
25.6536548780488,27.4093575121951,-1.75570263414634,"DEGs_DOWN_without_binding"
12.0289577560976,12.7914185609756,-0.762460804878048,"DEGs_DOWN_without_binding"
18.193308,12.7404676341463,5.45284036585366,"DEGs_DOWN_without_binding"
19.8849105365854,19.4983695121951,0.386541024390244,"DEGs_DOWN_without_binding"
18.5430596341463,23.6712682926829,-5.12820865853659,"DEGs_DOWN_without_binding"
25.4977717804878,15.2512893902439,10.2464823902439,"DEGs_DOWN_without_binding"
21.8735978780488,10.0860274390244,11.7875704390244,"DEGs_DOWN_without_binding"
16.3617142439024,8.51593829268293,7.84577595121951,"DEGs_DOWN_without_binding"
10.7587896829268,2.79187517073171,7.96691451219512,"DEGs_DOWN_without_binding"
21.6716163414634,5.31012897560976,16.3614873658537,"DEGs_DOWN_without_binding"
14.0171424878049,5.35830178048781,8.65884070731707,"DEGs_DOWN_without_binding"
14.3768188292683,9.09659804878049,5.28022078048781,"DEGs_DOWN_without_binding"
12.6604470243902,16.1514227804878,-3.49097575609756,"DEGs_DOWN_without_binding"
10.4674713658537,3.24624331707317,7.22122804878049,"DEGs_DOWN_without_binding"
10.3990312439024,7.87107619512195,2.52795504878049,"DEGs_DOWN_without_binding"
15.9804876097561,12.888984,3.0915036097561,"DEGs_DOWN_without_binding"
12.1926730487805,4.93957014634146,7.25310290243903,"DEGs_DOWN_without_binding"
8.42724826829268,10.3112216341463,-1.88397336585366,"DEGs_DOWN_without_binding"
9.94570958536585,14.0888348780488,-4.14312529268293,"DEGs_DOWN_without_binding"
10.0916667560976,9.88541309756098,0.206253658536586,"DEGs_DOWN_without_binding"
9.27229602439024,13.563034804878,-4.29073878048781,"DEGs_DOWN_without_binding"
7.6894627804878,14.9837112195122,-7.29424843902439,"DEGs_DOWN_without_binding"
9.56890785365854,16.194520195122,-6.62561234146342,"DEGs_DOWN_without_binding"
6.6203773902439,10.8095255121951,-4.18914812195122,"DEGs_DOWN_without_binding"
9.89289853658537,12.6347183170732,-2.74181978048781,"DEGs_DOWN_without_binding"
6.84694519512195,10.0043502926829,-3.15740509756098,"DEGs_DOWN_without_binding"
10.4998710243902,14.4819077804878,-3.98203675609756,"DEGs_DOWN_without_binding"
9.298546,14.9127232439024,-5.61417724390244,"DEGs_DOWN_without_binding"
12.1119413170732,15.6233254878049,-3.51138417073171,"DEGs_DOWN_without_binding"
12.5643724878049,17.7144114390244,-5.15003895121951,"DEGs_DOWN_without_binding"
9.34202841463415,7.13444095121951,2.20758746341463,"DEGs_DOWN_without_binding"
10.0415052682927,7.84749902439024,2.19400624390244,"DEGs_DOWN_without_binding"
12.0788694878049,10.0434472682927,2.0354222195122,"DEGs_DOWN_without_binding"
12.8919667073171,14.5213301707317,-1.62936346341463,"DEGs_DOWN_without_binding"
9.65730556097561,15.7066058292683,-6.04930026829268,"DEGs_DOWN_without_binding"
7.19524912195122,10.6462113170732,-3.45096219512195,"DEGs_DOWN_without_binding"
6.85481743902439,9.78432314634146,-2.92950570731707,"DEGs_DOWN_without_binding"
9.37725351219512,14.4087106829268,-5.03145717073171,"DEGs_DOWN_without_binding"
11.6799316097561,15.7093637317073,-4.02943212195122,"DEGs_DOWN_without_binding"
8.58582419512195,12.6891802195122,-4.10335602439024,"DEGs_DOWN_without_binding"
12.0740151707317,20.4152212195122,-8.34120604878049,"DEGs_DOWN_without_binding"
17.6513025365854,19.8030692195122,-2.15176668292683,"DEGs_DOWN_without_binding"
22.8973007073171,29.7890720731707,-6.89177136585366,"DEGs_DOWN_without_binding"
10.7570906585366,19.2995756585366,-8.542485,"DEGs_DOWN_without_binding"
15.322680195122,27.4546693414634,-12.1319891463415,"DEGs_DOWN_without_binding"
16.1392179512195,31.5743883902439,-15.4351704390244,"DEGs_DOWN_without_binding"
13.4532843414634,19.4033783658537,-5.95009402439024,"DEGs_DOWN_without_binding"
18.1055368780488,17.2991975121951,0.80633936585366,"DEGs_DOWN_without_binding"
10.8634600243902,14.9845038536585,-4.12104382926829,"DEGs_DOWN_without_binding"
3.11943443902439,9.11226743902439,-5.992833,"DEGs_DOWN_without_binding"
5.52774107317073,7.39339624390244,-1.86565517073171,"DEGs_DOWN_without_binding"
8.03699521951219,12.6065072439024,-4.56951202439024,"DEGs_DOWN_without_binding"
6.55882614634146,9.3124306097561,-2.75360446341463,"DEGs_DOWN_without_binding"
6.83550292682927,10.5509327073171,-3.71542978048781,"DEGs_DOWN_without_binding"
1.7215516097561,2.51224741463415,-0.790695804878049,"DEGs_DOWN_without_binding"
5.9988427804878,9.53530078048781,-3.536458,"DEGs_DOWN_without_binding"
4.6821877804878,7.8281982195122,-3.14601043902439,"DEGs_DOWN_without_binding"
6.6227686097561,4.07407112195122,2.54869748780488,"DEGs_DOWN_without_binding"
5.95672087804878,8.47270182926829,-2.51598095121951,"DEGs_DOWN_without_binding"
6.27814385365854,6.543878,-0.265734146341464,"DEGs_DOWN_without_binding"
5.66087046341463,10.1972563902439,-4.53638592682927,"DEGs_DOWN_without_binding"
13.6145618292683,10.4981379268293,3.11642390243902,"DEGs_DOWN_without_binding"
5.64310424390244,8.56938929268293,-2.92628504878049,"DEGs_DOWN_without_binding"
4.16180053658537,7.33345490243902,-3.17165436585366,"DEGs_DOWN_without_binding"
4.99082914634146,7.6552302195122,-2.66440107317073,"DEGs_DOWN_without_binding"
6.88379009756098,9.85213334146341,-2.96834324390244,"DEGs_DOWN_without_binding"
5.71103775609756,8.28318417073171,-2.57214641463415,"DEGs_DOWN_without_binding"
4.9301672195122,7.49903485365854,-2.56886763414634,"DEGs_DOWN_without_binding"
14.168086804878,33.9047996829268,-19.7367128780488,"DEGs_DOWN_without_binding"
5.89194882926829,8.09412209756097,-2.20217326829268,"DEGs_DOWN_without_binding"
6.37476490243902,9.6350332195122,-3.26026831707317,"DEGs_DOWN_without_binding"
5.71132073170732,9.67890365853659,-3.96758292682927,"DEGs_DOWN_without_binding"
5.70643570731707,9.32889158536585,-3.62245587804878,"DEGs_DOWN_without_binding"
3.80264987804878,8.58767646341463,-4.78502658536585,"DEGs_DOWN_without_binding"
6.21524563414634,9.56952568292683,-3.35428004878049,"DEGs_DOWN_without_binding"
6.43305102439024,10.6172648536585,-4.18421382926829,"DEGs_DOWN_without_binding"
5.61364609756098,6.50835919512195,-0.894713097560976,"DEGs_DOWN_without_binding"
5.0209476097561,10.440868195122,-5.41992058536585,"DEGs_DOWN_without_binding"
5.58812165853659,10.2104991219512,-4.62237746341463,"DEGs_DOWN_without_binding"
3.02302790243902,5.55712946341463,-2.53410156097561,"DEGs_DOWN_without_binding"
6.85539209756098,9.77727314634146,-2.92188104878049,"DEGs_DOWN_without_binding"
6.58461017073171,8.7389466097561,-2.15433643902439,"DEGs_DOWN_without_binding"
5.40903487804878,7.70787680487805,-2.29884192682927,"DEGs_DOWN_without_binding"
4.08710568292683,6.92277136585366,-2.83566568292683,"DEGs_DOWN_without_binding"
15.0153579756098,10.4656150243902,4.54974295121951,"DEGs_DOWN_without_binding"
5.40304273170732,6.01725004878049,-0.614207317073171,"DEGs_DOWN_without_binding"
5.49263543902439,8.60446670731707,-3.11183126829268,"DEGs_DOWN_without_binding"
6.12586992682927,9.04833368292683,-2.92246375609756,"DEGs_DOWN_without_binding"
4.08282273170732,8.01369417073171,-3.93087143902439,"DEGs_DOWN_without_binding"
4.75620090243902,7.92656712195122,-3.17036621951219,"DEGs_DOWN_without_binding"
6.7204386097561,9.43965780487805,-2.71921919512195,"DEGs_DOWN_without_binding"
5.12132943902439,10.8851183170732,-5.76378887804878,"DEGs_DOWN_without_binding"
5.71826773170732,9.45871712195122,-3.7404493902439,"DEGs_DOWN_without_binding"
6.14185995121951,7.87775341463415,-1.73589346341463,"DEGs_DOWN_without_binding"
6.6049517804878,8.27543863414634,-1.67048685365854,"DEGs_DOWN_without_binding"
6.59733943902439,7.83907902439024,-1.24173958536585,"DEGs_DOWN_without_binding"
8.23733658536585,6.72892702439024,1.50840956097561,"DEGs_DOWN_without_binding"
3.86183929268293,6.3503043902439,-2.48846509756098,"DEGs_DOWN_without_binding"
6.42991948780488,6.69659368292683,-0.266674195121951,"DEGs_DOWN_without_binding"
6.34718690243902,7.97561951219512,-1.6284326097561,"DEGs_DOWN_without_binding"
6.71525797560976,9.7500497804878,-3.03479180487805,"DEGs_DOWN_without_binding"
4.8047803902439,9.02978443902439,-4.22500404878049,"DEGs_DOWN_without_binding"
4.594492,7.54883463414634,-2.95434263414634,"DEGs_DOWN_without_binding"
7.0711857804878,11.3179797317073,-4.24679395121951,"DEGs_DOWN_without_binding"
5.76163390243902,6.70913904878049,-0.947505146341463,"DEGs_DOWN_without_binding"
7.4902413902439,10.3044269268293,-2.81418553658537,"DEGs_DOWN_without_binding"
5.81099119512195,6.51432743902439,-0.703336243902439,"DEGs_DOWN_without_binding"
6.05361146341463,10.004739902439,-3.95112843902439,"DEGs_DOWN_without_binding"
6.05125563414634,7.40357797560976,-1.35232234146341,"DEGs_DOWN_without_binding"
3.11719753658537,4.69627943902439,-1.57908190243902,"DEGs_DOWN_without_binding"
2.31858782926829,3.59527443902439,-1.2766866097561,"DEGs_DOWN_without_binding"
5.30643307317073,10.4407622682927,-5.13432919512195,"DEGs_DOWN_without_binding"
5.57805165853659,8.70193792682927,-3.12388626829268,"DEGs_DOWN_without_binding"
4.28409436585366,7.91194158536585,-3.6278472195122,"DEGs_DOWN_without_binding"
4.24261809756098,7.610828,-3.36820990243902,"DEGs_DOWN_without_binding"
7.04829204878049,11.3512972682927,-4.30300521951219,"DEGs_DOWN_without_binding"
5.2063293902439,8.64149231707317,-3.43516292682927,"DEGs_DOWN_without_binding"
2.93790068292683,6.40343351219512,-3.46553282926829,"DEGs_DOWN_without_binding"
4.11552548780488,8.57845468292683,-4.46292919512195,"DEGs_DOWN_without_binding"
5.9099267804878,18.1149890487805,-12.2050622682927,"DEGs_DOWN_without_binding"
3.1864787804878,4.06869451219512,-0.882215731707317,"DEGs_DOWN_without_binding"
6.75634443902439,11.9928205609756,-5.23647612195122,"DEGs_DOWN_without_binding"
5.70662173170732,10.4570834146341,-4.75046168292683,"DEGs_DOWN_without_binding"
7.0026117804878,9.77975051219512,-2.77713873170732,"DEGs_DOWN_without_binding"
5.82868224390244,10.6922209512195,-4.86353870731707,"DEGs_DOWN_without_binding"
5.18311558536585,8.32793409756098,-3.14481851219512,"DEGs_DOWN_without_binding"
6.66672397560976,9.246775,-2.58005102439024,"DEGs_DOWN_without_binding"
2.61426673170732,4.02452319512195,-1.41025646341463,"DEGs_DOWN_without_binding"
3.29706219512195,0.553896634146341,2.74316556097561,"DEGs_DOWN_without_binding"
5.83525251219512,9.44572997560976,-3.61047746341464,"DEGs_DOWN_without_binding"
6.17014529268293,9.07073585365854,-2.90059056097561,"DEGs_DOWN_without_binding"
4.51655909756098,6.41648258536585,-1.89992348780488,"DEGs_DOWN_without_binding"
5.27012921951219,0,5.27012921951219,"DEGs_DOWN_without_binding"
6.65758295121951,10.2490584634146,-3.59147551219512,"DEGs_DOWN_without_binding"
7.73898463414634,8.942015,-1.20303036585366,"DEGs_DOWN_without_binding"
8.95635007317073,9.35081631707317,-0.394466243902439,"DEGs_DOWN_without_binding"
5.03477195121951,6.49568695121951,-1.460915,"DEGs_DOWN_without_binding"
6.89317009756098,6.26240853658537,0.63076156097561,"DEGs_DOWN_without_binding"
8.97142592682927,11.7645633414634,-2.79313741463415,"DEGs_DOWN_without_binding"
7.39636104878049,6.51891582926829,0.877445219512195,"DEGs_DOWN_without_binding"
8.41060873170732,13.4751699268293,-5.06456119512195,"DEGs_DOWN_without_binding"
11.5117737073171,13.4177401219512,-1.90596641463415,"DEGs_DOWN_without_binding"
14.0488882439024,10.8271634878049,3.22172475609756,"DEGs_DOWN_without_binding"
16.2006982439024,6.12960724390244,10.071091,"DEGs_DOWN_without_binding"
24.3857577560976,9.68425765853659,14.701500097561,"DEGs_DOWN_without_binding"
10.597133,12.7498630243902,-2.15273002439024,"DEGs_DOWN_without_binding"
9.99075690243902,14.8359044878049,-4.84514758536585,"DEGs_DOWN_without_binding"
13.3382303170732,9.75950580487805,3.57872451219512,"DEGs_DOWN_without_binding"
9.59390982926829,14.0898534146341,-4.49594358536585,"DEGs_DOWN_without_binding"
8.97237146341463,14.0033891463415,-5.03101768292683,"DEGs_DOWN_without_binding"
10.6404615853659,11.9465328292683,-1.30607124390244,"DEGs_DOWN_without_binding"
8.74103690243902,16.3752483658537,-7.63421146341463,"DEGs_DOWN_without_binding"
11.136920804878,9.65546073170732,1.48146007317073,"DEGs_DOWN_without_binding"
8.3151043902439,11.6968306341463,-3.38172624390244,"DEGs_DOWN_without_binding"
6.47853868292683,7.91858358536585,-1.44004490243902,"DEGs_DOWN_without_binding"
14.9210161707317,21.4149852195122,-6.49396904878049,"DEGs_DOWN_without_binding"
6.14245951219512,9.10669590243903,-2.9642363902439,"DEGs_DOWN_without_binding"
8.08151668292683,13.388522097561,-5.30700541463415,"DEGs_DOWN_without_binding"
8.84442743902439,17.2473178292683,-8.4028903902439,"DEGs_DOWN_without_binding"
10.1932015853659,13.7807144146341,-3.58751282926829,"DEGs_DOWN_without_binding"
12.8755492682927,9.72770846341463,3.14784080487805,"DEGs_DOWN_without_binding"
5.47455997560976,11.1898985609756,-5.71533858536585,"DEGs_DOWN_without_binding"
8.05778909756098,12.7989901219512,-4.74120102439024,"DEGs_DOWN_without_binding"
10.2705653414634,14.0407386829268,-3.77017334146341,"DEGs_DOWN_without_binding"
11.633976804878,23.2870627560976,-11.6530859512195,"DEGs_DOWN_without_binding"
6.28798024390244,11.7879929268293,-5.50001268292683,"DEGs_DOWN_without_binding"
14.7853985609756,9.900495,4.88490356097561,"DEGs_DOWN_without_binding"
8.43747387804878,8.87406178048781,-0.436587902439024,"DEGs_DOWN_without_binding"
8.01460414634146,15.6518286097561,-7.63722446341463,"DEGs_DOWN_without_binding"
7.30870153658537,10.5662513902439,-3.25754985365854,"DEGs_DOWN_without_binding"
11.3968795121951,21.0501904634146,-9.65331095121951,"DEGs_DOWN_without_binding"
6.36037334146341,11.7600356097561,-5.39966226829268,"DEGs_DOWN_without_binding"
6.30593326829268,13.540386902439,-7.23445363414634,"DEGs_DOWN_without_binding"
7.27214675609756,13.1944902926829,-5.92234353658537,"DEGs_DOWN_without_binding"
9.3889153902439,12.7477180243902,-3.35880263414634,"DEGs_DOWN_without_binding"
11.9882409268293,15.1729423902439,-3.18470146341463,"DEGs_DOWN_without_binding"
8.8720596097561,16.1422087073171,-7.27014909756098,"DEGs_DOWN_without_binding"
6.24276668292683,10.5870173658537,-4.34425068292683,"DEGs_DOWN_without_binding"
4.99216148780488,8.4056252195122,-3.41346373170732,"DEGs_DOWN_without_binding"
7.7189183902439,11.8222061707317,-4.1032877804878,"DEGs_DOWN_without_binding"
10.4004234390244,14.7158133658537,-4.31538992682927,"DEGs_DOWN_without_binding"
13.7032266585366,23.7738517560976,-10.070625097561,"DEGs_DOWN_without_binding"
8.19990404878049,13.4495807073171,-5.24967665853659,"DEGs_DOWN_without_binding"
8.27104382926829,13.586375097561,-5.31533126829268,"DEGs_DOWN_without_binding"
13.0590795121951,12.77918,0.279899512195122,"DEGs_DOWN_without_binding"
10.8643404634146,6.51898253658537,4.34535792682927,"DEGs_DOWN_without_binding"
0.185933707317073,0.110077073170732,0.0758566341463415,"DEGs_DOWN_without_binding"
0.17543287804878,0.379326268292683,-0.203893390243902,"DEGs_DOWN_without_binding"
8.67112507317073,11.8128534146341,-3.14172834146341,"DEGs_DOWN_without_binding"
9.15592758536585,10.7476082682927,-1.59168068292683,"DEGs_DOWN_without_binding"
9.97437268292683,12.8172177073171,-2.84284502439025,"DEGs_DOWN_without_binding"
9.1487782195122,14.2863585853659,-5.13758036585366,"DEGs_DOWN_without_binding"
10.4723565609756,16.3787274390244,-5.90637087804878,"DEGs_DOWN_without_binding"
7.09637597560976,9.91099682926829,-2.81462085365854,"DEGs_DOWN_without_binding"
14.1723291707317,31.7137382926829,-17.5414091219512,"DEGs_DOWN_without_binding"
8.55593280487805,12.0044683170732,-3.44853551219512,"DEGs_DOWN_without_binding"
9.1832982195122,13.2417025609756,-4.05840434146341,"DEGs_DOWN_without_binding"
14.010710804878,15.7228071463415,-1.71209634146341,"DEGs_DOWN_without_binding"
4.90705814634146,6.13867787804878,-1.23161973170732,"DEGs_DOWN_without_binding"
8.34250490243902,7.10298192682927,1.23952297560976,"DEGs_DOWN_without_binding"
9.85055434146341,13.042706902439,-3.19215256097561,"DEGs_DOWN_without_binding"
7.74725014634146,10.7379764146341,-2.99072626829268,"DEGs_DOWN_without_binding"
8.91508834146341,11.4507994146341,-2.53571107317073,"DEGs_DOWN_without_binding"
8.08841017073171,13.5026086585366,-5.41419848780488,"DEGs_DOWN_without_binding"
7.13415804878049,11.9062295121951,-4.77207146341463,"DEGs_DOWN_without_binding"
6.86453997560976,12.6338885853659,-5.7693486097561,"DEGs_DOWN_without_binding"
7.70861151219512,12.3004069268293,-4.59179541463415,"DEGs_DOWN_without_binding"
10.4315269268293,16.1415325853659,-5.71000565853659,"DEGs_DOWN_without_binding"
8.52426551219512,11.910236097561,-3.38597058536585,"DEGs_DOWN_without_binding"
7.41693236585366,12.4747726341463,-5.05784026829268,"DEGs_DOWN_without_binding"
8.29196985365854,14.9632394878049,-6.67126963414634,"DEGs_DOWN_without_binding"
7.56454309756098,12.4592842439024,-4.89474114634146,"DEGs_DOWN_without_binding"
6.35745717073171,8.26902334146341,-1.91156617073171,"DEGs_DOWN_without_binding"
6.43488019512195,10.6469715853659,-4.2120913902439,"DEGs_DOWN_without_binding"
11.5610799268293,14.6502851219512,-3.08920519512195,"DEGs_DOWN_without_binding"
7.88335419512195,13.3256683414634,-5.44231414634146,"DEGs_DOWN_without_binding"
7.68364509756098,9.50838224390244,-1.82473714634146,"DEGs_DOWN_without_binding"
8.65044887804878,12.7084873658537,-4.05803848780488,"DEGs_DOWN_without_binding"
10.7510779512195,19.7441995121951,-8.99312156097561,"DEGs_DOWN_without_binding"
7.61479997560976,14.449565097561,-6.83476512195122,"DEGs_DOWN_without_binding"
10.144279195122,16.3604008292683,-6.21612163414634,"DEGs_DOWN_without_binding"
6.72151385365854,9.7739926097561,-3.05247875609756,"DEGs_DOWN_without_binding"
7.87174529268293,12.4831866341463,-4.61144134146341,"DEGs_DOWN_without_binding"
8.31792258536585,13.5130338292683,-5.19511124390244,"DEGs_DOWN_without_binding"
10.2115276097561,15.668220804878,-5.45669319512195,"DEGs_DOWN_without_binding"
9.49388695121951,12.659626902439,-3.16573995121951,"DEGs_DOWN_without_binding"
9.90623265853658,16.8717041951219,-6.96547153658537,"DEGs_DOWN_without_binding"
8.55347917073171,13.7480687560976,-5.19458958536585,"DEGs_DOWN_without_binding"
7.38628097560976,17.1446219512195,-9.75834097560976,"DEGs_DOWN_without_binding"
9.99737585365854,15.3856982682927,-5.38832241463414,"DEGs_DOWN_without_binding"
8.52980617073171,13.5463493414634,-5.01654317073171,"DEGs_DOWN_without_binding"
6.67324178048781,12.9383335609756,-6.2650917804878,"DEGs_DOWN_without_binding"
4.91078682926829,6.89569402439024,-1.98490719512195,"DEGs_DOWN_without_binding"
9.30827592682927,11.5251942926829,-2.21691836585366,"DEGs_DOWN_without_binding"
8.5168046097561,12.7448932439024,-4.22808863414634,"DEGs_DOWN_without_binding"
8.54408512195122,13.4118729268293,-4.86778780487805,"DEGs_DOWN_without_binding"
8.71009775609756,15.6145200487805,-6.90442229268293,"DEGs_DOWN_without_binding"
11.1142795853659,8.45024885365854,2.66403073170732,"DEGs_DOWN_without_binding"
12.3393054390244,10.9908240731707,1.34848136585366,"DEGs_DOWN_without_binding"
10.3765135121951,6.90134117073171,3.47517234146342,"DEGs_DOWN_without_binding"
8.82790646341463,14.4636515365854,-5.63574507317073,"DEGs_DOWN_without_binding"
7.8523913902439,13.805681902439,-5.95329051219512,"DEGs_DOWN_without_binding"
5.26234358536585,8.69336065853659,-3.43101707317073,"DEGs_DOWN_without_binding"
8.31001458536585,15.2848561463415,-6.97484156097561,"DEGs_DOWN_without_binding"
9.46882058536585,14.7224198780488,-5.25359929268293,"DEGs_DOWN_without_binding"
7.1674802195122,4.91488282926829,2.2525973902439,"DEGs_DOWN_without_binding"
7.95101912195122,9.85786163414634,-1.90684251219512,"DEGs_DOWN_without_binding"
8.08721097560976,6.85402687804878,1.23318409756097,"DEGs_DOWN_without_binding"
10.321284804878,15.5156452926829,-5.19436048780488,"DEGs_DOWN_without_binding"
12.277506804878,20.5273643170732,-8.24985751219512,"DEGs_DOWN_without_binding"
10.5814281463415,10.6592163658537,-0.0777882195121951,"DEGs_DOWN_without_binding"
11.1801814878049,16.9984222439024,-5.81824075609756,"DEGs_DOWN_without_binding"
11.2952602439024,4.51242948780488,6.78283075609756,"DEGs_DOWN_without_binding"
10.9648756829268,8.88771341463415,2.07716226829268,"DEGs_DOWN_without_binding"
12.8276153414634,8.36523492682927,4.46238041463415,"DEGs_DOWN_without_binding"
10.9388097560976,5.34702253658537,5.5917872195122,"DEGs_DOWN_without_binding"
12.523626804878,16.3428101463415,-3.81918334146341,"DEGs_DOWN_without_binding"
7.73947934146342,4.77058092682927,2.96889841463415,"DEGs_DOWN_without_binding"
9.25150068292683,16.0803756341463,-6.82887495121951,"DEGs_DOWN_without_binding"
7.17364548780488,20.5967143170732,-13.4230688292683,"DEGs_DOWN_without_binding"
9.34815836585366,11.6048558292683,-2.25669746341463,"DEGs_DOWN_without_binding"
12.2142131707317,9.84768470731707,2.36652846341463,"DEGs_DOWN_without_binding"
11.465583902439,2.58786658536585,8.87771731707317,"DEGs_DOWN_without_binding"
10.4408777560976,11.7825134390244,-1.34163568292683,"DEGs_DOWN_without_binding"
11.8037887317073,5.30898917073171,6.49479956097561,"DEGs_DOWN_without_binding"
5.25277212195122,2.35263073170732,2.9001413902439,"DEGs_DOWN_without_binding"
9.36409651219512,9.42474102439024,-0.0606445121951218,"DEGs_DOWN_without_binding"
6.12120209756098,11.7660045609756,-5.64480246341463,"DEGs_DOWN_without_binding"
7.44408136585366,16.4287959268293,-8.98471456097561,"DEGs_DOWN_without_binding"
10.904158902439,5.11333834146341,5.79082056097561,"DEGs_DOWN_without_binding"
8.62334392682927,1.71835717073171,6.90498675609756,"DEGs_DOWN_without_binding"
13.3818817317073,11.7904166829268,1.59146504878049,"DEGs_DOWN_without_binding"
19.4214410731707,15.5948982195122,3.82654285365854,"DEGs_DOWN_without_binding"
8.04976556097561,7.59749970731707,0.452265853658536,"DEGs_DOWN_without_binding"
16.1814396829268,16.5384036585366,-0.356963975609755,"DEGs_DOWN_without_binding"
11.1827902195122,7.98039709756098,3.20239312195122,"DEGs_DOWN_without_binding"
10.8362326585366,7.89146441463415,2.94476824390244,"DEGs_DOWN_without_binding"
15.9395080731707,11.2306500731707,4.708858,"DEGs_DOWN_without_binding"
7.39631334146342,6.49801887804878,0.898294463414635,"DEGs_DOWN_without_binding"
8.46324617073171,5.65193748780488,2.81130868292683,"DEGs_DOWN_without_binding"
10.886673902439,7.67186856097561,3.21480534146342,"DEGs_DOWN_without_binding"
11.0025443170732,7.93537134146341,3.06717297560975,"DEGs_DOWN_without_binding"
10.5771826097561,8.87171963414634,1.70546297560976,"DEGs_DOWN_without_binding"
6.19454570731707,2.81758256097561,3.37696314634146,"DEGs_DOWN_without_binding"
12.2585549268293,6.8244957804878,5.43405914634146,"DEGs_DOWN_without_binding"
8.83716719512195,13.1248582439024,-4.28769104878049,"DEGs_DOWN_without_binding"
11.202646804878,13.2581103658537,-2.05546356097561,"DEGs_DOWN_without_binding"
10.1206166829268,13.9830556829268,-3.862439,"DEGs_DOWN_without_binding"
9.01318202439024,13.369228195122,-4.35604617073171,"DEGs_DOWN_without_binding"
8.55958819512195,14.0179961707317,-5.45840797560976,"DEGs_DOWN_without_binding"
7.56190768292683,12.4792784878049,-4.91737080487805,"DEGs_DOWN_without_binding"
12.1055364878049,22.1928357804878,-10.0872992926829,"DEGs_DOWN_without_binding"
9.38382373170732,15.7656887073171,-6.38186497560976,"DEGs_DOWN_without_binding"
7.55653653658537,5.88789980487805,1.66863673170732,"DEGs_DOWN_without_binding"
11.8296629512195,6.89699721951219,4.93266573170732,"DEGs_DOWN_without_binding"
8.19248085365854,5.02750751219512,3.16497334146342,"DEGs_DOWN_without_binding"
12.4245899756098,7.41605826829268,5.00853170731707,"DEGs_DOWN_without_binding"
9.59652497560976,5.70665146341463,3.88987351219512,"DEGs_DOWN_without_binding"
9.82212107317073,9.62039607317073,0.201725,"DEGs_DOWN_without_binding"
10.2296764878049,17.8726835121951,-7.64300702439024,"DEGs_DOWN_without_binding"
11.408374,13.9050119756098,-2.49663797560976,"DEGs_DOWN_without_binding"
13.374117,9.80283268292683,3.57128431707317,"DEGs_DOWN_without_binding"
9.65869926829268,12.3780955609756,-2.71939629268293,"DEGs_DOWN_without_binding"
12.541120902439,11.0278945365854,1.51322636585366,"DEGs_DOWN_without_binding"
9.64331180487805,7.65778865853659,1.98552314634146,"DEGs_DOWN_without_binding"
11.6459298536585,17.6275841463415,-5.98165429268293,"DEGs_DOWN_without_binding"
4.88047865853659,10.3693262926829,-5.48884763414634,"DEGs_DOWN_without_binding"
2.47767202439024,3.46373719512195,-0.986065170731707,"DEGs_DOWN_without_binding"
11.0562576097561,17.6343039512195,-6.57804634146341,"DEGs_DOWN_without_binding"
11.3765270243902,9.60301395121951,1.77351307317073,"DEGs_DOWN_without_binding"
2.81741497560976,4.06352026829268,-1.24610529268293,"DEGs_DOWN_without_binding"
8.86238256097561,10.1490438292683,-1.28666126829268,"DEGs_DOWN_without_binding"
11.6736914146341,19.3359782926829,-7.66228687804878,"DEGs_DOWN_without_binding"
9.44455002439024,13.0815233658537,-3.63697334146342,"DEGs_DOWN_without_binding"
10.0886745609756,14.1726666341463,-4.08399207317073,"DEGs_DOWN_without_binding"
7.08032748780488,7.54196914634146,-0.461641658536585,"DEGs_DOWN_without_binding"
13.6393657073171,12.4932132682927,1.14615243902439,"DEGs_DOWN_without_binding"
12.9984958536585,6.80395109756098,6.19454475609756,"DEGs_DOWN_without_binding"
12.8764729512195,16.2831672439024,-3.40669429268293,"DEGs_DOWN_without_binding"
12.2338596097561,14.1454900487805,-1.91163043902439,"DEGs_DOWN_without_binding"
8.01607648780488,3.35756568292683,4.65851080487805,"DEGs_DOWN_without_binding"
10.1391948536585,4.78184326829268,5.35735158536585,"DEGs_DOWN_without_binding"
8.13530778048781,2.27617214634146,5.85913563414634,"DEGs_DOWN_without_binding"
10.7412717073171,2.09025224390244,8.65101946341463,"DEGs_DOWN_without_binding"
13.4016513658537,24.7092154634146,-11.307564097561,"DEGs_DOWN_without_binding"
8.90795148780488,8.99516531707317,-0.0872138292682934,"DEGs_DOWN_without_binding"
14.687715,5.62183543902439,9.06587956097561,"DEGs_DOWN_without_binding"
13.8378193414634,6.96501663414634,6.87280270731707,"DEGs_DOWN_without_binding"
12.121786097561,6.16014424390244,5.96164185365854,"DEGs_DOWN_without_binding"
14.7592527073171,8.0390783902439,6.72017431707317,"DEGs_DOWN_without_binding"
3.1355712195122,3.67228114634146,-0.536709926829268,"DEGs_DOWN_without_binding"
19.1206112682927,10.2461563170732,8.87445495121951,"DEGs_DOWN_without_binding"
11.2730511463415,9.05407831707317,2.21897282926829,"DEGs_DOWN_without_binding"
14.7215080243902,14.3396774878049,0.381830536585367,"DEGs_DOWN_without_binding"
18.712354804878,10.8207607560976,7.89159404878049,"DEGs_DOWN_without_binding"
11.5369902926829,12.6258989756098,-1.08890868292683,"DEGs_DOWN_without_binding"
11.5463810731707,10.4711137560976,1.07526731707317,"DEGs_DOWN_without_binding"
9.881683,13.3947750487805,-3.51309204878049,"DEGs_DOWN_without_binding"
12.6092276097561,19.7189237560976,-7.10969614634146,"DEGs_DOWN_without_binding"
12.0893593414634,11.4254077560976,0.663951585365853,"DEGs_DOWN_without_binding"
12.9108347560976,12.0453565609756,0.865478195121952,"DEGs_DOWN_without_binding"
11.7618310243902,17.3429271463415,-5.58109612195122,"DEGs_DOWN_without_binding"
11.1062084878049,15.3077328780488,-4.2015243902439,"DEGs_DOWN_without_binding"
11.1389177317073,13.9123020731707,-2.77338434146342,"DEGs_DOWN_without_binding"
9.90173490243902,20.7193537073171,-10.817618804878,"DEGs_DOWN_without_binding"
10.9460312926829,16.2978040731707,-5.3517727804878,"DEGs_DOWN_without_binding"
10.9383063414634,13.0024752926829,-2.06416895121951,"DEGs_DOWN_without_binding"
5.8287696097561,9.53296102439024,-3.70419141463415,"DEGs_DOWN_without_binding"
9.30526551219512,13.1947586341463,-3.88949312195122,"DEGs_DOWN_without_binding"
31.2572999756098,26.8457148536585,4.41158512195122,"DEGs_DOWN_without_binding"
4.02996402439024,0.25160487804878,3.77835914634146,"DEGs_DOWN_without_binding"
0,0,0,"DEGs_DOWN_without_binding"
0,0,0,"DEGs_DOWN_without_binding"
1.29610517073171,3.31978658536585,-2.02368141463415,"DEGs_DOWN_without_binding"
0,0,0,"DEGs_DOWN_without_binding"
0,1.04835365853659,-1.04835365853659,"DEGs_DOWN_without_binding"
0.579973658536585,1.60043902439024,-1.02046536585366,"DEGs_DOWN_without_binding"
0,0,0,"DEGs_DOWN_without_binding"
4.17834963414634,0,4.17834963414634,"DEGs_DOWN_without_binding"
0,0,0,"DEGs_DOWN_without_binding"
1.81060817073171,0,1.81060817073171,"DEGs_DOWN_without_binding"
0,0,0,"DEGs_DOWN_without_binding"
3.42684014634146,3.14371951219512,0.283120634146342,"DEGs_DOWN_without_binding"
0,0,0,"DEGs_DOWN_without_binding"
5.3898563902439,6.63026804878049,-1.24041165853659,"DEGs_DOWN_without_binding"
4.78045785365854,0,4.78045785365854,"DEGs_DOWN_without_binding"
0.601296219512195,0,0.601296219512195,"DEGs_DOWN_without_binding"
1.47319317073171,7.15675997560976,-5.68356680487805,"DEGs_DOWN_without_binding"
1.75956097560976,0,1.75956097560976,"DEGs_DOWN_without_binding"
8.47776668292683,10.7617776829268,-2.284011,"DEGs_DOWN_without_binding"
2.23033987804878,3.41064390243902,-1.18030402439024,"DEGs_DOWN_without_binding"
2.30753085365854,0,2.30753085365854,"DEGs_DOWN_without_binding"
11.3199133414634,2.09670731707317,9.22320602439024,"DEGs_DOWN_without_binding"
0,0,0,"DEGs_DOWN_without_binding"
10.4924646341463,20.4906224878049,-9.99815785365854,"DEGs_DOWN_without_binding"
6.97792519512195,10.7831420731707,-3.80521687804878,"DEGs_DOWN_without_binding"
6.82870509756098,11.5480363658537,-4.71933126829268,"DEGs_DOWN_without_binding"
7.38503302439024,8.96676948780488,-1.58173646341463,"DEGs_DOWN_without_binding"
4.87260448780488,8.22531270731707,-3.35270821951219,"DEGs_DOWN_without_binding"
12.0504807317073,9.45961119512195,2.59086953658537,"DEGs_DOWN_without_binding"
11.802724097561,7.93844765853659,3.86427643902439,"DEGs_DOWN_without_binding"
16.0468172926829,7.38612275609756,8.66069453658537,"DEGs_DOWN_without_binding"
20.7874470731707,9.34477770731707,11.4426693658537,"DEGs_DOWN_without_binding"
10.5218177804878,5.99140658536585,4.53041119512195,"DEGs_DOWN_without_binding"
5.69442126829268,4.02821831707317,1.66620295121951,"DEGs_DOWN_without_binding"
6.74777319512195,8.05576087804878,-1.30798768292683,"DEGs_DOWN_without_binding"
11.3052105853659,6.69512851219512,4.61008207317073,"DEGs_DOWN_without_binding"
3.94116992682927,4.57666292682927,-0.635493,"DEGs_DOWN_without_binding"
10.7197294390244,4.71473363414634,6.00499580487805,"DEGs_DOWN_without_binding"
14.6650517317073,9.34072307317073,5.32432865853658,"DEGs_DOWN_without_binding"
14.3531013658537,6.29783187804878,8.05526948780488,"DEGs_DOWN_without_binding"
10.3296547804878,13.7081285609756,-3.3784737804878,"DEGs_DOWN_without_binding"
8.60639126829268,5.24546290243902,3.36092836585366,"DEGs_DOWN_without_binding"
10.1190797073171,3.51114056097561,6.60793914634146,"DEGs_DOWN_without_binding"
9.21508009756097,2.27618251219512,6.93889758536585,"DEGs_DOWN_without_binding"
10.9098138536585,7.60180790243902,3.30800595121951,"DEGs_DOWN_without_binding"
10.2217330487805,10.1271936585366,0.0945393902439022,"DEGs_DOWN_without_binding"
10.8204125121951,6.85923624390244,3.96117626829268,"DEGs_DOWN_without_binding"
12.9220732195122,7.80249834146341,5.11957487804878,"DEGs_DOWN_without_binding"
3.55882473170732,2.42663953658537,1.13218519512195,"DEGs_DOWN_without_binding"
9.42464597560976,7.65843102439024,1.76621495121951,"DEGs_DOWN_without_binding"
11.681142,14.9281567317073,-3.24701473170732,"DEGs_DOWN_without_binding"
8.87854431707317,2.51641514634146,6.36212917073171,"DEGs_DOWN_without_binding"
11.6335930243902,8.08954824390244,3.54404478048781,"DEGs_DOWN_without_binding"
6.45013602439024,8.76514465853659,-2.31500863414634,"DEGs_DOWN_without_binding"
8.75252943902439,9.55640578048781,-0.803876341463415,"DEGs_DOWN_without_binding"
10.9901404634146,5.3115416097561,5.67859885365854,"DEGs_DOWN_without_binding"
7.30752063414634,3.79308253658537,3.51443809756098,"DEGs_DOWN_without_binding"
7.33104978048781,3.97772624390244,3.35332353658537,"DEGs_DOWN_without_binding"
11.1105707317073,9.29667290243902,1.81389782926829,"DEGs_DOWN_without_binding"
11.7284676097561,6.21653109756098,5.51193651219512,"DEGs_DOWN_without_binding"
11.6274737317073,2.35811514634146,9.26935858536585,"DEGs_DOWN_without_binding"
12.5496923414634,5.62630953658537,6.92338280487805,"DEGs_DOWN_without_binding"
11.7047210487805,6.10946104878049,5.59526,"DEGs_DOWN_without_binding"
9.66068021951219,3.79381270731707,5.86686751219512,"DEGs_DOWN_without_binding"
7.81099151219512,4.85154426829268,2.95944724390244,"DEGs_DOWN_without_binding"
12.6463402195122,4.10470373170732,8.54163648780488,"DEGs_DOWN_without_binding"
7.86389463414634,3.85801251219512,4.00588212195122,"DEGs_DOWN_without_binding"
8.26111073170732,13.2425113414634,-4.9814006097561,"DEGs_DOWN_without_binding"
6.46634358536585,12.9354953414634,-6.46915175609756,"DEGs_DOWN_without_binding"
6.98524565853659,11.1888586829268,-4.20361302439024,"DEGs_DOWN_without_binding"
16.1492357560976,19.351679902439,-3.20244414634146,"DEGs_DOWN_without_binding"
13.6384086585366,16.3268526097561,-2.68844395121951,"DEGs_DOWN_without_binding"
8.49507909756097,9.13016963414634,-0.635090536585366,"DEGs_DOWN_without_binding"
9.4980567804878,12.6015662926829,-3.10350951219512,"DEGs_DOWN_without_binding"
6.95302653658537,11.722164195122,-4.76913765853659,"DEGs_DOWN_without_binding"
8.01726214634146,12.3792862195122,-4.36202407317073,"DEGs_DOWN_without_binding"
8.71654487804878,7.27033512195122,1.44620975609756,"DEGs_DOWN_without_binding"
9.58004419512195,14.5617849268293,-4.98174073170732,"DEGs_DOWN_without_binding"
7.47094051219512,14.0733085121951,-6.602368,"DEGs_DOWN_without_binding"
9.04421080487805,15.0850570487805,-6.04084624390244,"DEGs_DOWN_without_binding"
4.1820287804878,10.7602056341463,-6.57817685365854,"DEGs_DOWN_without_binding"
7.38001046341463,12.9675257317073,-5.58751526829268,"DEGs_DOWN_without_binding"
10.5399107804878,8.82239065853659,1.71752012195122,"DEGs_DOWN_without_binding"
9.59549590243902,11.311292097561,-1.71579619512195,"DEGs_DOWN_without_binding"
9.18147692682927,11.8133322682927,-2.63185534146342,"DEGs_DOWN_without_binding"
9.06246441463415,12.7680989512195,-3.70563453658537,"DEGs_DOWN_without_binding"
6.79182014634146,12.2536711463415,-5.461851,"DEGs_DOWN_without_binding"
7.35872485365854,15.0207912926829,-7.66206643902439,"DEGs_DOWN_without_binding"
7.44760612195122,13.3855581463415,-5.93795202439024,"DEGs_DOWN_without_binding"
8.83129248780488,15.2837386097561,-6.45244612195122,"DEGs_DOWN_without_binding"
6.06329473170732,10.774395804878,-4.71110107317073,"DEGs_DOWN_without_binding"
8.7842006097561,15.4134125365854,-6.62921192682927,"DEGs_DOWN_without_binding"
8.5740963902439,14.5978923414634,-6.02379595121951,"DEGs_DOWN_without_binding"
6.34577563414634,12.1569877804878,-5.81121214634146,"DEGs_DOWN_without_binding"
7.36233982926829,11.6229332926829,-4.26059346341463,"DEGs_DOWN_without_binding"
9.14787778048781,14.710478,-5.56260021951219,"DEGs_DOWN_without_binding"
7.3311393902439,8.7468862195122,-1.41574682926829,"DEGs_DOWN_without_binding"
9.80062807317073,13.0585316829268,-3.2579036097561,"DEGs_DOWN_without_binding"
10.3550863902439,14.7123285121951,-4.35724212195122,"DEGs_DOWN_without_binding"
9.95225797560976,16.9334367073171,-6.98117873170732,"DEGs_DOWN_without_binding"
9.32273670731707,10.5982994146341,-1.27556270731707,"DEGs_DOWN_without_binding"
8.14254663414634,9.11233821951219,-0.969791585365853,"DEGs_DOWN_without_binding"
11.580023804878,8.73501246341463,2.84501134146342,"DEGs_DOWN_without_binding"
11.6142222926829,15.1780199268293,-3.56379763414634,"DEGs_DOWN_without_binding"
11.6096152926829,10.3266852195122,1.28293007317073,"DEGs_DOWN_without_binding"
10.7804994390244,14.7440125365854,-3.96351309756098,"DEGs_DOWN_without_binding"
12.4981080487805,11.7311371707317,0.766970878048781,"DEGs_DOWN_without_binding"
8.90163182926829,13.1107865365854,-4.20915470731707,"DEGs_DOWN_without_binding"
7.36079021951219,15.1721170243902,-7.81132680487805,"DEGs_DOWN_without_binding"
7.81340419512195,14.4829998780488,-6.66959568292683,"DEGs_DOWN_without_binding"
6.45682604878049,10.8699900731707,-4.41316402439024,"DEGs_DOWN_without_binding"
8.83210748780488,12.3497529268293,-3.51764543902439,"DEGs_DOWN_without_binding"
9.09505421951219,14.7714573658537,-5.67640314634146,"DEGs_DOWN_without_binding"
8.18332368292683,14.1472646341463,-5.96394095121951,"DEGs_DOWN_without_binding"
11.544207,14.5369695609756,-2.99276256097561,"DEGs_DOWN_without_binding"
7.90813456097561,10.4535812926829,-2.54544673170732,"DEGs_DOWN_without_binding"
9.21073726829268,10.0834030243902,-0.872665756097561,"DEGs_DOWN_without_binding"
8.37835414634146,11.4863346341463,-3.10798048780488,"DEGs_DOWN_without_binding"
10.0704311463415,13.5437953170732,-3.47336417073171,"DEGs_DOWN_without_binding"
10.8786068292683,8.48837268292683,2.39023414634146,"DEGs_DOWN_without_binding"
8.51869251219512,11.9217623658537,-3.40306985365854,"DEGs_DOWN_without_binding"
5.80982607317073,11.2098673170732,-5.40004124390244,"DEGs_DOWN_without_binding"
5.47068343902439,9.86501217073171,-4.39432873170732,"DEGs_DOWN_without_binding"
8.49731626829268,13.3649753658537,-4.86765909756097,"DEGs_DOWN_without_binding"
6.90921792682927,12.0907952926829,-5.18157736585366,"DEGs_DOWN_without_binding"
7.69098002439024,10.3097957317073,-2.61881570731707,"DEGs_DOWN_without_binding"
4.15850243902439,7.1775813902439,-3.01907895121951,"DEGs_DOWN_without_binding"
7.17426948780488,10.0278127317073,-2.85354324390244,"DEGs_DOWN_without_binding"
6.89552458536585,4.82997036585366,2.06555421951219,"DEGs_DOWN_without_binding"
6.87497458536585,12.2494906829268,-5.37451609756098,"DEGs_DOWN_without_binding"
6.72759909756098,10.2750542926829,-3.54745519512195,"DEGs_DOWN_without_binding"
8.88579956097561,14.4274608536585,-5.54166129268293,"DEGs_DOWN_without_binding"
8.90973251219512,14.351821902439,-5.4420893902439,"DEGs_DOWN_without_binding"
6.05866812195122,10.9120342682927,-4.85336614634146,"DEGs_DOWN_without_binding"
6.62966063414634,10.2153652439024,-3.5857046097561,"DEGs_DOWN_without_binding"
9.12523790243903,9.9377372195122,-0.81249931707317,"DEGs_DOWN_without_binding"
9.33075304878049,14.2068143658537,-4.87606131707317,"DEGs_DOWN_without_binding"
8.27057390243902,12.1864827560976,-3.91590885365854,"DEGs_DOWN_without_binding"
6.20403829268293,11.0961462439024,-4.89210795121951,"DEGs_DOWN_without_binding"
7.10252131707317,11.3127207317073,-4.21019941463415,"DEGs_DOWN_without_binding"
9.65227153658537,18.1384987073171,-8.48622717073171,"DEGs_DOWN_without_binding"
9.287172,15.6979674146341,-6.41079541463415,"DEGs_DOWN_without_binding"
7.22331887804878,12.7737005853659,-5.55038170731707,"DEGs_DOWN_without_binding"
14.6893514634146,26.8997906097561,-12.2104391463415,"DEGs_DOWN_without_binding"
8.96622578048781,14.5049674146341,-5.53874163414634,"DEGs_DOWN_without_binding"
7.97817865853659,12.1845699512195,-4.20639129268293,"DEGs_DOWN_without_binding"
8.89139907317073,15.6645550243902,-6.77315595121951,"DEGs_DOWN_without_binding"
9.20229687804878,15.3780383170732,-6.17574143902439,"DEGs_DOWN_without_binding"
10.5572310487805,24.6428599756098,-14.0856289268293,"DEGs_DOWN_without_binding"
9.02583917073171,7.84790414634146,1.17793502439024,"DEGs_DOWN_without_binding"
10.4574344146341,13.1732116097561,-2.71577719512195,"DEGs_DOWN_without_binding"
12.020649,9.39319226829268,2.62745673170732,"DEGs_DOWN_without_binding"
8.43298070731707,13.3817310731707,-4.94875036585366,"DEGs_DOWN_without_binding"
9.45802495121951,15.7906234146341,-6.33259846341463,"DEGs_DOWN_without_binding"
12.8647025121951,22.0748459512195,-9.21014343902439,"DEGs_DOWN_without_binding"
9.04979,14.8563460243902,-5.80655602439024,"DEGs_DOWN_without_binding"
8.22517129268293,15.016808195122,-6.79163690243903,"DEGs_DOWN_without_binding"
9.09283926829268,15.111498195122,-6.01865892682927,"DEGs_DOWN_without_binding"
7.69808624390244,13.2726599268293,-5.57457368292683,"DEGs_DOWN_without_binding"
8.48849053658537,11.9098516829268,-3.42136114634146,"DEGs_DOWN_without_binding"
11.0276144146341,14.0757694390244,-3.04815502439024,"DEGs_DOWN_without_binding"
6.09690817073171,5.65732858536585,0.439579585365855,"DEGs_DOWN_without_binding"
12.9486631219512,12.8572134634146,0.0914496585365843,"DEGs_DOWN_without_binding"
7.81494563414634,11.4295113658537,-3.61456573170732,"DEGs_DOWN_without_binding"
5.9783352195122,9.19699463414634,-3.21865941463415,"DEGs_DOWN_without_binding"
10.5840833170732,14.5264501219512,-3.94236680487805,"DEGs_DOWN_without_binding"
5.42971987804878,12.3029320487805,-6.87321217073171,"DEGs_DOWN_without_binding"
10.666250804878,15.8929079512195,-5.22665714634146,"DEGs_DOWN_without_binding"
9.21216270731707,10.4751866097561,-1.26302390243902,"DEGs_DOWN_without_binding"
11.778482804878,13.6426377317073,-1.86415492682927,"DEGs_DOWN_without_binding"
8.21097263414634,18.710075097561,-10.4991024634146,"DEGs_DOWN_without_binding"
9.27834234146341,7.84064509756098,1.43769724390244,"DEGs_DOWN_without_binding"
9.08043134146341,16.5215780487805,-7.44114670731707,"DEGs_DOWN_without_binding"
12.8576450243902,4.12519712195122,8.73244790243902,"DEGs_DOWN_without_binding"
4.87461314634146,2.21088914634146,2.663724,"DEGs_DOWN_without_binding"
13.2469602926829,6.86001056097561,6.38694973170732,"DEGs_DOWN_without_binding"
7.60177175609756,2.14850231707317,5.45326943902439,"DEGs_DOWN_without_binding"
17.9048337560976,9.21490356097561,8.68993019512195,"DEGs_DOWN_without_binding"
11.0676449268293,5.1133767804878,5.95426814634146,"DEGs_DOWN_without_binding"
8.89223868292683,3.2867346097561,5.60550407317073,"DEGs_DOWN_without_binding"
13.0780493658537,14.262719804878,-1.18467043902439,"DEGs_DOWN_without_binding"
11.9345073902439,7.21117987804878,4.72332751219512,"DEGs_DOWN_without_binding"
7.87766456097561,14.5232876341463,-6.64562307317073,"DEGs_DOWN_without_binding"
6.5212267804878,11.7577092682927,-5.23648248780488,"DEGs_DOWN_without_binding"
5.11225875609756,10.4789466097561,-5.36668785365854,"DEGs_DOWN_without_binding"
8.07620187804878,13.109080097561,-5.0328782195122,"DEGs_DOWN_without_binding"
8.40148002439024,11.0565422439024,-2.65506221951219,"DEGs_DOWN_without_binding"
8.59457690243902,15.6540416097561,-7.05946470731707,"DEGs_DOWN_without_binding"
7.52924021951219,15.1845430487805,-7.65530282926829,"DEGs_DOWN_without_binding"
7.34855402439024,14.360944097561,-7.01239007317073,"DEGs_DOWN_without_binding"
6.36381126829268,18.2663516341463,-11.9025403658537,"DEGs_DOWN_without_binding"
11.1613312682927,18.4134536829268,-7.25212241463415,"DEGs_DOWN_without_binding"
7.96588870731707,12.2949602195122,-4.32907151219512,"DEGs_DOWN_without_binding"
10.4068803170732,7.20612195121951,3.20075836585366,"DEGs_DOWN_without_binding"
24.0543479756098,9.39490134146341,14.6594466341463,"DEGs_DOWN_without_binding"
15.2969818780488,13.9601541707317,1.33682770731707,"DEGs_DOWN_without_binding"
14.3377199512195,5.08937358536585,9.24834636585366,"DEGs_DOWN_without_binding"
8.28865868292683,12.9561845609756,-4.66752587804878,"DEGs_DOWN_without_binding"
7.74770182926829,13.3122683414634,-5.56456651219512,"DEGs_DOWN_without_binding"
6.9860023902439,7.61664531707317,-0.630642926829268,"DEGs_DOWN_without_binding"
5.99322736585366,10.1316925853659,-4.1384652195122,"DEGs_DOWN_without_binding"
7.23192043902439,12.0261097073171,-4.79418926829268,"DEGs_DOWN_without_binding"
6.00276231707317,10.8121805609756,-4.80941824390244,"DEGs_DOWN_without_binding"
4.12377304878049,4.60791448780488,-0.48414143902439,"DEGs_DOWN_without_binding"
5.58570087804878,10.8588499756098,-5.27314909756098,"DEGs_DOWN_without_binding"
7.70540324390244,14.9597922682927,-7.25438902439024,"DEGs_DOWN_without_binding"
10.5105128292683,17.3597622926829,-6.84924946341463,"DEGs_DOWN_without_binding"
6.67950743902439,10.9209611463415,-4.24145370731707,"DEGs_DOWN_without_binding"
9.69234963414634,14.6975797560976,-5.00523012195122,"DEGs_DOWN_without_binding"
7.31202087804878,12.3683238780488,-5.056303,"DEGs_DOWN_without_binding"
7.25440973170732,10.5546817804878,-3.30027204878049,"DEGs_DOWN_without_binding"
6.57539790243902,10.7608557804878,-4.18545787804878,"DEGs_DOWN_without_binding"
7.21322978048781,2.60688409756098,4.60634568292683,"DEGs_DOWN_without_binding"
9.13053475609756,10.7587582195122,-1.62822346341463,"DEGs_DOWN_without_binding"
9.40268680487805,3.07478619512195,6.3279006097561,"DEGs_DOWN_without_binding"
10.3363238780488,10.5924795365854,-0.256155658536585,"DEGs_DOWN_without_binding"
7.33463619512195,11.7845665609756,-4.44993036585366,"DEGs_DOWN_without_binding"
4.59906392682927,21.5326529512195,-16.9335890243902,"DEGs_DOWN_without_binding"
36.2273312926829,28.9037105609756,7.32362073170732,"DEGs_DOWN_without_binding"
21.5068354878049,20.1057120243902,1.40112346341463,"DEGs_DOWN_without_binding"
28.6712865609756,21.3811367560976,7.29014980487805,"DEGs_DOWN_without_binding"
27.5463549268293,11.027610804878,16.5187441219512,"DEGs_DOWN_without_binding"
21.9013787804878,11.7148394878049,10.1865392926829,"DEGs_DOWN_without_binding"
16.1254051707317,24.124624804878,-7.99921963414634,"DEGs_DOWN_without_binding"
19.0781014634146,11.3084239756098,7.76967748780488,"DEGs_DOWN_without_binding"
21.418066097561,5.34446790243902,16.0735981951219,"DEGs_DOWN_without_binding"
11.7427438292683,11.9577438780488,-0.215000048780489,"DEGs_DOWN_without_binding"
10.1136455121951,18.8183797073171,-8.70473419512195,"DEGs_DOWN_without_binding"
12.6766277560976,16.3440057073171,-3.66737795121951,"DEGs_DOWN_without_binding"
14.4181894634146,11.6170864146341,2.80110304878049,"DEGs_DOWN_without_binding"
18.0625976829268,18.6642285609756,-0.60163087804878,"DEGs_DOWN_without_binding"
3.46667253658537,1.06558987804878,2.40108265853659,"DEGs_DOWN_without_binding"
12.054720902439,17.240309195122,-5.18558829268293,"DEGs_DOWN_without_binding"
13.988576,15.4049931707317,-1.41641717073171,"DEGs_DOWN_without_binding"
14.4643983170732,13.636638097561,0.827760219512195,"DEGs_DOWN_without_binding"
18.8306387317073,10.7592130487805,8.07142568292683,"DEGs_DOWN_without_binding"
15.2733985121951,5.60347034146341,9.66992817073171,"DEGs_DOWN_without_binding"
0,3.6512357804878,-3.6512357804878,"DEGs_DOWN_without_binding"
2.28749295121951,0.585816170731707,1.70167678048781,"DEGs_DOWN_without_binding"
0.798423804878049,0,0.798423804878049,"DEGs_DOWN_without_binding"
9.59967268292683,15.8574373902439,-6.25776470731707,"DEGs_DOWN_without_binding"
13.9236940243902,19.5614824146341,-5.6377883902439,"DEGs_DOWN_without_binding"
6.00529685365854,9.20332970731707,-3.19803285365854,"DEGs_DOWN_without_binding"
5.74533353658537,9.39964770731707,-3.65431417073171,"DEGs_DOWN_without_binding"
10.0006599512195,17.7363430487805,-7.73568309756097,"DEGs_DOWN_without_binding"
8.99465485365854,14.9227876341463,-5.92813278048781,"DEGs_DOWN_without_binding"
7.58099421951219,12.8170784634146,-5.23608424390244,"DEGs_DOWN_without_binding"
8.05421819512195,12.6469628780488,-4.59274468292683,"DEGs_DOWN_without_binding"
10.136738804878,17.2060714634146,-7.06933265853658,"DEGs_DOWN_without_binding"
3.93287953658537,5.9128827804878,-1.98000324390244,"DEGs_DOWN_without_binding"
6.46245446341463,11.0812953170732,-4.61884085365854,"DEGs_DOWN_without_binding"
9.95323592682927,20.8946622195122,-10.9414262926829,"DEGs_DOWN_without_binding"
9.48792853658537,16.9532542682927,-7.46532573170732,"DEGs_DOWN_without_binding"
13.612623195122,12.6049344634146,1.00768873170732,"DEGs_DOWN_without_binding"
10.693971902439,15.2091491463415,-4.51517724390244,"DEGs_DOWN_without_binding"
11.5412174878049,17.4677738780488,-5.9265563902439,"DEGs_DOWN_without_binding"
18.2356625609756,22.1011599756098,-3.86549741463415,"DEGs_DOWN_without_binding"
9.662895,14.6837593414634,-5.02086434146341,"DEGs_DOWN_without_binding"
8.92299148780488,14.2324923414634,-5.30950085365854,"DEGs_DOWN_without_binding"
8.12071412195122,15.508038097561,-7.38732397560976,"DEGs_DOWN_without_binding"
15.4323287073171,10.8188117804878,4.61351692682927,"DEGs_DOWN_without_binding"
7.55171243902439,16.485576195122,-8.93386375609756,"DEGs_DOWN_without_binding"
5.4148413902439,6.92362519512195,-1.50878380487805,"DEGs_DOWN_without_binding"
11.5080956829268,18.5251335609756,-7.01703787804878,"DEGs_DOWN_without_binding"
6.20471990243902,8.79172873170732,-2.58700882926829,"DEGs_DOWN_without_binding"
7.50023634146342,12.9155746097561,-5.41533826829268,"DEGs_DOWN_without_binding"
16.240365902439,7.18127368292683,9.05909221951219,"DEGs_DOWN_without_binding"
16.9312054390244,5.8406613902439,11.0905440487805,"DEGs_DOWN_without_binding"
10.8725698536585,5.21515543902439,5.65741441463415,"DEGs_DOWN_without_binding"
11.9904364634146,6.56334846341463,5.427088,"DEGs_DOWN_without_binding"
6.81678587804878,0.815183146341463,6.00160273170732,"DEGs_DOWN_without_binding"
16.3465692439024,5.837094,10.5094752439024,"DEGs_DOWN_without_binding"
17.9909360487805,3.77184334146341,14.2190927073171,"DEGs_DOWN_without_binding"
16.3411390487805,9.31640790243902,7.02473114634146,"DEGs_DOWN_without_binding"
15.1486870487805,2.41668714634146,12.731999902439,"DEGs_DOWN_without_binding"
0.529219170731707,0.597762682926829,-0.0685435121951219,"DEGs_DOWN_without_binding"
17.8647612439024,5.19965075609756,12.6651104878049,"DEGs_DOWN_without_binding"
0.394028048780488,0.115139512195122,0.278888536585366,"DEGs_DOWN_without_binding"
0,0,0,"DEGs_DOWN_without_binding"
0.608677341463415,0.273485829268293,0.335191512195122,"DEGs_DOWN_without_binding"
0.0728087317073171,0,0.0728087317073171,"DEGs_DOWN_without_binding"
0,0,0,"DEGs_DOWN_without_binding"
10.3780825121951,14.1569668780488,-3.77888436585366,"DEGs_DOWN_without_binding"
12.648322902439,14.6840795853659,-2.03575668292683,"DEGs_DOWN_without_binding"
10.4600027804878,21.8288502439024,-11.3688474634146,"DEGs_DOWN_without_binding"
12.1267811219512,16.5301357317073,-4.4033546097561,"DEGs_DOWN_without_binding"
10.6589857804878,18.1730686585366,-7.51408287804878,"DEGs_DOWN_without_binding"
8.4796897804878,15.9874124146341,-7.50772263414634,"DEGs_DOWN_without_binding"
9.72111068292683,19.9140809268293,-10.1929702439024,"DEGs_DOWN_without_binding"
10.1338619268293,18.8527871463415,-8.71892521951219,"DEGs_DOWN_without_binding"
10.2019787560976,16.3302508536585,-6.12827209756098,"DEGs_DOWN_without_binding"
9.01907009756098,18.636333097561,-9.617263,"DEGs_DOWN_without_binding"
9.26109970731707,15.5871910487805,-6.32609134146341,"DEGs_DOWN_without_binding"
8.9930057804878,18.408624804878,-9.41561902439024,"DEGs_DOWN_without_binding"
14.4319241219512,21.0968546585366,-6.66493053658537,"DEGs_DOWN_without_binding"
17.3424758780488,20.2822524146341,-2.93977653658537,"DEGs_DOWN_without_binding"
14.1589273902439,6.9623163902439,7.196611,"DEGs_DOWN_without_binding"
10.8776289268293,7.69387387804878,3.18375504878049,"DEGs_DOWN_without_binding"
17.8655005365854,18.5135011219512,-0.648000585365853,"DEGs_DOWN_without_binding"
17.8517965365854,7.62560736585366,10.2261891707317,"DEGs_DOWN_without_binding"
15.4649348536585,20.1824047804878,-4.71746992682927,"DEGs_DOWN_without_binding"
21.142172804878,11.5511655853659,9.59100721951219,"DEGs_DOWN_without_binding"
20.962442195122,21.9669560243902,-1.00451382926829,"DEGs_DOWN_without_binding"
29.9098411707317,25.5280854634146,4.38175570731707,"DEGs_DOWN_without_binding"
28.3029681707317,20.2900208292683,8.01294734146341,"DEGs_DOWN_without_binding"
19.6526907804878,22.2150807560976,-2.56238997560975,"DEGs_DOWN_without_binding"
19.5685449756098,27.0216307073171,-7.45308573170731,"DEGs_DOWN_without_binding"
0.439954268292683,0.640738634146341,-0.200784365853659,"DEGs_DOWN_without_binding"
0,0,0,"DEGs_DOWN_without_binding"
1.4703673902439,6.00376468292683,-4.53339729268293,"DEGs_DOWN_without_binding"
8.708012,13.244393902439,-4.53638190243902,"DEGs_DOWN_without_binding"
22.0827753902439,35.0076457317073,-12.9248703414634,"DEGs_DOWN_without_binding"
26.2582676341463,11.0614226341463,15.196845,"DEGs_DOWN_without_binding"
5.9133386097561,2.85830273170732,3.05503587804878,"DEGs_DOWN_without_binding"
5.49836246341463,4.92117409756098,0.577188365853658,"DEGs_DOWN_without_binding"
19.5993045853659,18.4075053414634,1.19179924390244,"DEGs_DOWN_without_binding"
18.0741896097561,8.06413992682927,10.0100496829268,"DEGs_DOWN_without_binding"
15.3349658536585,6.50315773170732,8.83180812195122,"DEGs_DOWN_without_binding"
25.0875878292683,20.9868649512195,4.10072287804878,"DEGs_DOWN_without_binding"
27.4327126829268,32.617208,-5.18449531707317,"DEGs_DOWN_without_binding"
25.7052658536585,38.0331664146341,-12.3279005609756,"DEGs_DOWN_without_binding"
8.62464997560976,6.70935073170732,1.91529924390244,"DEGs_DOWN_without_binding"
17.7192788780488,21.4425788780488,-3.7233,"DEGs_DOWN_without_binding"
24.0440856829268,21.1661969512195,2.87788873170732,"DEGs_DOWN_without_binding"
7.22706404878049,9.06340741463415,-1.83634336585366,"DEGs_DOWN_without_binding"
9.07888124390244,6.97838292682927,2.10049831707317,"DEGs_DOWN_without_binding"
9.08204831707317,11.374043902439,-2.29199558536586,"DEGs_DOWN_without_binding"
7.55095770731707,2.82715631707317,4.7238013902439,"DEGs_DOWN_without_binding"
5.50344312195122,8.56977829268293,-3.06633517073171,"DEGs_DOWN_without_binding"
6.12236141463415,12.5289557560976,-6.40659434146341,"DEGs_DOWN_without_binding"
7.82505953658537,11.5173041707317,-3.69224463414634,"DEGs_DOWN_without_binding"
6.0289166097561,12.3792108780488,-6.35029426829268,"DEGs_DOWN_without_binding"
7.79075273170732,10.848146902439,-3.05739417073171,"DEGs_DOWN_without_binding"
7.156,2.23648780487805,4.91951219512195,"DEGs_DOWN_without_binding"
5.71125858536585,1.13272285365854,4.57853573170732,"DEGs_DOWN_without_binding"
8.30117858536585,2.6513247804878,5.64985380487805,"DEGs_DOWN_without_binding"
9.13958275609756,4.27192653658537,4.86765621951219,"DEGs_DOWN_without_binding"
6.38201512195122,2.3891082195122,3.99290690243902,"DEGs_DOWN_without_binding"
10.9646623170732,7.00128870731707,3.9633736097561,"DEGs_DOWN_without_binding"
8.75963431707317,5.6110172195122,3.14861709756098,"DEGs_DOWN_without_binding"
9.10701482926829,5.97598395121951,3.13103087804878,"DEGs_DOWN_without_binding"
6.65550590243902,7.57626570731707,-0.920759804878048,"DEGs_DOWN_without_binding"
8.53348790243902,11.9693638292683,-3.43587592682927,"DEGs_DOWN_without_binding"
4.10653873170732,7.546586,-3.44004726829268,"DEGs_DOWN_without_binding"
7.51381617073171,4.39649770731707,3.11731846341463,"DEGs_DOWN_without_binding"
8.57366751219512,9.78058463414634,-1.20691712195122,"DEGs_DOWN_without_binding"
7.59815631707317,12.3506069268293,-4.7524506097561,"DEGs_DOWN_without_binding"
7.16475792682927,8.00040865853659,-0.835650731707317,"DEGs_DOWN_without_binding"
7.8523196097561,6.47082843902439,1.38149117073171,"DEGs_DOWN_without_binding"
6.75915275609756,5.91144190243902,0.847710853658536,"DEGs_DOWN_without_binding"
6.25327275609756,9.40081251219512,-3.14753975609756,"DEGs_DOWN_without_binding"
6.10885151219512,7.20716236585366,-1.09831085365854,"DEGs_DOWN_without_binding"
7.65529017073171,10.0444110243902,-2.38912085365854,"DEGs_DOWN_without_binding"
6.74666551219512,5.8909306097561,0.855734902439025,"DEGs_DOWN_without_binding"
6.52443519512195,11.4466640243902,-4.92222882926829,"DEGs_DOWN_without_binding"
8.86263687804878,10.6398764146341,-1.77723953658537,"DEGs_DOWN_without_binding"
7.9482843902439,8.89078192682927,-0.942497536585366,"DEGs_DOWN_without_binding"
8.04700051219512,7.85008290243902,0.196917609756098,"DEGs_DOWN_without_binding"
7.15853748780488,8.91680348780488,-1.758266,"DEGs_DOWN_without_binding"
7.56147351219512,11.4466232926829,-3.88514978048781,"DEGs_DOWN_without_binding"
2.92552026829268,4.77062114634146,-1.84510087804878,"DEGs_DOWN_without_binding"
6.51118714634146,2.08772648780488,4.42346065853658,"DEGs_DOWN_without_binding"
5.92956114634146,8.68574234146342,-2.75618119512195,"DEGs_DOWN_without_binding"
8.35837070731707,5.66732056097561,2.69105014634146,"DEGs_DOWN_without_binding"
5.79848865853659,7.47681975609756,-1.67833109756098,"DEGs_DOWN_without_binding"
6.91280414634146,6.15427104878049,0.758533097560975,"DEGs_DOWN_without_binding"
6.62316758536585,6.93140741463415,-0.308239829268292,"DEGs_DOWN_without_binding"
5.85033680487805,8.98296475609756,-3.13262795121951,"DEGs_DOWN_without_binding"
6.77989919512195,5.95887609756098,0.821023097560976,"DEGs_DOWN_without_binding"
7.93493780487805,5.45151007317073,2.48342773170732,"DEGs_DOWN_without_binding"
10.495622195122,6.51172175609756,3.98390043902439,"DEGs_DOWN_without_binding"
5.33038658536585,4.30872451219512,1.02166207317073,"DEGs_DOWN_without_binding"
7.27972097560976,8.96104812195122,-1.68132714634146,"DEGs_DOWN_without_binding"
12.948370902439,16.4733608780488,-3.52498997560976,"DEGs_DOWN_without_binding"
0.562915609756098,1.65500097560976,-1.09208536585366,"DEGs_DOWN_without_binding"
17.2193081463415,17.3714626585366,-0.152154512195121,"DEGs_DOWN_without_binding"
22.8461958536585,11.1140147317073,11.7321811219512,"DEGs_DOWN_without_binding"
9.91282131707317,15.5175243414634,-5.60470302439024,"DEGs_DOWN_without_binding"
11.978468804878,18.8061831219512,-6.82771431707317,"DEGs_DOWN_without_binding"
11.4412377804878,18.6333118536585,-7.19207407317073,"DEGs_DOWN_without_binding"
4.90041907317073,6.58165763414634,-1.68123856097561,"DEGs_DOWN_without_binding"
12.539195,20.7552011219512,-8.21600612195122,"DEGs_DOWN_without_binding"
8.57910329268293,12.7868225609756,-4.20771926829268,"DEGs_DOWN_without_binding"
8.423765,10.6406032682927,-2.21683826829268,"DEGs_DOWN_without_binding"
11.0343931219512,12.4626605365854,-1.42826741463415,"DEGs_DOWN_without_binding"
12.4098728780488,19.9457096829268,-7.53583680487805,"DEGs_DOWN_without_binding"
13.4723738292683,20.2720441463415,-6.79967031707317,"DEGs_DOWN_without_binding"
11.168365097561,13.9831676341463,-2.81480253658536,"DEGs_DOWN_without_binding"
7.18707792682927,11.4609291707317,-4.27385124390244,"DEGs_DOWN_without_binding"
8.1102962195122,22.3663298292683,-14.2560336097561,"DEGs_DOWN_without_binding"
12.5131029512195,16.336290195122,-3.82318724390244,"DEGs_DOWN_without_binding"
10.9075964390244,14.4088525121951,-3.50125607317073,"DEGs_DOWN_without_binding"
11.8187698536585,20.241595097561,-8.42282524390244,"DEGs_DOWN_without_binding"
11.910240804878,18.8778386097561,-6.96759780487805,"DEGs_DOWN_without_binding"
8.60863270731707,12.4360669756098,-3.82743426829268,"DEGs_DOWN_without_binding"
13.6025647073171,25.641426097561,-12.0388613902439,"DEGs_DOWN_without_binding"
11.6844408780488,22.3646744146341,-10.6802335365854,"DEGs_DOWN_without_binding"
8.68677248780488,15.8912081707317,-7.20443568292683,"DEGs_DOWN_without_binding"
11.7959257317073,16.7514817317073,-4.955556,"DEGs_DOWN_without_binding"
15.0003612926829,28.8262264146341,-13.8258651219512,"DEGs_DOWN_without_binding"
11.0646459512195,15.956845097561,-4.89219914634146,"DEGs_DOWN_without_binding"
13.0687048780488,10.8788255365854,2.18987934146342,"DEGs_DOWN_without_binding"
10.4658307560976,12.9846879268293,-2.51885717073171,"DEGs_DOWN_without_binding"
13.5396141463415,13.6120972926829,-0.0724831463414635,"DEGs_DOWN_without_binding"
10.2593945365854,16.2494217804878,-5.99002724390244,"DEGs_DOWN_without_binding"
10.9890796829268,12.4931196341463,-1.50403995121951,"DEGs_DOWN_without_binding"
12.5953390243902,20.2709536097561,-7.67561458536585,"DEGs_DOWN_without_binding"
13.6901264390244,21.6294149756098,-7.93928853658537,"DEGs_DOWN_without_binding"
13.0239335853659,16.5432088780488,-3.51927529268293,"DEGs_DOWN_without_binding"
9.23292897560976,14.5100416341463,-5.27711265853659,"DEGs_DOWN_without_binding"
12.0611957560976,21.8447836097561,-9.78358785365853,"DEGs_DOWN_without_binding"
11.8498208536585,18.1394342439024,-6.2896133902439,"DEGs_DOWN_without_binding"
4.260815,5.83412646341463,-1.57331146341463,"DEGs_DOWN_without_binding"
11.7586240243902,24.0372013658537,-12.2785773414634,"DEGs_DOWN_without_binding"
12.5221893658537,24.1619878780488,-11.6397985121951,"DEGs_DOWN_without_binding"
4.05053417073171,5.56360348780488,-1.51306931707317,"DEGs_DOWN_without_binding"
11.5544845853659,18.3896736097561,-6.83518902439024,"DEGs_DOWN_without_binding"
8.61549887804878,12.7258336585366,-4.1103347804878,"DEGs_DOWN_without_binding"
17.4277127804878,17.4405074146341,-0.0127946341463421,"DEGs_DOWN_without_binding"
11.9467327317073,17.6648646585366,-5.71813192682927,"DEGs_DOWN_without_binding"
12.8229388780488,18.8768495853659,-6.05391070731707,"DEGs_DOWN_without_binding"
13.6669872682927,19.9208777317073,-6.25389046341463,"DEGs_DOWN_without_binding"
11.2570517073171,21.1959036097561,-9.93885190243902,"DEGs_DOWN_without_binding"
13.5456559512195,13.431681195122,0.11397475609756,"DEGs_DOWN_without_binding"
19.1661330487805,13.1624999756098,6.00363307317073,"DEGs_DOWN_without_binding"
17.6212705121951,12.8382467560976,4.78302375609756,"DEGs_DOWN_without_binding"
23.9602774146341,12.187400195122,11.7728772195122,"DEGs_DOWN_without_binding"
23.4305515853659,12.2743417317073,11.1562098536585,"DEGs_DOWN_without_binding"
14.5924405365854,29.3162611463415,-14.7238206097561,"DEGs_DOWN_without_binding"
9.3191096097561,2.34847273170732,6.97063687804878,"DEGs_DOWN_without_binding"
11.5600580487805,1.78574673170732,9.77431131707317,"DEGs_DOWN_without_binding"
8.40254546341463,3.27956087804878,5.12298458536585,"DEGs_DOWN_without_binding"
7.21728502439024,2.7763243902439,4.44096063414634,"DEGs_DOWN_without_binding"
12.9196781463415,0.395036780487805,12.5246413658537,"DEGs_DOWN_without_binding"
16.4353887560976,9.47812841463415,6.95726034146341,"DEGs_DOWN_without_binding"
13.8677213170732,3.00353187804878,10.8641894390244,"DEGs_DOWN_without_binding"
16.5549383414634,11.618036804878,4.93690153658537,"DEGs_DOWN_without_binding"
10.8437789756098,13.4860919512195,-2.64231297560976,"DEGs_DOWN_without_binding"
10.4302009268293,18.7549541707317,-8.32475324390244,"DEGs_DOWN_without_binding"
8.85040817073171,16.3434551707317,-7.493047,"DEGs_DOWN_without_binding"
10.3354038536585,17.2821342195122,-6.94673036585366,"DEGs_DOWN_without_binding"
7.0344723902439,8.62725165853658,-1.59277926829268,"DEGs_DOWN_without_binding"
4.77150704878049,7.38806375609756,-2.61655670731707,"DEGs_DOWN_without_binding"
9.99504607317073,15.5198497804878,-5.52480370731707,"DEGs_DOWN_without_binding"
4.03029790243902,5.64800278048781,-1.61770487804878,"DEGs_DOWN_without_binding"
4.21639263414634,6.28378204878049,-2.06738941463415,"DEGs_DOWN_without_binding"
6.27114543902439,13.5690513902439,-7.29790595121951,"DEGs_DOWN_without_binding"
12.8240122926829,20.542442195122,-7.71842990243902,"DEGs_DOWN_without_binding"
8.85879048780488,15.6660218780488,-6.8072313902439,"DEGs_DOWN_without_binding"
8.06231670731707,13.8021994634146,-5.73988275609756,"DEGs_DOWN_without_binding"
9.13710241463415,14.651625902439,-5.51452348780488,"DEGs_DOWN_without_binding"
19.2931571951219,51.9542222926829,-32.661065097561,"DEGs_DOWN_without_binding"
6.13522585365854,10.3599767804878,-4.22475092682927,"DEGs_DOWN_without_binding"
3.57615012195122,4.92376341463415,-1.34761329268293,"DEGs_DOWN_without_binding"
6.22231985365854,12.6534273414634,-6.43110748780488,"DEGs_DOWN_without_binding"
3.06841348780488,4.37746356097561,-1.30905007317073,"DEGs_DOWN_without_binding"
10.5974761219512,8.82983951219512,1.7676366097561,"DEGs_DOWN_without_binding"
12.6257913658537,12.8594822439024,-0.233690878048781,"DEGs_DOWN_without_binding"
9.95221417073171,8.20828602439024,1.74392814634146,"DEGs_DOWN_without_binding"
9.23967526829268,9.35993492682927,-0.120259658536586,"DEGs_DOWN_without_binding"
9.39126534146341,7.39944170731707,1.99182363414634,"DEGs_DOWN_without_binding"
12.7085165609756,5.4766633902439,7.23185317073171,"DEGs_DOWN_without_binding"
8.39934109756098,8.55754492682927,-0.158203829268292,"DEGs_DOWN_without_binding"
9.22350948780488,12.0371786341463,-2.81366914634146,"DEGs_DOWN_without_binding"
14.6828610243902,5.3768607804878,9.30600024390244,"DEGs_DOWN_without_binding"
25.7135821707317,3.1510393902439,22.5625427804878,"DEGs_DOWN_without_binding"
12.5222485609756,11.6567507073171,0.865497853658537,"DEGs_DOWN_without_binding"
10.7533290487805,11.3119177804878,-0.558588731707317,"DEGs_DOWN_without_binding"
9.541833,5.41022204878049,4.13161095121951,"DEGs_DOWN_without_binding"
1.41943014634146,2.19270475609756,-0.773274609756098,"DEGs_DOWN_without_binding"
0.123415024390244,0.172328317073171,-0.0489132926829268,"DEGs_DOWN_without_binding"
0.124240195121951,0.153516365853659,-0.0292761707317073,"DEGs_DOWN_without_binding"
0.705327390243902,0.567851243902439,0.137476146341463,"DEGs_DOWN_without_binding"
5.47681404878049,7.6862312195122,-2.20941717073171,"DEGs_DOWN_without_binding"
6.56497309756098,15.0206740731707,-8.45570097560975,"DEGs_DOWN_without_binding"
10.8685641219512,10.4436486829268,0.424915439024391,"DEGs_DOWN_without_binding"
11.646628804878,8.64150185365854,3.00512695121951,"DEGs_DOWN_without_binding"
8.04442875609756,14.1111182926829,-6.06668953658536,"DEGs_DOWN_without_binding"
7.41733753658537,9.36905068292683,-1.95171314634146,"DEGs_DOWN_without_binding"
4.99049734146341,7.91379734146341,-2.9233,"DEGs_DOWN_without_binding"
7.69421770731707,11.6869149756098,-3.99269726829268,"DEGs_DOWN_without_binding"
8.83940492682927,13.9499066341463,-5.11050170731707,"DEGs_DOWN_without_binding"
8.13787643902439,13.4481449512195,-5.31026851219512,"DEGs_DOWN_without_binding"
10.066192902439,13.1920237560976,-3.12583085365854,"DEGs_DOWN_without_binding"
9.58338219512195,15.2902895365854,-5.70690734146342,"DEGs_DOWN_without_binding"
13.4287219268293,11.4386959512195,1.99002597560976,"DEGs_DOWN_without_binding"
7.49341480487805,13.6675518536585,-6.17413704878049,"DEGs_DOWN_without_binding"
8.40978146341463,12.364793804878,-3.95501234146342,"DEGs_DOWN_without_binding"
8.71360934146341,14.2089974878049,-5.49538814634146,"DEGs_DOWN_without_binding"
7.11145763414634,7.36075673170732,-0.249299097560976,"DEGs_DOWN_without_binding"
2.7737152195122,1.50655275609756,1.26716246341463,"DEGs_DOWN_without_binding"
11.0133063902439,13.6002161463415,-2.58690975609756,"DEGs_DOWN_without_binding"
10.9946719756098,2.08506190243902,8.90961007317073,"DEGs_DOWN_without_binding"
11.1398236829268,8.91911085365854,2.22071282926829,"DEGs_DOWN_without_binding"
11.6061412439024,12.7914496585366,-1.18530841463415,"DEGs_DOWN_without_binding"
10.5895351219512,12.7668925365854,-2.17735741463415,"DEGs_DOWN_without_binding"
8.82321697560976,11.8989962195122,-3.07577924390244,"DEGs_DOWN_without_binding"
17.4985079756098,14.2713477560976,3.22716021951219,"DEGs_DOWN_without_binding"
9.35660541463415,9.56594285365854,-0.209337439024392,"DEGs_DOWN_without_binding"
2.84777753658537,0.933412756097561,1.9143647804878,"DEGs_DOWN_without_binding"
5.18860265853659,5.83715358536585,-0.648550926829268,"DEGs_DOWN_without_binding"
10.7397113902439,9.34139934146341,1.39831204878049,"DEGs_DOWN_without_binding"
10.7345264634146,9.05535190243902,1.67917456097561,"DEGs_DOWN_without_binding"
8.68432917073171,6.90398880487805,1.78034036585366,"DEGs_DOWN_without_binding"
9.86144492682927,16.2314848292683,-6.37003990243903,"DEGs_DOWN_without_binding"
7.71187856097561,12.1718926341463,-4.46001407317073,"DEGs_DOWN_without_binding"
8.67277353658537,13.5135278536585,-4.84075431707317,"DEGs_DOWN_without_binding"
11.4736714634146,21.3986382926829,-9.92496682926829,"DEGs_DOWN_without_binding"
9.28445248780488,13.5689431463415,-4.28449065853659,"DEGs_DOWN_without_binding"
7.31358724390244,11.464770195122,-4.15118295121951,"DEGs_DOWN_without_binding"
11.1986507073171,20.1335847073171,-8.934934,"DEGs_DOWN_without_binding"
11.1535604390244,18.177817804878,-7.02425736585366,"DEGs_DOWN_without_binding"
12.8783089512195,15.070163,-2.19185404878049,"DEGs_DOWN_without_binding"
11.0922919268293,9.79216219512195,1.30012973170732,"DEGs_DOWN_without_binding"
7.77911207317073,11.2528323658537,-3.47372029268293,"DEGs_DOWN_without_binding"
12.3769656585366,14.2592836829268,-1.88231802439024,"DEGs_DOWN_without_binding"
10.8208754878049,13.1525819268293,-2.33170643902439,"DEGs_DOWN_without_binding"
4.47994656097561,6.26716290243902,-1.78721634146341,"DEGs_DOWN_without_binding"
8.36216929268293,12.2200467317073,-3.85787743902439,"DEGs_DOWN_without_binding"
9.42207292682927,9.39522378048781,0.026849146341462,"DEGs_DOWN_without_binding"
7.93341124390244,7.46402773170732,0.469383512195122,"DEGs_DOWN_without_binding"
6.82631573170732,5.19376990243902,1.63254582926829,"DEGs_DOWN_without_binding"
7.86840592682927,6.21860609756098,1.64979982926829,"DEGs_DOWN_without_binding"
11.2672223414634,5.22324548780488,6.04397685365854,"DEGs_DOWN_without_binding"
9.18023275609756,15.0452246585366,-5.86499190243902,"DEGs_DOWN_without_binding"
9.01726387804878,20.7562249512195,-11.7389610731707,"DEGs_DOWN_without_binding"
10.5587139756098,15.2350580243902,-4.67634404878049,"DEGs_DOWN_without_binding"
12.3000885365854,9.18124904878049,3.11883948780488,"DEGs_DOWN_without_binding"
10.6234922926829,9.96177595121951,0.661716341463416,"DEGs_DOWN_without_binding"
9.97473092682927,15.1797376341463,-5.20500670731707,"DEGs_DOWN_without_binding"
5.78962687804878,1.08554814634146,4.70407873170732,"DEGs_DOWN_without_binding"
15.4537273902439,4.49250875609756,10.9612186341463,"DEGs_DOWN_without_binding"
9.75006253658537,5.60661541463415,4.14344712195122,"DEGs_DOWN_without_binding"
11.4095158536585,10.7897488536585,0.619767,"DEGs_DOWN_without_binding"
14.7768381463415,5.11335546341463,9.66348268292683,"DEGs_DOWN_without_binding"
10.3235643414634,4.07032885365854,6.25323548780488,"DEGs_DOWN_without_binding"
10.3876707317073,4.4806637804878,5.90700695121951,"DEGs_DOWN_without_binding"
11.6543007804878,5.06160990243902,6.59269087804878,"DEGs_DOWN_without_binding"
8.93369970731707,1.19932546341463,7.73437424390244,"DEGs_DOWN_without_binding"
13.7437624390244,5.72128673170732,8.02247570731707,"DEGs_DOWN_without_binding"
13.890625195122,2.16769412195122,11.7229310731707,"DEGs_DOWN_without_binding"
11.0341931463415,6.27107246341463,4.76312068292683,"DEGs_DOWN_without_binding"
13.9542996341463,4.10777370731707,9.84652592682927,"DEGs_DOWN_without_binding"
11.9151995609756,6.71406497560976,5.20113458536585,"DEGs_DOWN_without_binding"
10.2901696585366,3.28237507317073,7.00779458536585,"DEGs_DOWN_without_binding"
15.3232279756098,7.93258743902439,7.39064053658537,"DEGs_DOWN_without_binding"
11.359261804878,4.25237568292683,7.10688612195122,"DEGs_DOWN_without_binding"
14.2419412682927,4.20617419512195,10.0357670731707,"DEGs_DOWN_without_binding"
9.97833068292683,5.48662056097561,4.49171012195122,"DEGs_DOWN_without_binding"
1.86259943902439,0.823151756097561,1.03944768292683,"DEGs_DOWN_without_binding"
18.2941136097561,7.98226943902439,10.3118441707317,"DEGs_DOWN_without_binding"
13.1281573658537,3.68737234146341,9.44078502439024,"DEGs_DOWN_without_binding"
15.8762592439024,14.9715104634146,0.904748780487806,"DEGs_DOWN_without_binding"
9.2781053902439,4.25136709756098,5.02673829268293,"DEGs_DOWN_without_binding"
11.4024482926829,12.2128000243902,-0.810351731707318,"DEGs_DOWN_without_binding"
13.9292611463415,7.2886473902439,6.64061375609756,"DEGs_DOWN_without_binding"
13.3382566341463,9.99624724390244,3.3420093902439,"DEGs_DOWN_without_binding"
10.1791275609756,11.4138642682927,-1.23473670731707,"DEGs_DOWN_without_binding"
12.0238266585366,5.02418036585366,6.99964629268293,"DEGs_DOWN_without_binding"
13.1167388536585,5.27819314634146,7.83854570731707,"DEGs_DOWN_without_binding"
11.2815979512195,4.81108348780488,6.47051446341463,"DEGs_DOWN_without_binding"
9.26107348780488,2.343988,6.91708548780488,"DEGs_DOWN_without_binding"
17.0731636341463,6.23948680487805,10.8336768292683,"DEGs_DOWN_without_binding"
18.0926976341463,3.57356031707317,14.5191373170732,"DEGs_DOWN_without_binding"
13.7836591707317,8.39754553658537,5.38611363414634,"DEGs_DOWN_without_binding"
9.61165053658537,5.8103697804878,3.80128075609756,"DEGs_DOWN_without_binding"
13.7773316585366,6.00075556097561,7.77657609756098,"DEGs_DOWN_without_binding"
12.4478186097561,1.93850892682927,10.5093096829268,"DEGs_DOWN_without_binding"
1.7768653902439,1.83774258536585,-0.0608771951219511,"DEGs_DOWN_without_binding"
2.76410595121951,2.26298746341463,0.501118487804878,"DEGs_DOWN_without_binding"
12.9265002439024,4.16504092682927,8.76145931707317,"DEGs_DOWN_without_binding"
4.59167687804878,0.432012195121951,4.15966468292683,"DEGs_DOWN_without_binding"
5.34175626829268,1.5452717804878,3.79648448780488,"DEGs_DOWN_without_binding"
5.4875116097561,2.00185804878049,3.48565356097561,"DEGs_DOWN_without_binding"
8.37377895121951,1.11082668292683,7.26295226829268,"DEGs_DOWN_without_binding"
19.0678398292683,6.44375804878049,12.6240817804878,"DEGs_DOWN_without_binding"
6.307142,1.776496,4.530646,"DEGs_DOWN_without_binding"
1.89439202439024,5.64377592682927,-3.74938390243902,"DEGs_DOWN_without_binding"
4.83925180487805,2.424513,2.41473880487805,"DEGs_DOWN_without_binding"
11.6696516097561,8.82647390243902,2.84317770731707,"DEGs_DOWN_without_binding"
9.84049036585366,4.60499436585366,5.235496,"DEGs_DOWN_without_binding"
14.3570100487805,9.96694375609756,4.39006629268293,"DEGs_DOWN_without_binding"
6.09773787804878,10.6389088292683,-4.54117095121951,"DEGs_DOWN_without_binding"
11.983582195122,5.94898558536585,6.0345966097561,"DEGs_DOWN_without_binding"
8.66960146341463,4.22765473170732,4.44194673170732,"DEGs_DOWN_without_binding"
10.8481520731707,13.1964617560976,-2.34830968292683,"DEGs_DOWN_without_binding"
9.5123146097561,6.53616073170732,2.97615387804878,"DEGs_DOWN_without_binding"
7.43077751219512,10.7757189756098,-3.34494146341463,"DEGs_DOWN_without_binding"
9.02652509756098,9.05385109756098,-0.0273260000000004,"DEGs_DOWN_without_binding"
8.9055732195122,5.5595346097561,3.3460386097561,"DEGs_DOWN_without_binding"
8.33844148780488,9.66619704878049,-1.32775556097561,"DEGs_DOWN_without_binding"
7.17094719512195,7.46051236585366,-0.289565170731708,"DEGs_DOWN_without_binding"
10.0005273414634,9.92168590243902,0.078841439024389,"DEGs_DOWN_without_binding"
8.52237478048781,10.0007728780488,-1.47839809756097,"DEGs_DOWN_without_binding"
6.66373319512195,8.80519446341463,-2.14146126829268,"DEGs_DOWN_without_binding"
1.63754912195122,1.26035646341463,0.377192658536585,"DEGs_DOWN_without_binding"
7.38256375609756,8.81031117073171,-1.42774741463415,"DEGs_DOWN_without_binding"
8.20942187804878,9.62807007317073,-1.41864819512195,"DEGs_DOWN_without_binding"
7.37743731707317,8.28542004878049,-0.907982731707317,"DEGs_DOWN_without_binding"
5.12296243902439,6.49054873170732,-1.36758629268293,"DEGs_DOWN_without_binding"
6.51364929268293,9.23153856097561,-2.71788926829268,"DEGs_DOWN_without_binding"
6.32233880487805,7.29185385365854,-0.969515048780488,"DEGs_DOWN_without_binding"
7.2224046097561,6.07494329268293,1.14746131707317,"DEGs_DOWN_without_binding"
5.06602375609756,10.0047162439024,-4.93869248780488,"DEGs_DOWN_without_binding"
5.46522643902439,3.50695109756098,1.95827534146341,"DEGs_DOWN_without_binding"
8.77759287804878,12.083353804878,-3.30576092682927,"DEGs_DOWN_without_binding"
7.44133853658537,9.50844673170732,-2.06710819512195,"DEGs_DOWN_without_binding"
4.47522092682927,7.94589134146341,-3.47067041463415,"DEGs_DOWN_without_binding"
7.39584695121951,11.4282124634146,-4.03236551219512,"DEGs_DOWN_without_binding"
5.32580892682927,3.5465033902439,1.77930553658537,"DEGs_DOWN_without_binding"
4.48413765853659,6.14586982926829,-1.66173217073171,"DEGs_DOWN_without_binding"
3.68066558536585,5.15381036585366,-1.4731447804878,"DEGs_DOWN_without_binding"
5.85471912195122,5.39536319512195,0.459355926829268,"DEGs_DOWN_without_binding"
10.2547962195122,15.0715552439024,-4.81675902439024,"DEGs_DOWN_without_binding"
7.00504787804878,4.04993875609756,2.95510912195122,"DEGs_DOWN_without_binding"
11.6950188780488,10.6734892926829,1.02152958536585,"DEGs_DOWN_without_binding"
7.68266034146341,3.64371948780488,4.03894085365854,"DEGs_DOWN_without_binding"
0.515001731707317,1.19093853658537,-0.675936804878049,"DEGs_DOWN_without_binding"
8.26789546341463,15.5212266097561,-7.25333114634146,"DEGs_DOWN_without_binding"
7.95085487804878,6.93146448780488,1.0193903902439,"DEGs_DOWN_without_binding"
4.14295268292683,6.10898795121951,-1.96603526829268,"DEGs_DOWN_without_binding"
2.58107348780488,4.78918541463415,-2.20811192682927,"DEGs_DOWN_without_binding"
4.05543109756098,5.81272509756098,-1.757294,"DEGs_DOWN_without_binding"
5.76528802439024,9.83867090243902,-4.07338287804878,"DEGs_DOWN_without_binding"
6.26978502439024,12.9927962439024,-6.72301121951219,"DEGs_DOWN_without_binding"
8.18017995121951,14.0168464634146,-5.83666651219512,"DEGs_DOWN_without_binding"
8.15841248780488,17.5305519268293,-9.37213943902439,"DEGs_DOWN_without_binding"
9.52725597560976,14.3788964390244,-4.85164046341463,"DEGs_DOWN_without_binding"
7.33252265853659,14.4285477804878,-7.09602512195122,"DEGs_DOWN_without_binding"
9.74067802439024,14.0109226341463,-4.2702446097561,"DEGs_DOWN_without_binding"
7.11740748780488,14.2522603658537,-7.13485287804878,"DEGs_DOWN_without_binding"
14.6374006585366,13.4037902926829,1.23361036585366,"DEGs_DOWN_without_binding"
13.0269584634146,9.91684668292683,3.1101117804878,"DEGs_DOWN_without_binding"
14.7244305609756,11.957029804878,2.76740075609756,"DEGs_DOWN_without_binding"
10.8677509268293,10.7397199756098,0.128030951219513,"DEGs_DOWN_without_binding"
10.4668188536585,10.548277902439,-0.0814590487804878,"DEGs_DOWN_without_binding"
10.9908382926829,8.59733895121951,2.39349934146341,"DEGs_DOWN_without_binding"
11.1811013414634,7.45819609756098,3.72290524390244,"DEGs_DOWN_without_binding"
8.8930093902439,6.34150173170732,2.55150765853659,"DEGs_DOWN_without_binding"
8.91166409756098,5.09590619512195,3.81575790243903,"DEGs_DOWN_without_binding"
10.623210902439,6.45789741463415,4.16531348780488,"DEGs_DOWN_without_binding"
5.13125363414634,2.42923780487805,2.70201582926829,"DEGs_DOWN_without_binding"
11.1314054878049,5.35789297560976,5.77351251219512,"DEGs_DOWN_without_binding"
9.16482,12.6999909512195,-3.53517095121951,"DEGs_DOWN_without_binding"
19.0066297804878,11.7238143658537,7.28281541463415,"DEGs_DOWN_without_binding"
10.265579097561,8.69955543902439,1.56602365853658,"DEGs_DOWN_without_binding"
8.69738014634146,5.12709197560976,3.57028817073171,"DEGs_DOWN_without_binding"
8.75185517073171,9.27263475609756,-0.520779585365855,"DEGs_DOWN_without_binding"
10.4346876097561,8.35642468292683,2.07826292682927,"DEGs_DOWN_without_binding"
9.79284141463415,0.931869926829268,8.86097148780488,"DEGs_DOWN_without_binding"
11.874930097561,11.499673902439,0.375256195121951,"DEGs_DOWN_without_binding"
8.31835165853659,12.4838506829268,-4.16549902439024,"DEGs_DOWN_without_binding"
10.4649895121951,4.64400973170732,5.8209797804878,"DEGs_DOWN_without_binding"
9.97824521951219,5.47765526829268,4.50058995121951,"DEGs_DOWN_without_binding"
9.20873592682927,15.512551,-6.30381507317073,"DEGs_DOWN_without_binding"
11.9607686341463,13.073709,-1.11294036585366,"DEGs_DOWN_without_binding"
9.03280353658537,12.0523921463415,-3.0195886097561,"DEGs_DOWN_without_binding"
27.9629994878049,6.10964853658537,21.8533509512195,"DEGs_DOWN_without_binding"
8.8355383902439,17.8005027804878,-8.9649643902439,"DEGs_DOWN_without_binding"
8.88063480487805,13.4165180243902,-4.5358832195122,"DEGs_DOWN_without_binding"
7.31036012195122,9.75275117073171,-2.44239104878049,"DEGs_DOWN_without_binding"
7.97381985365854,14.4560862926829,-6.48226643902439,"DEGs_DOWN_without_binding"
15.7427715609756,19.3596103902439,-3.61683882926829,"DEGs_DOWN_without_binding"
11.161992,12.527321195122,-1.36532919512195,"DEGs_DOWN_without_binding"
3.51307326829268,5.96902068292683,-2.45594741463415,"DEGs_DOWN_without_binding"
8.773711,10.3871760487805,-1.61346504878049,"DEGs_DOWN_without_binding"
9.8857062195122,12.0418942926829,-2.15618807317073,"DEGs_DOWN_without_binding"
10.2324768536585,11.2954468292683,-1.06296997560976,"DEGs_DOWN_without_binding"
4.36382182926829,7.59582341463415,-3.23200158536585,"DEGs_DOWN_without_binding"
6.64665175609756,3.23531146341463,3.41134029268293,"DEGs_DOWN_without_binding"
11.6624508292683,9.74319982926829,1.919251,"DEGs_DOWN_without_binding"
7.63839882926829,4.91649875609756,2.72190007317073,"DEGs_DOWN_without_binding"
10.8520082195122,13.516332902439,-2.66432468292683,"DEGs_DOWN_without_binding"
7.83540112195122,15.2600907073171,-7.42468958536585,"DEGs_DOWN_without_binding"
11.6560787560976,13.2513324146341,-1.59525365853659,"DEGs_DOWN_without_binding"
7.54187119512195,11.5591554390244,-4.01728424390244,"DEGs_DOWN_without_binding"
9.37396863414634,6.4152362195122,2.95873241463415,"DEGs_DOWN_without_binding"
9.8193177804878,10.1224872439024,-0.303169463414635,"DEGs_DOWN_without_binding"
6.14740212195122,1.12761092682927,5.01979119512195,"DEGs_DOWN_without_binding"
5.27514207317073,6.02340931707317,-0.748267243902439,"DEGs_DOWN_without_binding"
5.08426175609756,3.53351865853659,1.55074309756098,"DEGs_DOWN_without_binding"
9.88768963414634,7.85059885365854,2.0370907804878,"DEGs_DOWN_without_binding"
10.021437097561,8.73273348780488,1.2887036097561,"DEGs_DOWN_without_binding"
10.8778275609756,1.5132362195122,9.36459134146341,"DEGs_DOWN_without_binding"
9.05287621951219,6.31265173170732,2.74022448780488,"DEGs_DOWN_without_binding"
9.78576182926829,9.64421519512195,0.141546634146341,"DEGs_DOWN_without_binding"
8.47460587804878,9.78816743902439,-1.31356156097561,"DEGs_DOWN_without_binding"
8.48924978048781,11.9023323902439,-3.4130826097561,"DEGs_DOWN_without_binding"
10.3596867560976,17.2079513658537,-6.8482646097561,"DEGs_DOWN_without_binding"
9.72971687804878,16.632274195122,-6.90255731707317,"DEGs_DOWN_without_binding"
10.006312195122,12.1806714146341,-2.17435921951219,"DEGs_DOWN_without_binding"
11.4371361219512,15.3616681707317,-3.92453204878049,"DEGs_DOWN_without_binding"
9.99079436585366,7.383176,2.60761836585366,"DEGs_DOWN_without_binding"
7.78043004878049,11.8608177560976,-4.08038770731707,"DEGs_DOWN_without_binding"
11.8133173902439,15.8497004146341,-4.03638302439024,"DEGs_DOWN_without_binding"
7.73075441463415,12.6044387560976,-4.87368434146341,"DEGs_DOWN_without_binding"
8.66081756097561,11.4576244634146,-2.79680690243902,"DEGs_DOWN_without_binding"
9.79436648780488,14.9335596585366,-5.13919317073171,"DEGs_DOWN_without_binding"
3.09284334146341,2.18017265853659,0.912670682926829,"DEGs_DOWN_without_binding"
9.76217792682927,12.0679941707317,-2.30581624390244,"DEGs_DOWN_without_binding"
14.3602429512195,15.3104207317073,-0.950177780487806,"DEGs_DOWN_without_binding"
12.1204355853659,17.4824498292683,-5.36201424390244,"DEGs_DOWN_without_binding"
14.4732423658537,17.3546815853659,-2.88143921951219,"DEGs_DOWN_without_binding"
16.2412021707317,7.08837485365854,9.15282731707317,"DEGs_DOWN_without_binding"
6.81104414634146,10.0439464146341,-3.23290226829268,"DEGs_DOWN_without_binding"
9.25509553658537,5.36992275609756,3.8851727804878,"DEGs_DOWN_without_binding"
7.55555958536585,1.49490424390244,6.06065534146341,"DEGs_DOWN_without_binding"
9.82271275609756,2.04186307317073,7.78084968292683,"DEGs_DOWN_without_binding"
2.50922570731707,0,2.50922570731707,"DEGs_DOWN_without_binding"
3.16393380487805,3.09568563414634,0.0682481707317071,"DEGs_DOWN_without_binding"
6.31129192682927,0.382570146341463,5.9287217804878,"DEGs_DOWN_without_binding"
4.997673,2.70150280487805,2.29617019512195,"DEGs_DOWN_without_binding"
2.72630256097561,0.181010707317073,2.54529185365854,"DEGs_DOWN_without_binding"
11.077293,4.34283273170732,6.73446026829268,"DEGs_DOWN_without_binding"
7.57696863414634,3.89425865853659,3.68270997560976,"DEGs_DOWN_without_binding"
4.22762063414634,0,4.22762063414634,"DEGs_DOWN_without_binding"
3.51856980487805,4.47597782926829,-0.957408024390244,"DEGs_DOWN_without_binding"
0,0,0,"DEGs_DOWN_without_binding"
5.59924002439024,1.76855336585366,3.83068665853659,"DEGs_DOWN_without_binding"
6.83418129268293,2.78720087804878,4.04698041463415,"DEGs_DOWN_without_binding"
7.05597826829268,9.67088809756098,-2.61490982926829,"DEGs_DOWN_without_binding"
2.84284751219512,4.74373224390244,-1.90088473170732,"DEGs_DOWN_without_binding"
9.33257785365854,6.67607731707317,2.65650053658537,"DEGs_DOWN_without_binding"
5.43611890243902,3.93476797560976,1.50135092682927,"DEGs_DOWN_without_binding"
7.50862956097561,8.60096119512195,-1.09233163414634,"DEGs_DOWN_without_binding"
1.25693190243902,3.16519882926829,-1.90826692682927,"DEGs_DOWN_without_binding"
5.51968134146341,8.66661085365854,-3.14692951219512,"DEGs_DOWN_without_binding"
6.7040496097561,7.07536075609756,-0.371311146341464,"DEGs_DOWN_without_binding"
6.89417043902439,6.95890209756098,-0.0647316585365854,"DEGs_DOWN_without_binding"
9.68475387804878,6.72505904878049,2.95969482926829,"DEGs_DOWN_without_binding"
0,2.19667285365854,-2.19667285365854,"DEGs_DOWN_without_binding"
4.47313953658537,5.2356466097561,-0.762507073170731,"DEGs_DOWN_without_binding"
6.56495502439024,7.94968614634146,-1.38473112195122,"DEGs_DOWN_without_binding"
3.72075241463415,4.66164065853659,-0.940888243902439,"DEGs_DOWN_without_binding"
4.15594751219512,7.06066814634146,-2.90472063414634,"DEGs_DOWN_without_binding"
4.99115180487805,6.05890902439024,-1.06775721951219,"DEGs_DOWN_without_binding"
5.00973456097561,6.63655795121951,-1.6268233902439,"DEGs_DOWN_without_binding"
6.70285612195122,13.7133534390244,-7.01049731707317,"DEGs_DOWN_without_binding"
3.21997282926829,11.0920050243902,-7.87203219512195,"DEGs_DOWN_without_binding"
6.25769546341463,11.787858097561,-5.53016263414634,"DEGs_DOWN_without_binding"
7.09321373170732,13.151178195122,-6.05796446341463,"DEGs_DOWN_without_binding"
15.2319727073171,11.0945517560976,4.13742095121951,"DEGs_DOWN_without_binding"
12.8061301707317,17.6758717317073,-4.86974156097561,"DEGs_DOWN_without_binding"
9.35139787804878,8.76676690243903,0.584630975609755,"DEGs_DOWN_without_binding"
9.87886236585366,6.53281651219512,3.34604585365854,"DEGs_DOWN_without_binding"
11.4977521463415,13.8055189756098,-2.30776682926829,"DEGs_DOWN_without_binding"
8.49145602439024,13.2370951219512,-4.74563909756098,"DEGs_DOWN_without_binding"
9.43854709756098,14.386653902439,-4.94810680487805,"DEGs_DOWN_without_binding"
7.10456080487805,9.6008603902439,-2.49629958536585,"DEGs_DOWN_without_binding"
11.4874822682927,13.3716453658537,-1.88416309756098,"DEGs_DOWN_without_binding"
6.09866646341463,10.8710120731707,-4.7723456097561,"DEGs_DOWN_without_binding"
5.39563734146341,4.40870029268293,0.986937048780488,"DEGs_DOWN_without_binding"
8.23496926829268,4.40905558536585,3.82591368292683,"DEGs_DOWN_without_binding"
7.38905319512195,5.95607390243902,1.43297929268293,"DEGs_DOWN_without_binding"
8.79171692682927,4.71869941463415,4.07301751219512,"DEGs_DOWN_without_binding"
12.2946634634146,2.01985770731707,10.2748057560976,"DEGs_DOWN_without_binding"
12.3568529512195,4.77455463414634,7.58229831707317,"DEGs_DOWN_without_binding"
11.613587097561,4.40458682926829,7.20900026829268,"DEGs_DOWN_without_binding"
8.91963787804878,3.39665987804878,5.522978,"DEGs_DOWN_without_binding"
13.5588649268293,10.7792966341463,2.77956829268293,"DEGs_DOWN_without_binding"
13.240924097561,12.9997692926829,0.241154804878049,"DEGs_DOWN_without_binding"
11.5896885365854,10.5899817560976,0.999706780487804,"DEGs_DOWN_without_binding"
11.5996825609756,5.05108819512195,6.54859436585366,"DEGs_DOWN_without_binding"
7.3500596097561,5.64028519512195,1.70977441463415,"DEGs_DOWN_without_binding"
4.65115051219512,1.97476946341463,2.67638104878049,"DEGs_DOWN_without_binding"
6.77058024390244,15.0709174634146,-8.30033721951219,"DEGs_DOWN_without_binding"
8.43381290243902,1.23071824390244,7.20309465853659,"DEGs_DOWN_without_binding"
10.7654765853659,7.89336917073171,2.87210741463415,"DEGs_DOWN_without_binding"
11.6381153414634,5.68786978048781,5.95024556097561,"DEGs_DOWN_without_binding"
7.78067902439024,1.47107656097561,6.30960246341463,"DEGs_DOWN_without_binding"
9.51545526829268,7.69647226829268,1.818983,"DEGs_DOWN_without_binding"
9.18383129268293,2.18536056097561,6.99847073170732,"DEGs_DOWN_without_binding"
7.54125856097561,4.36762119512195,3.17363736585366,"DEGs_DOWN_without_binding"
10.7417456097561,5.27373868292683,5.46800692682927,"DEGs_DOWN_without_binding"
14.474242902439,8.24784295121951,6.22639995121951,"DEGs_DOWN_without_binding"
12.7568255853659,14.4518625853659,-1.695037,"DEGs_DOWN_without_binding"
9.68901465853659,4.62706197560976,5.06195268292683,"DEGs_DOWN_without_binding"
12.9633255121951,8.89422065853659,4.06910485365854,"DEGs_DOWN_without_binding"
12.7526337073171,4.27699453658537,8.47563917073171,"DEGs_DOWN_without_binding"
12.0077404390244,1.53598741463415,10.4717530243902,"DEGs_DOWN_without_binding"
8.32135141463415,6.96253407317073,1.35881734146341,"DEGs_DOWN_without_binding"
12.025505,16.0907829512195,-4.06527795121951,"DEGs_DOWN_without_binding"
9.5450906097561,3.50262070731707,6.04246990243903,"DEGs_DOWN_without_binding"
10.9463139268293,3.37426012195122,7.57205380487805,"DEGs_DOWN_without_binding"
10.0887737317073,3.72790107317073,6.36087265853658,"DEGs_DOWN_without_binding"
9.16009543902439,4.69204797560976,4.46804746341463,"DEGs_DOWN_without_binding"
11.8012008292683,5.97810012195122,5.82310070731707,"DEGs_DOWN_without_binding"
14.1318366829268,9.67890712195122,4.45292956097561,"DEGs_DOWN_without_binding"
13.4432808780488,8.5973557804878,4.84592509756098,"DEGs_DOWN_without_binding"
12.1645019268293,8.24430868292683,3.92019324390244,"DEGs_DOWN_without_binding"
9.40845473170732,1.27261092682927,8.13584380487805,"DEGs_DOWN_without_binding"
8.56148187804878,3.78486395121951,4.77661792682927,"DEGs_DOWN_without_binding"
8.54336431707317,2.49054885365854,6.05281546341464,"DEGs_DOWN_without_binding"
14.1171463658537,5.05608409756098,9.06106226829268,"DEGs_DOWN_without_binding"
9.69691021951219,5.77544480487805,3.92146541463415,"DEGs_DOWN_without_binding"
0,0,0,"DEGs_DOWN_without_binding"
12.8138317073171,12.6160482195122,0.197783487804879,"DEGs_DOWN_without_binding"
11.7741420731707,2.26944163414634,9.50470043902439,"DEGs_DOWN_without_binding"
15.5105570731707,13.9275132926829,1.58304378048781,"DEGs_DOWN_without_binding"
10.4098723658537,4.96809095121951,5.44178141463415,"DEGs_DOWN_without_binding"
14.5445179756098,9.88127614634146,4.66324182926829,"DEGs_DOWN_without_binding"
12.5444724146341,6.85036504878049,5.69410736585366,"DEGs_DOWN_without_binding"
12.0046927560976,4.78557473170732,7.21911802439024,"DEGs_DOWN_without_binding"
2.89174704878049,0.369439317073171,2.52230773170732,"DEGs_DOWN_without_binding"
7.0647736097561,2.09961946341463,4.96515414634146,"DEGs_DOWN_without_binding"
7.17577629268293,3.69469680487805,3.48107948780488,"DEGs_DOWN_without_binding"
14.8620410731707,0.635642341463415,14.2263987317073,"DEGs_DOWN_without_binding"
5.06291743902439,1.57065443902439,3.492263,"DEGs_DOWN_without_binding"
18.3323444878049,9.58331314634146,8.74903134146341,"DEGs_DOWN_without_binding"
8.10149082926829,7.65014497560976,0.451345853658538,"DEGs_DOWN_without_binding"
8.31159956097561,2.56708792682927,5.74451163414634,"DEGs_DOWN_without_binding"
13.0058099756098,4.11050234146341,8.89530763414634,"DEGs_DOWN_without_binding"
11.6825886097561,9.45270982926829,2.22987878048781,"DEGs_DOWN_without_binding"
12.0536473170732,10.958493097561,1.0951542195122,"DEGs_DOWN_without_binding"
11.5609162926829,1.06959285365854,10.4913234390244,"DEGs_DOWN_without_binding"
6.47529034146342,8.95456048780488,-2.47927014634146,"DEGs_DOWN_without_binding"
10.1784327560976,16.396143804878,-6.21771104878049,"DEGs_DOWN_without_binding"
8.56472904878049,12.4618700243902,-3.89714097560976,"DEGs_DOWN_without_binding"
8.99135612195122,15.3026952195122,-6.31133909756097,"DEGs_DOWN_without_binding"
7.78979685365854,10.7820463170732,-2.99224946341463,"DEGs_DOWN_without_binding"
7.2381573902439,11.984836902439,-4.74667951219512,"DEGs_DOWN_without_binding"
3.8283693902439,5.25437163414634,-1.42600224390244,"DEGs_DOWN_without_binding"
6.74157580487805,13.9633370487805,-7.22176124390244,"DEGs_DOWN_without_binding"
7.66585148780488,12.9916352926829,-5.32578380487805,"DEGs_DOWN_without_binding"
6.8591462195122,13.8696845853659,-7.01053836585366,"DEGs_DOWN_without_binding"
10.9361735853659,15.2685311707317,-4.33235758536585,"DEGs_DOWN_without_binding"
6.71921317073171,5.17940680487805,1.53980636585366,"DEGs_DOWN_without_binding"
8.52853131707317,14.9531530243902,-6.42462170731707,"DEGs_DOWN_without_binding"
6.60532687804878,12.4638725365854,-5.85854565853658,"DEGs_DOWN_without_binding"
9.8804072195122,11.7671994878049,-1.88679226829268,"DEGs_DOWN_without_binding"
7.11054953658537,15.6992794634146,-8.58872992682927,"DEGs_DOWN_without_binding"
8.75200202439024,15.8068122439024,-7.05481021951219,"DEGs_DOWN_without_binding"
10.1025803658537,21.4438579268293,-11.3412775609756,"DEGs_DOWN_without_binding"
5.07847024390244,10.761439,-5.68296875609756,"DEGs_DOWN_without_binding"
8.62118958536585,11.3291161219512,-2.70792653658537,"DEGs_DOWN_without_binding"
6.1506896097561,12.442936195122,-6.29224658536585,"DEGs_DOWN_without_binding"
10.6317699512195,9.80222636585366,0.829543585365855,"DEGs_DOWN_without_binding"
10.9655711463415,9.4338076097561,1.53176353658537,"DEGs_DOWN_without_binding"
8.82554326829268,13.5574007560976,-4.73185748780488,"DEGs_DOWN_without_binding"
8.72075151219512,10.6617561463415,-1.94100463414634,"DEGs_DOWN_without_binding"
11.4920687560976,12.4490935121951,-0.95702475609756,"DEGs_DOWN_without_binding"
8.7132602195122,16.2484532682927,-7.53519304878049,"DEGs_DOWN_without_binding"
8.34905814634146,11.4158926097561,-3.06683446341463,"DEGs_DOWN_without_binding"
10.7020848292683,13.2741887804878,-2.57210395121951,"DEGs_DOWN_without_binding"
10.0002855121951,13.3644986097561,-3.36421309756098,"DEGs_DOWN_without_binding"
10.9899396097561,12.704417902439,-1.71447829268293,"DEGs_DOWN_without_binding"
7.80559548780488,10.7541940487805,-2.94859856097561,"DEGs_DOWN_without_binding"
9.06384307317073,7.76445485365854,1.2993882195122,"DEGs_DOWN_without_binding"
6.63290902439024,9.68182180487805,-3.0489127804878,"DEGs_DOWN_without_binding"
14.206678097561,19.8120362926829,-5.60535819512195,"DEGs_DOWN_without_binding"
7.01192573170732,5.84521119512195,1.16671453658537,"DEGs_DOWN_without_binding"
13.0256523170732,14.8601986097561,-1.83454629268293,"DEGs_DOWN_without_binding"
7.97697582926829,4.45511531707317,3.52186051219512,"DEGs_DOWN_without_binding"
11.3591917804878,12.3047006097561,-0.945508829268293,"DEGs_DOWN_without_binding"
7.74981095121951,2.06762568292683,5.68218526829268,"DEGs_DOWN_without_binding"
9.15496870731707,3.67603507317073,5.47893363414634,"DEGs_DOWN_without_binding"
0.0354750243902439,0,0.0354750243902439,"DEGs_DOWN_without_binding"
8.44853878048781,6.48387287804878,1.96466590243902,"DEGs_DOWN_without_binding"
12.5842706097561,7.06802651219512,5.51624409756098,"DEGs_DOWN_without_binding"
10.7360380731707,2.86488302439024,7.87115504878049,"DEGs_DOWN_without_binding"
15.6109319512195,2.12275297560976,13.4881789756098,"DEGs_DOWN_without_binding"
9.00368282926829,1.785665,7.21801782926829,"DEGs_DOWN_without_binding"
11.2950843170732,15.2229487804878,-3.92786446341463,"DEGs_DOWN_without_binding"
7.96373904878049,13.956329195122,-5.99259014634146,"DEGs_DOWN_without_binding"
8.13424502439024,8.54793987804878,-0.413694853658535,"DEGs_DOWN_without_binding"
8.84912690243902,14.789387195122,-5.94026029268293,"DEGs_DOWN_without_binding"
11.9407729756098,15.1846999512195,-3.24392697560976,"DEGs_DOWN_without_binding"
13.5588575365854,9.65577180487805,3.90308573170732,"DEGs_DOWN_without_binding"
14.4886556341463,9.07813802439024,5.4105176097561,"DEGs_DOWN_without_binding"
9.90582824390244,13.580240902439,-3.67441265853659,"DEGs_DOWN_without_binding"
12.8711908292683,12.411692097561,0.459498731707317,"DEGs_DOWN_without_binding"
10.355090195122,13.3193528536585,-2.96426265853658,"DEGs_DOWN_without_binding"
13.1648429512195,16.1691150731707,-3.00427212195122,"DEGs_DOWN_without_binding"
16.7799149268293,15.4186519268293,1.361263,"DEGs_DOWN_without_binding"
7.30662753658537,10.7576094390244,-3.45098190243902,"DEGs_DOWN_without_binding"
9.19179246341463,8.97731517073171,0.214477292682927,"DEGs_DOWN_without_binding"
8.9014666097561,12.7452354878049,-3.84376887804878,"DEGs_DOWN_without_binding"
13.1748062926829,5.74855346341463,7.42625282926829,"DEGs_DOWN_without_binding"
9.92014568292683,5.02487802439024,4.89526765853659,"DEGs_DOWN_without_binding"
7.96752609756098,5.54894858536585,2.41857751219512,"DEGs_DOWN_without_binding"
3.99976265853659,7.54830756097561,-3.54854490243902,"DEGs_DOWN_without_binding"
10.5567090487805,9.87629892682927,0.680410121951221,"DEGs_DOWN_without_binding"
0.938611780487805,0.831421585365854,0.107190195121951,"DEGs_DOWN_without_binding"
2.04629085365854,1.06993809756098,0.976352756097561,"DEGs_DOWN_without_binding"
6.63391931707317,3.13389002439024,3.50002929268293,"DEGs_DOWN_without_binding"
8.51661090243902,3.30131909756098,5.21529180487805,"DEGs_DOWN_without_binding"
6.44151304878049,2.11691746341463,4.32459558536585,"DEGs_DOWN_without_binding"
6.21037265853659,2.45958182926829,3.75079082926829,"DEGs_DOWN_without_binding"
1.65178795121951,0,1.65178795121951,"DEGs_DOWN_without_binding"
4.90937034146341,5.76030495121951,-0.850934609756098,"DEGs_DOWN_without_binding"
7.84503482926829,5.19467873170732,2.65035609756098,"DEGs_DOWN_without_binding"
6.86643492682927,3.68222363414634,3.18421129268293,"DEGs_DOWN_without_binding"
5.96027051219512,7.15100068292683,-1.19073017073171,"DEGs_DOWN_without_binding"
5.56601314634146,10.0356168536585,-4.46960370731707,"DEGs_DOWN_without_binding"
4.82186943902439,6.45350909756098,-1.63163965853659,"DEGs_DOWN_without_binding"
4.25016109756098,6.8898237804878,-2.63966268292683,"DEGs_DOWN_without_binding"
4.86821192682927,8.40933087804878,-3.54111895121951,"DEGs_DOWN_without_binding"
6.09916158536585,8.29999736585366,-2.2008357804878,"DEGs_DOWN_without_binding"
13.987202097561,12.704963,1.28223909756098,"DEGs_DOWN_without_binding"
2.08840912195122,5.45864024390244,-3.37023112195122,"DEGs_DOWN_without_binding"
6.47317668292683,0,6.47317668292683,"DEGs_DOWN_without_binding"
0.940927073170732,1.59971002439024,-0.658782951219512,"DEGs_DOWN_without_binding"
0,2.83689895121951,-2.83689895121951,"DEGs_DOWN_without_binding"
4.58199256097561,6.25722651219512,-1.67523395121951,"DEGs_DOWN_without_binding"
6.96585663414634,10.6300083658537,-3.66415173170732,"DEGs_DOWN_without_binding"
7.88733319512195,10.9581407804878,-3.07080758536585,"DEGs_DOWN_without_binding"
8.05395551219512,4.79887126829268,3.25508424390244,"DEGs_DOWN_without_binding"
6.96885382926829,8.46457351219512,-1.49571968292683,"DEGs_DOWN_without_binding"
5.44788356097561,6.10791009756098,-0.660026536585366,"DEGs_DOWN_without_binding"
9.08142348780488,5.22647880487805,3.85494468292683,"DEGs_DOWN_without_binding"
5.16785224390244,8.062683,-2.89483075609756,"DEGs_DOWN_without_binding"
6.30727297560976,8.97482314634146,-2.66755017073171,"DEGs_DOWN_without_binding"
6.35898985365854,10.6484682439024,-4.2894783902439,"DEGs_DOWN_without_binding"
4.51737341463415,7.82540490243902,-3.30803148780488,"DEGs_DOWN_without_binding"
5.04807973170732,6.94544192682927,-1.89736219512195,"DEGs_DOWN_without_binding"
3.66190992682927,5.75138373170732,-2.08947380487805,"DEGs_DOWN_without_binding"
4.036091,6.70407468292683,-2.66798368292683,"DEGs_DOWN_without_binding"
4.69295931707317,8.40655124390244,-3.71359192682927,"DEGs_DOWN_without_binding"
2.99245063414634,9.63819743902439,-6.64574680487805,"DEGs_DOWN_without_binding"
6.64316756097561,8.27091326829268,-1.62774570731707,"DEGs_DOWN_without_binding"
5.12415046341463,10.8039375853659,-5.67978712195122,"DEGs_DOWN_without_binding"
2.9278686097561,4.66166865853659,-1.73380004878049,"DEGs_DOWN_without_binding"
4.1944567804878,7.2462866097561,-3.05182982926829,"DEGs_DOWN_without_binding"
5.26827912195122,9.89713941463415,-4.62886029268293,"DEGs_DOWN_without_binding"
6.0859817804878,10.877041195122,-4.79105941463415,"DEGs_DOWN_without_binding"
3.49151382926829,5.93899670731707,-2.44748287804878,"DEGs_DOWN_without_binding"
5.64473443902439,8.82344265853659,-3.1787082195122,"DEGs_DOWN_without_binding"
7.49977253658537,8.77912948780488,-1.27935695121951,"DEGs_DOWN_without_binding"
5.46425356097561,8.34730956097561,-2.883056,"DEGs_DOWN_without_binding"
7.71040802439024,8.69331070731707,-0.982902682926829,"DEGs_DOWN_without_binding"
4.16680148780488,3.02256014634146,1.14424134146341,"DEGs_DOWN_without_binding"
6.36784434146341,9.95193565853659,-3.58409131707317,"DEGs_DOWN_without_binding"
6.3092283902439,8.80713431707317,-2.49790592682927,"DEGs_DOWN_without_binding"
6.71137095121951,7.81673663414634,-1.10536568292683,"DEGs_DOWN_without_binding"
6.49256502439024,9.20678241463415,-2.7142173902439,"DEGs_DOWN_without_binding"
5.16153219512195,8.66450846341463,-3.50297626829268,"DEGs_DOWN_without_binding"
3.45049580487805,6.13413995121951,-2.68364414634146,"DEGs_DOWN_without_binding"
5.43571468292683,9.10252195121951,-3.66680726829268,"DEGs_DOWN_without_binding"
7.03669092682927,7.35140514634146,-0.314714219512195,"DEGs_DOWN_without_binding"
5.11383607317073,8.27048278048781,-3.15664670731707,"DEGs_DOWN_without_binding"
4.0449832195122,6.14517131707317,-2.10018809756098,"DEGs_DOWN_without_binding"
5.9855543902439,10.6988284634146,-4.71327407317073,"DEGs_DOWN_without_binding"
5.61988480487805,9.88758368292683,-4.26769887804878,"DEGs_DOWN_without_binding"
4.17744621951219,7.87561448780488,-3.69816826829268,"DEGs_DOWN_without_binding"
6.18515485365854,2.58111148780488,3.60404336585366,"DEGs_DOWN_without_binding"
5.17691434146341,12.6555935609756,-7.4786792195122,"DEGs_DOWN_without_binding"
10.2599791707317,1.56230017073171,8.697679,"DEGs_DOWN_without_binding"
6.70453582926829,7.14104117073171,-0.436505341463415,"DEGs_DOWN_without_binding"
8.62571046341463,3.63075375609756,4.99495670731707,"DEGs_DOWN_without_binding"
6.76757829268293,1.54786417073171,5.21971412195122,"DEGs_DOWN_without_binding"
0.124381585365854,1.885628,-1.76124641463415,"DEGs_DOWN_without_binding"
8.08280087804878,3.51133465853659,4.5714662195122,"DEGs_DOWN_without_binding"
7.78866919512195,8.07246546341463,-0.283796268292683,"DEGs_DOWN_without_binding"
5.92303890243902,3.96151363414634,1.96152526829268,"DEGs_DOWN_without_binding"
3.7041042195122,1.51610812195122,2.18799609756098,"DEGs_DOWN_without_binding"
7.6219762195122,6.71320885365854,0.908767365853659,"DEGs_DOWN_without_binding"
6.02219492682927,3.53205619512195,2.49013873170732,"DEGs_DOWN_without_binding"
7.82171531707317,7.16813048780488,0.653584829268293,"DEGs_DOWN_without_binding"
6.97666114634146,4.75345736585366,2.2232037804878,"DEGs_DOWN_without_binding"
5.39953965853659,2.274341,3.12519865853658,"DEGs_DOWN_without_binding"
9.45986719512195,5.62578704878049,3.83408014634146,"DEGs_DOWN_without_binding"
6.83384324390244,4.58906134146341,2.24478190243902,"DEGs_DOWN_without_binding"
4.32923295121951,4.60108709756098,-0.271854146341464,"DEGs_DOWN_without_binding"
9.038243,6.08245768292683,2.95578531707317,"DEGs_DOWN_without_binding"
11.5623482926829,4.90304968292683,6.6592986097561,"DEGs_DOWN_without_binding"
12.876712195122,9.48257168292683,3.39414051219512,"DEGs_DOWN_without_binding"
6.21151243902439,0,6.21151243902439,"DEGs_DOWN_without_binding"
7.24157356097561,2.09206970731707,5.14950385365854,"DEGs_DOWN_without_binding"
5.27763136585366,5.07439848780488,0.203232878048781,"DEGs_DOWN_without_binding"
2.51076870731707,0,2.51076870731707,"DEGs_DOWN_without_binding"
8.0541043902439,8.31027492682927,-0.256170536585367,"DEGs_DOWN_without_binding"
8.50158978048781,5.55109243902439,2.95049734146341,"DEGs_DOWN_without_binding"
6.93580243902439,6.78695614634146,0.148846292682927,"DEGs_DOWN_without_binding"
7.94191773170732,1.82218046341463,6.11973726829268,"DEGs_DOWN_without_binding"
6.47122080487805,0.718488146341463,5.75273265853659,"DEGs_DOWN_without_binding"
7.19343392682927,4.04075217073171,3.15268175609756,"DEGs_DOWN_without_binding"
4.95117012195122,7.31525292682927,-2.36408280487805,"DEGs_DOWN_without_binding"
7.37296309756098,12.0337415365854,-4.66077843902439,"DEGs_DOWN_without_binding"
2.30801414634146,3.87254634146341,-1.56453219512195,"DEGs_DOWN_without_binding"
7.23769943902439,7.70263565853659,-0.464936219512195,"DEGs_DOWN_without_binding"
5.85735292682927,11.2732060731707,-5.41585314634146,"DEGs_DOWN_without_binding"
5.83808912195122,10.2262023902439,-4.38811326829268,"DEGs_DOWN_without_binding"
7.4638407804878,9.20683173170732,-1.74299095121951,"DEGs_DOWN_without_binding"
6.51553931707317,7.00003885365854,-0.484499536585366,"DEGs_DOWN_without_binding"
5.98116907317073,7.80113007317073,-1.819961,"DEGs_DOWN_without_binding"
6.38897292682927,10.3771263414634,-3.98815341463415,"DEGs_DOWN_without_binding"
5.9739136097561,7.47679492682927,-1.50288131707317,"DEGs_DOWN_without_binding"
6.96499448780488,8.32852041463415,-1.36352592682927,"DEGs_DOWN_without_binding"
4.12294968292683,6.82166724390244,-2.69871756097561,"DEGs_DOWN_without_binding"
3.71252085365854,6.59908785365854,-2.886567,"DEGs_DOWN_without_binding"
4.45602702439024,5.91543936585366,-1.45941234146341,"DEGs_DOWN_without_binding"
5.45005841463415,7.99097114634146,-2.54091273170732,"DEGs_DOWN_without_binding"
6.22240963414634,8.25485187804878,-2.03244224390244,"DEGs_DOWN_without_binding"
7.45147597560976,16.869835,-9.41835902439024,"DEGs_DOWN_without_binding"
5.68856646341463,8.30831365853659,-2.61974719512195,"DEGs_DOWN_without_binding"
6.61602307317073,9.86272931707317,-3.24670624390244,"DEGs_DOWN_without_binding"
3.12736985365854,4.73478592682927,-1.60741607317073,"DEGs_DOWN_without_binding"
5.36472924390244,7.55567885365854,-2.1909496097561,"DEGs_DOWN_without_binding"
6.02572814634146,9.74694104878049,-3.72121290243903,"DEGs_DOWN_without_binding"
4.58553324390244,8.22372587804878,-3.63819263414634,"DEGs_DOWN_without_binding"
4.91293365853659,7.47843124390244,-2.56549758536585,"DEGs_DOWN_without_binding"
4.62349570731707,7.96018870731707,-3.336693,"DEGs_DOWN_without_binding"
2.94815212195122,4.99142951219512,-2.0432773902439,"DEGs_DOWN_without_binding"
3.57944758536585,8.51666321951219,-4.93721563414634,"DEGs_DOWN_without_binding"
6.19380463414634,8.98889119512195,-2.79508656097561,"DEGs_DOWN_without_binding"
5.09672348780488,8.35249136585366,-3.25576787804878,"DEGs_DOWN_without_binding"
5.28062824390244,11.185555902439,-5.90492765853659,"DEGs_DOWN_without_binding"
6.20783192682927,7.46179704878049,-1.25396512195122,"DEGs_DOWN_without_binding"
6.34352173170732,8.49339534146342,-2.1498736097561,"DEGs_DOWN_without_binding"
4.08991302439024,6.3648286097561,-2.27491558536585,"DEGs_DOWN_without_binding"
4.03539175609756,7.55656575609756,-3.521174,"DEGs_DOWN_without_binding"
7.08910568292683,8.64574321951219,-1.55663753658537,"DEGs_DOWN_without_binding"
9.35965580487805,10.114452,-0.754796195121951,"DEGs_DOWN_without_binding"
7.76504595121951,11.5867966097561,-3.82175065853659,"DEGs_DOWN_without_binding"
5.23559914634146,8.89059451219512,-3.65499536585366,"DEGs_DOWN_without_binding"
7.78733682926829,11.7147509756098,-3.92741414634146,"DEGs_DOWN_without_binding"
6.49090587804878,5.72905685365854,0.761849024390243,"DEGs_DOWN_without_binding"
5.46175292682927,6.50036224390244,-1.03860931707317,"DEGs_DOWN_without_binding"
5.33481178048781,8.16786158536585,-2.83304980487805,"DEGs_DOWN_without_binding"
6.40064678048781,8.03740412195122,-1.63675734146341,"DEGs_DOWN_without_binding"
9.89668695121951,11.9083945609756,-2.0117076097561,"DEGs_DOWN_without_binding"
6.37802829268293,9.23752663414634,-2.85949834146342,"DEGs_DOWN_without_binding"
7.75737346341463,7.34264612195122,0.414727341463415,"DEGs_DOWN_without_binding"
5.08279126829268,8.76999607317073,-3.68720480487805,"DEGs_DOWN_without_binding"
6.12216663414634,8.95108195121951,-2.82891531707317,"DEGs_DOWN_without_binding"
6.77505851219512,10.6535430243902,-3.87848451219512,"DEGs_DOWN_without_binding"
5.78536512195122,8.0653552195122,-2.27999009756098,"DEGs_DOWN_without_binding"
5.09285185365854,7.44565741463415,-2.35280556097561,"DEGs_DOWN_without_binding"
6.69169282926829,9.47144382926829,-2.779751,"DEGs_DOWN_without_binding"
6.45587248780488,2.86808646341463,3.58778602439024,"DEGs_DOWN_without_binding"
6.24515290243902,6.28348656097561,-0.0383336585365859,"DEGs_DOWN_without_binding"
8.93430809756098,6.83264195121951,2.10166614634146,"DEGs_DOWN_without_binding"
8.98914543902439,7.22559870731707,1.76354673170732,"DEGs_DOWN_without_binding"
10.2640652682927,4.83106231707317,5.43300295121951,"DEGs_DOWN_without_binding"
8.16658653658537,6.5218546097561,1.64473192682927,"DEGs_DOWN_without_binding"
6.87141682926829,6.53718690243902,0.334229926829269,"DEGs_DOWN_without_binding"
7.23698792682927,4.39316192682927,2.843826,"DEGs_DOWN_without_binding"
5.57520451219512,6.30538012195122,-0.730175609756097,"DEGs_DOWN_without_binding"
8.84302526829268,4.87510558536585,3.96791968292683,"DEGs_DOWN_without_binding"
8.48977943902439,7.38210548780488,1.10767395121951,"DEGs_DOWN_without_binding"
11.7808828292683,11.5393375121951,0.241545317073172,"DEGs_DOWN_without_binding"
9.09641446341463,3.87652973170732,5.21988473170732,"DEGs_DOWN_without_binding"
5.30482436585366,1.47298765853659,3.83183670731707,"DEGs_DOWN_without_binding"
10.2021060243902,3.99901390243902,6.20309212195122,"DEGs_DOWN_without_binding"
9.21170434146341,4.69667885365854,4.51502548780488,"DEGs_DOWN_without_binding"
8.44169743902439,7.75025173170732,0.691445707317072,"DEGs_DOWN_without_binding"
6.93189656097561,3.16538751219512,3.76650904878049,"DEGs_DOWN_without_binding"
9.14229773170732,7.75931829268293,1.38297943902439,"DEGs_DOWN_without_binding"
10.0603562682927,4.24523136585366,5.81512490243902,"DEGs_DOWN_without_binding"
9.40219607317073,2.34972192682927,7.05247414634146,"DEGs_DOWN_without_binding"
8.081231,4.58428897560976,3.49694202439024,"DEGs_DOWN_without_binding"
9.56736919512195,7.55788558536585,2.0094836097561,"DEGs_DOWN_without_binding"
10.154709097561,3.90269373170732,6.25201536585366,"DEGs_DOWN_without_binding"
8.81138492682927,11.0256770243902,-2.21429209756098,"DEGs_DOWN_without_binding"
8.44446163414634,2.95766982926829,5.48679180487805,"DEGs_DOWN_without_binding"
7.31390590243902,3.88126004878049,3.43264585365854,"DEGs_DOWN_without_binding"
7.20740504878049,5.34417231707317,1.86323273170732,"DEGs_DOWN_without_binding"
8.61692858536585,5.42023458536585,3.196694,"DEGs_DOWN_without_binding"
9.20265936585366,4.02807573170732,5.17458363414634,"DEGs_DOWN_without_binding"
8.32939324390244,2.7894122195122,5.53998102439024,"DEGs_DOWN_without_binding"
10.4516674146341,5.22285134146341,5.22881607317073,"DEGs_DOWN_without_binding"
12.0764293414634,5.88391590243902,6.19251343902439,"DEGs_DOWN_without_binding"
10.1447255609756,9.05483807317073,1.08988748780488,"DEGs_DOWN_without_binding"
10.9611354146341,9.4981643902439,1.46297102439024,"DEGs_DOWN_without_binding"
12.8370849512195,13.4044726341463,-0.567387682926828,"DEGs_DOWN_without_binding"
13.0929551707317,3.94175787804878,9.15119729268293,"DEGs_DOWN_without_binding"
8.29231070731707,8.40310656097561,-0.110795853658537,"DEGs_DOWN_without_binding"
6.67263824390244,9.60116390243902,-2.92852565853659,"DEGs_DOWN_without_binding"
6.16031956097561,8.94942775609756,-2.78910819512195,"DEGs_DOWN_without_binding"
5.70058729268293,9.22037270731707,-3.51978541463415,"DEGs_DOWN_without_binding"
7.54148941463415,8.63652224390244,-1.09503282926829,"DEGs_DOWN_without_binding"
4.68005070731707,6.52899963414634,-1.84894892682927,"DEGs_DOWN_without_binding"
9.32590775609756,10.1397059512195,-0.813798195121951,"DEGs_DOWN_without_binding"
8.52220975609756,12.5412833170732,-4.01907356097561,"DEGs_DOWN_without_binding"
9.02335934146342,8.94741748780488,0.0759418536585361,"DEGs_DOWN_without_binding"
6.54372448780488,9.89011380487805,-3.34638931707317,"DEGs_DOWN_without_binding"
6.40758765853659,8.6605556097561,-2.25296795121951,"DEGs_DOWN_without_binding"
6.93392268292683,9.30875780487805,-2.37483512195122,"DEGs_DOWN_without_binding"
6.12883829268293,9.58331602439024,-3.45447773170732,"DEGs_DOWN_without_binding"
5.63625643902439,9.37061990243902,-3.73436346341463,"DEGs_DOWN_without_binding"
5.56011209756098,10.2671664878049,-4.7070543902439,"DEGs_DOWN_without_binding"
6.0391863902439,10.9933985121951,-4.95421212195122,"DEGs_DOWN_without_binding"
6.04901546341463,9.84053143902439,-3.79151597560976,"DEGs_DOWN_without_binding"
6.47720756097561,9.28132480487805,-2.80411724390244,"DEGs_DOWN_without_binding"
4.93556790243902,6.05885973170732,-1.12329182926829,"DEGs_DOWN_without_binding"
4.09063619512195,7.29931095121951,-3.20867475609756,"DEGs_DOWN_without_binding"
5.19630924390244,9.7286093902439,-4.53230014634146,"DEGs_DOWN_without_binding"
7.59575802439024,10.5307873658537,-2.93502934146341,"DEGs_DOWN_without_binding"
6.07267412195122,9.66753370731707,-3.59485958536585,"DEGs_DOWN_without_binding"
6.37508621951219,9.6037582195122,-3.228672,"DEGs_DOWN_without_binding"
5.14006924390244,9.58461570731707,-4.44454646341463,"DEGs_DOWN_without_binding"
5.9478813902439,8.55208858536585,-2.60420719512195,"DEGs_DOWN_without_binding"
5.81358353658537,8.2655566097561,-2.45197307317073,"DEGs_DOWN_without_binding"
7.12233775609756,8.19543526829268,-1.07309751219512,"DEGs_DOWN_without_binding"
7.22310731707317,11.4930289756098,-4.26992165853658,"DEGs_DOWN_without_binding"
6.3388253902439,9.68809524390244,-3.34926985365854,"DEGs_DOWN_without_binding"
7.4898103902439,13.8267163170732,-6.33690592682927,"DEGs_DOWN_without_binding"
5.04704907317073,7.13097295121951,-2.08392387804878,"DEGs_DOWN_without_binding"
6.31791175609756,6.59194607317073,-0.274034317073171,"DEGs_DOWN_without_binding"
5.37926156097561,8.76121951219512,-3.38195795121951,"DEGs_DOWN_without_binding"
6.45066656097561,8.62954190243902,-2.17887534146341,"DEGs_DOWN_without_binding"
6.87686817073171,9.66483807317073,-2.78796990243902,"DEGs_DOWN_without_binding"
7.40754475609756,8.73346409756098,-1.32591934146341,"DEGs_DOWN_without_binding"
8.06264217073171,8.56820534146341,-0.505563170731708,"DEGs_DOWN_without_binding"
5.40694329268293,7.77503217073171,-2.36808887804878,"DEGs_DOWN_without_binding"
8.40029548780488,9.4382573902439,-1.03796190243903,"DEGs_DOWN_without_binding"
5.50063053658537,9.03643992682927,-3.5358093902439,"DEGs_DOWN_without_binding"
4.25863990243902,5.06293873170732,-0.804298829268292,"DEGs_DOWN_without_binding"
4.17181190243902,8.45639402439024,-4.28458212195122,"DEGs_DOWN_without_binding"
5.030073,8.16251804878049,-3.13244504878049,"DEGs_DOWN_without_binding"
5.87492434146341,10.8747084634146,-4.99978412195122,"DEGs_DOWN_without_binding"
1.77381307317073,3.06966968292683,-1.2958566097561,"DEGs_DOWN_without_binding"
6.11860870731707,9.67010402439024,-3.55149531707317,"DEGs_DOWN_without_binding"
5.52648226829268,9.89002426829268,-4.363542,"DEGs_DOWN_without_binding"
4.92740275609756,8.41768675609756,-3.490284,"DEGs_DOWN_without_binding"
4.08340363414634,12.7060567073171,-8.62265307317073,"DEGs_DOWN_without_binding"
5.576555,9.7986336097561,-4.2220786097561,"DEGs_DOWN_without_binding"
6.75797490243902,8.9709073902439,-2.21293248780488,"DEGs_DOWN_without_binding"
5.08321829268293,6.91780253658537,-1.83458424390244,"DEGs_DOWN_without_binding"
7.10373380487805,7.22494573170732,-0.121211926829268,"DEGs_DOWN_without_binding"
7.1799257804878,5.20203231707317,1.97789346341463,"DEGs_DOWN_without_binding"
3.6650943902439,5.86853473170732,-2.20344034146341,"DEGs_DOWN_without_binding"
10.9235157317073,14.7306907560976,-3.80717502439024,"DEGs_DOWN_without_binding"
8.00659287804878,15.6363550487805,-7.62976217073171,"DEGs_DOWN_without_binding"
7.24219675609756,13.9504925609756,-6.70829580487805,"DEGs_DOWN_without_binding"
9.62136551219512,8.3941533902439,1.22721212195122,"DEGs_DOWN_without_binding"
10.1053311463415,7.85388856097561,2.25144258536585,"DEGs_DOWN_without_binding"
10.0019522439024,11.1590744146341,-1.15712217073171,"DEGs_DOWN_without_binding"
15.1152130243902,5.91779390243902,9.19741912195122,"DEGs_DOWN_without_binding"
10.2426724634146,3.81437351219512,6.42829895121951,"DEGs_DOWN_without_binding"
4.40988992682927,5.91567541463415,-1.50578548780488,"DEGs_DOWN_without_binding"
7.01866463414634,5.24308504878049,1.77557958536585,"DEGs_DOWN_without_binding"
4.04753329268293,2.80386385365854,1.24366943902439,"DEGs_DOWN_without_binding"
8.93567019512195,14.8206131463415,-5.88494295121951,"DEGs_DOWN_without_binding"
7.81621287804878,1.66370080487805,6.15251207317073,"DEGs_DOWN_without_binding"
6.92045187804878,4.99652070731707,1.92393117073171,"DEGs_DOWN_without_binding"
10.3432231219512,8.98990492682927,1.35331819512195,"DEGs_DOWN_without_binding"
6.69221263414634,4.95563024390244,1.7365823902439,"DEGs_DOWN_without_binding"
9.3057213902439,3.90871336585366,5.39700802439024,"DEGs_DOWN_without_binding"
5.66409534146341,3.17509385365854,2.48900148780488,"DEGs_DOWN_without_binding"
4.78681029268293,2.37744292682927,2.40936736585366,"DEGs_DOWN_without_binding"
2.90947187804878,0.875606073170732,2.03386580487805,"DEGs_DOWN_without_binding"
6.18906246341463,10.121640097561,-3.93257763414634,"DEGs_DOWN_without_binding"
7.20221890243902,7.58501602439024,-0.38279712195122,"DEGs_DOWN_without_binding"
5.24226278048781,4.02826107317073,1.21400170731707,"DEGs_DOWN_without_binding"
5.86395751219512,9.81551682926829,-3.95155931707317,"DEGs_DOWN_without_binding"
5.14028617073171,8.48191485365854,-3.34162868292683,"DEGs_DOWN_without_binding"
5.44935587804878,8.16213514634146,-2.71277926829268,"DEGs_DOWN_without_binding"
7.92681456097561,6.60285668292683,1.32395787804878,"DEGs_DOWN_without_binding"
3.86286046341463,7.50303136585366,-3.64017090243902,"DEGs_DOWN_without_binding"
6.6863196097561,1.59795687804878,5.08836273170732,"DEGs_DOWN_without_binding"
6.43656165853659,3.25147182926829,3.18508982926829,"DEGs_DOWN_without_binding"
6.5196456097561,10.0213202926829,-3.50167468292683,"DEGs_DOWN_without_binding"
5.13466368292683,4.36255197560976,0.772111707317073,"DEGs_DOWN_without_binding"
6.92164653658537,6.4053917804878,0.516254756097561,"DEGs_DOWN_without_binding"
6.70634258536585,9.48655512195122,-2.78021253658537,"DEGs_DOWN_without_binding"
5.24306353658537,8.78966790243902,-3.54660436585366,"DEGs_DOWN_without_binding"
6.91740419512195,7.67307407317073,-0.75566987804878,"DEGs_DOWN_without_binding"
6.03502187804878,8.70567548780488,-2.6706536097561,"DEGs_DOWN_without_binding"
6.22398697560976,8.84398285365854,-2.61999587804878,"DEGs_DOWN_without_binding"
7.50093985365854,8.83235495121951,-1.33141509756098,"DEGs_DOWN_without_binding"
9.55372656097561,9.85032751219512,-0.296600951219512,"DEGs_DOWN_without_binding"
6.30011529268293,9.50240304878049,-3.20228775609756,"DEGs_DOWN_without_binding"
5.66802648780488,9.49380529268293,-3.82577880487805,"DEGs_DOWN_without_binding"
5.98715663414634,8.95163063414634,-2.964474,"DEGs_DOWN_without_binding"
5.66554248780488,7.98006704878049,-2.31452456097561,"DEGs_DOWN_without_binding"
7.66257887804878,9.79071851219512,-2.12813963414634,"DEGs_DOWN_without_binding"
5.90432809756098,8.346688,-2.44235990243902,"DEGs_DOWN_without_binding"
5.68746512195122,9.43969234146341,-3.7522272195122,"DEGs_DOWN_without_binding"
7.36321314634146,9.13002895121951,-1.76681580487805,"DEGs_DOWN_without_binding"
7.09432753658537,5.84863926829268,1.24568826829268,"DEGs_DOWN_without_binding"
6.35110275609756,9.75808546341463,-3.40698270731707,"DEGs_DOWN_without_binding"
5.92796151219512,8.99293526829268,-3.06497375609756,"DEGs_DOWN_without_binding"
5.48107453658537,6.90865302439024,-1.42757848780488,"DEGs_DOWN_without_binding"
5.07779326829268,6.22196412195122,-1.14417085365854,"DEGs_DOWN_without_binding"
4.51015982926829,7.32497714634146,-2.81481731707317,"DEGs_DOWN_without_binding"
5.83517682926829,9.52856553658536,-3.69338870731707,"DEGs_DOWN_without_binding"
6.72400512195122,11.2795056341463,-4.55550051219512,"DEGs_DOWN_without_binding"
4.83867948780488,5.863956,-1.02527651219512,"DEGs_DOWN_without_binding"
9.15454995121951,11.8425458780488,-2.68799592682927,"DEGs_DOWN_without_binding"
5.05576597560976,8.54564424390244,-3.48987826829268,"DEGs_DOWN_without_binding"
4.6552366097561,7.74647292682927,-3.09123631707317,"DEGs_DOWN_without_binding"
7.62015331707317,9.65349402439024,-2.03334070731707,"DEGs_DOWN_without_binding"
6.9572432195122,6.81028692682927,0.146956292682927,"DEGs_DOWN_without_binding"
5.97928180487805,5.55870431707317,0.420577487804878,"DEGs_DOWN_without_binding"
5.61873356097561,2.72739419512195,2.89133936585366,"DEGs_DOWN_without_binding"
6.37765873170732,9.36580168292683,-2.98814295121951,"DEGs_DOWN_without_binding"
10.2526321219512,6.55523904878049,3.69739307317073,"DEGs_DOWN_without_binding"
5.22347331707317,6.61184651219512,-1.38837319512195,"DEGs_DOWN_without_binding"
6.72530773170732,7.26193358536585,-0.536625853658537,"DEGs_DOWN_without_binding"
7.24255524390244,11.5697673170732,-4.32721207317073,"DEGs_DOWN_without_binding"
6.74667119512195,8.90191943902439,-2.15524824390244,"DEGs_DOWN_without_binding"
6.76600482926829,6.07848097560976,0.687523853658536,"DEGs_DOWN_without_binding"
5.83219895121951,4.26590575609756,1.56629319512195,"DEGs_DOWN_without_binding"
6.93594373170732,9.72103848780488,-2.78509475609756,"DEGs_DOWN_without_binding"
7.81077280487805,9.73666678048781,-1.92589397560976,"DEGs_DOWN_without_binding"
5.1663313902439,3.92330856097561,1.24302282926829,"DEGs_DOWN_without_binding"
6.65858197560976,6.18446609756098,0.474115878048781,"DEGs_DOWN_without_binding"
1.20466690243902,1.18561931707317,0.0190475853658536,"DEGs_DOWN_without_binding"
5.74021585365854,10.2749035609756,-4.53468770731707,"DEGs_DOWN_without_binding"
5.97716529268293,9.56719512195122,-3.59002982926829,"DEGs_DOWN_without_binding"
6.5773097804878,7.53343104878049,-0.956121268292683,"DEGs_DOWN_without_binding"
7.92195951219512,5.16042578048781,2.76153373170732,"DEGs_DOWN_without_binding"
7.23063209756098,7.7351433902439,-0.504511292682928,"DEGs_DOWN_without_binding"
5.635929,4.52091175609756,1.11501724390244,"DEGs_DOWN_without_binding"
4.7111623902439,3.00178580487805,1.70937658536585,"DEGs_DOWN_without_binding"
5.70150912195122,7.46700017073171,-1.76549104878049,"DEGs_DOWN_without_binding"
5.3466153902439,3.65644495121951,1.69017043902439,"DEGs_DOWN_without_binding"
13.3136047317073,0,13.3136047317073,"DEGs_DOWN_without_binding"
5.62224165853659,7.51363348780488,-1.89139182926829,"DEGs_DOWN_without_binding"
6.19949217073171,8.79800556097561,-2.5985133902439,"DEGs_DOWN_without_binding"
7.81069075609756,3.10736824390244,4.70332251219512,"DEGs_DOWN_without_binding"
6.77704617073171,4.47374151219512,2.30330465853659,"DEGs_DOWN_without_binding"
6.09533924390244,4.78720382926829,1.30813541463415,"DEGs_DOWN_without_binding"
13.0402977317073,8.22984263414634,4.81045509756098,"DEGs_DOWN_without_binding"
7.72046265853659,4.77688992682927,2.94357273170732,"DEGs_DOWN_without_binding"
8.98065114634146,9.93908619512195,-0.958435048780489,"DEGs_DOWN_without_binding"
9.32733843902439,7.88782287804878,1.43951556097561,"DEGs_DOWN_without_binding"
10.7028258780488,14.3411034146341,-3.63827753658537,"DEGs_DOWN_without_binding"
1.66788697560976,1.03927292682927,0.628614048780488,"DEGs_DOWN_without_binding"
9.97316604878049,4.53281570731707,5.44035034146342,"DEGs_DOWN_without_binding"
8.04489243902439,2.32060512195122,5.72428731707317,"DEGs_DOWN_without_binding"
6.07500448780488,1.1451502195122,4.92985426829268,"DEGs_DOWN_without_binding"
9.56903273170732,4.73618063414634,4.83285209756098,"DEGs_DOWN_without_binding"
4.67610709756098,1.0383867804878,3.63772031707317,"DEGs_DOWN_without_binding"
7.01045536585366,4.66956529268293,2.34089007317073,"DEGs_DOWN_without_binding"
7.73716153658537,3.34751968292683,4.38964185365854,"DEGs_DOWN_without_binding"
7.57259165853659,3.59941482926829,3.97317682926829,"DEGs_DOWN_without_binding"
5.54529414634146,1.09083595121951,4.45445819512195,"DEGs_DOWN_without_binding"
1.65901697560976,1.20588768292683,0.453129292682927,"DEGs_DOWN_without_binding"
19.5940130731707,12.0194272195122,7.57458585365854,"DEGs_DOWN_without_binding"
3.5601167804878,4.14772141463415,-0.587604634146341,"DEGs_DOWN_without_binding"
6.94699912195122,7.82670592682927,-0.879706804878048,"DEGs_DOWN_without_binding"
8.58801312195122,17.6190843902439,-9.03107126829268,"DEGs_DOWN_without_binding"
7.78679926829268,8.07062087804878,-0.283821609756098,"DEGs_DOWN_without_binding"
11.3391515853659,11.1556193414634,0.183532243902439,"DEGs_DOWN_without_binding"
10.0316378536585,14.4004702195122,-4.36883236585366,"DEGs_DOWN_without_binding"
3.95998180487805,3.60762397560976,0.352357829268293,"DEGs_DOWN_without_binding"
10.273591,15.045414,-4.771823,"DEGs_DOWN_without_binding"
4.62767463414634,10.4721026829268,-5.84442804878049,"DEGs_DOWN_without_binding"
13.0366527317073,9.75931229268293,3.27734043902439,"DEGs_DOWN_without_binding"
0.715285853658537,1.70876585365854,-0.99348,"DEGs_DOWN_without_binding"
8.5017906097561,10.995838097561,-2.49404748780488,"DEGs_DOWN_without_binding"
7.6624656097561,7.82996812195122,-0.167502512195123,"DEGs_DOWN_without_binding"
7.90345882926829,11.2069177804878,-3.30345895121951,"DEGs_DOWN_without_binding"
9.79373178048781,12.9579983658537,-3.16426658536585,"DEGs_DOWN_without_binding"
5.66880134146341,3.737511,1.93129034146341,"DEGs_DOWN_without_binding"
8.24201268292683,3.47168468292683,4.770328,"DEGs_DOWN_without_binding"
12.1721486341463,10.6943027073171,1.47784592682927,"DEGs_DOWN_without_binding"
9.57835358536585,8.31306368292683,1.26528990243902,"DEGs_DOWN_without_binding"
13.9223232682927,3.76293741463415,10.1593858536585,"DEGs_DOWN_without_binding"
10.2366913414634,3.4545663902439,6.78212495121951,"DEGs_DOWN_without_binding"
17.78381,12.3667533170732,5.41705668292683,"DEGs_DOWN_without_binding"
13.4448611707317,5.021071,8.42379017073171,"DEGs_DOWN_without_binding"
15.5367372195122,4.55086319512195,10.9858740243902,"DEGs_DOWN_without_binding"
13.5047343170732,4.12245019512195,9.38228412195122,"DEGs_DOWN_without_binding"
10.4452182195122,14.6528171707317,-4.20759895121951,"DEGs_DOWN_without_binding"
13.0019035121951,14.1397481707317,-1.13784465853658,"DEGs_DOWN_without_binding"
11.0097590487805,8.93506512195122,2.07469392682927,"DEGs_DOWN_without_binding"
15.025697,10.5091893658537,4.51650763414634,"DEGs_DOWN_without_binding"
6.38987273170732,6.60698095121951,-0.217108219512195,"DEGs_DOWN_without_binding"
13.7402973170732,13.9395396097561,-0.199242292682927,"DEGs_DOWN_without_binding"
12.7781792682927,12.5083237317073,0.269855536585364,"DEGs_DOWN_without_binding"
8.06736448780488,15.5926366829268,-7.52527219512195,"DEGs_DOWN_without_binding"
11.0275527317073,18.9566063902439,-7.92905365853658,"DEGs_DOWN_without_binding"
12.7429983414634,18.8908545121951,-6.14785617073171,"DEGs_DOWN_without_binding"
10.902338195122,18.0457209512195,-7.14338275609756,"DEGs_DOWN_without_binding"
6.496681,1.23160246341463,5.26507853658537,"DEGs_DOWN_without_binding"
10.5918094390244,11.4762857560976,-0.884476317073171,"DEGs_DOWN_without_binding"
10.4123331707317,10.8110283414634,-0.398695170731708,"DEGs_DOWN_without_binding"
12.7355161219512,15.2293734390244,-2.49385731707317,"DEGs_DOWN_without_binding"
10.924551097561,17.3854119756098,-6.46086087804878,"DEGs_DOWN_without_binding"
8.44795836585366,14.825018097561,-6.37705973170732,"DEGs_DOWN_without_binding"
10.7557288292683,14.3596708780488,-3.60394204878049,"DEGs_DOWN_without_binding"
13.4178083170732,12.061309804878,1.35649851219512,"DEGs_DOWN_without_binding"
13.4215432195122,10.5050452682927,2.91649795121951,"DEGs_DOWN_without_binding"
12.8319725853659,10.4933556097561,2.33861697560976,"DEGs_DOWN_without_binding"
11.006529804878,14.9927175365854,-3.98618773170732,"DEGs_DOWN_without_binding"
10.4537886097561,9.23452790243902,1.21926070731707,"DEGs_DOWN_without_binding"
10.0105934390244,9.69144073170732,0.319152707317073,"DEGs_DOWN_without_binding"
14.5247237317073,15.9820013902439,-1.45727765853658,"DEGs_DOWN_without_binding"
10.456304804878,14.2751338780488,-3.81882907317073,"DEGs_DOWN_without_binding"
12.5762940487805,16.621999804878,-4.04570575609756,"DEGs_DOWN_without_binding"
10.6895952926829,16.7488361707317,-6.05924087804878,"DEGs_DOWN_without_binding"
9.90801863414634,17.140274195122,-7.23225556097561,"DEGs_DOWN_without_binding"
9.85912243902439,14.8745942195122,-5.01547178048781,"DEGs_DOWN_without_binding"
10.6140167073171,16.1295033658537,-5.51548665853658,"DEGs_DOWN_without_binding"
14.708352902439,17.6485775609756,-2.94022465853659,"DEGs_DOWN_without_binding"
9.8408436097561,14.8588027073171,-5.01795909756098,"DEGs_DOWN_without_binding"
11.1784542195122,15.3885785121951,-4.21012429268293,"DEGs_DOWN_without_binding"
12.2364806829268,11.5776286097561,0.658852073170733,"DEGs_DOWN_without_binding"
15.7562477073171,15.5789449756098,0.177302731707316,"DEGs_DOWN_without_binding"
12.6443708536585,14.2969981463415,-1.65262729268293,"DEGs_DOWN_without_binding"
13.7811132926829,18.9284256585366,-5.14731236585366,"DEGs_DOWN_without_binding"
10.5008171463415,17.5507763902439,-7.04995924390244,"DEGs_DOWN_without_binding"
10.026920195122,10.9320637804878,-0.905143585365854,"DEGs_DOWN_without_binding"
12.1505436585366,12.3675692682927,-0.217025609756098,"DEGs_DOWN_without_binding"
19.5552541219512,9.65312997560976,9.90212414634146,"DEGs_DOWN_without_binding"
10.6411997560976,3.8668133902439,6.77438636585366,"DEGs_DOWN_without_binding"
10.2139715853659,5.61953197560976,4.5944396097561,"DEGs_DOWN_without_binding"
13.1531302439024,13.9995370487805,-0.846406804878049,"DEGs_DOWN_without_binding"
12.2761995365854,12.6044344878049,-0.328234951219512,"DEGs_DOWN_without_binding"
9.67774636585366,7.27385143902439,2.40389492682927,"DEGs_DOWN_without_binding"
13.160023,13.6991800243902,-0.539157024390242,"DEGs_DOWN_without_binding"
11.849158,17.0485759512195,-5.19941795121951,"DEGs_DOWN_without_binding"
11.0309012682927,10.0852464878049,0.945654780487805,"DEGs_DOWN_without_binding"
16.3052647560976,9.19887548780488,7.10638926829268,"DEGs_DOWN_without_binding"
11.6301481707317,8.73904192682927,2.89110624390244,"DEGs_DOWN_without_binding"
14.9514942926829,8.76840014634146,6.18309414634146,"DEGs_DOWN_without_binding"
10.5498783902439,9.59295063414634,0.956927756097562,"DEGs_DOWN_without_binding"
10.3954865121951,6.923123,3.47236351219512,"DEGs_DOWN_without_binding"
11.6132839756098,9.11281695121951,2.50046702439024,"DEGs_DOWN_without_binding"
15.7909763170732,3.03389690243902,12.7570794146341,"DEGs_DOWN_without_binding"
8.08284246341463,3.56436836585366,4.51847409756098,"DEGs_DOWN_without_binding"
10.3455289268293,11.1824360487805,-0.836907121951221,"DEGs_DOWN_without_binding"
11.4606991463415,17.6461076341463,-6.18540848780488,"DEGs_DOWN_without_binding"
13.3875890243902,12.2881090731707,1.09947995121951,"DEGs_DOWN_without_binding"
11.0459161219512,18.3512569512195,-7.30534082926829,"DEGs_DOWN_without_binding"
12.9030097804878,21.6599628292683,-8.75695304878049,"DEGs_DOWN_without_binding"
14.6649536829268,8.23375565853659,6.43119802439024,"DEGs_DOWN_without_binding"
14.0667412926829,7.85506041463415,6.21168087804878,"DEGs_DOWN_without_binding"
9.86985092682927,10.298394097561,-0.428543170731707,"DEGs_DOWN_without_binding"
2.21919168292683,5.08064278048781,-2.86145109756098,"DEGs_DOWN_without_binding"
12.543445902439,9.14087709756098,3.40256880487805,"DEGs_DOWN_without_binding"
9.57727112195122,11.2590390731707,-1.68176795121951,"DEGs_DOWN_without_binding"
13.8234248780488,19.2472423658537,-5.42381748780488,"DEGs_DOWN_without_binding"
14.7720537317073,16.0499649756098,-1.27791124390244,"DEGs_DOWN_without_binding"
20.2946049512195,8.102678,12.1919269512195,"DEGs_DOWN_without_binding"
15.4609860731707,8.81013951219512,6.65084656097561,"DEGs_DOWN_without_binding"
17.5150392195122,12.7502316829268,4.76480753658537,"DEGs_DOWN_without_binding"
17.2931643414634,13.1753086585366,4.11785568292683,"DEGs_DOWN_without_binding"
12.5957657804878,10.6904263170732,1.90533946341463,"DEGs_DOWN_without_binding"
14.9743455853659,20.3424564390244,-5.36811085365854,"DEGs_DOWN_without_binding"
16.0125742195122,17.31351,-1.30093578048781,"DEGs_DOWN_without_binding"
22.5350095121951,15.859141195122,6.67586831707317,"DEGs_DOWN_without_binding"
16.2776276097561,13.7306194390244,2.54700817073171,"DEGs_DOWN_without_binding"
14.7909672195122,14.4195403414634,0.37142687804878,"DEGs_DOWN_without_binding"
21.7094332926829,23.8691854390244,-2.15975214634146,"DEGs_DOWN_without_binding"
5.54424504878049,13.171835097561,-7.62759004878049,"DEGs_DOWN_without_binding"
6.18466565853659,2.37069382926829,3.81397182926829,"DEGs_DOWN_without_binding"
7.51152931707317,3.28437763414634,4.22715168292683,"DEGs_DOWN_without_binding"
10.4122107317073,2.66179748780488,7.75041324390244,"DEGs_DOWN_without_binding"
4.66393458536585,0.991954804878049,3.6719797804878,"DEGs_DOWN_without_binding"
4.01435229268293,2.60400365853659,1.41034863414634,"DEGs_DOWN_without_binding"
8.28361531707317,2.74266195121951,5.54095336585366,"DEGs_DOWN_without_binding"
11.2694437073171,3.36117534146341,7.90826836585366,"DEGs_DOWN_without_binding"
10.6016357073171,8.45337543902439,2.14826026829268,"DEGs_DOWN_without_binding"
4.72557390243902,0,4.72557390243902,"DEGs_DOWN_without_binding"
3.80763036585366,2.25359821951219,1.55403214634146,"DEGs_DOWN_without_binding"
8.34316517073171,1.26792675609756,7.07523841463415,"DEGs_DOWN_without_binding"
3.19827314634146,1.16745943902439,2.03081370731707,"DEGs_DOWN_without_binding"
13.1996464146341,3.36858770731707,9.83105870731707,"DEGs_DOWN_without_binding"
5.4114172195122,2.21035829268293,3.20105892682927,"DEGs_DOWN_without_binding"
8.12567724390244,3.92316568292683,4.20251156097561,"DEGs_DOWN_without_binding"
13.3447448780488,10.1725216341463,3.17222324390244,"DEGs_DOWN_without_binding"
3.99579102439024,1.27239295121951,2.72339807317073,"DEGs_DOWN_without_binding"
2.61032595121951,1.33073226829268,1.27959368292683,"DEGs_DOWN_without_binding"
7.24577392682927,2.51300480487805,4.73276912195122,"DEGs_DOWN_without_binding"
4.8273103902439,3.88879404878049,0.938516341463415,"DEGs_DOWN_without_binding"
10.118494,7.39983258536585,2.71866141463415,"DEGs_DOWN_without_binding"
8.06738390243902,3.36976090243902,4.697623,"DEGs_DOWN_without_binding"
7.34913356097561,2.25867726829268,5.09045629268293,"DEGs_DOWN_without_binding"
8.25458417073171,2.58480792682927,5.66977624390244,"DEGs_DOWN_without_binding"
9.03059614634146,3.98475856097561,5.04583758536585,"DEGs_DOWN_without_binding"
9.56758829268293,2.68404431707317,6.88354397560976,"DEGs_DOWN_without_binding"
10.3561344634146,9.48039712195122,0.875737341463415,"DEGs_DOWN_without_binding"
5.49718292682927,8.26726090243903,-2.77007797560976,"DEGs_DOWN_without_binding"
10.1885126341463,7.03068529268293,3.15782734146342,"DEGs_DOWN_without_binding"
4.91400380487805,3.051584,1.86241980487805,"DEGs_DOWN_without_binding"
9.51058587804878,10.5316504146341,-1.02106453658537,"DEGs_DOWN_without_binding"
11.002006,5.27684490243902,5.72516109756098,"DEGs_DOWN_without_binding"
6.75327136585366,4.17383207317073,2.57943929268293,"DEGs_DOWN_without_binding"
3.02003253658537,6.53816007317073,-3.51812753658537,"DEGs_DOWN_without_binding"
1.7326586097561,3.1034133902439,-1.3707547804878,"DEGs_DOWN_without_binding"
9.72819407317073,5.70094702439024,4.02724704878049,"DEGs_DOWN_without_binding"
0.0835814634146342,0.168218512195122,-0.0846370487804878,"DEGs_DOWN_without_binding"
5.90115390243902,5.50072612195122,0.400427780487805,"DEGs_DOWN_without_binding"
5.92739202439024,2.68498229268293,3.24240973170732,"DEGs_DOWN_without_binding"
7.58887734146341,8.33230263414634,-0.743425292682926,"DEGs_DOWN_without_binding"
8.99798790243903,10.9872305365854,-1.98924263414634,"DEGs_DOWN_without_binding"
5.99585187804878,4.26400221951219,1.73184965853659,"DEGs_DOWN_without_binding"
9.17165795121951,8.83338226829268,0.338275682926829,"DEGs_DOWN_without_binding"
9.05005046341463,4.8005482195122,4.24950224390244,"DEGs_DOWN_without_binding"
3.47809868292683,0.433097634146341,3.04500104878049,"DEGs_DOWN_without_binding"
8.26510941463415,2.76327895121951,5.50183046341463,"DEGs_DOWN_without_binding"
5.28143473170732,2.97379917073171,2.30763556097561,"DEGs_DOWN_without_binding"
8.75562604878049,3.06665868292683,5.68896736585366,"DEGs_DOWN_without_binding"
5.74931480487805,1.69799895121951,4.05131585365854,"DEGs_DOWN_without_binding"
5.86212395121951,3.43302492682927,2.42909902439024,"DEGs_DOWN_without_binding"
5.50246807317073,0.545009707317073,4.95745836585366,"DEGs_DOWN_without_binding"
5.22892865853659,0.383269097560976,4.84565956097561,"DEGs_DOWN_without_binding"
14.7971532439024,16.8448356585366,-2.04768241463415,"DEGs_DOWN_without_binding"
2.99490785365854,2.81581007317073,0.179097780487805,"DEGs_DOWN_without_binding"
15.8257281707317,25.7232715365854,-9.89754336585366,"DEGs_DOWN_without_binding"
22.8898899512195,9.08137146341463,13.8085184878049,"DEGs_DOWN_without_binding"
14.621023,22.9804782682927,-8.35945526829268,"DEGs_DOWN_without_binding"
13.4215588536585,23.5020833658537,-10.0805245121951,"DEGs_DOWN_without_binding"
18.1867672926829,30.7412813902439,-12.554514097561,"DEGs_DOWN_without_binding"
9.05511019512195,8.84874104878049,0.206369146341464,"DEGs_DOWN_without_binding"
21.9946622926829,19.7458034878049,2.24885880487805,"DEGs_DOWN_without_binding"
13.1829216097561,15.1078663902439,-1.9249447804878,"DEGs_DOWN_without_binding"
7.46534109756098,7.51240843902439,-0.0470673414634142,"DEGs_DOWN_without_binding"
15.4349191707317,10.7387423170732,4.69617685365854,"DEGs_DOWN_without_binding"
13.4057441219512,9.31158412195122,4.09416,"DEGs_DOWN_without_binding"
16.4923620243902,4.11158636585366,12.3807756585366,"DEGs_DOWN_without_binding"
17.9899064878049,5.20203580487805,12.7878706829268,"DEGs_DOWN_without_binding"
13.3882276097561,14.9382016829268,-1.54997407317073,"DEGs_DOWN_without_binding"
16.1939768780488,18.6104494390244,-2.41647256097561,"DEGs_DOWN_without_binding"
22.5337934878049,18.131961902439,4.40183158536585,"DEGs_DOWN_without_binding"
8.76768736585366,15.8082143170732,-7.04052695121951,"DEGs_DOWN_without_binding"
10.7759536097561,17.9974738292683,-7.2215202195122,"DEGs_DOWN_without_binding"
13.7147948536585,8.4134263902439,5.30136846341463,"DEGs_DOWN_without_binding"
12.8430319756098,7.70011056097561,5.14292141463415,"DEGs_DOWN_without_binding"
11.7268038780488,4.42316265853659,7.30364121951219,"DEGs_DOWN_without_binding"
11.974386,3.2287622195122,8.7456237804878,"DEGs_DOWN_without_binding"
3.63652856097561,3.99181626829268,-0.355287707317073,"DEGs_DOWN_without_binding"
20.8276551707317,6.59020641463415,14.2374487560976,"DEGs_DOWN_without_binding"
17.4570327073171,8.795169,8.66186370731707,"DEGs_DOWN_without_binding"
21.0541648292683,17.8162461219512,3.23791870731707,"DEGs_DOWN_without_binding"
20.4265100731707,10.5616884146341,9.86482165853659,"DEGs_DOWN_without_binding"
13.5379604390244,11.2825854634146,2.25537497560976,"DEGs_DOWN_without_binding"
13.837648902439,29.6716749756098,-15.8340260731707,"DEGs_DOWN_without_binding"
16.3424626829268,17.200317097561,-0.857854414634147,"DEGs_DOWN_without_binding"
5.70077087804878,6.37037134146341,-0.669600463414634,"DEGs_DOWN_without_binding"
7.67737214634146,6.99025336585366,0.687118780487805,"DEGs_DOWN_without_binding"
8.98109070731707,7.463542,1.51754870731707,"DEGs_DOWN_without_binding"
8.60348612195122,7.3094116097561,1.29407451219512,"DEGs_DOWN_without_binding"
3.16379829268293,4.56464992682927,-1.40085163414634,"DEGs_DOWN_without_binding"
8.04307297560976,13.3003673414634,-5.25729436585366,"DEGs_DOWN_without_binding"
8.37701904878049,8.18326895121951,0.193750097560976,"DEGs_DOWN_without_binding"
8.14213812195122,11.4770470487805,-3.33490892682927,"DEGs_DOWN_without_binding"
10.2889937804878,8.30050746341463,1.98848631707317,"DEGs_DOWN_without_binding"
11.4161115609756,11.7792197560976,-0.363108195121951,"DEGs_DOWN_without_binding"
9.52260392682927,3.2548033902439,6.26780053658537,"DEGs_DOWN_without_binding"
9.40176624390244,6.84552595121951,2.55624029268293,"DEGs_DOWN_without_binding"
8.37510251219512,2.66071712195122,5.7143853902439,"DEGs_DOWN_without_binding"
9.57841931707317,7.18110734146341,2.39731197560976,"DEGs_DOWN_without_binding"
7.54602812195122,1.59423419512195,5.95179392682927,"DEGs_DOWN_without_binding"
5.81654212195122,1.72483582926829,4.09170629268293,"DEGs_DOWN_without_binding"
3.92307719512195,1.14974407317073,2.77333312195122,"DEGs_DOWN_without_binding"
10.6508664390244,5.6336636097561,5.01720282926829,"DEGs_DOWN_without_binding"
8.87646902439024,5.09739012195122,3.77907890243903,"DEGs_DOWN_without_binding"
12.675002097561,4.03528736585366,8.63971473170732,"DEGs_DOWN_without_binding"
23.4152073902439,16.2364877317073,7.17871965853659,"DEGs_DOWN_without_binding"
19.5351632439024,6.13213892682927,13.4030243170732,"DEGs_DOWN_without_binding"
23.942916804878,11.9505995121951,11.9923172926829,"DEGs_DOWN_without_binding"
18.1224365853659,5.72990148780488,12.392535097561,"DEGs_DOWN_without_binding"
18.0450555853659,17.7572078536585,0.28784773170732,"DEGs_DOWN_without_binding"
17.0108139512195,9.32167597560976,7.68913797560976,"DEGs_DOWN_without_binding"
30.2930976829268,16.6817274634146,13.6113702195122,"DEGs_DOWN_without_binding"
11.5509323658537,4.89278851219512,6.65814385365854,"DEGs_DOWN_without_binding"
17.2189167804878,14.8623527804878,2.356564,"DEGs_DOWN_without_binding"
9.75559468292683,3.10519765853659,6.65039702439024,"DEGs_DOWN_without_binding"
20.7578915853659,5.59134092682927,15.1665506585366,"DEGs_DOWN_without_binding"
2.1717126097561,2.43265490243902,-0.260942292682927,"DEGs_DOWN_without_binding"
15.8076447073171,5.27238114634146,10.5352635609756,"DEGs_DOWN_without_binding"
12.7432479756098,11.0722767317073,1.67097124390244,"DEGs_DOWN_without_binding"
11.0511401463415,7.85136104878049,3.19977909756098,"DEGs_DOWN_without_binding"
13.2482483170732,4.05042519512195,9.19782312195122,"DEGs_DOWN_without_binding"
11.902315,8.74175241463415,3.16056258536585,"DEGs_DOWN_without_binding"
14.3577828292683,6.81192390243902,7.54585892682927,"DEGs_DOWN_without_binding"
10.2574775121951,1.89846402439024,8.35901348780488,"DEGs_DOWN_without_binding"
8.64493148780488,3.93333575609756,4.71159573170732,"DEGs_DOWN_without_binding"
13.4175857560976,5.92695907317073,7.49062668292683,"DEGs_DOWN_without_binding"
4.00875851219512,0.931869902439024,3.0768886097561,"DEGs_DOWN_without_binding"
9.83890156097561,1.03642117073171,8.8024803902439,"DEGs_DOWN_without_binding"
17.3503329756098,7.39994504878049,9.95038792682927,"DEGs_DOWN_without_binding"
16.0792058292683,10.6855584146341,5.39364741463415,"DEGs_DOWN_without_binding"
9.02680619512195,4.83941587804878,4.18739031707317,"DEGs_DOWN_without_binding"
12.4037874878049,3.57009924390244,8.83368824390244,"DEGs_DOWN_without_binding"
11.3925678780488,7.61308595121951,3.77948192682927,"DEGs_DOWN_without_binding"
17.2304765853659,3.56489890243902,13.6655776829268,"DEGs_DOWN_without_binding"
18.6952264146341,7.55941107317073,11.1358153414634,"DEGs_DOWN_without_binding"
17.5780819268293,18.3449076341463,-0.766825707317075,"DEGs_DOWN_without_binding"
17.3960924390244,19.4401149268293,-2.04402248780488,"DEGs_DOWN_without_binding"
4.92148692682927,5.64968148780488,-0.72819456097561,"DEGs_DOWN_without_binding"
6.3845606097561,5.52260770731707,0.861952902439024,"DEGs_DOWN_without_binding"
14.0049936585366,17.6244925121951,-3.61949885365854,"DEGs_DOWN_without_binding"
10.6734762439024,20.1122712439024,-9.438795,"DEGs_DOWN_without_binding"
15.2642396341463,23.1481787317073,-7.88393909756098,"DEGs_DOWN_without_binding"
15.2299454390244,15.7608389756098,-0.530893536585365,"DEGs_DOWN_without_binding"
12.8737642439024,13.5194183658537,-0.645654121951219,"DEGs_DOWN_without_binding"
8.62746990243902,7.30981504878049,1.31765485365854,"DEGs_DOWN_without_binding"
9.00841107317073,9.5392012195122,-0.530790146341463,"DEGs_DOWN_without_binding"
5.44460053658537,10.864184804878,-5.41958426829268,"DEGs_DOWN_without_binding"
15.7277724878049,9.3072313902439,6.42054109756097,"DEGs_DOWN_without_binding"
18.9852651707317,9.81963665853659,9.16562851219512,"DEGs_DOWN_without_binding"
2.88842726829268,4.92951085365854,-2.04108358536585,"DEGs_DOWN_without_binding"
16.0822826097561,8.13884370731707,7.94343890243903,"DEGs_DOWN_without_binding"
12.362653902439,4.40297524390244,7.95967865853659,"DEGs_DOWN_without_binding"
9.67734646341463,4.03730343902439,5.64004302439024,"DEGs_DOWN_without_binding"
13.7306551219512,7.99500504878049,5.73565007317073,"DEGs_DOWN_without_binding"
13.6743036585366,6.38248536585366,7.29181829268293,"DEGs_DOWN_without_binding"
10.7843292682927,3.2209003902439,7.56342887804878,"DEGs_DOWN_without_binding"
19.8414565365854,7.6353536097561,12.2061029268293,"DEGs_DOWN_without_binding"
4.71981397560976,3.86183143902439,0.857982536585366,"DEGs_DOWN_without_binding"
15.3117136585366,4.42441048780488,10.8873031707317,"DEGs_DOWN_without_binding"
14.7342435121951,16.856792097561,-2.12254858536585,"DEGs_DOWN_without_binding"
12.7348292682927,14.1424604634146,-1.40763119512195,"DEGs_DOWN_without_binding"
6.38178073170732,2.40358043902439,3.97820029268293,"DEGs_DOWN_without_binding"
15.3747976585366,21.538935195122,-6.16413753658537,"DEGs_DOWN_without_binding"
11.0174446341463,7.06055963414634,3.956885,"DEGs_DOWN_without_binding"
7.49293480487805,4.96946104878049,2.52347375609756,"DEGs_DOWN_without_binding"
12.6275484878049,13.7683171707317,-1.14076868292683,"DEGs_DOWN_without_binding"
16.9625666829268,12.0849053658537,4.87766131707317,"DEGs_DOWN_without_binding"
10.9571796829268,4.46528553658537,6.49189414634146,"DEGs_DOWN_without_binding"
19.6504625365854,3.2463276097561,16.4041349268293,"DEGs_DOWN_without_binding"
10.3377070731707,7.43233280487805,2.90537426829268,"DEGs_DOWN_without_binding"
10.7492265365854,19.4220327317073,-8.67280619512195,"DEGs_DOWN_without_binding"
12.9322205121951,12.7435777560976,0.188642756097559,"DEGs_DOWN_without_binding"
13.2987749268293,12.6009689756098,0.697805951219511,"DEGs_DOWN_without_binding"
13.0256397073171,8.07292573170732,4.95271397560976,"DEGs_DOWN_without_binding"
14.2519725853659,10.6639508536585,3.58802173170732,"DEGs_DOWN_without_binding"
14.1890622439024,16.3665221463415,-2.17745990243902,"DEGs_DOWN_without_binding"
11.2552316829268,21.2592683902439,-10.0040367073171,"DEGs_DOWN_without_binding"
8.799011,18.2064928780488,-9.40748187804878,"DEGs_DOWN_without_binding"
16.1658769512195,16.1325750731707,0.0333018780487819,"DEGs_DOWN_without_binding"
13.0397393658537,16.8286373902439,-3.78889802439024,"DEGs_DOWN_without_binding"
11.7171194146341,8.83044702439024,2.8866723902439,"DEGs_DOWN_without_binding"
13.0149905609756,10.9602134634146,2.05477709756098,"DEGs_DOWN_without_binding"
12.0192153902439,5.94350129268293,6.07571409756097,"DEGs_DOWN_without_binding"
13.9781636341463,3.27581473170732,10.702348902439,"DEGs_DOWN_without_binding"
12.861415902439,6.14091817073171,6.72049773170732,"DEGs_DOWN_without_binding"
8.85235980487805,5.90807836585366,2.94428143902439,"DEGs_DOWN_without_binding"
13.6281727073171,6.56146536585366,7.06670734146341,"DEGs_DOWN_without_binding"
13.2467590243902,4.92227470731707,8.32448431707317,"DEGs_DOWN_without_binding"
16.5207602682927,2.86382731707317,13.6569329512195,"DEGs_DOWN_without_binding"
16.029935195122,18.8587843414634,-2.82884914634147,"DEGs_DOWN_without_binding"
19.5206203902439,14.9453798536585,4.57524053658537,"DEGs_DOWN_without_binding"
11.4604387073171,3.72059197560976,7.73984673170732,"DEGs_DOWN_without_binding"
13.7738482195122,13.265069195122,0.508779024390245,"DEGs_DOWN_without_binding"
10.8955562926829,5.068662,5.82689429268293,"DEGs_DOWN_without_binding"
14.5468987560976,21.0777371219512,-6.53083836585366,"DEGs_DOWN_without_binding"
17.6910604634146,12.4208483170732,5.27021214634146,"DEGs_DOWN_without_binding"
18.515358804878,10.1664530731707,8.34890573170732,"DEGs_DOWN_without_binding"
16.0095771707317,7.8933992195122,8.11617795121951,"DEGs_DOWN_without_binding"
9.08047612195122,3.94273931707317,5.13773680487805,"DEGs_DOWN_without_binding"
14.5297199756098,10.8899932682927,3.63972670731707,"DEGs_DOWN_without_binding"
16.0858912926829,10.1793621219512,5.90652917073171,"DEGs_DOWN_without_binding"
12.0553232439024,29.5708004390244,-17.5154771951219,"DEGs_DOWN_without_binding"
14.9349737804878,3.81271551219512,11.1222582682927,"DEGs_DOWN_without_binding"
16.6528653414634,5.1349066097561,11.5179587317073,"DEGs_DOWN_without_binding"
22.0320894878049,9.33855973170732,12.6935297560976,"DEGs_DOWN_without_binding"
14.3500544146341,8.4128593902439,5.93719502439024,"DEGs_DOWN_without_binding"
20.7604164878049,12.0898253414634,8.67059114634146,"DEGs_DOWN_without_binding"
18.4284408292683,11.8583316829268,6.57010914634146,"DEGs_DOWN_without_binding"
14.9836045853659,12.5763146341463,2.40728995121951,"DEGs_DOWN_without_binding"
13.9893897073171,10.4448814146341,3.54450829268293,"DEGs_DOWN_without_binding"
9.74921097560976,5.35950314634146,4.38970782926829,"DEGs_DOWN_without_binding"
1.86566351219512,0.893766756097561,0.971896756097561,"DEGs_DOWN_without_binding"
17.4250758292683,11.3527109268293,6.07236490243902,"DEGs_DOWN_without_binding"
15.588722804878,7.02050936585366,8.56821343902439,"DEGs_DOWN_without_binding"
14.9121456829268,10.7645210487805,4.14762463414634,"DEGs_DOWN_without_binding"
7.09491314634146,1.57835282926829,5.51656031707317,"DEGs_DOWN_without_binding"
17.054391195122,9.37487195121951,7.67951924390244,"DEGs_DOWN_without_binding"
16.0016037317073,7.50950619512195,8.49209753658537,"DEGs_DOWN_without_binding"
9.8901786097561,3.38165595121951,6.50852265853658,"DEGs_DOWN_without_binding"
13.3681397317073,6.33764517073171,7.03049456097561,"DEGs_DOWN_without_binding"
10.237322804878,3.06697385365854,7.17034895121951,"DEGs_DOWN_without_binding"
12.7035977560976,6.12475680487805,6.57884095121951,"DEGs_DOWN_without_binding"
13.3498649268293,14.6160025365854,-1.2661376097561,"DEGs_DOWN_without_binding"
11.4229005609756,14.1683914390244,-2.74549087804878,"DEGs_DOWN_without_binding"
9.76549217073171,15.9800647317073,-6.21457256097561,"DEGs_DOWN_without_binding"
8.47054309756098,7.27037948780488,1.2001636097561,"DEGs_DOWN_without_binding"
9.2145747804878,3.08926585365854,6.12530892682927,"DEGs_DOWN_without_binding"
14.6525662439024,9.93617973170732,4.71638651219512,"DEGs_DOWN_without_binding"
10.0837165365854,4.31547514634146,5.7682413902439,"DEGs_DOWN_without_binding"
19.0605642682927,6.80273282926829,12.2578314390244,"DEGs_DOWN_without_binding"
11.073075,6.04370373170732,5.02937126829268,"DEGs_DOWN_without_binding"
15.557679902439,13.5104208292683,2.04725907317073,"DEGs_DOWN_without_binding"
15.3773475609756,13.5868057560976,1.79054180487805,"DEGs_DOWN_without_binding"
12.8292010487805,5.59561641463415,7.23358463414634,"DEGs_DOWN_without_binding"
10.8121420243902,2.69716895121951,8.11497307317073,"DEGs_DOWN_without_binding"
15.2552708780488,7.32154490243902,7.93372597560976,"DEGs_DOWN_without_binding"
6.0855187804878,11.6577545609756,-5.57223578048781,"DEGs_DOWN_without_binding"
11.2021723170732,15.5512251707317,-4.34905285365854,"DEGs_DOWN_without_binding"
11.4971245609756,17.0616868292683,-5.56456226829268,"DEGs_DOWN_without_binding"
7.58390170731707,11.059089902439,-3.47518819512195,"DEGs_DOWN_without_binding"
16.3131942682927,14.6169328292683,1.69626143902439,"DEGs_DOWN_without_binding"
12.357441097561,10.457411,1.90003009756098,"DEGs_DOWN_without_binding"
8.87156985365854,17.9949739756098,-9.12340412195122,"DEGs_DOWN_without_binding"
14.171645,8.79059943902439,5.38104556097561,"DEGs_DOWN_without_binding"
12.3643343170732,16.3302225853659,-3.96588826829268,"DEGs_DOWN_without_binding"
11.0256317804878,16.6851070487805,-5.65947526829268,"DEGs_DOWN_without_binding"
15.0361564634146,11.9123997317073,3.12375673170732,"DEGs_DOWN_without_binding"
12.0981890487805,19.2752732439024,-7.17708419512195,"DEGs_DOWN_without_binding"
14.7170941707317,12.2280216829268,2.48907248780488,"DEGs_DOWN_without_binding"
13.319166195122,8.56594734146342,4.75321885365854,"DEGs_DOWN_without_binding"
10.2716084878049,21.193819097561,-10.9222106097561,"DEGs_DOWN_without_binding"
17.326525097561,23.139389902439,-5.81286480487805,"DEGs_DOWN_without_binding"
12.4437458536585,19.5400431707317,-7.09629731707317,"DEGs_DOWN_without_binding"
15.0603830487805,15.9828150487805,-0.922432000000001,"DEGs_DOWN_without_binding"
18.0096712926829,17.8708017560976,0.138869536585368,"DEGs_DOWN_without_binding"
5.94918207317073,10.2020690731707,-4.252887,"DEGs_DOWN_without_binding"
11.5557899268293,16.3920305365854,-4.8362406097561,"DEGs_DOWN_without_binding"
2.51918302439024,1.98283729268293,0.536345731707317,"DEGs_DOWN_without_binding"
20.7397990731707,11.5852816585366,9.15451741463415,"DEGs_DOWN_without_binding"
14.9800848536585,7.41365451219512,7.56643034146342,"DEGs_DOWN_without_binding"
14.8182113902439,5.43016102439024,9.38805036585366,"DEGs_DOWN_without_binding"
23.7461851463415,12.289101902439,11.4570832439024,"DEGs_DOWN_without_binding"
4.60683553658537,3.59859797560976,1.00823756097561,"DEGs_DOWN_without_binding"
17.6840480487805,5.1349572195122,12.5490908292683,"DEGs_DOWN_without_binding"
20.9647080243902,13.7389026341463,7.2258053902439,"DEGs_DOWN_without_binding"
14.8882254146341,5.2027632195122,9.68546219512195,"DEGs_DOWN_without_binding"
20.3428712439024,11.0408153414634,9.30205590243903,"DEGs_DOWN_without_binding"
18.6349744390244,10.122000195122,8.51297424390244,"DEGs_DOWN_without_binding"
4.94445282926829,2.92159456097561,2.02285826829268,"DEGs_DOWN_without_binding"
17.9706425121951,6.54982992682927,11.4208125853659,"DEGs_DOWN_without_binding"
20.1215603902439,17.4173683902439,2.704192,"DEGs_DOWN_without_binding"
16.7934977317073,7.0580356097561,9.73546212195122,"DEGs_DOWN_without_binding"
9.08152914634146,1.11451958536585,7.96700956097561,"DEGs_DOWN_without_binding"
17.0368154634146,6.94244929268293,10.0943661707317,"DEGs_DOWN_without_binding"
1.68703492682927,2.68835692682927,-1.001322,"DEGs_DOWN_without_binding"
22.137830097561,9.6497137804878,12.4881163170732,"DEGs_DOWN_without_binding"
21.0239744878049,6.0220742195122,15.0019002682927,"DEGs_DOWN_without_binding"
14.0157225365854,5.45823395121951,8.55748858536585,"DEGs_DOWN_without_binding"
20.197963,8.71281114634146,11.4851518536585,"DEGs_DOWN_without_binding"
29.2214985609756,27.9863345365854,1.23516402439025,"DEGs_DOWN_without_binding"
12.2171864634146,2.49257173170732,9.72461473170732,"DEGs_DOWN_without_binding"
7.9352472195122,2.511671,5.4235762195122,"DEGs_DOWN_without_binding"
16.8870647317073,0.831692,16.0553727317073,"DEGs_DOWN_without_binding"
11.6768133902439,0.582090926829268,11.0947224634146,"DEGs_DOWN_without_binding"
8.45181575609756,2.4188482195122,6.03296753658537,"DEGs_DOWN_without_binding"
15.1770597073171,8.37552346341463,6.80153624390244,"DEGs_DOWN_without_binding"
26.3104691219512,16.6405507317073,9.6699183902439,"DEGs_DOWN_without_binding"
18.6828025853659,11.6085189756098,7.0742836097561,"DEGs_DOWN_without_binding"
23.4908989268293,11.3164945609756,12.1744043658537,"DEGs_DOWN_without_binding"
15.2275527073171,22.1275336585366,-6.89998095121951,"DEGs_DOWN_without_binding"
11.0860522926829,12.1434759268293,-1.05742363414634,"DEGs_DOWN_without_binding"
14.9600116829268,16.9715473414634,-2.01153565853658,"DEGs_DOWN_without_binding"
10.161932902439,14.6921575609756,-4.53022465853658,"DEGs_DOWN_without_binding"
13.4919908780488,19.8652412682927,-6.3732503902439,"DEGs_DOWN_without_binding"
11.1981688292683,18.2309383170732,-7.03276948780488,"DEGs_DOWN_without_binding"
12.8978946341463,17.8688524146341,-4.97095778048781,"DEGs_DOWN_without_binding"
15.3038256829268,19.2171741463415,-3.91334846341463,"DEGs_DOWN_without_binding"
10.0859718292683,14.2108775121951,-4.12490568292683,"DEGs_DOWN_without_binding"
6.443632,9.9066292195122,-3.4629972195122,"DEGs_DOWN_without_binding"
10.0943934634146,15.2544593414634,-5.16006587804878,"DEGs_DOWN_without_binding"
10.5270281463415,6.20009648780488,4.32693165853659,"DEGs_DOWN_without_binding"
12.6717164390244,11.3505171219512,1.32119931707317,"DEGs_DOWN_without_binding"
9.50238182926829,14.4040063170732,-4.90162448780488,"DEGs_DOWN_without_binding"
8.91799468292683,11.7585133170732,-2.84051863414634,"DEGs_DOWN_without_binding"
3.34374565853659,5.5787116097561,-2.23496595121951,"DEGs_DOWN_without_binding"
14.2107152439024,15.1295254146341,-0.918810170731708,"DEGs_DOWN_without_binding"
8.92739417073171,8.31420409756098,0.613190073170731,"DEGs_DOWN_without_binding"
5.72912382926829,7.68306014634146,-1.95393631707317,"DEGs_DOWN_without_binding"
7.38862126829268,9.3404016097561,-1.95178034146342,"DEGs_DOWN_without_binding"
5.0129156097561,6.85318104878049,-1.84026543902439,"DEGs_DOWN_without_binding"
6.626323,8.37045592682927,-1.74413292682927,"DEGs_DOWN_without_binding"
4.3688077804878,6.37459890243902,-2.00579112195122,"DEGs_DOWN_without_binding"
5.30941704878049,6.94424492682927,-1.63482787804878,"DEGs_DOWN_without_binding"
6.78680446341463,10.4164912682927,-3.62968680487805,"DEGs_DOWN_without_binding"
5.6052962195122,6.9461813902439,-1.34088517073171,"DEGs_DOWN_without_binding"
4.73451070731707,7.04021431707317,-2.3057036097561,"DEGs_DOWN_without_binding"
4.94083212195122,8.79830148780488,-3.85746936585366,"DEGs_DOWN_without_binding"
5.79029909756098,8.78033685365854,-2.99003775609756,"DEGs_DOWN_without_binding"
4.510526,5.28060709756098,-0.770081097560976,"DEGs_DOWN_without_binding"
6.74602490243902,9.74436678048781,-2.99834187804878,"DEGs_DOWN_without_binding"
7.52754334146341,12.0316736829268,-4.50413034146341,"DEGs_DOWN_without_binding"
5.59959543902439,9.22806421951219,-3.6284687804878,"DEGs_DOWN_without_binding"
4.76251104878049,6.71283004878049,-1.950319,"DEGs_DOWN_without_binding"
6.93565748780488,11.4659544390244,-4.53029695121951,"DEGs_DOWN_without_binding"
3.57190797560976,6.13172714634146,-2.55981917073171,"DEGs_DOWN_without_binding"
6.12243031707317,10.5660630243902,-4.44363270731707,"DEGs_DOWN_without_binding"
6.05716353658537,9.65809726829268,-3.60093373170732,"DEGs_DOWN_without_binding"
6.32243021951219,6.33341968292683,-0.0109894634146341,"DEGs_DOWN_without_binding"
6.24958558536585,11.9214163658537,-5.67183078048781,"DEGs_DOWN_without_binding"
8.26993119512195,9.91908663414634,-1.64915543902439,"DEGs_DOWN_without_binding"
3.60803080487805,7.22801243902439,-3.61998163414634,"DEGs_DOWN_without_binding"
6.52898456097561,13.487654195122,-6.95866963414634,"DEGs_DOWN_without_binding"
4.87077985365854,9.19094524390244,-4.3201653902439,"DEGs_DOWN_without_binding"
4.27605602439024,7.61499531707317,-3.33893929268293,"DEGs_DOWN_without_binding"
6.58358729268293,11.3174992926829,-4.733912,"DEGs_DOWN_without_binding"
7.25965312195122,10.3859938536585,-3.12634073170732,"DEGs_DOWN_without_binding"
3.97394019512195,7.14280951219512,-3.16886931707317,"DEGs_DOWN_without_binding"
7.93447690243902,13.6518257317073,-5.71734882926829,"DEGs_DOWN_without_binding"
9.62849070731707,9.51215285365854,0.116337853658537,"DEGs_DOWN_without_binding"
9.19412480487805,8.69865848780488,0.495466317073172,"DEGs_DOWN_without_binding"
7.19500485365854,6.51750214634146,0.677502707317074,"DEGs_DOWN_without_binding"
10.58034,10.0030111707317,0.577328829268293,"DEGs_DOWN_without_binding"
10.1068468536585,4.83564556097561,5.27120129268293,"DEGs_DOWN_without_binding"
11.4935876097561,2.97066529268293,8.52292231707317,"DEGs_DOWN_without_binding"
9.76128012195122,0.699738926829268,9.06154119512195,"DEGs_DOWN_without_binding"
7.41094387804878,1.27131036585366,6.13963351219512,"DEGs_DOWN_without_binding"
10.0590363658537,2.96551609756098,7.09352026829268,"DEGs_DOWN_without_binding"
11.0811967073171,3.90955007317073,7.17164663414634,"DEGs_DOWN_without_binding"
15.2146862926829,4.148859,11.0658272926829,"DEGs_DOWN_without_binding"
18.5820691463415,5.82010087804878,12.7619682682927,"DEGs_DOWN_without_binding"
8.74251892682927,1.58389617073171,7.15862275609756,"DEGs_DOWN_without_binding"
14.6705456341463,2.33154209756098,12.3390035365854,"DEGs_DOWN_without_binding"
9.18243270731707,0.512804951219512,8.66962775609756,"DEGs_DOWN_without_binding"
8.50672985365854,4.0200007804878,4.48672907317073,"DEGs_DOWN_without_binding"
12.4850195609756,3.4250777804878,9.0599417804878,"DEGs_DOWN_without_binding"
14.6744246341463,1.8223183902439,12.8521062439024,"DEGs_DOWN_without_binding"
13.6967601219512,4.82434119512195,8.87241892682927,"DEGs_DOWN_without_binding"
13.437921902439,2.32522309756098,11.112698804878,"DEGs_DOWN_without_binding"
16.4448642195122,3.98157385365854,12.4632903658537,"DEGs_DOWN_without_binding"
18.1650319268293,9.50140795121951,8.66362397560976,"DEGs_DOWN_without_binding"
9.24792858536585,2.77745270731707,6.47047587804878,"DEGs_DOWN_without_binding"
14.9520580243902,2.75773485365854,12.1943231707317,"DEGs_DOWN_without_binding"
17.3445188292683,5.05562265853659,12.2888961707317,"DEGs_DOWN_without_binding"
18.460716097561,6.11937056097561,12.3413455365854,"DEGs_DOWN_without_binding"
13.4980111463415,4.48462775609756,9.0133833902439,"DEGs_DOWN_without_binding"
11.2128116341463,3.39215124390244,7.8206603902439,"DEGs_DOWN_without_binding"
10.9671280487805,4.96568831707317,6.00143973170732,"DEGs_DOWN_without_binding"
5.35473329268293,0.516625243902439,4.83810804878049,"DEGs_DOWN_without_binding"
12.3213175121951,5.54791812195122,6.7733993902439,"DEGs_DOWN_without_binding"
9.70922519512195,5.70827056097561,4.00095463414634,"DEGs_DOWN_without_binding"
15.3605081463415,6.87053041463415,8.48997773170732,"DEGs_DOWN_without_binding"
3.61110585365854,3.08453373170732,0.52657212195122,"DEGs_DOWN_without_binding"
12.5264226829268,4.00241509756098,8.52400758536585,"DEGs_DOWN_without_binding"
11.2785617317073,5.00973026829268,6.26883146341463,"DEGs_DOWN_without_binding"
17.5011923170732,10.1915108536585,7.30968146341464,"DEGs_DOWN_without_binding"
16.5881762439024,15.5853759756098,1.00280026829268,"DEGs_DOWN_without_binding"
5.69346348780488,1.68324353658537,4.01021995121951,"DEGs_DOWN_without_binding"
10.9861803414634,2.44554553658537,8.54063480487805,"DEGs_DOWN_without_binding"
8.47068268292683,4.48015119512195,3.99053148780488,"DEGs_DOWN_without_binding"
3.02035002439024,2.59853892682927,0.421811097560976,"DEGs_DOWN_without_binding"
14.0844073414634,4.38389553658537,9.70051180487805,"DEGs_DOWN_without_binding"
15.5722641219512,5.61607690243902,9.95618721951219,"DEGs_DOWN_without_binding"
13.6578681463415,5.91376175609756,7.7441063902439,"DEGs_DOWN_without_binding"
10.9253795121951,2.01870197560976,8.90667753658536,"DEGs_DOWN_without_binding"
7.99459514634146,12.7851643902439,-4.79056924390244,"DEGs_DOWN_without_binding"
5.32771626829268,12.0049462195122,-6.67722995121951,"DEGs_DOWN_without_binding"
12.4280096097561,3.36195887804878,9.06605073170732,"DEGs_DOWN_without_binding"
10.079299,0.798579048780488,9.28071995121951,"DEGs_DOWN_without_binding"
9.0306176097561,4.52951668292683,4.50110092682927,"DEGs_DOWN_without_binding"
5.87908819512195,0.795146926829268,5.08394126829268,"DEGs_DOWN_without_binding"
10.3886906829268,4.49432153658537,5.89436914634146,"DEGs_DOWN_without_binding"
10.2645581707317,3.00416280487805,7.26039536585366,"DEGs_DOWN_without_binding"
11.4182693902439,2.9021456097561,8.51612378048781,"DEGs_DOWN_without_binding"
13.6889569756098,3.22061804878049,10.4683389268293,"DEGs_DOWN_without_binding"
14.6797404146341,5.58423885365854,9.09550156097561,"DEGs_DOWN_without_binding"
14.8148260731707,8.14308004878049,6.67174602439024,"DEGs_DOWN_without_binding"
12.5987413658537,4.47617212195122,8.12256924390244,"DEGs_DOWN_without_binding"
9.43830480487805,3.10818970731707,6.33011509756098,"DEGs_DOWN_without_binding"
14.3560809268293,6.77178885365854,7.58429207317073,"DEGs_DOWN_without_binding"
16.1958824146341,10.1509755365854,6.04490687804878,"DEGs_DOWN_without_binding"
11.9815042926829,2.31631056097561,9.66519373170732,"DEGs_DOWN_without_binding"
12.9032022195122,2.57788624390244,10.3253159756098,"DEGs_DOWN_without_binding"
15.0637467560976,5.79694017073171,9.26680658536585,"DEGs_DOWN_without_binding"
13.1538925121951,2.38530841463415,10.768584097561,"DEGs_DOWN_without_binding"
12.8854885609756,2.46887126829268,10.4166172926829,"DEGs_DOWN_without_binding"
7.88943343902439,4.25654297560976,3.63289046341463,"DEGs_DOWN_without_binding"
15.2551055121951,2.97345319512195,12.2816523170732,"DEGs_DOWN_without_binding"
15.4782516585366,6.13175348780488,9.34649817073171,"DEGs_DOWN_without_binding"
18.3096492682927,3.15449975609756,15.1551495121951,"DEGs_DOWN_without_binding"
13.6047159756098,3.72833673170732,9.87637924390244,"DEGs_DOWN_without_binding"
11.3819443658537,3.66160717073171,7.72033719512195,"DEGs_DOWN_without_binding"
11.9296557560976,3.70419812195122,8.22545763414634,"DEGs_DOWN_without_binding"
13.1177818292683,1.61012487804878,11.5076569512195,"DEGs_DOWN_without_binding"
11.459374,23.5456932195122,-12.0863192195122,"DEGs_DOWN_without_binding"
6.79694190243902,7.82173351219512,-1.0247916097561,"DEGs_DOWN_without_binding"
3.6529202195122,4.67640287804878,-1.02348265853659,"DEGs_DOWN_without_binding"
4.72514595121951,5.95598451219512,-1.23083856097561,"DEGs_DOWN_without_binding"
6.92076880487805,17.8656552682927,-10.9448864634146,"DEGs_DOWN_without_binding"
14.2262779268293,11.617894804878,2.60838312195122,"DEGs_DOWN_without_binding"
15.7120702926829,9.37282446341463,6.33924582926829,"DEGs_DOWN_without_binding"
10.3005527560976,7.12071948780488,3.17983326829268,"DEGs_DOWN_without_binding"
9.62326002439024,12.218993902439,-2.59573387804878,"DEGs_DOWN_without_binding"
12.1520517317073,7.50023226829268,4.65181946341463,"DEGs_DOWN_without_binding"
12.0300801463415,3.88425358536585,8.14582656097561,"DEGs_DOWN_without_binding"
15.1985373658537,27.1035169268293,-11.9049795609756,"DEGs_DOWN_without_binding"
4.94001626829268,3.25319765853659,1.6868186097561,"DEGs_DOWN_without_binding"
3.87890504878049,3.51236595121951,0.366539097560976,"DEGs_DOWN_without_binding"
11.5886572682927,3.82989102439024,7.75876624390244,"DEGs_DOWN_without_binding"
12.7262807317073,5.31328909756098,7.41299163414634,"DEGs_DOWN_without_binding"
14.8540603414634,4.59174526829268,10.2623150731707,"DEGs_DOWN_without_binding"
9.94752146341463,11.8029708292683,-1.85544936585366,"DEGs_DOWN_without_binding"
7.57220695121951,9.24283034146342,-1.6706233902439,"DEGs_DOWN_without_binding"
14.4290965365854,7.86844436585366,6.56065217073171,"DEGs_DOWN_without_binding"
12.0371061219512,4.32139043902439,7.71571568292683,"DEGs_DOWN_without_binding"
14.2807007073171,5.83656587804878,8.44413482926829,"DEGs_DOWN_without_binding"
14.9928541707317,6.08827958536585,8.90457458536585,"DEGs_DOWN_without_binding"
5.94223768292683,8.00240870731707,-2.06017102439024,"DEGs_DOWN_without_binding"
11.5957045365854,3.84974726829268,7.74595726829268,"DEGs_DOWN_without_binding"
16.9659832195122,6.10152246341463,10.8644607560976,"DEGs_DOWN_without_binding"
9.00621824390244,2.67008609756098,6.33613214634146,"DEGs_DOWN_without_binding"
10.7520119512195,9.7394453902439,1.01256656097561,"DEGs_DOWN_without_binding"
10.4714742195122,5.62381241463415,4.84766180487805,"DEGs_DOWN_without_binding"
5.55080887804878,3.962585,1.58822387804878,"DEGs_DOWN_without_binding"
11.6172444146341,5.69381292682927,5.92343148780488,"DEGs_DOWN_without_binding"
10.7215435853659,6.82532041463415,3.89622317073171,"DEGs_DOWN_without_binding"
9.64705726829268,6.79878629268293,2.84827097560976,"DEGs_DOWN_without_binding"
13.6258793414634,6.69170334146341,6.934176,"DEGs_DOWN_without_binding"
8.79220836585366,4.7680106097561,4.02419775609756,"DEGs_DOWN_without_binding"
9.01797187804878,2.30822390243902,6.70974797560976,"DEGs_DOWN_without_binding"
14.1813887317073,5.45447975609756,8.72690897560976,"DEGs_DOWN_without_binding"
13.8668980487805,6.2458513902439,7.62104665853659,"DEGs_DOWN_without_binding"
14.6370914390244,4.42687365853659,10.2102177804878,"DEGs_DOWN_without_binding"
13.1454257073171,4.11021841463415,9.03520729268293,"DEGs_DOWN_without_binding"
16.7788415365854,3.53593992682927,13.2429016097561,"DEGs_DOWN_without_binding"
14.4369187073171,6.6419416097561,7.79497709756098,"DEGs_DOWN_without_binding"
15.1561437073171,6.55869029268293,8.59745341463415,"DEGs_DOWN_without_binding"
16.5510111707317,8.68295934146341,7.86805182926829,"DEGs_DOWN_without_binding"
15.7979695609756,5.17598829268293,10.6219812682927,"DEGs_DOWN_without_binding"
12.128595,4.33201058536585,7.79658441463415,"DEGs_DOWN_without_binding"
13.3988009512195,10.6636776829268,2.73512326829268,"DEGs_DOWN_without_binding"
7.83098887804878,2.85813946341463,4.97284941463415,"DEGs_DOWN_without_binding"
0.119939414634146,0,0.119939414634146,"DEGs_DOWN_without_binding"
14.7509530731707,7.11828221951219,7.63267085365854,"DEGs_DOWN_without_binding"
15.8003467073171,4.57663463414634,11.2237120731707,"DEGs_DOWN_without_binding"
7.09859934146341,5.03988529268293,2.05871404878049,"DEGs_DOWN_without_binding"
14.1174186341463,7.65433263414634,6.463086,"DEGs_DOWN_without_binding"
16.9785044390244,4.10050997560976,12.8779944634146,"DEGs_DOWN_without_binding"
5.08313075609756,1.7070437804878,3.37608697560976,"DEGs_DOWN_without_binding"
13.1569784878049,6.69224936585366,6.46472912195122,"DEGs_DOWN_without_binding"
14.2364517804878,5.14418524390244,9.09226653658537,"DEGs_DOWN_without_binding"
17.5478101707317,5.64029507317073,11.907515097561,"DEGs_DOWN_without_binding"
13.2219520243902,2.8930902195122,10.328861804878,"DEGs_DOWN_without_binding"
13.0435533658537,4.12799090243902,8.91556246341463,"DEGs_DOWN_without_binding"
15.061050195122,6.11155117073171,8.94949902439024,"DEGs_DOWN_without_binding"
16.9090716829268,3.72477358536585,13.184298097561,"DEGs_DOWN_without_binding"
12.8996823170732,5.22243429268293,7.67724802439024,"DEGs_DOWN_without_binding"
6.66986656097561,5.54349095121951,1.1263756097561,"DEGs_DOWN_without_binding"
6.83892263414634,0.818227243902439,6.0206953902439,"DEGs_DOWN_without_binding"
10.2783246341463,5.2284236097561,5.04990102439024,"DEGs_DOWN_without_binding"
8.22194868292683,3.08032290243902,5.1416257804878,"DEGs_DOWN_without_binding"
3.83387143902439,5.74099226829268,-1.90712082926829,"DEGs_DOWN_without_binding"
8.10733387804878,6.40144712195122,1.70588675609756,"DEGs_DOWN_without_binding"
6.50365129268293,3.30954482926829,3.19410646341463,"DEGs_DOWN_without_binding"
6.15413670731707,7.97178621951219,-1.81764951219512,"DEGs_DOWN_without_binding"
9.39481470731707,8.12388382926829,1.27093087804878,"DEGs_DOWN_without_binding"
7.55847751219512,7.56713912195122,-0.00866160975609809,"DEGs_DOWN_without_binding"
8.01430041463415,12.2392984390244,-4.22499802439024,"DEGs_DOWN_without_binding"
10.456525097561,8.87734956097561,1.57917553658537,"DEGs_DOWN_without_binding"
12.637828195122,2.26245441463415,10.3753737804878,"DEGs_DOWN_without_binding"
5.84555690243902,0.439681048780488,5.40587585365854,"DEGs_DOWN_without_binding"
6.16712975609756,5.88536392682927,0.281765829268292,"DEGs_DOWN_without_binding"
10.0245806097561,7.9222443902439,2.1023362195122,"DEGs_DOWN_without_binding"
10.0415196585366,9.0730506097561,0.968469048780486,"DEGs_DOWN_without_binding"
10.0467852682927,3.77433790243902,6.27244736585366,"DEGs_DOWN_without_binding"
9.13766763414634,4.5290046097561,4.60866302439024,"DEGs_DOWN_without_binding"
11.3009525365854,5.46023126829268,5.84072126829268,"DEGs_DOWN_without_binding"
10.4641275121951,10.809667902439,-0.345540390243903,"DEGs_DOWN_without_binding"
10.4356287560976,19.7138728780488,-9.27824412195122,"DEGs_DOWN_without_binding"
6.50042009756098,7.70034448780488,-1.1999243902439,"DEGs_DOWN_without_binding"
12.667122,19.6603232195122,-6.9932012195122,"DEGs_DOWN_without_binding"
10.7343401707317,11.741993804878,-1.00765363414634,"DEGs_DOWN_without_binding"
8.8482232195122,14.1617805609756,-5.31355734146341,"DEGs_DOWN_without_binding"
7.97192375609756,13.7393851707317,-5.76746141463415,"DEGs_DOWN_without_binding"
8.68193743902439,13.2593436097561,-4.57740617073171,"DEGs_DOWN_without_binding"
8.75306334146341,12.4639481463415,-3.71088480487805,"DEGs_DOWN_without_binding"
12.8227816097561,7.49739756097561,5.32538404878049,"DEGs_DOWN_without_binding"
9.84294970731707,14.6803310487805,-4.83738134146341,"DEGs_DOWN_without_binding"
8.9651733902439,9.27821836585366,-0.313044975609756,"DEGs_DOWN_without_binding"
10.0079874390244,10.5201337560976,-0.512146317073171,"DEGs_DOWN_without_binding"
9.03059241463415,12.8978480243902,-3.8672556097561,"DEGs_DOWN_without_binding"
6.60921770731707,7.57473963414634,-0.965521926829269,"DEGs_DOWN_without_binding"
11.0689677317073,5.14882370731707,5.92014402439024,"DEGs_DOWN_without_binding"
7.34639507317073,4.5547397804878,2.79165529268293,"DEGs_DOWN_without_binding"
11.2248072439024,12.783906,-1.55909875609756,"DEGs_DOWN_without_binding"
10.8477096829268,12.0619759512195,-1.21426626829268,"DEGs_DOWN_without_binding"
10.2828506097561,4.74944019512195,5.53341041463415,"DEGs_DOWN_without_binding"
11.3666192926829,7.87005051219512,3.4965687804878,"DEGs_DOWN_without_binding"
10.4950748292683,4.12832126829268,6.36675356097561,"DEGs_DOWN_without_binding"
12.1047415609756,5.58731824390244,6.51742331707317,"DEGs_DOWN_without_binding"
9.84501224390244,10.2742077804878,-0.429195536585366,"DEGs_DOWN_without_binding"
11.6374424390244,7.50112056097561,4.13632187804878,"DEGs_DOWN_without_binding"
8.19313156097561,2.93953295121951,5.2535986097561,"DEGs_DOWN_without_binding"
10.3868570731707,11.1278924634146,-0.741035390243901,"DEGs_DOWN_without_binding"
10.1294790487805,14.1213862682927,-3.9919072195122,"DEGs_DOWN_without_binding"
11.2633455365854,7.00091434146341,4.26243119512195,"DEGs_DOWN_without_binding"
9.50075804878049,7.33466041463415,2.16609763414634,"DEGs_DOWN_without_binding"
12.7100042682927,10.8432877804878,1.86671648780488,"DEGs_DOWN_without_binding"
9.83607409756098,8.63512734146341,1.20094675609756,"DEGs_DOWN_without_binding"
9.45954873170732,15.331704097561,-5.87215536585366,"DEGs_DOWN_without_binding"
12.1816100487805,13.4023200487805,-1.22071,"DEGs_DOWN_without_binding"
17.4100811463415,23.9205207804878,-6.51043963414634,"DEGs_DOWN_without_binding"
13.8062797317073,8.85625892682927,4.95002080487805,"DEGs_DOWN_without_binding"
11.1306627560976,10.3130384390244,0.81762431707317,"DEGs_DOWN_without_binding"
12.8865879512195,18.6142256585366,-5.72763770731707,"DEGs_DOWN_without_binding"
10.265166804878,16.3329342439024,-6.06776743902439,"DEGs_DOWN_without_binding"
11.7882326585366,9.33677519512195,2.45145746341463,"DEGs_DOWN_without_binding"
9.67017163414634,5.89712868292683,3.77304295121951,"DEGs_DOWN_without_binding"
7.9008023902439,8.02961375609756,-0.128811365853658,"DEGs_DOWN_without_binding"
7.98529802439024,1.1529483902439,6.83234963414634,"DEGs_DOWN_without_binding"
4.46519058536585,2.06895146341463,2.39623912195122,"DEGs_DOWN_without_binding"
12.5135915609756,21.6498692439024,-9.13627768292683,"DEGs_DOWN_without_binding"
6.52736992682927,8.02415156097561,-1.49678163414634,"DEGs_DOWN_without_binding"
10.2269259512195,14.3221221219512,-4.09519617073171,"DEGs_DOWN_without_binding"
9.06525731707317,6.66115312195122,2.40410419512195,"DEGs_DOWN_without_binding"
11.1036253414634,11.5514615609756,-0.447836219512196,"DEGs_DOWN_without_binding"
13.1635805121951,12.8107617804878,0.352818731707316,"DEGs_DOWN_without_binding"
14.5628197317073,8.4760046097561,6.08681512195122,"DEGs_DOWN_without_binding"
9.71217065853659,7.30780682926829,2.40436382926829,"DEGs_DOWN_without_binding"
0.486577,0,0.486577,"DEGs_DOWN_without_binding"
9.54298673170732,11.9434570243902,-2.40047029268293,"DEGs_DOWN_without_binding"
15.2418524634146,11.7947372195122,3.44711524390244,"DEGs_DOWN_without_binding"
13.0784684146341,17.7361337317073,-4.65766531707317,"DEGs_DOWN_without_binding"
14.4313567073171,13.2485640731707,1.18279263414634,"DEGs_DOWN_without_binding"
15.1153040243902,16.7233248536585,-1.60802082926829,"DEGs_DOWN_without_binding"
14.1704454390244,15.4017089756098,-1.23126353658536,"DEGs_DOWN_without_binding"
17.113456195122,24.2463917317073,-7.13293553658536,"DEGs_DOWN_without_binding"
11.8463363658537,16.6152315609756,-4.76889519512195,"DEGs_DOWN_without_binding"
6.3980643902439,6.75438614634146,-0.356321756097561,"DEGs_DOWN_without_binding"
21.7867070243902,12.9377232439024,8.8489837804878,"DEGs_DOWN_without_binding"
11.5279757560976,4.81458319512195,6.71339256097561,"DEGs_DOWN_without_binding"
15.4205230731707,5.66774836585366,9.75277470731707,"DEGs_DOWN_without_binding"
19.2983765121951,7.54556178048781,11.7528147317073,"DEGs_DOWN_without_binding"
10.697550097561,5.76566080487805,4.93188929268293,"DEGs_DOWN_without_binding"
7.52777541463415,1.82882314634146,5.69895226829268,"DEGs_DOWN_without_binding"
9.61312463414634,1.94111912195122,7.67200551219512,"DEGs_DOWN_without_binding"
21.7019510243902,15.7008483414634,6.00110268292683,"DEGs_DOWN_without_binding"
5.50025990243902,2.06815524390244,3.43210465853659,"DEGs_DOWN_without_binding"
19.6204534878049,6.81648207317073,12.8039714146341,"DEGs_DOWN_without_binding"
17.1714735365854,6.17409326829268,10.9973802682927,"DEGs_DOWN_without_binding"
24.8377561707317,9.29941097560976,15.538345195122,"DEGs_DOWN_without_binding"
9.79765290243902,2.38160170731707,7.41605119512195,"DEGs_DOWN_without_binding"
1.67961243902439,6.31053304878049,-4.6309206097561,"DEGs_DOWN_without_binding"
10.8770634146341,1.19838031707317,9.67868309756097,"DEGs_DOWN_without_binding"
9.19957568292683,15.6445457317073,-6.44497004878049,"DEGs_DOWN_without_binding"
10.8963803170732,16.0949816585366,-5.19860134146342,"DEGs_DOWN_without_binding"
6.38415390243902,11.2869867317073,-4.90283282926829,"DEGs_DOWN_without_binding"
6.67951326829268,9.5111273902439,-2.83161412195122,"DEGs_DOWN_without_binding"
9.36593119512195,6.50266104878049,2.86327014634146,"DEGs_DOWN_without_binding"
10.3129085121951,9.40653963414634,0.906368878048781,"DEGs_DOWN_without_binding"
12.189450902439,10.0963835853659,2.09306731707317,"DEGs_DOWN_without_binding"
9.31782675609756,10.3675047804878,-1.04967802439024,"DEGs_DOWN_without_binding"
9.67374956097561,11.7948138780488,-2.12106431707317,"DEGs_DOWN_without_binding"
11.7640748780488,8.49329987804878,3.270775,"DEGs_DOWN_without_binding"
13.1989637073171,13.7126465365854,-0.513682829268292,"DEGs_DOWN_without_binding"
8.53961273170732,18.0045556341463,-9.46494290243903,"DEGs_DOWN_without_binding"
12.7697357317073,13.842603804878,-1.07286807317073,"DEGs_DOWN_without_binding"
6.9940222195122,9.28267536585366,-2.28865314634146,"DEGs_DOWN_without_binding"
9.955174,13.8064096585366,-3.85123565853659,"DEGs_DOWN_without_binding"
10.2511314878049,10.1308737804878,0.120257707317073,"DEGs_DOWN_without_binding"
14.3402645853659,13.3772245365854,0.963040048780487,"DEGs_DOWN_without_binding"
7.99946007317073,7.10098097560976,0.898479097560975,"DEGs_DOWN_without_binding"
16.3207958536585,13.1612581707317,3.15953768292683,"DEGs_DOWN_without_binding"
17.1344374634146,12.6849844634146,4.449453,"DEGs_DOWN_without_binding"
14.6226566829268,5.28468770731707,9.33796897560975,"DEGs_DOWN_without_binding"
19.210137097561,10.5770530731707,8.63308402439024,"DEGs_DOWN_without_binding"
9.32457582926829,2.44820048780488,6.87637534146341,"DEGs_DOWN_without_binding"
12.375394195122,12.0517379756098,0.323656219512195,"DEGs_DOWN_without_binding"
10.8459121463415,4.50531836585366,6.34059378048781,"DEGs_DOWN_without_binding"
18.9506093170732,9.31544992682927,9.6351593902439,"DEGs_DOWN_without_binding"
14.4054588780488,12.4214163414634,1.98404253658537,"DEGs_DOWN_without_binding"
11.3952378292683,6.56403424390244,4.83120358536585,"DEGs_DOWN_without_binding"
0,0,0,"DEGs_DOWN_without_binding"
6.90848085365854,6.28613136585366,0.622349487804878,"DEGs_DOWN_without_binding"
7.2779246097561,0.755197853658537,6.52272675609756,"DEGs_DOWN_without_binding"
7.54515029268293,4.39566514634146,3.14948514634146,"DEGs_DOWN_without_binding"
9.68360582926829,3.87827536585366,5.80533046341463,"DEGs_DOWN_without_binding"
5.29207417073171,1.26173480487805,4.03033936585366,"DEGs_DOWN_without_binding"
8.68440797560976,4.31169831707317,4.37270965853659,"DEGs_DOWN_without_binding"
8.06780046341463,5.5677666097561,2.50003385365854,"DEGs_DOWN_without_binding"
7.9084603902439,5.30027431707317,2.60818607317073,"DEGs_DOWN_without_binding"
9.60136604878049,6.26590204878049,3.335464,"DEGs_DOWN_without_binding"
4.41478170731707,2.52981814634146,1.88496356097561,"DEGs_DOWN_without_binding"
4.0892093902439,0.669232463414634,3.41997692682927,"DEGs_DOWN_without_binding"
0,0,0,"DEGs_DOWN_without_binding"
8.23523946341463,6.59586619512195,1.63937326829268,"DEGs_DOWN_without_binding"
8.5288876097561,2.27139170731707,6.25749590243902,"DEGs_DOWN_without_binding"
9.73065141463415,1.28250334146341,8.44814807317073,"DEGs_DOWN_without_binding"
8.62566134146341,3.96864302439024,4.65701831707317,"DEGs_DOWN_without_binding"
7.04871397560976,8.65121248780488,-1.60249851219512,"DEGs_DOWN_without_binding"
8.57157921951219,7.18863902439024,1.38294019512195,"DEGs_DOWN_without_binding"
5.5758363902439,8.1836853902439,-2.607849,"DEGs_DOWN_without_binding"
6.58116824390244,6.38744614634146,0.193722097560975,"DEGs_DOWN_without_binding"
7.38819275609756,5.98684617073171,1.40134658536585,"DEGs_DOWN_without_binding"
9.19697429268293,1.30170282926829,7.89527146341463,"DEGs_DOWN_without_binding"
5.85605419512195,2.1935423902439,3.66251180487805,"DEGs_DOWN_without_binding"
5.57624395121951,4.34622575609756,1.23001819512195,"DEGs_DOWN_without_binding"
8.52380936585366,11.5872201463415,-3.06341078048781,"DEGs_DOWN_without_binding"
12.0124958780488,12.8896740487805,-0.877178170731709,"DEGs_DOWN_without_binding"
8.84754558536585,10.4772016341463,-1.62965604878049,"DEGs_DOWN_without_binding"
8.25588697560976,3.58680536585366,4.6690816097561,"DEGs_DOWN_without_binding"
9.65782007317073,2.31965224390244,7.33816782926829,"DEGs_DOWN_without_binding"
7.66952229268293,2.89161256097561,4.77790973170732,"DEGs_DOWN_without_binding"
4.24489278048781,0.49107643902439,3.75381634146341,"DEGs_DOWN_without_binding"
7.09325585365854,2.39682019512195,4.69643565853659,"DEGs_DOWN_without_binding"
7.89751565853659,1.63437873170732,6.26313692682927,"DEGs_DOWN_without_binding"
8.09897287804878,2.53699134146341,5.56198153658537,"DEGs_DOWN_without_binding"
11.1555063414634,2.78647863414634,8.36902770731707,"DEGs_DOWN_without_binding"
8.18107604878049,1.17036292682927,7.01071312195122,"DEGs_DOWN_without_binding"
8.58674707317073,1.31705641463415,7.26969065853659,"DEGs_DOWN_without_binding"
9.72092209756098,1.76497556097561,7.95594653658537,"DEGs_DOWN_without_binding"
6.37623092682927,4.72862543902439,1.64760548780488,"DEGs_DOWN_without_binding"
9.23374092682927,9.86845412195122,-0.63471319512195,"DEGs_DOWN_without_binding"
7.51391734146341,3.61519175609756,3.89872558536585,"DEGs_DOWN_without_binding"
6.34472695121951,2.00424185365854,4.34048509756098,"DEGs_DOWN_without_binding"
3.53138275609756,2.26296926829268,1.26841348780488,"DEGs_DOWN_without_binding"
6.34522134146341,1.62541624390244,4.71980509756098,"DEGs_DOWN_without_binding"
8.89446617073171,5.34044873170732,3.55401743902439,"DEGs_DOWN_without_binding"
7.00104751219512,3.24900824390244,3.75203926829268,"DEGs_DOWN_without_binding"
6.87259707317073,1.27356248780488,5.59903458536585,"DEGs_DOWN_without_binding"
6.57497792682927,2.68549058536585,3.88948734146341,"DEGs_DOWN_without_binding"
9.89789397560976,2.32426668292683,7.57362729268293,"DEGs_DOWN_without_binding"
9.6610947804878,2.26273173170732,7.39836304878049,"DEGs_DOWN_without_binding"
7.04055653658537,2.38804382926829,4.65251270731707,"DEGs_DOWN_without_binding"
8.43358046341463,2.36529053658537,6.06828992682927,"DEGs_DOWN_without_binding"
7.47602143902439,3.10651985365854,4.36950158536585,"DEGs_DOWN_without_binding"
8.80328258536585,3.13085573170732,5.67242685365854,"DEGs_DOWN_without_binding"
8.37749026829268,2.65690456097561,5.72058570731707,"DEGs_DOWN_without_binding"
8.5399532195122,4.3004356097561,4.2395176097561,"DEGs_DOWN_without_binding"
11.1435227560976,0,11.1435227560976,"DEGs_DOWN_without_binding"
9.75212353658537,1.99849302439024,7.75363051219512,"DEGs_DOWN_without_binding"
8.18311265853658,2.58696582926829,5.59614682926829,"DEGs_DOWN_without_binding"
9.27673112195122,13.2693189756098,-3.99258785365854,"DEGs_DOWN_without_binding"
9.65603687804878,4.86230587804878,4.793731,"DEGs_DOWN_without_binding"
8.86070331707317,3.306621,5.55408231707317,"DEGs_DOWN_without_binding"
8.30025109756098,4.30374309756098,3.996508,"DEGs_DOWN_without_binding"
11.8543731707317,5.02795617073171,6.826417,"DEGs_DOWN_without_binding"
13.5145280243902,7.14873029268293,6.36579773170732,"DEGs_DOWN_without_binding"
8.83947426829268,6.5801547804878,2.25931948780488,"DEGs_DOWN_without_binding"
9.74688241463415,1.68922634146341,8.05765607317073,"DEGs_DOWN_without_binding"
5.7968273902439,1.43446441463415,4.36236297560976,"DEGs_DOWN_without_binding"
4.07244565853659,1.51378570731707,2.55865995121951,"DEGs_DOWN_without_binding"
4.79248487804878,1.64714146341463,3.14534341463415,"DEGs_DOWN_without_binding"
9.39841041463415,3.49412082926829,5.90428958536585,"DEGs_DOWN_without_binding"
9.25845521951219,1.06563087804878,8.19282434146341,"DEGs_DOWN_without_binding"
2.72664512195122,1.00878604878049,1.71785907317073,"DEGs_DOWN_without_binding"
5.93433643902439,5.99158275609756,-0.0572463170731705,"DEGs_DOWN_without_binding"
7.81689046341463,6.42981285365854,1.3870776097561,"DEGs_DOWN_without_binding"
6.89865768292683,9.7221076097561,-2.82344992682927,"DEGs_DOWN_without_binding"
8.15434195121951,8.99765756097561,-0.843315609756097,"DEGs_DOWN_without_binding"
9.38565878048781,9.20744131707317,0.178217463414635,"DEGs_DOWN_without_binding"
5.90855914634146,10.0574263414634,-4.14886719512195,"DEGs_DOWN_without_binding"
4.60445907317073,7.95159887804878,-3.34713980487805,"DEGs_DOWN_without_binding"
5.329438,9.266071,-3.936633,"DEGs_DOWN_without_binding"
6.66695041463415,10.1650264634146,-3.49807604878049,"DEGs_DOWN_without_binding"
5.14805819512195,8.19366334146341,-3.04560514634146,"DEGs_DOWN_without_binding"
8.58473465853658,13.1596044390244,-4.57486978048781,"DEGs_DOWN_without_binding"
6.13923485365854,9.40563792682927,-3.26640307317073,"DEGs_DOWN_without_binding"
5.18747648780488,8.23354048780488,-3.046064,"DEGs_DOWN_without_binding"
4.91249419512195,6.32073273170732,-1.40823853658537,"DEGs_DOWN_without_binding"
5.93445668292683,9.78832814634146,-3.85387146341463,"DEGs_DOWN_without_binding"
8.13131407317073,9.90840273170732,-1.77708865853659,"DEGs_DOWN_without_binding"
5.7613347804878,9.87430897560976,-4.11297419512195,"DEGs_DOWN_without_binding"
3.67467563414634,6.14278287804878,-2.46810724390244,"DEGs_DOWN_without_binding"
6.20021646341463,12.1194600243902,-5.91924356097561,"DEGs_DOWN_without_binding"
4.69665787804878,8.22524582926829,-3.52858795121951,"DEGs_DOWN_without_binding"
3.5410182195122,6.68444734146341,-3.14342912195122,"DEGs_DOWN_without_binding"
7.0784813902439,9.39694568292683,-2.31846429268293,"DEGs_DOWN_without_binding"
12.7745650243902,2.94614258536585,9.82842243902439,"DEGs_DOWN_without_binding"
5.43581965853659,8.58916917073171,-3.15334951219512,"DEGs_DOWN_without_binding"
5.63539004878049,8.26999417073171,-2.63460412195122,"DEGs_DOWN_without_binding"
5.0783076097561,2.72558065853659,2.35272695121951,"DEGs_DOWN_without_binding"
8.78657690243903,6.72827641463415,2.05830048780488,"DEGs_DOWN_without_binding"
8.14462790243902,11.8580280487805,-3.71340014634146,"DEGs_DOWN_without_binding"
8.37677692682927,11.5145011219512,-3.13772419512195,"DEGs_DOWN_without_binding"
5.86223351219512,7.3889403902439,-1.52670687804878,"DEGs_DOWN_without_binding"
6.93641817073171,3.52492787804878,3.41149029268293,"DEGs_DOWN_without_binding"
11.9523355609756,6.65874336585366,5.29359219512195,"DEGs_DOWN_without_binding"
7.33004926829268,7.78791714634146,-0.457867878048781,"DEGs_DOWN_without_binding"
8.34940007317073,7.4204453902439,0.928954682926828,"DEGs_DOWN_without_binding"
5.79004004878049,4.02289053658537,1.76714951219512,"DEGs_DOWN_without_binding"
4.00099317073171,4.11706436585366,-0.116071195121951,"DEGs_DOWN_without_binding"
8.58195831707317,3.98537982926829,4.59657848780488,"DEGs_DOWN_without_binding"
7.68428675609756,4.86173412195122,2.82255263414634,"DEGs_DOWN_without_binding"
5.102196,3.88472743902439,1.21746856097561,"DEGs_DOWN_without_binding"
7.29360504878049,8.00060131707317,-0.706996268292683,"DEGs_DOWN_without_binding"
7.98042887804878,4.46775790243902,3.51267097560976,"DEGs_DOWN_without_binding"
5.12301002439024,7.94834904878049,-2.82533902439024,"DEGs_DOWN_without_binding"
2.97548297560976,4.84918909756098,-1.87370612195122,"DEGs_DOWN_without_binding"
8.95077117073171,17.8942795121951,-8.94350834146342,"DEGs_DOWN_without_binding"
4.49745753658537,7.24806656097561,-2.75060902439024,"DEGs_DOWN_without_binding"
8.06671104878049,9.70994919512195,-1.64323814634146,"DEGs_DOWN_without_binding"
6.86880197560976,6.22106073170732,0.647741243902439,"DEGs_DOWN_without_binding"
7.52351285365854,9.85245424390244,-2.3289413902439,"DEGs_DOWN_without_binding"
2.77656090243902,4.17733885365854,-1.40077795121951,"DEGs_DOWN_without_binding"
7.10586046341463,6.72454034146342,0.381320121951219,"DEGs_DOWN_without_binding"
5.03680995121951,7.97327046341463,-2.93646051219512,"DEGs_DOWN_without_binding"
1.14807951219512,0.808585146341463,0.339494365853659,"DEGs_DOWN_without_binding"
5.73481465853659,6.65945424390244,-0.924639585365854,"DEGs_DOWN_without_binding"
3.44542658536585,4.04192309756098,-0.596496512195122,"DEGs_DOWN_without_binding"
3.33635004878049,6.4116012195122,-3.07525117073171,"DEGs_DOWN_without_binding"
3.14045187804878,2.3670816097561,0.773370268292683,"DEGs_DOWN_without_binding"
3.46550075609756,4.15152502439024,-0.686024268292683,"DEGs_DOWN_without_binding"
5.38898182926829,5.01799017073171,0.370991658536585,"DEGs_DOWN_without_binding"
3.0488663902439,6.82308085365854,-3.77421446341463,"DEGs_DOWN_without_binding"
9.06437517073171,11.8315131707317,-2.767138,"DEGs_DOWN_without_binding"
6.70500417073171,8.9583682195122,-2.25336404878049,"DEGs_DOWN_without_binding"
12.3008014146341,6.79819653658537,5.50260487804878,"DEGs_DOWN_without_binding"
7.53485502439024,3.26605543902439,4.26879958536585,"DEGs_DOWN_without_binding"
9.71791002439024,6.02710075609756,3.69080926829268,"DEGs_DOWN_without_binding"
8.53513841463415,8.62485041463415,-0.0897120000000005,"DEGs_DOWN_without_binding"
7.79936668292683,9.84223192682927,-2.04286524390244,"DEGs_DOWN_without_binding"
4.83024948780488,9.66787978048781,-4.83763029268293,"DEGs_DOWN_without_binding"
6.76218712195122,9.74325117073171,-2.98106404878049,"DEGs_DOWN_without_binding"
6.08746234146341,7.14559519512195,-1.05813285365854,"DEGs_DOWN_without_binding"
5.99574346341463,11.0287580243902,-5.03301456097561,"DEGs_DOWN_without_binding"
4.80015714634146,11.2417171707317,-6.44156002439024,"DEGs_DOWN_without_binding"
5.34859651219512,6.69263482926829,-1.34403831707317,"DEGs_DOWN_without_binding"
4.477322,3.90630102439024,0.571020975609756,"DEGs_DOWN_without_binding"
5.40383148780488,9.6432073902439,-4.23937590243903,"DEGs_DOWN_without_binding"
4.14689829268293,8.59581456097561,-4.44891626829268,"DEGs_DOWN_without_binding"
4.46107219512195,8.76822473170732,-4.30715253658537,"DEGs_DOWN_without_binding"
6.78265731707317,10.7787972682927,-3.99613995121951,"DEGs_DOWN_without_binding"
6.28866095121951,9.37905841463415,-3.09039746341463,"DEGs_DOWN_without_binding"
7.31028382926829,8.06723458536585,-0.756950756097562,"DEGs_DOWN_without_binding"
3.54754563414634,5.12482509756098,-1.57727946341463,"DEGs_DOWN_without_binding"
0.492213487804878,2.11117036585366,-1.61895687804878,"DEGs_DOWN_without_binding"
6.92670263414634,4.32197734146341,2.60472529268293,"DEGs_DOWN_without_binding"
3.230471,4.66213502439024,-1.43166402439024,"DEGs_DOWN_without_binding"
3.56093329268293,2.53038170731707,1.03055158536585,"DEGs_DOWN_without_binding"
4.51939817073171,7.80407051219512,-3.28467234146341,"DEGs_DOWN_without_binding"
4.68749529268293,8.45849363414634,-3.77099834146341,"DEGs_DOWN_without_binding"
8.10918287804878,11.3717599268293,-3.26257704878049,"DEGs_DOWN_without_binding"
10.9486865121951,17.1376885609756,-6.18900204878049,"DEGs_DOWN_without_binding"
5.01000004878049,0,5.01000004878049,"DEGs_DOWN_without_binding"
6.07989170731707,8.7182802195122,-2.63838851219512,"DEGs_DOWN_without_binding"
6.99067068292683,9.62214097560976,-2.63147029268293,"DEGs_DOWN_without_binding"
6.9361773902439,9.59072482926829,-2.65454743902439,"DEGs_DOWN_without_binding"
3.83759165853659,5.63383182926829,-1.79624017073171,"DEGs_DOWN_without_binding"
4.71066412195122,6.62980653658537,-1.91914241463415,"DEGs_DOWN_without_binding"
6.17554646341463,6.89260448780488,-0.717058024390243,"DEGs_DOWN_without_binding"
4.57750219512195,8.72828436585366,-4.15078217073171,"DEGs_DOWN_without_binding"
4.96289407317073,9.16752973170732,-4.20463565853658,"DEGs_DOWN_without_binding"
6.49763241463415,9.63530721951219,-3.13767480487805,"DEGs_DOWN_without_binding"
5.59622656097561,8.96076851219512,-3.36454195121951,"DEGs_DOWN_without_binding"
7.27608368292683,1.72149041463415,5.55459326829268,"DEGs_DOWN_without_binding"
7.40179524390244,7.02414436585366,0.377650878048781,"DEGs_DOWN_without_binding"
10.0315170731707,13.3523663170732,-3.32084924390244,"DEGs_DOWN_without_binding"
1.06202073170732,0,1.06202073170732,"DEGs_DOWN_without_binding"
4.68296890243902,6.5624842195122,-1.87951531707317,"DEGs_DOWN_without_binding"
5.80307492682927,8.65027175609756,-2.84719682926829,"DEGs_DOWN_without_binding"
7.37315373170732,8.34233714634146,-0.969183414634147,"DEGs_DOWN_without_binding"
4.57349141463415,9.06886553658537,-4.49537412195122,"DEGs_DOWN_without_binding"
7.92751519512195,12.3614534878049,-4.43393829268293,"DEGs_DOWN_without_binding"
5.35124763414634,2.63251885365854,2.71872878048781,"DEGs_DOWN_without_binding"
7.55336192682927,9.32921704878049,-1.77585512195122,"DEGs_DOWN_without_binding"
8.61704817073171,3.93596463414634,4.68108353658537,"DEGs_DOWN_without_binding"
9.18987319512195,11.6734101219512,-2.48353692682927,"DEGs_DOWN_without_binding"
4.32219056097561,8.70453629268293,-4.38234573170732,"DEGs_DOWN_without_binding"
5.99329070731707,8.79452273170732,-2.80123202439024,"DEGs_DOWN_without_binding"
10.5902076585366,28.6917424878049,-18.1015348292683,"DEGs_DOWN_without_binding"
0.910038390243902,0,0.910038390243902,"DEGs_DOWN_without_binding"
0.726604414634146,1.87842692682927,-1.15182251219512,"DEGs_DOWN_without_binding"
0,3.08635317073171,-3.08635317073171,"DEGs_DOWN_without_binding"
6.55907221951219,9.50669043902439,-2.9476182195122,"DEGs_DOWN_without_binding"
5.93180778048781,9.14064948780488,-3.20884170731707,"DEGs_DOWN_without_binding"
10.7515666585366,11.3024527804878,-0.550886121951219,"DEGs_DOWN_without_binding"
5.11166014634146,9.82318968292683,-4.71152953658537,"DEGs_DOWN_without_binding"
6.34833663414634,10.870388097561,-4.52205146341463,"DEGs_DOWN_without_binding"
6.69943553658537,9.81857231707317,-3.11913678048781,"DEGs_DOWN_without_binding"
3.5728483902439,8.053225,-4.4803766097561,"DEGs_DOWN_without_binding"
3.41079595121951,7.09271424390244,-3.68191829268293,"DEGs_DOWN_without_binding"
6.62881590243902,8.03279397560976,-1.40397807317073,"DEGs_DOWN_without_binding"
6.4687023902439,7.85199136585366,-1.38328897560976,"DEGs_DOWN_without_binding"
0.905149609756098,0.757864609756098,0.147285,"DEGs_DOWN_without_binding"
2.38199946341463,0.958187975609756,1.42381148780488,"DEGs_DOWN_without_binding"
5.35011819512195,6.78529978048781,-1.43518158536585,"DEGs_DOWN_without_binding"
8.23271836585366,11.2612617317073,-3.02854336585366,"DEGs_DOWN_without_binding"
6.77773175609756,13.2306560731707,-6.45292431707317,"DEGs_DOWN_without_binding"
5.85773119512195,10.5637104878049,-4.70597929268293,"DEGs_DOWN_without_binding"
7.52221921951219,3.30191926829268,4.22029995121951,"DEGs_DOWN_without_binding"
2.70023407317073,0.253638414634146,2.44659565853659,"DEGs_DOWN_without_binding"
9.36127812195122,4.10163146341463,5.25964665853659,"DEGs_DOWN_without_binding"
6.62237904878049,3.1143886097561,3.50799043902439,"DEGs_DOWN_without_binding"
7.61502563414634,1.75363875609756,5.86138687804878,"DEGs_DOWN_without_binding"
13.2643741707317,1.86599348780488,11.3983806829268,"DEGs_DOWN_without_binding"
8.56000263414634,0,8.56000263414634,"DEGs_DOWN_without_binding"
8.8371856097561,3.56093448780488,5.27625112195122,"DEGs_DOWN_without_binding"
5.3748253902439,7.94480687804878,-2.56998148780488,"DEGs_DOWN_without_binding"
0,0,0,"DEGs_DOWN_without_binding"
4.60044307317073,8.73939846341463,-4.1389553902439,"DEGs_DOWN_without_binding"
3.88564504878049,7.23379202439024,-3.34814697560976,"DEGs_DOWN_without_binding"
2.71930614634146,3.72794568292683,-1.00863953658537,"DEGs_DOWN_without_binding"
2.87363443902439,4.49154509756098,-1.61791065853659,"DEGs_DOWN_without_binding"
3.85717892682927,6.26383931707317,-2.4066603902439,"DEGs_DOWN_without_binding"
2.8777986097561,4.44409036585366,-1.56629175609756,"DEGs_DOWN_without_binding"
1.50703043902439,3.24204043902439,-1.73501,"DEGs_DOWN_without_binding"
3.94782151219512,8.4558553902439,-4.50803387804878,"DEGs_DOWN_without_binding"
16.7586915365854,7.43793714634146,9.3207543902439,"Random_control"
6.44245407317073,2.4568692195122,3.98558485365854,"Random_control"
1.62685007317073,1.05637980487805,0.570470268292683,"Random_control"
5.00167414634146,2.00478604878049,2.99688809756098,"Random_control"
12.2514516097561,7.90950629268293,4.34194531707317,"Random_control"
9.05632287804878,3.46724236585366,5.58908051219512,"Random_control"
7.14858036585366,5.57611482926829,1.57246553658537,"Random_control"
11.9152386341463,11.4878913414634,0.427347292682926,"Random_control"
7.39569287804878,6.38870485365854,1.00698802439024,"Random_control"
9.75827453658537,12.3046898292683,-2.54641529268293,"Random_control"
12.9585105853659,3.43345975609756,9.52505082926829,"Random_control"
8.89053531707317,6.16733504878049,2.72320026829268,"Random_control"
15.2832489512195,2.42599424390244,12.8572547073171,"Random_control"
12.1387545365854,2.32119731707317,9.81755721951219,"Random_control"
6.96489763414634,8.52625268292683,-1.56135504878049,"Random_control"
6.28925846341463,8.04186948780488,-1.75261102439024,"Random_control"
6.1022962195122,8.6467797804878,-2.54448356097561,"Random_control"
8.20251465853659,14.2781236829268,-6.07560902439024,"Random_control"
15.8751077073171,10.4141103414634,5.46099736585366,"Random_control"
10.9746208536585,8.77177295121951,2.20284790243902,"Random_control"
8.05045802439024,12.551201,-4.50074297560976,"Random_control"
8.03278490243902,12.1619057804878,-4.12912087804878,"Random_control"
3.4032756097561,1.85388851219512,1.54938709756098,"Random_control"
0.150512195121951,0,0.150512195121951,"Random_control"
16.7187174390244,15.2022067804878,1.51651065853659,"Random_control"
2.86601290243902,2.16249209756098,0.703520804878049,"Random_control"
8.86809182926829,5.6989667804878,3.16912504878049,"Random_control"
3.86649475609756,5.80019141463415,-1.93369665853659,"Random_control"
9.58222065853658,17.9888808292683,-8.40666017073171,"Random_control"
9.54994792682927,0,9.54994792682927,"Random_control"
10.8671408780488,2.08098617073171,8.78615470731707,"Random_control"
7.04222573170732,8.18253192682927,-1.14030619512195,"Random_control"
10.5910328292683,6.6849,3.90613282926829,"Random_control"
15.9632146585366,15.2949460731707,0.668268585365855,"Random_control"
5.58801214634146,3.23893763414634,2.34907451219512,"Random_control"
8.86566524390244,9.03968956097561,-0.174024317073171,"Random_control"
7.95193748780488,12.9967535609756,-5.04481607317073,"Random_control"
6.47315173170732,5.88729773170732,0.585854,"Random_control"
8.77429951219512,10.6340898536585,-1.85979034146341,"Random_control"
9.25874443902439,18.1130408292683,-8.8542963902439,"Random_control"
2.50630124390244,2.19713546341463,0.309165780487805,"Random_control"
7.10761858536585,8.57611468292683,-1.46849609756097,"Random_control"
8.29495295121951,5.88763973170732,2.4073132195122,"Random_control"
10.2594002195122,11.1939123902439,-0.934512170731708,"Random_control"
10.4902020243902,5.32298236585366,5.16721965853659,"Random_control"
6.58416746341463,9.55717065853658,-2.97300319512195,"Random_control"
6.05121970731707,5.47547404878049,0.575745658536586,"Random_control"
5.92063195121951,6.12648775609756,-0.205855804878048,"Random_control"
7.22989980487805,12.7606152195122,-5.53071541463415,"Random_control"
11.3663088292683,3.13953719512195,8.22677163414634,"Random_control"
11.6557042926829,11.5341684878049,0.121535804878048,"Random_control"
6.49430853658537,2.18739165853659,4.30691687804878,"Random_control"
9.58298653658537,8.46585141463415,1.11713512195122,"Random_control"
21.0890223658537,14.5540875121951,6.53493485365854,"Random_control"
9.1755883902439,4.63241982926829,4.54316856097561,"Random_control"
3.97777151219512,3.19321017073171,0.784561341463414,"Random_control"
2.3323442195122,2.26829253658537,0.0640516829268294,"Random_control"
12.3665356585366,5.16130831707317,7.20522734146342,"Random_control"
13.7173233170732,3.58258619512195,10.1347371219512,"Random_control"
14.8640583658537,6.71702217073171,8.14703619512195,"Random_control"
8.12640441463415,6.02210263414634,2.1043017804878,"Random_control"
12.7565814390244,5.05572873170732,7.70085270731707,"Random_control"
14.3680928536585,6.63573590243902,7.73235695121951,"Random_control"
14.6765435365854,19.1217285121951,-4.44518497560976,"Random_control"
14.768473902439,4.6202007804878,10.1482731219512,"Random_control"
7.12173095121951,4.96054714634146,2.16118380487805,"Random_control"
9.43364046341463,10.6040407804878,-1.17040031707317,"Random_control"
7.41048692682927,3.47881448780488,3.93167243902439,"Random_control"
3.04438804878049,0,3.04438804878049,"Random_control"
