"gene_id","gene_symbol","baseMean","log2FoldChange","lfcSE","stat","pvalue","padj","ensembl_id","expression_status","tes_bound","tead1_bound","binding_status","combined_class"
"ENSG00000060718.22","COL11A1",2984.65620827564,-5.97911231595359,0.148147908922851,-40.359073303338,0,0,"ENSG00000060718","downregulated",FALSE,TRUE,"TEAD1_only_bound","TEAD1_only_bound_downregulated"
"ENSG00000137801.11","THBS1",12319.4478488787,-5.16471413946792,0.118067088252013,-43.7438935433376,0,0,"ENSG00000137801","downregulated",TRUE,TRUE,"TES_TEAD1_bound","TES_TEAD1_bound_downregulated"
"ENSG00000114019.15","AMOTL2",1987.73336740855,-5.97202541163863,0.160017239929839,-37.3211374865428,7.45387365996595e-305,6.32982951204309e-301,"ENSG00000114019","downregulated",TRUE,TRUE,"TES_TEAD1_bound","TES_TEAD1_bound_downregulated"
"ENSG00000162733.19","DDR2",3045.79964205334,-4.52405488046812,0.12482573426013,-36.2429663024471,1.28251366932121e-287,8.7128848639006e-284,"ENSG00000162733","downregulated",TRUE,FALSE,"TES_only_bound","TES_only_bound_downregulated"
"ENSG00000154678.18","PDE1C",3988.73035117867,-4.11908970201714,0.116754580291097,-35.2798981568626,1.19438546796171e-272,5.07136069696543e-269,"ENSG00000154678","downregulated",TRUE,FALSE,"TES_only_bound","TES_only_bound_downregulated"
"ENSG00000118523.6","CCN2",1797.3708667729,-7.80301925281702,0.237455171163943,-32.8610205226051,7.92743637408812e-237,2.69279158755025e-233,"ENSG00000118523","downregulated",FALSE,TRUE,"TEAD1_only_bound","TEAD1_only_bound_downregulated"
"ENSG00000178031.18","ADAMTSL1",1694.14119238008,-4.24994949902985,0.136026657733419,-31.2435045442252,2.73545321157551e-214,6.19452497938647e-211,"ENSG00000178031","downregulated",TRUE,TRUE,"TES_TEAD1_bound","TES_TEAD1_bound_downregulated"
"ENSG00000137962.13","ARHGAP29",5075.83310035065,-3.59028908769471,0.116589088221948,-30.7943834405837,3.11583810374135e-208,6.61492429424289e-205,"ENSG00000137962","downregulated",TRUE,FALSE,"TES_only_bound","TES_only_bound_downregulated"
"ENSG00000287080.2","H3C3",889.348743871023,-5.79750108530536,0.188485102224016,-30.7584048654146,9.43999600396781e-208,1.78143213479321e-204,"ENSG00000287080","downregulated",TRUE,FALSE,"TES_only_bound","TES_only_bound_downregulated"
"ENSG00000154175.19","ABI3BP",2458.25911607693,-3.92593960471013,0.128906829180915,-30.4556370648156,1.00875983233321e-203,1.71327769923472e-200,"ENSG00000154175","downregulated",TRUE,TRUE,"TES_TEAD1_bound","TES_TEAD1_bound_downregulated"
"ENSG00000038427.16","VCAN",13303.7072072348,-3.3430689830481,0.110796455263509,-30.1730680381176,5.34501680587103e-200,8.25270594826487e-197,"ENSG00000038427","downregulated",TRUE,TRUE,"TES_TEAD1_bound","TES_TEAD1_bound_downregulated"
"ENSG00000140937.14","CDH11",4361.05033151811,-3.51266605280108,0.117120357707703,-29.9919341227393,1.25029389163099e-197,1.84652099612702e-194,"ENSG00000140937","downregulated",TRUE,TRUE,"TES_TEAD1_bound","TES_TEAD1_bound_downregulated"
"ENSG00000101871.18","MID1",1114.52480103151,-4.14934057568253,0.139113476715086,-29.8270208872766,1.74399534709305e-195,2.46833474791903e-192,"ENSG00000101871","downregulated",TRUE,TRUE,"TES_TEAD1_bound","TES_TEAD1_bound_downregulated"
"ENSG00000197702.14","PARVA",737.578321605466,-5.13370211651562,0.17280779615846,-29.7075839784923,6.12826393671285e-194,8.32659477609049e-191,"ENSG00000197702","downregulated",TRUE,TRUE,"TES_TEAD1_bound","TES_TEAD1_bound_downregulated"
"ENSG00000162496.9","DHRS3",3223.63058221268,-3.40999963743536,0.11489505306766,-29.6792555152681,1.42254459786701e-193,1.85849980385949e-190,"ENSG00000162496","downregulated",TRUE,TRUE,"TES_TEAD1_bound","TES_TEAD1_bound_downregulated"
"ENSG00000206579.10","XKR4",1181.79633356271,-4.14719861683479,0.141869709979761,-29.2324458647757,7.506838744509e-188,9.10686780262435e-185,"ENSG00000206579","downregulated",TRUE,TRUE,"TES_TEAD1_bound","TES_TEAD1_bound_downregulated"
"ENSG00000142871.18","CCN1",1225.4248327505,-7.58217516754692,0.259701372054849,-29.1957455116778,2.19602805752716e-187,2.48648936860275e-184,"ENSG00000142871","downregulated",TRUE,TRUE,"TES_TEAD1_bound","TES_TEAD1_bound_downregulated"
"ENSG00000131095.14","GFAP",24079.0105783592,-4.28369053416857,0.149414097781645,-28.669922033922,9.0506292332564e-181,9.31611435743192e-178,"ENSG00000131095","downregulated",FALSE,TRUE,"TEAD1_only_bound","TEAD1_only_bound_downregulated"
"ENSG00000163235.16","TGFA",1496.60879274217,-4.23680464976558,0.148720437842773,-28.488382035593,1.63178574019147e-178,1.58367137208068e-175,"ENSG00000163235","downregulated",FALSE,TRUE,"TEAD1_only_bound","TEAD1_only_bound_downregulated"
"ENSG00000139793.21","MBNL2",884.393731871934,-4.87160817326055,0.171497926531605,-28.4062219980412,1.69418589367414e-177,1.59855851212008e-174,"ENSG00000139793","downregulated",TRUE,TRUE,"TES_TEAD1_bound","TES_TEAD1_bound_downregulated"
"ENSG00000286522.2","H3C2",734.372161326051,-5.57053096080474,0.19724788181525,-28.2412713867432,1.82186520773333e-175,1.62855572042858e-172,"ENSG00000286522","downregulated",FALSE,TRUE,"TEAD1_only_bound","TEAD1_only_bound_downregulated"
"ENSG00000115159.17","GPD2",2084.63794933134,-3.49139828918591,0.125517835377931,-27.8159536345843,2.78191108568048e-170,2.36239889395986e-167,"ENSG00000115159","downregulated",FALSE,TRUE,"TEAD1_only_bound","TEAD1_only_bound_downregulated"
"ENSG00000105855.10","ITGB8",6479.41630709051,-3.13290375568598,0.114573067245854,-27.3441554022752,1.26732802872233e-164,1.00113019720093e-161,"ENSG00000105855","downregulated",TRUE,TRUE,"TES_TEAD1_bound","TES_TEAD1_bound_downregulated"
"ENSG00000137558.9","PI15",1724.1704136895,-5.02825208694987,0.187077892963321,-26.8778528948673,3.98711614509003e-159,2.88158215354081e-156,"ENSG00000137558","downregulated",TRUE,TRUE,"TES_TEAD1_bound","TES_TEAD1_bound_downregulated"
"ENSG00000132470.14","ITGB4",6008.44510181096,-3.63919859917277,0.135448528108533,-26.8677603957183,5.231282718253e-159,3.70200440361704e-156,"ENSG00000132470","downregulated",FALSE,TRUE,"TEAD1_only_bound","TEAD1_only_bound_downregulated"
"ENSG00000153071.15","DAB2",523.873888867927,-4.75916780426494,0.178860306607038,-26.6082950127162,5.44213218096485e-156,3.62467344947086e-153,"ENSG00000153071","downregulated",TRUE,TRUE,"TES_TEAD1_bound","TES_TEAD1_bound_downregulated"
"ENSG00000064042.18","LIMCH1",3423.41899863011,-3.1060039256628,0.118265890706722,-26.2628887086737,5.0930641730548e-152,3.32694622750626e-149,"ENSG00000064042","downregulated",TRUE,TRUE,"TES_TEAD1_bound","TES_TEAD1_bound_downregulated"
"ENSG00000122786.20","CALD1",4937.77610140333,-3.27393621064106,0.124702914257977,-26.2538869289627,6.45331336516025e-152,4.13596506392006e-149,"ENSG00000122786","downregulated",TRUE,TRUE,"TES_TEAD1_bound","TES_TEAD1_bound_downregulated"
"ENSG00000044524.11","EPHA3",4526.82238488291,-3.15926590086563,0.120570542743644,-26.2026348142334,2.47988175953215e-151,1.5599374742183e-148,"ENSG00000044524","downregulated",TRUE,FALSE,"TES_only_bound","TES_only_bound_downregulated"
"ENSG00000159176.14","CSRP1",1803.92268993126,-3.5783599435882,0.13933507611239,-25.6816879383755,1.87238077021838e-145,1.06001716671297e-142,"ENSG00000159176","downregulated",FALSE,TRUE,"TEAD1_only_bound","TEAD1_only_bound_downregulated"
"ENSG00000188039.17","NWD1",491.030030826672,-4.79224725861118,0.187645410614633,-25.5388460762997,7.3038715216927e-144,4.00157915885254e-141,"ENSG00000188039","downregulated",FALSE,TRUE,"TEAD1_only_bound","TEAD1_only_bound_downregulated"
"ENSG00000146250.7","PRSS35",894.832163329415,-5.51440540427932,0.220436805652191,-25.0158107125723,4.11425996420057e-138,2.11747246157523e-135,"ENSG00000146250","downregulated",TRUE,TRUE,"TES_TEAD1_bound","TES_TEAD1_bound_downregulated"
"ENSG00000075223.14","SEMA3C",2567.43804580281,-3.33817481768924,0.13637129158827,-24.4785744771547,2.49846488714587e-132,1.24805669539075e-129,"ENSG00000075223","downregulated",FALSE,TRUE,"TEAD1_only_bound","TEAD1_only_bound_downregulated"
"ENSG00000180891.13","CUEDC1",1438.07575451222,-3.10594017008297,0.12702924122972,-24.4505921629979,4.9599326032767e-132,2.44172450243627e-129,"ENSG00000180891","downregulated",TRUE,TRUE,"TES_TEAD1_bound","TES_TEAD1_bound_downregulated"
"ENSG00000105974.13","CAV1",2255.8378878697,-4.05488094375317,0.166964676062245,-24.2858611736622,2.76533441415932e-130,1.30942435146464e-127,"ENSG00000105974","downregulated",TRUE,TRUE,"TES_TEAD1_bound","TES_TEAD1_bound_downregulated"
"ENSG00000150347.17","ARID5B",7977.24264140739,-2.83706279395299,0.116820252453351,-24.285710177573,2.77551087215774e-130,1.30942435146464e-127,"ENSG00000150347","downregulated",TRUE,TRUE,"TES_TEAD1_bound","TES_TEAD1_bound_downregulated"
"ENSG00000129474.17","AJUBA",981.450844544782,-3.30499069168193,0.137305830115089,-24.0702866652618,5.11948431059658e-128,2.31864857416459e-125,"ENSG00000129474","downregulated",FALSE,TRUE,"TEAD1_only_bound","TEAD1_only_bound_downregulated"
"ENSG00000135074.16","ADAM19",4167.06237446488,-2.86396387233607,0.120215058256176,-23.8236699618197,1.898921726114e-125,8.26956066572313e-123,"ENSG00000135074","downregulated",FALSE,TRUE,"TEAD1_only_bound","TEAD1_only_bound_downregulated"
"ENSG00000077092.20","RARB",1057.82482264415,-3.21209099783835,0.134944919670908,-23.8029783238355,3.11082749749281e-125,1.33757706879539e-122,"ENSG00000077092","downregulated",TRUE,TRUE,"TES_TEAD1_bound","TES_TEAD1_bound_downregulated"
"ENSG00000156011.19","PSD3",4234.51748008596,-3.11111775157525,0.130739819582808,-23.7962524462927,3.65188576130775e-125,1.55059069425127e-122,"ENSG00000156011","downregulated",TRUE,FALSE,"TES_only_bound","TES_only_bound_downregulated"
"ENSG00000057019.16","DCBLD2",15386.4109331694,-2.59420650209385,0.109343575874081,-23.7252758688019,1.97801329178225e-124,8.09507897533245e-122,"ENSG00000057019","downregulated",TRUE,FALSE,"TES_only_bound","TES_only_bound_downregulated"
"ENSG00000152104.12","PTPN14",1715.1400598654,-2.98887458076315,0.12630041605568,-23.6648039183457,8.31051279349973e-124,3.32107645375999e-121,"ENSG00000152104","downregulated",FALSE,TRUE,"TEAD1_only_bound","TEAD1_only_bound_downregulated"
"ENSG00000111799.22","COL12A1",3581.97440057399,-3.12431620296627,0.132158879615626,-23.6406075176568,1.47442182327022e-123,5.82362331312125e-121,"ENSG00000111799","downregulated",TRUE,TRUE,"TES_TEAD1_bound","TES_TEAD1_bound_downregulated"
"ENSG00000180801.14","ARSJ",1618.42653213867,-3.05204776402712,0.129142858373199,-23.6331129918718,1.76073076772865e-123,6.87454054232262e-121,"ENSG00000180801","downregulated",TRUE,FALSE,"TES_only_bound","TES_only_bound_downregulated"
"ENSG00000147862.18","NFIB",2705.16368521324,-2.96297919606652,0.125406951708933,-23.6269134660376,2.03905249351676e-123,7.87074262497469e-121,"ENSG00000147862","downregulated",TRUE,TRUE,"TES_TEAD1_bound","TES_TEAD1_bound_downregulated"
"ENSG00000171848.16","RRM2",857.751046227765,-3.9236403449446,0.166280020478114,-23.5965832435114,4.17834314081211e-123,1.59471864951804e-120,"ENSG00000171848","downregulated",FALSE,TRUE,"TEAD1_only_bound","TEAD1_only_bound_downregulated"
"ENSG00000148541.13","FAM13C",409.586983662296,-4.05831666996138,0.172165534232382,-23.5721782995406,7.43740045400678e-123,2.8070402069078e-120,"ENSG00000148541","downregulated",TRUE,TRUE,"TES_TEAD1_bound","TES_TEAD1_bound_downregulated"
"ENSG00000145349.20","CAMK2D",3268.6792568659,-2.65329495309456,0.113529571093959,-23.3709590155912,8.43867698677035e-121,3.04941467964484e-118,"ENSG00000145349","downregulated",TRUE,FALSE,"TES_only_bound","TES_only_bound_downregulated"
"ENSG00000150457.9","LATS2",476.120920873732,-3.714509092708,0.159422595682037,-23.2997654869229,4.45758444036529e-120,1.57724196114925e-117,"ENSG00000150457","downregulated",TRUE,TRUE,"TES_TEAD1_bound","TES_TEAD1_bound_downregulated"
"ENSG00000187837.4","H1-2",1747.9482251635,-2.87972457145761,0.124240208987703,-23.178684219234,7.47114173623441e-119,2.5377974249641e-116,"ENSG00000187837","downregulated",TRUE,TRUE,"TES_TEAD1_bound","TES_TEAD1_bound_downregulated"
"ENSG00000151458.12","ANKRD50",1695.92552017785,-2.74480266200501,0.118450022292227,-23.1726647989422,8.59182120091282e-119,2.88957408467927e-116,"ENSG00000151458","downregulated",TRUE,TRUE,"TES_TEAD1_bound","TES_TEAD1_bound_downregulated"
"ENSG00000026025.16","VIM",8455.14499759324,-3.55651227831258,0.153839201013293,-23.1183746072971,3.02568424440865e-118,1.00761218053013e-115,"ENSG00000026025","downregulated",FALSE,TRUE,"TEAD1_only_bound","TEAD1_only_bound_downregulated"
"ENSG00000144645.16","OSBPL10",1667.9457138387,-2.84149543589002,0.123520575256596,-23.0042276761359,4.22855450221216e-117,1.36795751743945e-114,"ENSG00000144645","downregulated",TRUE,TRUE,"TES_TEAD1_bound","TES_TEAD1_bound_downregulated"
"ENSG00000166147.15","FBN1",1490.1422215918,-2.93260630491299,0.127864326423621,-22.9352970209776,2.06594045143273e-116,6.49776530132102e-114,"ENSG00000166147","downregulated",FALSE,TRUE,"TEAD1_only_bound","TEAD1_only_bound_downregulated"
"ENSG00000115353.11","TACR1",507.287739297384,-3.52753029280769,0.154383306694989,-22.8491691771892,1.48945045338023e-115,4.51729044646604e-113,"ENSG00000115353","downregulated",TRUE,TRUE,"TES_TEAD1_bound","TES_TEAD1_bound_downregulated"
"ENSG00000115380.20","EFEMP1",2595.09330125592,-4.60616868483747,0.202303197373422,-22.7686400642257,9.38117709124726e-115,2.79526160908322e-112,"ENSG00000115380","downregulated",FALSE,TRUE,"TEAD1_only_bound","TEAD1_only_bound_downregulated"
"ENSG00000162692.12","VCAM1",993.641085493865,-3.70225048286617,0.162755979955361,-22.7472470374458,1.52793610949292e-114,4.51312467541353e-112,"ENSG00000162692","downregulated",TRUE,TRUE,"TES_TEAD1_bound","TES_TEAD1_bound_downregulated"
"ENSG00000169047.6","IRS1",1635.36580348706,-2.68877871125526,0.118522269300568,-22.6858524319731,6.17978666299862e-114,1.79414524246784e-111,"ENSG00000169047","downregulated",FALSE,TRUE,"TEAD1_only_bound","TEAD1_only_bound_downregulated"
"ENSG00000165323.16","FAT3",1423.29002982052,-3.06104470626551,0.135561031173349,-22.5805652241698,6.72828262934422e-113,1.92055717944172e-110,"ENSG00000165323","downregulated",FALSE,TRUE,"TEAD1_only_bound","TEAD1_only_bound_downregulated"
"ENSG00000198947.18","DMD",500.936675520479,-3.60718304623363,0.159855173459876,-22.5653193960535,9.49851913251955e-113,2.68871414911187e-110,"ENSG00000198947","downregulated",TRUE,TRUE,"TES_TEAD1_bound","TES_TEAD1_bound_downregulated"
"ENSG00000172123.13","SLFN12",460.350355965635,-4.34401311349114,0.192528879020048,-22.562916979529,1.00286938837501e-112,2.81532788300184e-110,"ENSG00000172123","downregulated",TRUE,TRUE,"TES_TEAD1_bound","TES_TEAD1_bound_downregulated"
"ENSG00000204262.14","COL5A2",1549.06843970891,-3.25000987079925,0.145429276480693,-22.3477001979771,1.27125041238558e-110,3.51071821202547e-108,"ENSG00000204262","downregulated",TRUE,FALSE,"TES_only_bound","TES_only_bound_downregulated"
"ENSG00000104419.17","NDRG1",7268.05076310648,-2.565119434629,0.11510681543244,-22.2846877050001,5.20183997179934e-110,1.41356880129664e-107,"ENSG00000104419","downregulated",TRUE,FALSE,"TES_only_bound","TES_only_bound_downregulated"
"ENSG00000144642.22","RBMS3",1066.08694336185,-2.84879489234782,0.128203657792138,-22.2208550162172,2.15920176182147e-109,5.77509964138202e-107,"ENSG00000144642","downregulated",TRUE,TRUE,"TES_TEAD1_bound","TES_TEAD1_bound_downregulated"
"ENSG00000165899.12","OTOGL",331.59887033742,-4.35231526073805,0.196763430881898,-22.1195332955462,2.05038483625934e-108,5.23665203895168e-106,"ENSG00000165899","downregulated",FALSE,TRUE,"TEAD1_only_bound","TEAD1_only_bound_downregulated"
"ENSG00000126785.13","RHOJ",547.805610500207,-3.58499891694571,0.162399916932855,-22.0751277750219,5.48091665753878e-108,1.37907982980205e-105,"ENSG00000126785","downregulated",FALSE,TRUE,"TEAD1_only_bound","TEAD1_only_bound_downregulated"
"ENSG00000169715.15","MT1E",744.008488126755,-5.53154888046216,0.25119666636008,-22.0207893704008,1.8206483615466e-107,4.54733702536875e-105,"ENSG00000169715","downregulated",FALSE,TRUE,"TEAD1_only_bound","TEAD1_only_bound_downregulated"
"ENSG00000184304.17","PRKD1",930.015862199743,-2.96893802822791,0.134930554796962,-22.0034523143808,2.66872931875452e-107,6.61689032842727e-105,"ENSG00000184304","downregulated",TRUE,TRUE,"TES_TEAD1_bound","TES_TEAD1_bound_downregulated"
"ENSG00000175899.15","A2M",1070.93805673561,-4.14040985325567,0.18918189372245,-21.885867467476,3.54207622758013e-106,8.65591692794545e-104,"ENSG00000175899","downregulated",FALSE,TRUE,"TEAD1_only_bound","TEAD1_only_bound_downregulated"
"ENSG00000124749.18","COL21A1",396.881862398961,-4.2351221948193,0.195335321002627,-21.6812923186705,3.0810613240829e-104,7.37024584904564e-102,"ENSG00000124749","downregulated",TRUE,TRUE,"TES_TEAD1_bound","TES_TEAD1_bound_downregulated"
"ENSG00000066279.19","ASPM",1268.82931193796,-3.06051803604177,0.143292352800804,-21.3585580543598,3.24679793678566e-101,7.35248215444903e-99,"ENSG00000066279","downregulated",TRUE,FALSE,"TES_only_bound","TES_only_bound_downregulated"
"ENSG00000277224.3","H2BC7",292.29650718835,-5.44746146801954,0.256883896236461,-21.2059282338398,8.41932385675801e-100,1.88149732083129e-97,"ENSG00000277224","downregulated",TRUE,FALSE,"TES_only_bound","TES_only_bound_downregulated"
"ENSG00000145934.17","TENM2",3015.21524480116,-2.46057753090908,0.116109966506509,-21.1917857264315,1.13702320179932e-99,2.50794831939736e-97,"ENSG00000145934","downregulated",TRUE,TRUE,"TES_TEAD1_bound","TES_TEAD1_bound_downregulated"
"ENSG00000126878.13","AIF1L",2835.10514207091,-2.87952414730563,0.136313920468892,-21.1242119469578,4.7651033621771e-99,1.04426471617053e-96,"ENSG00000126878","downregulated",FALSE,TRUE,"TEAD1_only_bound","TEAD1_only_bound_downregulated"
"ENSG00000071575.12","TRIB2",1937.88480230595,-2.65889115532627,0.126808205340728,-20.9678163032269,1.29052866288432e-97,2.81004343723428e-95,"ENSG00000071575","downregulated",TRUE,TRUE,"TES_TEAD1_bound","TES_TEAD1_bound_downregulated"
"ENSG00000012817.16","KDM5D",341.596387326504,-3.7366141589811,0.178568116734163,-20.9254273793112,3.14235102460503e-97,6.67121122523648e-95,"ENSG00000012817","downregulated",FALSE,TRUE,"TEAD1_only_bound","TEAD1_only_bound_downregulated"
"ENSG00000105810.10","CDK6",3734.61562266506,-2.50416652567573,0.120243317373677,-20.8258270012096,2.52529026788428e-96,5.2950036925613e-94,"ENSG00000105810","downregulated",TRUE,TRUE,"TES_TEAD1_bound","TES_TEAD1_bound_downregulated"
"ENSG00000150540.14","HNMT",296.891162300483,-5.9575449585292,0.287471159836467,-20.7239744046611,2.10565951187996e-95,4.25744299402014e-93,"ENSG00000150540","downregulated",TRUE,TRUE,"TES_TEAD1_bound","TES_TEAD1_bound_downregulated"
"ENSG00000277075.3","H2AC8",336.446005022259,-4.12017822339573,0.198906019985581,-20.7141956975179,2.5797806678125e-95,5.18520649255948e-93,"ENSG00000277075","downregulated",FALSE,TRUE,"TEAD1_only_bound","TEAD1_only_bound_downregulated"
"ENSG00000185585.20","OLFML2A",395.399399941325,-4.04920916381454,0.195611558731547,-20.7002550875411,3.44542014891462e-95,6.88435480107834e-93,"ENSG00000185585","downregulated",FALSE,TRUE,"TEAD1_only_bound","TEAD1_only_bound_downregulated"
"ENSG00000047457.14","CP",1152.63116200501,-3.82611646445878,0.18513928712784,-20.6661510034703,6.98712248665424e-95,1.38794489255363e-92,"ENSG00000047457","downregulated",TRUE,TRUE,"TES_TEAD1_bound","TES_TEAD1_bound_downregulated"
"ENSG00000137642.13","SORL1",817.42776066853,-2.95239903492511,0.143104367332624,-20.631089672216,1.44360283935941e-94,2.85094774693956e-92,"ENSG00000137642","downregulated",TRUE,TRUE,"TES_TEAD1_bound","TES_TEAD1_bound_downregulated"
"ENSG00000139263.12","LRIG3",1247.54612988638,-2.59470290398658,0.126119083372249,-20.5734361098086,4.7479891315859e-94,9.11184716506836e-92,"ENSG00000139263","downregulated",TRUE,FALSE,"TES_only_bound","TES_only_bound_downregulated"
"ENSG00000078018.22","MAP2",1751.32036521664,-2.83049926392138,0.137840979858422,-20.5345265742352,1.05840826965167e-93,2.00849229628647e-91,"ENSG00000078018","downregulated",TRUE,FALSE,"TES_only_bound","TES_only_bound_downregulated"
"ENSG00000136205.18","TNS3",6668.85341202987,-2.48716919439411,0.121330160200253,-20.4991833051987,2.18936911689172e-93,4.13158278680989e-91,"ENSG00000136205","downregulated",TRUE,TRUE,"TES_TEAD1_bound","TES_TEAD1_bound_downregulated"
"ENSG00000111269.3","CREBL2",378.449830700646,-4.37793061996222,0.213586753319684,-20.4972010291742,2.28038149815639e-93,4.27955794084951e-91,"ENSG00000111269","downregulated",FALSE,TRUE,"TEAD1_only_bound","TEAD1_only_bound_downregulated"
"ENSG00000172965.17","MIR4435-2HG",1148.93430287303,-2.80062352254469,0.137687494299789,-20.3404349595239,5.64277899833295e-92,1.04170607073573e-89,"ENSG00000172965","downregulated",TRUE,TRUE,"TES_TEAD1_bound","TES_TEAD1_bound_downregulated"
"ENSG00000166741.8","NNMT",435.181329210803,-4.32554072935394,0.212979284704071,-20.3096781706454,1.05593967875975e-91,1.92839564559738e-89,"ENSG00000166741","downregulated",TRUE,TRUE,"TES_TEAD1_bound","TES_TEAD1_bound_downregulated"
"ENSG00000169760.18","NLGN1",1016.53879032459,-2.6578026222704,0.132137122084382,-20.1139738806566,5.56792766673884e-90,1.00601790948822e-87,"ENSG00000169760","downregulated",FALSE,TRUE,"TEAD1_only_bound","TEAD1_only_bound_downregulated"
"ENSG00000087266.17","SH3BP2",2893.09586313132,-2.46861104597602,0.123571525695667,-19.9771835143943,8.69954159349778e-89,1.53909390024965e-86,"ENSG00000087266","downregulated",FALSE,TRUE,"TEAD1_only_bound","TEAD1_only_bound_downregulated"
"ENSG00000139618.18","BRCA2",420.875366452831,-3.58088148343411,0.179684111796936,-19.928759686226,2.29171252797976e-88,4.03341404924438e-86,"ENSG00000139618","downregulated",TRUE,FALSE,"TES_only_bound","TES_only_bound_downregulated"
"ENSG00000048052.25","HDAC9",2034.87427002883,-2.34007634726241,0.117439036795147,-19.9258816414195,2.42733706224663e-88,4.25009202733988e-86,"ENSG00000048052","downregulated",TRUE,TRUE,"TES_TEAD1_bound","TES_TEAD1_bound_downregulated"
"ENSG00000112319.21","EYA4",2535.57948010173,-2.39620087832337,0.121421158426418,-19.7346237622621,1.08753435101691e-86,1.84706834176712e-84,"ENSG00000112319","downregulated",TRUE,TRUE,"TES_TEAD1_bound","TES_TEAD1_bound_downregulated"
"ENSG00000115414.21","FN1",4886.72186544166,-2.51778637847426,0.12769625345684,-19.7169949024797,1.54117599326257e-86,2.59161713560113e-84,"ENSG00000115414","downregulated",TRUE,TRUE,"TES_TEAD1_bound","TES_TEAD1_bound_downregulated"
"ENSG00000171444.19","MCC",4360.1597452498,-2.33035239367809,0.118220606711772,-19.7118967538343,1.70456546328356e-86,2.83826861062824e-84,"ENSG00000171444","downregulated",TRUE,TRUE,"TES_TEAD1_bound","TES_TEAD1_bound_downregulated"
"ENSG00000156515.25","HK1",2926.4615677249,-2.26754557235062,0.115311485212714,-19.6645249011206,4.34215638536908e-86,7.19484722430327e-84,"ENSG00000156515","downregulated",FALSE,TRUE,"TEAD1_only_bound","TEAD1_only_bound_downregulated"
"ENSG00000151322.20","NPAS3",1032.4547784615,-2.81886389341653,0.143653912395343,-19.6226043997944,9.91414280459815e-86,1.63477477080869e-83,"ENSG00000151322","downregulated",FALSE,TRUE,"TEAD1_only_bound","TEAD1_only_bound_downregulated"
"ENSG00000007237.19","GAS7",874.04294584078,-2.67296529150496,0.136700417006996,-19.5534538228084,3.85516115395323e-85,6.29577471526363e-83,"ENSG00000007237","downregulated",FALSE,TRUE,"TEAD1_only_bound","TEAD1_only_bound_downregulated"
"ENSG00000144810.16","COL8A1",351.207319396756,-3.6564954861073,0.187277900692488,-19.5244365330179,6.80635996967743e-85,1.10621260980863e-82,"ENSG00000144810","downregulated",TRUE,FALSE,"TES_only_bound","TES_only_bound_downregulated"
"ENSG00000150760.13","DOCK1",857.42562596418,-2.60720633264655,0.133581389536295,-19.5177362782122,7.76009961564327e-85,1.25521458925796e-82,"ENSG00000150760","downregulated",FALSE,TRUE,"TEAD1_only_bound","TEAD1_only_bound_downregulated"
"ENSG00000172201.12","ID4",682.250560073516,-3.48808445293036,0.179102586201862,-19.4753438624222,1.77727017061229e-84,2.86115228224446e-82,"ENSG00000172201","downregulated",FALSE,TRUE,"TEAD1_only_bound","TEAD1_only_bound_downregulated"
"ENSG00000151012.13","SLC7A11",2700.83583589595,-2.27253752313958,0.116780963697443,-19.459828478786,2.4058865827297e-84,3.85486582274351e-82,"ENSG00000151012","downregulated",TRUE,FALSE,"TES_only_bound","TES_only_bound_downregulated"
"ENSG00000090530.10","P3H2",339.490397654715,-3.57908070955505,0.185800978593769,-19.2629809414528,1.09867695239936e-82,1.6963572145046e-80,"ENSG00000090530","downregulated",TRUE,TRUE,"TES_TEAD1_bound","TES_TEAD1_bound_downregulated"
"ENSG00000169862.21","CTNND2",1041.56542576015,-2.69565420236224,0.140321271609162,-19.210588469227,3.01825372445289e-82,4.63909694625411e-80,"ENSG00000169862","downregulated",TRUE,TRUE,"TES_TEAD1_bound","TES_TEAD1_bound_downregulated"
"ENSG00000122870.12","BICC1",602.379827399686,-2.74017797919359,0.143881030891173,-19.0447480270431,7.26347070251042e-81,1.0917060744375e-78,"ENSG00000122870","downregulated",FALSE,TRUE,"TEAD1_only_bound","TEAD1_only_bound_downregulated"
"ENSG00000170525.21","PFKFB3",5979.42781291294,-2.17434159217117,0.114358345223675,-19.0134055185772,1.32092175342955e-80,1.9508291356737e-78,"ENSG00000170525","downregulated",TRUE,TRUE,"TES_TEAD1_bound","TES_TEAD1_bound_downregulated"
"ENSG00000134954.14","ETS1",2016.77872978107,-2.52250066304808,0.132676950528822,-19.0123503215437,1.34776453442873e-80,1.98185565824567e-78,"ENSG00000134954","downregulated",TRUE,TRUE,"TES_TEAD1_bound","TES_TEAD1_bound_downregulated"
"ENSG00000126016.17","AMOT",1620.97037315989,-2.34036490108262,0.123123816029701,-19.0082225888617,1.4580977079416e-80,2.13485616135174e-78,"ENSG00000126016","downregulated",TRUE,TRUE,"TES_TEAD1_bound","TES_TEAD1_bound_downregulated"
"ENSG00000196083.11","IL1RAP",723.442191543334,-2.70516091854508,0.142781346938822,-18.9461787309246,4.74837697830243e-80,6.86352634889263e-78,"ENSG00000196083","downregulated",TRUE,TRUE,"TES_TEAD1_bound","TES_TEAD1_bound_downregulated"
"ENSG00000143341.12","HMCN1",521.630872316145,-2.79497342435536,0.147942241166854,-18.8923285351822,1.31897368398142e-79,1.89041764124391e-77,"ENSG00000143341","downregulated",FALSE,TRUE,"TEAD1_only_bound","TEAD1_only_bound_downregulated"
"ENSG00000102144.15","PGK1",8047.41212312829,-3.0614033119931,0.162576819452504,-18.8305031572319,4.24706344479265e-79,5.98606851007124e-77,"ENSG00000102144","downregulated",FALSE,TRUE,"TEAD1_only_bound","TEAD1_only_bound_downregulated"
"ENSG00000144681.11","STAC",407.665582493453,-3.05667186402956,0.162996670919033,-18.7529711299927,1.83071571739224e-78,2.54859637247458e-76,"ENSG00000144681","downregulated",TRUE,FALSE,"TES_only_bound","TES_only_bound_downregulated"
"ENSG00000204767.4","INSYN2B",468.806496443518,-2.88161809726117,0.153973071919114,-18.7150783013211,3.73072838096114e-78,5.15143827823122e-76,"ENSG00000204767","downregulated",TRUE,TRUE,"TES_TEAD1_bound","TES_TEAD1_bound_downregulated"
"ENSG00000138696.11","BMPR1B",484.993563312176,-2.82682732048014,0.15108783357165,-18.7098276125562,4.11704542332599e-78,5.6390241507878e-76,"ENSG00000138696","downregulated",TRUE,TRUE,"TES_TEAD1_bound","TES_TEAD1_bound_downregulated"
"ENSG00000107186.17","MPDZ",1328.24622748539,-2.3890057122927,0.129275602780943,-18.479942548331,2.9950005295579e-76,3.98957560737344e-74,"ENSG00000107186","downregulated",TRUE,TRUE,"TES_TEAD1_bound","TES_TEAD1_bound_downregulated"
"ENSG00000179869.15","ABCA13",4841.78897620702,-2.73672482212207,0.148795917474073,-18.3924725125534,1.50936949553781e-75,1.97193319324725e-73,"ENSG00000179869","downregulated",TRUE,TRUE,"TES_TEAD1_bound","TES_TEAD1_bound_downregulated"
"ENSG00000111913.20","RIPOR2",833.015381277433,-2.38031512791649,0.129426163875815,-18.3912978383599,1.54243136657128e-75,2.00740646205721e-73,"ENSG00000111913","downregulated",TRUE,TRUE,"TES_TEAD1_bound","TES_TEAD1_bound_downregulated"
"ENSG00000169554.23","ZEB2",1616.4997094519,-2.18872301651853,0.119496008891303,-18.3162855130119,6.13606518113762e-75,7.80636187538887e-73,"ENSG00000169554","downregulated",TRUE,TRUE,"TES_TEAD1_bound","TES_TEAD1_bound_downregulated"
"ENSG00000124570.21","SERPINB6",857.63498892065,-2.4805505248924,0.136174821841775,-18.2159263463155,3.85831904925767e-74,4.87209596524849e-72,"ENSG00000124570","downregulated",TRUE,TRUE,"TES_TEAD1_bound","TES_TEAD1_bound_downregulated"
"ENSG00000138193.17","PLCE1",1451.77863993211,-2.18873645505233,0.12147101712728,-18.0185900045516,1.39247365527647e-72,1.68325783353848e-70,"ENSG00000138193","downregulated",TRUE,TRUE,"TES_TEAD1_bound","TES_TEAD1_bound_downregulated"
"ENSG00000277443.3","MARCKS",4460.33199615759,-2.56399899197586,0.143143931027242,-17.9120342271996,9.49993148595877e-72,1.13225850075455e-69,"ENSG00000277443","downregulated",TRUE,TRUE,"TES_TEAD1_bound","TES_TEAD1_bound_downregulated"
"ENSG00000105137.13","SYDE1",585.471727230013,-2.71539421058604,0.15207262945805,-17.8559035920076,2.60037926339971e-71,3.06700287566533e-69,"ENSG00000105137","downregulated",FALSE,TRUE,"TEAD1_only_bound","TEAD1_only_bound_downregulated"
"ENSG00000060982.15","BCAT1",1362.14201530155,-2.18278308314994,0.122309866279588,-17.8463369272297,3.08627724780101e-71,3.62749707796902e-69,"ENSG00000060982","downregulated",FALSE,TRUE,"TEAD1_only_bound","TEAD1_only_bound_downregulated"
"ENSG00000112984.12","KIF20A",335.542923002534,-3.75413861695281,0.210402532301539,-17.8426494010659,3.29686822675992e-71,3.86165585953728e-69,"ENSG00000112984","downregulated",FALSE,TRUE,"TEAD1_only_bound","TEAD1_only_bound_downregulated"
"ENSG00000278463.2","H2AC4",212.235824297109,-6.03171697076336,0.339055585318851,-17.7897584701077,8.48448236399378e-71,9.83620808669423e-69,"ENSG00000278463","downregulated",FALSE,TRUE,"TEAD1_only_bound","TEAD1_only_bound_downregulated"
"ENSG00000115306.16","SPTBN1",6356.70707951767,-2.19821167218876,0.123648357524114,-17.7779286049964,1.04780272573502e-70,1.21060418325739e-68,"ENSG00000115306","downregulated",FALSE,TRUE,"TEAD1_only_bound","TEAD1_only_bound_downregulated"
"ENSG00000233237.9","LINC00472",2339.34695145982,-2.04221825155616,0.115133523081376,-17.7378247177647,2.14062851346297e-70,2.42376231151034e-68,"ENSG00000233237","downregulated",TRUE,TRUE,"TES_TEAD1_bound","TES_TEAD1_bound_downregulated"
"ENSG00000100401.21","RANGAP1",1339.13206033126,-2.25864223196964,0.128409008030539,-17.5894375839464,2.96808732149628e-69,3.30557344710117e-67,"ENSG00000100401","downregulated",FALSE,TRUE,"TEAD1_only_bound","TEAD1_only_bound_downregulated"
"ENSG00000075391.18","RASAL2",2234.34974721677,-2.03243441382599,0.115908738703574,-17.5347815579613,7.77477998701965e-69,8.57447164282738e-67,"ENSG00000075391","downregulated",TRUE,TRUE,"TES_TEAD1_bound","TES_TEAD1_bound_downregulated"
"ENSG00000119900.9","OGFRL1",1526.89947932764,-2.21959841322382,0.126839938185429,-17.4992076232248,1.45276158742148e-68,1.59185179359784e-66,"ENSG00000119900","downregulated",TRUE,FALSE,"TES_only_bound","TES_only_bound_downregulated"
"ENSG00000152894.15","PTPRK",1044.64244503603,-2.19224173975252,0.125324345792004,-17.4925448515079,1.6329948962218e-68,1.78358748022065e-66,"ENSG00000152894","downregulated",TRUE,TRUE,"TES_TEAD1_bound","TES_TEAD1_bound_downregulated"
"ENSG00000113391.19","ARB2A",245.455085003863,-3.10482479117505,0.178896898946527,-17.3553863116604,1.7958835354261e-67,1.91230633013648e-65,"ENSG00000113391","downregulated",TRUE,FALSE,"TES_only_bound","TES_only_bound_downregulated"
"ENSG00000182621.19","PLCB1",1794.40904687845,-2.07202730111204,0.119583865314788,-17.3269804890292,2.94384055309328e-67,3.12488674710852e-65,"ENSG00000182621","downregulated",TRUE,FALSE,"TES_only_bound","TES_only_bound_downregulated"
"ENSG00000094916.16","CBX5",2400.47557747362,-2.18705730475473,0.126418377730174,-17.3001532215732,4.69139534170082e-67,4.96440239772254e-65,"ENSG00000094916","downregulated",FALSE,TRUE,"TEAD1_only_bound","TEAD1_only_bound_downregulated"
"ENSG00000231131.10","LNCAROD",189.252989817327,-4.07955505403326,0.235881084558538,-17.2949647983361,5.13343532182728e-67,5.39853037188326e-65,"ENSG00000231131","downregulated",TRUE,TRUE,"TES_TEAD1_bound","TES_TEAD1_bound_downregulated"
"ENSG00000248323.8","LUCAT1",244.796892584209,-3.13378972015276,0.181419568908065,-17.2737138502452,7.42093515825388e-67,7.78007177332e-65,"ENSG00000248323","downregulated",TRUE,FALSE,"TES_only_bound","TES_only_bound_downregulated"
"ENSG00000075426.12","FOSL2",8774.07202132208,-2.02028418539159,0.116993306221864,-17.2683741543329,8.14035943587976e-67,8.50805320978349e-65,"ENSG00000075426","downregulated",TRUE,TRUE,"TES_TEAD1_bound","TES_TEAD1_bound_downregulated"
"ENSG00000067057.19","PFKP",3542.38089129102,-1.906233354926,0.111396880155807,-17.1120892457654,1.20595161637612e-65,1.24509922507793e-63,"ENSG00000067057","downregulated",FALSE,TRUE,"TEAD1_only_bound","TEAD1_only_bound_downregulated"
"ENSG00000245552.9","LOC100129203",755.704523844126,-2.72921611994635,0.16133990067166,-16.9159402515099,3.43293730232337e-64,3.45000042264261e-62,"ENSG00000245552","downregulated",TRUE,TRUE,"TES_TEAD1_bound","TES_TEAD1_bound_downregulated"
"ENSG00000133121.21","STARD13",610.716401733162,-2.56581001892774,0.151739248126948,-16.9093365796905,3.84006594259006e-64,3.84776872973153e-62,"ENSG00000133121","downregulated",TRUE,TRUE,"TES_TEAD1_bound","TES_TEAD1_bound_downregulated"
"ENSG00000051341.15","POLQ",342.026771912364,-2.77813889748861,0.164580677509232,-16.8801036642516,6.30340425855213e-64,6.26064432323095e-62,"ENSG00000051341","downregulated",TRUE,TRUE,"TES_TEAD1_bound","TES_TEAD1_bound_downregulated"
"ENSG00000062725.10","APPBP2",1623.77597921065,-2.14758575644914,0.127550342732577,-16.8371617860078,1.30339925791689e-63,1.29078326509974e-61,"ENSG00000062725","downregulated",FALSE,TRUE,"TEAD1_only_bound","TEAD1_only_bound_downregulated"
"ENSG00000132669.14","RIN2",943.381642951236,-2.35208958768779,0.140378965258401,-16.7552851195206,5.18119231304449e-63,5.02842115684272e-61,"ENSG00000132669","downregulated",TRUE,TRUE,"TES_TEAD1_bound","TES_TEAD1_bound_downregulated"
"ENSG00000139734.19","DIAPH3",278.513492605161,-2.95655988875074,0.176961354216052,-16.7073760361321,1.15821052194276e-62,1.10511502835258e-60,"ENSG00000139734","downregulated",TRUE,TRUE,"TES_TEAD1_bound","TES_TEAD1_bound_downregulated"
"ENSG00000171451.15","DSEL",390.178164209155,-2.53493715232494,0.151920815523847,-16.6859106409091,1.65956041693597e-62,1.56588745118003e-60,"ENSG00000171451","downregulated",TRUE,TRUE,"TES_TEAD1_bound","TES_TEAD1_bound_downregulated"
"ENSG00000091986.16","CCDC80",1151.53263378965,-2.34334935766562,0.140491841660128,-16.6796116413261,1.84413876275666e-62,1.73043385340658e-60,"ENSG00000091986","downregulated",TRUE,TRUE,"TES_TEAD1_bound","TES_TEAD1_bound_downregulated"
"ENSG00000236581.9","STARD13-AS",393.597056356261,-3.32270460788906,0.199604515466237,-16.6464400874292,3.21146581981133e-62,2.98868687581785e-60,"ENSG00000236581","downregulated",TRUE,TRUE,"TES_TEAD1_bound","TES_TEAD1_bound_downregulated"
"ENSG00000107249.24","GLIS3",2829.70684627511,-2.06434871444888,0.124663177651376,-16.5594103514823,1.36929370454416e-61,1.25369726565919e-59,"ENSG00000107249","downregulated",TRUE,TRUE,"TES_TEAD1_bound","TES_TEAD1_bound_downregulated"
"ENSG00000171992.13","SYNPO",1535.16198986913,-2.16483163410086,0.130829740922792,-16.5469381719438,1.68454800882759e-61,1.53819157967354e-59,"ENSG00000171992","downregulated",FALSE,TRUE,"TEAD1_only_bound","TEAD1_only_bound_downregulated"
"ENSG00000135842.17","NIBAN1",3546.85399548166,-1.82850593291925,0.110621912014087,-16.5293285898583,2.25643027523223e-61,2.05486390319272e-59,"ENSG00000135842","downregulated",TRUE,TRUE,"TES_TEAD1_bound","TES_TEAD1_bound_downregulated"
"ENSG00000130635.17","COL5A1",3680.86781831282,-2.06127172205798,0.124801157394055,-16.5164471636235,2.79378247453476e-61,2.53064541586658e-59,"ENSG00000130635","downregulated",FALSE,TRUE,"TEAD1_only_bound","TEAD1_only_bound_downregulated"
"ENSG00000138771.16","SHROOM3",572.96488203379,-2.56421531810794,0.155704706143261,-16.468450964794,6.18335155131997e-61,5.5712489521283e-59,"ENSG00000138771","downregulated",TRUE,FALSE,"TES_only_bound","TES_only_bound_downregulated"
"ENSG00000146674.16","IGFBP3",608.771563798874,-3.6914073879696,0.224245005983901,-16.461492071019,6.93692103238751e-61,6.23368607481849e-59,"ENSG00000146674","downregulated",TRUE,TRUE,"TES_TEAD1_bound","TES_TEAD1_bound_downregulated"
"ENSG00000134013.16","LOXL2",1113.18666470791,-2.51922739608152,0.153833364155273,-16.3763394886087,2.8222501296172e-60,2.51617302894585e-58,"ENSG00000134013","downregulated",TRUE,TRUE,"TES_TEAD1_bound","TES_TEAD1_bound_downregulated"
"ENSG00000155090.15","KLF10",3012.51224859935,-2.61543858873535,0.159935750739252,-16.353057878844,4.13688568596161e-60,3.65942012970687e-58,"ENSG00000155090","downregulated",FALSE,TRUE,"TEAD1_only_bound","TEAD1_only_bound_downregulated"
"ENSG00000255248.11","MIR100HG",2297.08579112803,-2.25943697427507,0.138260795636097,-16.3418484891546,4.97223226080872e-60,4.37556438951168e-58,"ENSG00000255248","downregulated",TRUE,TRUE,"TES_TEAD1_bound","TES_TEAD1_bound_downregulated"
"ENSG00000107551.21","RASSF4",462.206877680772,-2.5157109169883,0.154016380446447,-16.3340477791779,5.65076214343513e-60,4.95982140796394e-58,"ENSG00000107551","downregulated",FALSE,TRUE,"TEAD1_only_bound","TEAD1_only_bound_downregulated"
"ENSG00000171604.12","CXXC5",1087.10394691613,-2.42312921777421,0.148751166878236,-16.289816534735,1.16578417838676e-59,1.00505982161019e-57,"ENSG00000171604","downregulated",FALSE,TRUE,"TEAD1_only_bound","TEAD1_only_bound_downregulated"
"ENSG00000140416.25","TPM1",1467.95056051152,-2.06636952634976,0.128403948563874,-16.0927257258125,2.86922301361294e-58,2.40646339077541e-56,"ENSG00000140416","downregulated",TRUE,TRUE,"TES_TEAD1_bound","TES_TEAD1_bound_downregulated"
"ENSG00000164125.16","GASK1B",343.730966609935,-2.87004528755397,0.179061012898727,-16.0283092399192,8.10583129882065e-58,6.69924276297664e-56,"ENSG00000164125","downregulated",TRUE,TRUE,"TES_TEAD1_bound","TES_TEAD1_bound_downregulated"
"ENSG00000276410.4","H2BC3",145.493270156618,-5.28076373057452,0.33026343758658,-15.9895499458372,1.51118785949055e-57,1.24592303910619e-55,"ENSG00000276410","downregulated",FALSE,TRUE,"TEAD1_only_bound","TEAD1_only_bound_downregulated"
"ENSG00000137871.21","ZNF280D",325.430477589562,-2.4874767599826,0.156378595808288,-15.9067597910402,5.68822011732255e-57,4.65584243241476e-55,"ENSG00000137871","downregulated",FALSE,TRUE,"TEAD1_only_bound","TEAD1_only_bound_downregulated"
"ENSG00000132274.17","TRIM22",2522.80481864661,-2.10327044909659,0.132717834530303,-15.847685102309,1.45855474420673e-56,1.1824388437044e-54,"ENSG00000132274","downregulated",FALSE,TRUE,"TEAD1_only_bound","TEAD1_only_bound_downregulated"
"ENSG00000137807.16","KIF23",528.041499786969,-2.94438404897839,0.186980832710243,-15.7469832939571,7.20367058869768e-56,5.78473481221945e-54,"ENSG00000137807","downregulated",FALSE,TRUE,"TEAD1_only_bound","TEAD1_only_bound_downregulated"
"ENSG00000215386.15","MIR99AHG",9249.68169732151,-2.32908935951756,0.147918784231106,-15.7457308185999,7.34773083699198e-56,5.88650285544678e-54,"ENSG00000215386","downregulated",TRUE,TRUE,"TES_TEAD1_bound","TES_TEAD1_bound_downregulated"
"ENSG00000148655.16","LRMDA",269.464740524465,-3.5042448652787,0.222639593906777,-15.7395403206942,8.10301657142671e-56,6.47631216231112e-54,"ENSG00000148655","downregulated",TRUE,TRUE,"TES_TEAD1_bound","TES_TEAD1_bound_downregulated"
"ENSG00000196954.14","CASP4",298.672381893882,-3.40089793536016,0.216381169983692,-15.717162152402,1.15376963076886e-55,9.15683336868146e-54,"ENSG00000196954","downregulated",FALSE,TRUE,"TEAD1_only_bound","TEAD1_only_bound_downregulated"
"ENSG00000178776.5","C5orf46",222.672552145612,-7.38973107380517,0.471914158935795,-15.6590577626864,2.88134384538459e-55,2.27084658329521e-53,"ENSG00000178776","downregulated",FALSE,TRUE,"TEAD1_only_bound","TEAD1_only_bound_downregulated"
"ENSG00000127955.17","GNAI1",548.894250060152,-2.38136995515317,0.152155576703239,-15.6508884311073,3.27613746525321e-55,2.57006552932381e-53,"ENSG00000127955","downregulated",TRUE,FALSE,"TES_only_bound","TES_only_bound_downregulated"
"ENSG00000167900.12","TK1",411.798072966176,-2.98550679918379,0.191694721764134,-15.574277537267,1.08876226767362e-54,8.4243910497352e-53,"ENSG00000167900","downregulated",FALSE,TRUE,"TEAD1_only_bound","TEAD1_only_bound_downregulated"
"ENSG00000101134.12","DOK5",140.339139073572,-5.89418903462436,0.380109360235287,-15.5065611406566,3.13210342318505e-54,2.37480555979352e-52,"ENSG00000101134","downregulated",TRUE,TRUE,"TES_TEAD1_bound","TES_TEAD1_bound_downregulated"
"ENSG00000131018.25","SYNE1",4947.87207778049,-1.80239523803036,0.116691229416969,-15.4458501040376,8.04597575100283e-54,6.05999344368213e-52,"ENSG00000131018","downregulated",TRUE,TRUE,"TES_TEAD1_bound","TES_TEAD1_bound_downregulated"
"ENSG00000134369.16","NAV1",4451.63374596065,-2.07321259611206,0.134314522340338,-15.4355058558655,9.4456913335312e-54,7.06720800038299e-52,"ENSG00000134369","downregulated",FALSE,TRUE,"TEAD1_only_bound","TEAD1_only_bound_downregulated"
"ENSG00000152952.14","PLOD2",4542.75833151875,-2.15929545857339,0.140131612166907,-15.4090531407111,1.42281295520262e-53,1.05987084347198e-51,"ENSG00000152952","downregulated",FALSE,TRUE,"TEAD1_only_bound","TEAD1_only_bound_downregulated"
"ENSG00000011426.11","ANLN",1052.25239931341,-2.36212792730061,0.153360136126946,-15.4024897666061,1.57486920539151e-53,1.17057236693082e-51,"ENSG00000011426","downregulated",TRUE,TRUE,"TES_TEAD1_bound","TES_TEAD1_bound_downregulated"
"ENSG00000154978.13","VOPP1",1522.13781605502,-1.79853008622821,0.117341318340039,-15.3273383295075,5.02144694206511e-53,3.70801108104495e-51,"ENSG00000154978","downregulated",TRUE,TRUE,"TES_TEAD1_bound","TES_TEAD1_bound_downregulated"
"ENSG00000165072.10","MAMDC2",215.07761285869,-2.90030409612001,0.18932472676643,-15.3192039183456,5.69102481742444e-53,4.19333472881287e-51,"ENSG00000165072","downregulated",FALSE,TRUE,"TEAD1_only_bound","TEAD1_only_bound_downregulated"
"ENSG00000104320.15","NBN",1350.94162605505,-2.016485347987,0.131670947128274,-15.3145807178142,6.11046406433666e-53,4.49264595968372e-51,"ENSG00000104320","downregulated",TRUE,TRUE,"TES_TEAD1_bound","TES_TEAD1_bound_downregulated"
"ENSG00000109099.16","PMP22",1294.8971316849,-2.21013167021127,0.144469163120291,-15.298293576817,7.84876345559273e-53,5.7458361435253e-51,"ENSG00000109099","downregulated",TRUE,TRUE,"TES_TEAD1_bound","TES_TEAD1_bound_downregulated"
"ENSG00000167767.14","KRT80",874.971924624746,-2.1588708727259,0.141494237163963,-15.2576593647712,1.46406495902421e-52,1.06263586598578e-50,"ENSG00000167767","downregulated",FALSE,TRUE,"TEAD1_only_bound","TEAD1_only_bound_downregulated"
"ENSG00000112186.13","CAP2",396.876580235486,-2.6290600385961,0.172663897499258,-15.2264606363783,2.36027775912617e-52,1.69859989241521e-50,"ENSG00000112186","downregulated",FALSE,TRUE,"TEAD1_only_bound","TEAD1_only_bound_downregulated"
"ENSG00000118762.8","PKD2",662.784414913229,-2.27236065670436,0.149432794670681,-15.2065727052229,3.1985586483477e-52,2.29216540436867e-50,"ENSG00000118762","downregulated",TRUE,TRUE,"TES_TEAD1_bound","TES_TEAD1_bound_downregulated"
"ENSG00000181458.10","TMEM45A",708.410069360039,-2.81623896736286,0.185787905896658,-15.1583546505409,6.67198942651959e-52,4.72154451750036e-50,"ENSG00000181458","downregulated",TRUE,TRUE,"TES_TEAD1_bound","TES_TEAD1_bound_downregulated"
"ENSG00000129038.16","LOXL1",234.753386141022,-3.0496787515824,0.2016502258289,-15.123606924051,1.13170234007677e-51,7.94249278672063e-50,"ENSG00000129038","downregulated",FALSE,TRUE,"TEAD1_only_bound","TEAD1_only_bound_downregulated"
"ENSG00000142627.13","EPHA2",2283.91361800912,-1.83480597326664,0.121475688253794,-15.1043060520329,1.51694980915722e-51,1.0624278580918e-49,"ENSG00000142627","downregulated",FALSE,TRUE,"TEAD1_only_bound","TEAD1_only_bound_downregulated"
"ENSG00000099250.18","NRP1",4331.42712187337,-1.70287836120004,0.112829742565543,-15.0924598645684,1.81545795300797e-51,1.2636777817167e-49,"ENSG00000099250","downregulated",TRUE,TRUE,"TES_TEAD1_bound","TES_TEAD1_bound_downregulated"
"ENSG00000100504.17","PYGL",504.408882655779,-2.34832441445157,0.155631525465365,-15.0890020992191,1.91313856370936e-51,1.32894664073782e-49,"ENSG00000100504","downregulated",FALSE,TRUE,"TEAD1_only_bound","TEAD1_only_bound_downregulated"
"ENSG00000196196.3","HRCT1",266.574347982465,-3.29313742715575,0.21889894082364,-15.0440994130206,3.7743505015593e-51,2.60055046322447e-49,"ENSG00000196196","downregulated",TRUE,TRUE,"TES_TEAD1_bound","TES_TEAD1_bound_downregulated"
"ENSG00000116016.14","EPAS1",2167.19155612526,-1.88394445296846,0.125256821700548,-15.040653494086,3.97605540855134e-51,2.73398077161279e-49,"ENSG00000116016","downregulated",FALSE,TRUE,"TEAD1_only_bound","TEAD1_only_bound_downregulated"
"ENSG00000151835.17","SACS",1667.61039621499,-1.90704750891556,0.127277272964529,-14.9834095632064,9.42549275652212e-51,6.41613502912913e-49,"ENSG00000151835","downregulated",TRUE,TRUE,"TES_TEAD1_bound","TES_TEAD1_bound_downregulated"
"ENSG00000177469.13","CAVIN1",7334.59557377838,-1.80480037381348,0.120744489097968,-14.9472691242175,1.62268258885594e-50,1.10018527301914e-48,"ENSG00000177469","downregulated",FALSE,TRUE,"TEAD1_only_bound","TEAD1_only_bound_downregulated"
"ENSG00000187955.13","COL14A1",4157.48288649188,-2.00617330847682,0.134567574969777,-14.9082965114545,2.91084442708345e-50,1.96181673609466e-48,"ENSG00000187955","downregulated",TRUE,TRUE,"TES_TEAD1_bound","TES_TEAD1_bound_downregulated"
"ENSG00000150938.10","CRIM1",6303.36470412534,-1.69787015602871,0.11428046158612,-14.8570467117796,6.26256807169616e-50,4.1629532731776e-48,"ENSG00000150938","downregulated",FALSE,TRUE,"TEAD1_only_bound","TEAD1_only_bound_downregulated"
"ENSG00000140022.14","STON2",1539.69826060023,-1.90732751246031,0.128947143151703,-14.7915453250204,1.66096105862056e-49,1.09340165192293e-47,"ENSG00000140022","downregulated",FALSE,TRUE,"TEAD1_only_bound","TEAD1_only_bound_downregulated"
"ENSG00000196526.11","AFAP1",1130.49083515241,-1.81009433983789,0.12238959101901,-14.789610168374,1.70940975439702e-49,1.12095039647409e-47,"ENSG00000196526","downregulated",FALSE,TRUE,"TEAD1_only_bound","TEAD1_only_bound_downregulated"
"ENSG00000137185.13","ZSCAN9",171.594418173419,-3.44356114061684,0.233354151856221,-14.7568025390804,2.78159045130123e-49,1.81005870593487e-47,"ENSG00000137185","downregulated",FALSE,TRUE,"TEAD1_only_bound","TEAD1_only_bound_downregulated"
"ENSG00000136048.14","DRAM1",269.298895653511,-2.67752681952448,0.181676228534695,-14.737904023658,3.68030605264701e-49,2.38573732817392e-47,"ENSG00000136048","downregulated",TRUE,TRUE,"TES_TEAD1_bound","TES_TEAD1_bound_downregulated"
"ENSG00000151892.16","GFRA1",2158.28847833995,-1.83995035343645,0.124878659937583,-14.7339053314321,3.90473209827922e-49,2.5263988555114e-47,"ENSG00000151892","downregulated",TRUE,TRUE,"TES_TEAD1_bound","TES_TEAD1_bound_downregulated"
"ENSG00000107984.10","DKK1",3168.96920060664,-2.92015398263843,0.199021850829088,-14.6725295261481,9.66728542650012e-49,6.21928695771507e-47,"ENSG00000107984","downregulated",TRUE,FALSE,"TES_only_bound","TES_only_bound_downregulated"
"ENSG00000148411.8","NACC2",1704.99171335875,-1.80896874025367,0.123584064032976,-14.6375566656472,1.61778174343263e-48,1.03489284860489e-46,"ENSG00000148411","downregulated",TRUE,TRUE,"TES_TEAD1_bound","TES_TEAD1_bound_downregulated"
"ENSG00000146648.21","EGFR",3067.16763265528,-1.63433405422435,0.111749288878747,-14.6250063031513,1.9455286631366e-48,1.23988213188413e-46,"ENSG00000146648","downregulated",TRUE,TRUE,"TES_TEAD1_bound","TES_TEAD1_bound_downregulated"
"ENSG00000129521.15","EGLN3",365.203027794924,-2.24509959884734,0.153995399337167,-14.5790043631874,3.82047907023046e-48,2.41664866029028e-46,"ENSG00000129521","downregulated",TRUE,FALSE,"TES_only_bound","TES_only_bound_downregulated"
"ENSG00000167601.12","AXL",2547.44103046447,-1.90267608654883,0.130861661837458,-14.5395989920419,6.79897660673944e-48,4.26102651988423e-46,"ENSG00000167601","downregulated",FALSE,TRUE,"TEAD1_only_bound","TEAD1_only_bound_downregulated"
"ENSG00000139354.11","GAS2L3",355.136606587132,-2.52087341128525,0.174852910489764,-14.4171086670749,4.03911941705371e-47,2.47208663708974e-45,"ENSG00000139354","downregulated",FALSE,TRUE,"TEAD1_only_bound","TEAD1_only_bound_downregulated"
"ENSG00000131149.19","GSE1",1776.74598081016,-1.78037591956907,0.123712522009757,-14.3912345383166,5.87379818665375e-47,3.56925182118524e-45,"ENSG00000131149","downregulated",FALSE,TRUE,"TEAD1_only_bound","TEAD1_only_bound_downregulated"
"ENSG00000135541.22","AHI1",713.986793085276,-1.93993348956422,0.13535819525406,-14.3318510262572,1.38382441027729e-46,8.31960133952194e-45,"ENSG00000135541","downregulated",FALSE,TRUE,"TEAD1_only_bound","TEAD1_only_bound_downregulated"
"ENSG00000181722.18","ZBTB20",7474.26146326144,-1.86697803243441,0.130388920845725,-14.3185327428502,1.67624941428446e-46,1.00598657428294e-44,"ENSG00000181722","downregulated",TRUE,TRUE,"TES_TEAD1_bound","TES_TEAD1_bound_downregulated"
"ENSG00000136244.12","IL6",151.666495318854,-3.31529599703815,0.232173444447375,-14.2793936013195,2.9414981010235e-46,1.75600716160925e-44,"ENSG00000136244","downregulated",TRUE,TRUE,"TES_TEAD1_bound","TES_TEAD1_bound_downregulated"
"ENSG00000145147.20","SLIT2",3436.12446915425,-1.66905540272956,0.1174422553174,-14.2117110934115,7.75082391735361e-46,4.55501707309113e-44,"ENSG00000145147","downregulated",FALSE,TRUE,"TEAD1_only_bound","TEAD1_only_bound_downregulated"
"ENSG00000121440.15","PDZRN3",1296.88127884647,-1.72597012925606,0.121455278076067,-14.2107461824351,7.85836808091999e-46,4.61024260747306e-44,"ENSG00000121440","downregulated",FALSE,TRUE,"TEAD1_only_bound","TEAD1_only_bound_downregulated"
"ENSG00000131711.15","MAP1B",41752.2569319031,-1.73627182293758,0.12322070032517,-14.0907478885909,4.32952033156882e-45,2.50110793576071e-43,"ENSG00000131711","downregulated",TRUE,TRUE,"TES_TEAD1_bound","TES_TEAD1_bound_downregulated"
"ENSG00000113368.12","LMNB1",493.786208777781,-2.1820679700505,0.155079580704037,-14.0706336717203,5.75513939379213e-45,3.30220565757316e-43,"ENSG00000113368","downregulated",FALSE,TRUE,"TEAD1_only_bound","TEAD1_only_bound_downregulated"
"ENSG00000135919.14","SERPINE2",1506.73201360204,-2.17493912675181,0.155460002222476,-13.9903453985501,1.78542710467588e-44,1.00910795160783e-42,"ENSG00000135919","downregulated",TRUE,FALSE,"TES_only_bound","TES_only_bound_downregulated"
"ENSG00000064666.15","CNN2",1581.14674087762,-1.65973739205787,0.118967680582321,-13.9511620629554,3.09520776733318e-44,1.74069565299294e-42,"ENSG00000064666","downregulated",FALSE,TRUE,"TEAD1_only_bound","TEAD1_only_bound_downregulated"
"ENSG00000132640.15","BTBD3",3038.07058426676,-1.65860544662467,0.118915126333418,-13.9478088092361,3.24420125588053e-44,1.82147154148347e-42,"ENSG00000132640","downregulated",TRUE,TRUE,"TES_TEAD1_bound","TES_TEAD1_bound_downregulated"
"ENSG00000291029.1","FKBP9P1",170.915724821822,-2.73850244307092,0.196661179721158,-13.9249771965865,4.4668404404275e-44,2.49966451532852e-42,"ENSG00000291029","downregulated",FALSE,TRUE,"TEAD1_only_bound","TEAD1_only_bound_downregulated"
"ENSG00000263293.3","EFCAB13-DT",98.4343164305271,-4.09683221992525,0.294234578337133,-13.9236939556136,4.54778740999299e-44,2.54077701879345e-42,"ENSG00000263293","downregulated",FALSE,TRUE,"TEAD1_only_bound","TEAD1_only_bound_downregulated"
"ENSG00000196159.14","FAT4",701.10361368599,-1.91453040161041,0.138055288692463,-13.8678526534053,9.9202379674332e-44,5.51506781142014e-42,"ENSG00000196159","downregulated",TRUE,FALSE,"TES_only_bound","TES_only_bound_downregulated"
"ENSG00000114346.14","ECT2",973.110096089624,-2.38348780336171,0.172497786131128,-13.8174979332769,1.99897888211194e-43,1.09166100751734e-41,"ENSG00000114346","downregulated",FALSE,TRUE,"TEAD1_only_bound","TEAD1_only_bound_downregulated"
"ENSG00000085662.14","AKR1B1",935.368793233783,-2.5676178015796,0.186094690601274,-13.7973726885146,2.64311241474688e-43,1.43420515182304e-41,"ENSG00000085662","downregulated",FALSE,TRUE,"TEAD1_only_bound","TEAD1_only_bound_downregulated"
"ENSG00000091428.18","RAPGEF4",235.497563231876,-2.39301085188665,0.173841788204812,-13.7654523495083,4.11301750010387e-43,2.20364319311559e-41,"ENSG00000091428","downregulated",TRUE,TRUE,"TES_TEAD1_bound","TES_TEAD1_bound_downregulated"
"ENSG00000237807.4","LINC02984",730.377979330088,-1.94283108714197,0.141170310086847,-13.7623207453944,4.2951443773233e-43,2.29398528630374e-41,"ENSG00000237807","downregulated",TRUE,TRUE,"TES_TEAD1_bound","TES_TEAD1_bound_downregulated"
"ENSG00000158406.6","H4C8",181.301174421486,-3.18235928344779,0.231303890632324,-13.7583474050007,4.53781419846948e-43,2.41599486980582e-41,"ENSG00000158406","downregulated",FALSE,TRUE,"TEAD1_only_bound","TEAD1_only_bound_downregulated"
"ENSG00000163637.13","PRICKLE2",1515.69317397031,-1.63143363209981,0.118599698584049,-13.7557991426398,4.70057762101894e-43,2.49873584711692e-41,"ENSG00000163637","downregulated",TRUE,FALSE,"TES_only_bound","TES_only_bound_downregulated"
"ENSG00000039560.14","RAI14",1526.26855580368,-1.74592012432819,0.127143670960231,-13.731868138952,6.54245439280202e-43,3.4615901996059e-41,"ENSG00000039560","downregulated",TRUE,TRUE,"TES_TEAD1_bound","TES_TEAD1_bound_downregulated"
"ENSG00000101003.12","GINS1",276.797584506182,-2.29384359145419,0.167239169280866,-13.7159470554524,8.14952756256543e-43,4.30518121687749e-41,"ENSG00000101003","downregulated",FALSE,TRUE,"TEAD1_only_bound","TEAD1_only_bound_downregulated"
"ENSG00000276043.5","UHRF1",386.138973432756,-2.03898532440091,0.148775804895645,-13.705086830692,9.4654010018528e-43,4.98481769350288e-41,"ENSG00000276043","downregulated",FALSE,TRUE,"TEAD1_only_bound","TEAD1_only_bound_downregulated"
"ENSG00000179300.4","RTL3",124.135772486013,-6.53250335750745,0.477468291277693,-13.681543836192,1.30883986194296e-42,6.83979575853517e-41,"ENSG00000179300","downregulated",TRUE,TRUE,"TES_TEAD1_bound","TES_TEAD1_bound_downregulated"
"ENSG00000078269.15","SYNJ2",3201.98668041232,-1.6439526078967,0.120352432377731,-13.6594880171353,1.77225391279611e-42,9.19082761982569e-41,"ENSG00000078269","downregulated",FALSE,TRUE,"TEAD1_only_bound","TEAD1_only_bound_downregulated"
"ENSG00000150630.4","VEGFC",128.749670477008,-3.23492483525408,0.23797751184573,-13.5934055708219,4.38206367237354e-42,2.2587244130984e-40,"ENSG00000150630","downregulated",FALSE,TRUE,"TEAD1_only_bound","TEAD1_only_bound_downregulated"
"ENSG00000182628.13","SKA2",770.33166845057,-2.09372382458291,0.154219014480184,-13.5763014154908,5.53517391964648e-42,2.84445972318535e-40,"ENSG00000182628","downregulated",FALSE,TRUE,"TEAD1_only_bound","TEAD1_only_bound_downregulated"
"ENSG00000055208.20","TAB2",5086.32755920776,-1.77385425011141,0.13084130632452,-13.5572954745025,7.17325014158106e-42,3.67512761401547e-40,"ENSG00000055208","downregulated",TRUE,TRUE,"TES_TEAD1_bound","TES_TEAD1_bound_downregulated"
"ENSG00000213853.10","EMP2",373.636182777694,-2.20170279455352,0.16293021758693,-13.5131642684931,1.30777286369687e-41,6.65006416677475e-40,"ENSG00000213853","downregulated",FALSE,TRUE,"TEAD1_only_bound","TEAD1_only_bound_downregulated"
"ENSG00000062096.15","ARSF",94.5055751954595,-3.89414529420647,0.289408295295961,-13.4555413839267,2.85639531970654e-41,1.43955543352807e-39,"ENSG00000062096","downregulated",TRUE,TRUE,"TES_TEAD1_bound","TES_TEAD1_bound_downregulated"
"ENSG00000129595.14","EPB41L4A",270.950756844704,-2.48727359592812,0.184987969866085,-13.4455964770503,3.26760244337438e-41,1.64192189048137e-39,"ENSG00000129595","downregulated",TRUE,TRUE,"TES_TEAD1_bound","TES_TEAD1_bound_downregulated"
"ENSG00000136295.16","TTYH3",1976.26149383096,-1.70025236669519,0.12675258496026,-13.4139462893657,5.01003341611363e-41,2.49166639939309e-39,"ENSG00000136295","downregulated",TRUE,FALSE,"TES_only_bound","TES_only_bound_downregulated"
"ENSG00000049449.10","RCN1",453.544126311331,-2.37773614119693,0.177275485659018,-13.412661837353,5.09758069602523e-41,2.53150030822493e-39,"ENSG00000049449","downregulated",TRUE,TRUE,"TES_TEAD1_bound","TES_TEAD1_bound_downregulated"
"ENSG00000173068.19","BNC2",1021.17580374658,-1.68347971849892,0.125535209875733,-13.4104186400405,5.25413945480862e-41,2.60543954745897e-39,"ENSG00000173068","downregulated",TRUE,TRUE,"TES_TEAD1_bound","TES_TEAD1_bound_downregulated"
"ENSG00000122420.10","PTGFR",159.996834428517,-3.18282250457405,0.238212660295238,-13.3612651008107,1.0181882413766e-40,5.01243741783772e-39,"ENSG00000122420","downregulated",TRUE,FALSE,"TES_only_bound","TES_only_bound_downregulated"
"ENSG00000006534.17","ALDH3B1",522.062577838228,-2.04066129831443,0.152809742740575,-13.3542617225583,1.11861672828167e-40,5.48299755068858e-39,"ENSG00000006534","downregulated",FALSE,TRUE,"TEAD1_only_bound","TEAD1_only_bound_downregulated"
"ENSG00000155313.16","USP25",1286.18064525314,-1.63426604553112,0.122386828842103,-13.3532836906785,1.13340424961429e-40,5.54747486324181e-39,"ENSG00000155313","downregulated",FALSE,TRUE,"TEAD1_only_bound","TEAD1_only_bound_downregulated"
"ENSG00000183111.12","ARHGEF37",396.19880579915,-2.03322909074608,0.152506223044611,-13.3321057341464,1.50586367675039e-40,7.32824890714287e-39,"ENSG00000183111","downregulated",FALSE,TRUE,"TEAD1_only_bound","TEAD1_only_bound_downregulated"
"ENSG00000145632.15","PLK2",2240.9441769748,-1.93707086403495,0.14537754958695,-13.324415424105,1.66935234467546e-40,8.10065149199085e-39,"ENSG00000145632","downregulated",TRUE,TRUE,"TES_TEAD1_bound","TES_TEAD1_bound_downregulated"
"ENSG00000163513.19","TGFBR2",565.593111914833,-1.8999761310221,0.143780144842026,-13.2144541453178,7.24096905580316e-40,3.44966671651503e-38,"ENSG00000163513","downregulated",TRUE,FALSE,"TES_only_bound","TES_only_bound_downregulated"
"ENSG00000020577.14","SAMD4A",748.926034783587,-1.86964020366458,0.141546819349966,-13.2086345157782,7.82306894494123e-40,3.72176478882022e-38,"ENSG00000020577","downregulated",FALSE,TRUE,"TEAD1_only_bound","TEAD1_only_bound_downregulated"
"ENSG00000169679.15","BUB1",615.995756046021,-2.12093304286115,0.160808934399747,-13.1891492893599,1.01322166971205e-39,4.80685945206411e-38,"ENSG00000169679","downregulated",FALSE,TRUE,"TEAD1_only_bound","TEAD1_only_bound_downregulated"
"ENSG00000145416.14","MARCHF1",504.371266098115,-1.9349857636374,0.146930680804253,-13.16937860116,1.3167696264148e-39,6.22086657441696e-38,"ENSG00000145416","downregulated",TRUE,FALSE,"TES_only_bound","TES_only_bound_downregulated"
"ENSG00000169083.18","AR",2124.87320715423,-1.56242180942766,0.118716004469596,-13.161003997804,1.4711784109116e-39,6.94069281414515e-38,"ENSG00000169083","downregulated",TRUE,TRUE,"TES_TEAD1_bound","TES_TEAD1_bound_downregulated"
"ENSG00000115295.21","CLIP4",2405.96295125842,-1.60368622276654,0.12220975063438,-13.1224081093526,2.4502336257062e-39,1.14641233881527e-37,"ENSG00000115295","downregulated",FALSE,TRUE,"TEAD1_only_bound","TEAD1_only_bound_downregulated"
"ENSG00000183840.8","GPR39",205.256076145941,-2.34450175994152,0.178668760227316,-13.1220575827507,2.46159491656884e-39,1.15014382566727e-37,"ENSG00000183840","downregulated",TRUE,TRUE,"TES_TEAD1_bound","TES_TEAD1_bound_downregulated"
"ENSG00000259070.9","LINC00639",771.620737263605,-1.88032926124181,0.143676486665884,-13.087244161353,3.89484432184784e-39,1.8098505051235e-37,"ENSG00000259070","downregulated",TRUE,TRUE,"TES_TEAD1_bound","TES_TEAD1_bound_downregulated"
"ENSG00000069869.17","NEDD4",1985.59577699679,-1.81736165580558,0.138938225620782,-13.0803574587593,4.26430123688785e-39,1.97882219145637e-37,"ENSG00000069869","downregulated",FALSE,TRUE,"TEAD1_only_bound","TEAD1_only_bound_downregulated"
"ENSG00000241560.7","ZBTB20-AS1",531.071084188539,-2.17425125731877,0.166594521336102,-13.0511570241392,6.25895699589165e-39,2.88081641241799e-37,"ENSG00000241560","downregulated",FALSE,TRUE,"TEAD1_only_bound","TEAD1_only_bound_downregulated"
"ENSG00000251136.11","PARAIL",1163.56850161961,-1.98035733740297,0.151749831750011,-13.0501451933427,6.34264106914561e-39,2.91144367346943e-37,"ENSG00000251136","downregulated",TRUE,FALSE,"TES_only_bound","TES_only_bound_downregulated"
"ENSG00000039139.11","DNAH5",148.610150484934,-2.78930835453172,0.213766697482886,-13.0483765122256,6.49160125693582e-39,2.97579907551411e-37,"ENSG00000039139","downregulated",TRUE,TRUE,"TES_TEAD1_bound","TES_TEAD1_bound_downregulated"
"ENSG00000249867.6","LINC02742",95.9679963932452,-3.6996990279168,0.283908869195307,-13.0312907744058,8.12218902082889e-39,3.70825963252037e-37,"ENSG00000249867","downregulated",TRUE,TRUE,"TES_TEAD1_bound","TES_TEAD1_bound_downregulated"
"ENSG00000196932.12","TMEM26",85.6443205548068,-3.83312854611525,0.294383471282936,-13.0208687648471,9.31055360826683e-39,4.23942205047731e-37,"ENSG00000196932","downregulated",FALSE,TRUE,"TEAD1_only_bound","TEAD1_only_bound_downregulated"
"ENSG00000115504.15","EHBP1",2062.21993008545,-1.4652890133552,0.11299323974872,-12.9679352199634,1.8597273891607e-38,8.38927223838125e-37,"ENSG00000115504","downregulated",TRUE,TRUE,"TES_TEAD1_bound","TES_TEAD1_bound_downregulated"
"ENSG00000073008.16","PVR",2205.76715691223,-1.55593731269292,0.120077536071281,-12.9577718164477,2.12325778014792e-38,9.55269142729332e-37,"ENSG00000073008","downregulated",FALSE,TRUE,"TEAD1_only_bound","TEAD1_only_bound_downregulated"
"ENSG00000148848.15","ADAM12",1325.14486546466,-1.5104367254993,0.116827803574527,-12.9287436661921,3.09840401278613e-38,1.37937860427679e-36,"ENSG00000148848","downregulated",FALSE,TRUE,"TEAD1_only_bound","TEAD1_only_bound_downregulated"
"ENSG00000093144.19","ECHDC1",539.91751909193,-1.98333362338152,0.153777470811715,-12.897426475494,4.6538073488958e-38,2.06102383347187e-36,"ENSG00000093144","downregulated",TRUE,TRUE,"TES_TEAD1_bound","TES_TEAD1_bound_downregulated"
"ENSG00000291136.1","RABGEF1P1",717.060243640292,-2.24267825429013,0.174162883463438,-12.8769012644473,6.07250671365797e-38,2.68232650259472e-36,"ENSG00000291136","downregulated",FALSE,TRUE,"TEAD1_only_bound","TEAD1_only_bound_downregulated"
"ENSG00000145730.21","PAM",2438.8831750643,-1.74859259585572,0.135954358880797,-12.8616148114005,7.40141126837276e-38,3.26084485037725e-36,"ENSG00000145730","downregulated",FALSE,TRUE,"TEAD1_only_bound","TEAD1_only_bound_downregulated"
"ENSG00000174099.12","MSRB3",231.189237041689,-2.47679342621079,0.19267812696977,-12.8545645796079,8.10811228304416e-38,3.5583508789463e-36,"ENSG00000174099","downregulated",TRUE,TRUE,"TES_TEAD1_bound","TES_TEAD1_bound_downregulated"
"ENSG00000115594.12","IL1R1",253.70914847199,-2.40154244259642,0.186879670252436,-12.8507420810002,8.51890864436165e-38,3.73381017847324e-36,"ENSG00000115594","downregulated",FALSE,TRUE,"TEAD1_only_bound","TEAD1_only_bound_downregulated"
"ENSG00000186767.7","SPIN4",156.499045082124,-2.61537948171762,0.203846972979856,-12.8301119388026,1.11203393658755e-37,4.86146316061852e-36,"ENSG00000186767","downregulated",TRUE,FALSE,"TES_only_bound","TES_only_bound_downregulated"
"ENSG00000168679.18","SLC16A4",382.041676170543,-1.94265420220558,0.151683494675799,-12.807288006897,1.49260561551056e-37,6.4752014747973e-36,"ENSG00000168679","downregulated",TRUE,TRUE,"TES_TEAD1_bound","TES_TEAD1_bound_downregulated"
"ENSG00000198796.7","ALPK2",1669.07184571447,-1.82054626719441,0.142184296510671,-12.8041303566726,1.55457615647511e-37,6.72892619319925e-36,"ENSG00000198796","downregulated",TRUE,TRUE,"TES_TEAD1_bound","TES_TEAD1_bound_downregulated"
"ENSG00000153201.17","RANBP2",3869.42260079769,-1.4628089924764,0.114436926431568,-12.782665858744,2.04923117206347e-37,8.84476295459363e-36,"ENSG00000153201","downregulated",FALSE,TRUE,"TEAD1_only_bound","TEAD1_only_bound_downregulated"
"ENSG00000067798.16","NAV3",152.325966444824,-2.7599513026638,0.216251261142371,-12.7627061598811,2.6483789666595e-37,1.13729629253464e-35,"ENSG00000067798","downregulated",TRUE,TRUE,"TES_TEAD1_bound","TES_TEAD1_bound_downregulated"
"ENSG00000139289.15","PHLDA1",2884.01441677953,-1.52439103261098,0.119698477582697,-12.7352583207068,3.76597574127355e-37,1.60909011295069e-35,"ENSG00000139289","downregulated",TRUE,FALSE,"TES_only_bound","TES_only_bound_downregulated"
"ENSG00000151552.13","QDPR",248.01168899857,-2.43150275910231,0.19111906187869,-12.7224502632065,4.43724218908761e-37,1.8911448265863e-35,"ENSG00000151552","downregulated",FALSE,TRUE,"TEAD1_only_bound","TEAD1_only_bound_downregulated"
"ENSG00000074800.16","ENO1",29447.1005459156,-1.59002940812955,0.125171520478108,-12.7028049356294,5.70477515292448e-37,2.42224752993173e-35,"ENSG00000074800","downregulated",FALSE,TRUE,"TEAD1_only_bound","TEAD1_only_bound_downregulated"
"ENSG00000256235.3","SMIM3",427.509937371571,-2.60471774895378,0.205183019753833,-12.69460675683,6.33473292043158e-37,2.68302004789551e-35,"ENSG00000256235","downregulated",FALSE,TRUE,"TEAD1_only_bound","TEAD1_only_bound_downregulated"
"ENSG00000164442.11","CITED2",1084.87270958279,-2.26508357876526,0.178506669846823,-12.689069717725,6.79885265003131e-37,2.87243068179432e-35,"ENSG00000164442","downregulated",TRUE,TRUE,"TES_TEAD1_bound","TES_TEAD1_bound_downregulated"
"ENSG00000145431.11","PDGFC",588.610273749366,-1.74980693383625,0.13825119804773,-12.6567216671218,1.02699180067503e-36,4.31743285709522e-35,"ENSG00000145431","downregulated",TRUE,TRUE,"TES_TEAD1_bound","TES_TEAD1_bound_downregulated"
"ENSG00000172348.16","RCAN2",160.033255743188,-2.71591423758032,0.214693177594306,-12.6502121213765,1.11573176609141e-36,4.67314138478335e-35,"ENSG00000172348","downregulated",TRUE,TRUE,"TES_TEAD1_bound","TES_TEAD1_bound_downregulated"
"ENSG00000108666.11","C17orf75",176.23383588544,-2.71389324962727,0.214723647055059,-12.6390050040989,1.28671911102407e-36,5.37604855636725e-35,"ENSG00000108666","downregulated",FALSE,TRUE,"TEAD1_only_bound","TEAD1_only_bound_downregulated"
"ENSG00000115355.18","CCDC88A",1956.74822151862,-1.60472377712065,0.127278686109704,-12.607953665844,1.90885091079147e-36,7.89766720313819e-35,"ENSG00000115355","downregulated",TRUE,TRUE,"TES_TEAD1_bound","TES_TEAD1_bound_downregulated"
"ENSG00000137573.14","SULF1",4090.5080321335,-1.43957006470883,0.114303944257406,-12.5942291323473,2.27168397042711e-36,9.38741619312263e-35,"ENSG00000137573","downregulated",TRUE,FALSE,"TES_only_bound","TES_only_bound_downregulated"
"ENSG00000114023.16","FAM162A",671.803429086723,-1.97095251770145,0.156641448790307,-12.5825733413634,2.6331049760679e-36,1.08282457417766e-34,"ENSG00000114023","downregulated",FALSE,TRUE,"TEAD1_only_bound","TEAD1_only_bound_downregulated"
"ENSG00000064309.16","CDON",2084.07688805091,-1.52169997059626,0.121758235968218,-12.4977169593149,7.68260323788794e-36,3.08831558324944e-34,"ENSG00000064309","downregulated",FALSE,TRUE,"TEAD1_only_bound","TEAD1_only_bound_downregulated"
"ENSG00000128805.15","ARHGAP22",257.415359920033,-2.08027428642202,0.166494092673188,-12.4945831592079,7.99140474251709e-36,3.20865291127448e-34,"ENSG00000128805","downregulated",FALSE,TRUE,"TEAD1_only_bound","TEAD1_only_bound_downregulated"
"ENSG00000150995.21","ITPR1",2499.536097665,-1.53319458479366,0.122807193184849,-12.4845666205065,9.06355014345139e-36,3.61775171883381e-34,"ENSG00000150995","downregulated",FALSE,TRUE,"TEAD1_only_bound","TEAD1_only_bound_downregulated"
"ENSG00000095637.23","SORBS1",843.686079829979,-1.59959498813294,0.128669290774566,-12.4318318574982,1.75564455498131e-35,6.93438770274479e-34,"ENSG00000095637","downregulated",TRUE,TRUE,"TES_TEAD1_bound","TES_TEAD1_bound_downregulated"
"ENSG00000158528.12","PPP1R9A",1623.11925779222,-1.45104005325491,0.117270882582862,-12.373404389019,3.64057338767286e-35,1.42468890359991e-33,"ENSG00000158528","downregulated",TRUE,FALSE,"TES_only_bound","TES_only_bound_downregulated"
"ENSG00000132256.20","TRIM5",512.22455620568,-1.7365578392574,0.140569588262126,-12.3537235950295,4.65079238420368e-35,1.81167563883751e-33,"ENSG00000132256","downregulated",TRUE,TRUE,"TES_TEAD1_bound","TES_TEAD1_bound_downregulated"
"ENSG00000019144.20","PHLDB1",1553.35898479109,-1.51491050178632,0.122690987880588,-12.3473657515966,5.03326401678774e-35,1.95841823736822e-33,"ENSG00000019144","downregulated",FALSE,TRUE,"TEAD1_only_bound","TEAD1_only_bound_downregulated"
"ENSG00000099204.22","ABLIM1",2575.43843132764,-1.46249624109434,0.118772453108961,-12.3134296110956,7.66935071348503e-35,2.96711281361799e-33,"ENSG00000099204","downregulated",TRUE,TRUE,"TES_TEAD1_bound","TES_TEAD1_bound_downregulated"
"ENSG00000234323.10","LINC01505",122.802397569881,-2.94046454675619,0.23886594407761,-12.3101037199376,7.99204156393691e-35,3.08142642274471e-33,"ENSG00000234323","downregulated",TRUE,TRUE,"TES_TEAD1_bound","TES_TEAD1_bound_downregulated"
"ENSG00000124479.11","NDP",162.002196853867,-2.87335134887559,0.233711541989819,-12.2944349449406,9.7032907537394e-35,3.71591184129673e-33,"ENSG00000124479","downregulated",FALSE,TRUE,"TEAD1_only_bound","TEAD1_only_bound_downregulated"
"ENSG00000180530.11","NRIP1",1678.10734455022,-1.43118662128794,0.116451350906779,-12.2899958664595,1.02511274014018e-34,3.92128711228395e-33,"ENSG00000180530","downregulated",FALSE,TRUE,"TEAD1_only_bound","TEAD1_only_bound_downregulated"
"ENSG00000128283.7","CDC42EP1",1267.57484788274,-1.5667186191228,0.127520276697933,-12.2860352854629,1.07657903764905e-34,4.10890300571492e-33,"ENSG00000128283","downregulated",FALSE,TRUE,"TEAD1_only_bound","TEAD1_only_bound_downregulated"
"ENSG00000164294.14","GPX8",298.406919054949,-2.4278277004194,0.197875625893916,-12.2694631511664,1.32126471225906e-34,5.02583647771732e-33,"ENSG00000164294","downregulated",TRUE,TRUE,"TES_TEAD1_bound","TES_TEAD1_bound_downregulated"
"ENSG00000159200.18","RCAN1",1363.28481914825,-1.96852915957802,0.160440933982994,-12.2694945155747,1.32075302165772e-34,5.02583647771732e-33,"ENSG00000159200","downregulated",TRUE,TRUE,"TES_TEAD1_bound","TES_TEAD1_bound_downregulated"
"ENSG00000179833.4","SERTAD2",950.960200739028,-1.7049415807349,0.139180903035588,-12.2498241033753,1.68360681685146e-34,6.38980517930842e-33,"ENSG00000179833","downregulated",FALSE,TRUE,"TEAD1_only_bound","TEAD1_only_bound_downregulated"
"ENSG00000109654.16","TRIM2",3093.71786150493,-1.35890468327921,0.110940820942055,-12.2489149777337,1.70258533843515e-34,6.45462263124612e-33,"ENSG00000109654","downregulated",TRUE,FALSE,"TES_only_bound","TES_only_bound_downregulated"
"ENSG00000152580.9","IGSF10",116.095867955331,-3.00013318886315,0.245914528011006,-12.1999021901174,3.11197539842113e-34,1.1706265817671e-32,"ENSG00000152580","downregulated",TRUE,FALSE,"TES_only_bound","TES_only_bound_downregulated"
"ENSG00000079931.15","MOXD1",848.778149274596,-2.06951788285715,0.16963916619731,-12.1995287364833,3.12628044745579e-34,1.17470679468118e-32,"ENSG00000079931","downregulated",TRUE,TRUE,"TES_TEAD1_bound","TES_TEAD1_bound_downregulated"
"ENSG00000137177.20","KIF13A",1683.93712574207,-1.42846697648267,0.117254007198443,-12.1826708580211,3.84481240325697e-34,1.4351712935586e-32,"ENSG00000137177","downregulated",TRUE,FALSE,"TES_only_bound","TES_only_bound_downregulated"
"ENSG00000184564.11","SLITRK6",88.0159971530021,-3.70794871952543,0.304757191631102,-12.1668948964911,4.66492886938107e-34,1.73557835525888e-32,"ENSG00000184564","downregulated",TRUE,FALSE,"TES_only_bound","TES_only_bound_downregulated"
"ENSG00000134061.5","CD180",84.0454627186063,-6.1055334577383,0.505124059173269,-12.0871959014013,1.234278231089e-33,4.52275760017594e-32,"ENSG00000134061","downregulated",TRUE,TRUE,"TES_TEAD1_bound","TES_TEAD1_bound_downregulated"
"ENSG00000121691.7","CAT",1018.31821289081,-1.82208827868506,0.150772095835816,-12.0850497473301,1.26693458786947e-33,4.62744452481184e-32,"ENSG00000121691","downregulated",FALSE,TRUE,"TEAD1_only_bound","TEAD1_only_bound_downregulated"
"ENSG00000121621.7","KIF18A",347.804685337404,-2.25557954826843,0.187219198103602,-12.0478004986447,1.99194498973035e-33,7.19812632033622e-32,"ENSG00000121621","downregulated",TRUE,FALSE,"TES_only_bound","TES_only_bound_downregulated"
"ENSG00000118263.16","KLF7",1315.39838657246,-1.50886298532762,0.125435697318952,-12.0289759420793,2.5024536313772e-33,9.00459162612508e-32,"ENSG00000118263","downregulated",TRUE,TRUE,"TES_TEAD1_bound","TES_TEAD1_bound_downregulated"
"ENSG00000091656.19","ZFHX4",5085.98233493388,-1.45648745992431,0.121120383798502,-12.0251225619244,2.62198746520336e-33,9.41476429366043e-32,"ENSG00000091656","downregulated",FALSE,TRUE,"TEAD1_only_bound","TEAD1_only_bound_downregulated"
"ENSG00000117174.11","ZNHIT6",341.91174878676,-1.94758530998423,0.162095824991157,-12.015024508438,2.96281788408474e-33,1.06161390175728e-31,"ENSG00000117174","downregulated",TRUE,TRUE,"TES_TEAD1_bound","TES_TEAD1_bound_downregulated"
"ENSG00000120549.19","KIAA1217",1079.8270130589,-1.57378580615343,0.130996601321478,-12.0139437991312,3.00180481722646e-33,1.0733190108584e-31,"ENSG00000120549","downregulated",TRUE,TRUE,"TES_TEAD1_bound","TES_TEAD1_bound_downregulated"
"ENSG00000167889.13","MGAT5B",453.925040025852,-1.77192503044254,0.147512261555959,-12.0120525016177,3.0712639737398e-33,1.09699994384851e-31,"ENSG00000167889","downregulated",FALSE,TRUE,"TEAD1_only_bound","TEAD1_only_bound_downregulated"
"ENSG00000145860.13","RNF145",2970.21295568512,-1.70679767818556,0.142250940022492,-11.9984984135479,3.61800806843262e-33,1.28822325019412e-31,"ENSG00000145860","downregulated",TRUE,TRUE,"TES_TEAD1_bound","TES_TEAD1_bound_downregulated"
"ENSG00000139832.5","RAB20",131.191036555595,-2.67624174316665,0.223066755632503,-11.9974925693351,3.6622380129564e-33,1.30260629135186e-31,"ENSG00000139832","downregulated",FALSE,TRUE,"TEAD1_only_bound","TEAD1_only_bound_downregulated"
"ENSG00000128487.19","SPECC1",7953.99325614723,-1.4140343810421,0.117889615744595,-11.9945626432914,3.79415935436759e-33,1.34670851566518e-31,"ENSG00000128487","downregulated",TRUE,TRUE,"TES_TEAD1_bound","TES_TEAD1_bound_downregulated"
"ENSG00000105948.13","IFT56",257.873828154241,-2.16480890046752,0.18077107144335,-11.9754166592187,4.78029989598214e-33,1.69319318943401e-31,"ENSG00000105948","downregulated",FALSE,TRUE,"TEAD1_only_bound","TEAD1_only_bound_downregulated"
"ENSG00000166068.13","SPRED1",1075.70375588495,-1.45208170178637,0.121361885810939,-11.9648907239993,5.42689869707763e-33,1.91622551915107e-31,"ENSG00000166068","downregulated",TRUE,TRUE,"TES_TEAD1_bound","TES_TEAD1_bound_downregulated"
"ENSG00000231298.8","MANCR",71.6009382206964,-4.11209522534066,0.34389874115949,-11.9572849015856,5.94748847313061e-33,2.09786384688786e-31,"ENSG00000231298","downregulated",TRUE,TRUE,"TES_TEAD1_bound","TES_TEAD1_bound_downregulated"
"ENSG00000158163.15","DZIP1L",240.510838797675,-2.18836012023524,0.183029982178738,-11.9562931394388,6.01892781484455e-33,2.12086037359585e-31,"ENSG00000158163","downregulated",FALSE,TRUE,"TEAD1_only_bound","TEAD1_only_bound_downregulated"
"ENSG00000153113.24","CAST",3189.56885721964,-1.48474493428629,0.124624653573926,-11.9137336931938,1.0037963360774e-32,3.50071395727691e-31,"ENSG00000153113","downregulated",TRUE,FALSE,"TES_only_bound","TES_only_bound_downregulated"
"ENSG00000152601.18","MBNL1",2464.64451202275,-1.44245517676267,0.121601255417939,-11.8621733945509,1.86081295269644e-32,6.44323082336316e-31,"ENSG00000152601","downregulated",TRUE,TRUE,"TES_TEAD1_bound","TES_TEAD1_bound_downregulated"
"ENSG00000035862.13","TIMP2",5264.10214542931,-1.40316697619122,0.11847290819559,-11.8437792872839,2.31768511784569e-32,7.99260183583577e-31,"ENSG00000035862","downregulated",FALSE,TRUE,"TEAD1_only_bound","TEAD1_only_bound_downregulated"
"ENSG00000165507.9","DEPP1",646.306297025062,-1.71988166641582,0.145351136721494,-11.8325986656112,2.64814299613342e-32,9.10446571788055e-31,"ENSG00000165507","downregulated",FALSE,TRUE,"TEAD1_only_bound","TEAD1_only_bound_downregulated"
"ENSG00000143322.22","ABL2",3964.7128419277,-1.30309091813945,0.110138509837336,-11.8313832288451,2.68677336717694e-32,9.21861795315821e-31,"ENSG00000143322","downregulated",FALSE,TRUE,"TEAD1_only_bound","TEAD1_only_bound_downregulated"
"ENSG00000154310.17","TNIK",1298.09168991404,-1.49480262360158,0.126470552729303,-11.8193729001964,3.0998981834269e-32,1.06146513603473e-30,"ENSG00000154310","downregulated",TRUE,TRUE,"TES_TEAD1_bound","TES_TEAD1_bound_downregulated"
"ENSG00000177425.11","PAWR",562.633280183715,-1.60793832347307,0.136063872044472,-11.8175258377737,3.16879948646655e-32,1.08396556854276e-30,"ENSG00000177425","downregulated",TRUE,FALSE,"TES_only_bound","TES_only_bound_downregulated"
"ENSG00000133083.15","DCLK1",1028.06073442378,-1.54654639102677,0.131033992363732,-11.8026350501004,3.78277397401808e-32,1.28750767885217e-30,"ENSG00000133083","downregulated",TRUE,FALSE,"TES_only_bound","TES_only_bound_downregulated"
"ENSG00000076716.9","GPC4",1391.65492584003,-1.44235899343135,0.122631312500063,-11.76175125281,6.14463952085573e-32,2.08096824770117e-30,"ENSG00000076716","downregulated",FALSE,TRUE,"TEAD1_only_bound","TEAD1_only_bound_downregulated"
"ENSG00000171456.22","ASXL1",2157.42070351792,-1.35638491472459,0.115670852624791,-11.7262463615132,9.35144043589384e-32,3.16069381817355e-30,"ENSG00000171456","downregulated",FALSE,TRUE,"TEAD1_only_bound","TEAD1_only_bound_downregulated"
"ENSG00000130508.11","PXDN",2148.92296041039,-1.52116804831424,0.12985802253205,-11.7140860352991,1.07949065181321e-31,3.64132457406068e-30,"ENSG00000130508","downregulated",FALSE,TRUE,"TEAD1_only_bound","TEAD1_only_bound_downregulated"
"ENSG00000029153.15","BMAL2",342.55012077621,-1.80920305014529,0.154562780858336,-11.7052956740181,1.19741114237758e-31,4.02709521626551e-30,"ENSG00000029153","downregulated",TRUE,TRUE,"TES_TEAD1_bound","TES_TEAD1_bound_downregulated"
"ENSG00000108861.9","DUSP3",1500.16761731785,-1.56952449088774,0.134165520327084,-11.6984191397415,1.2984995789037e-31,4.35844206484197e-30,"ENSG00000108861","downregulated",FALSE,TRUE,"TEAD1_only_bound","TEAD1_only_bound_downregulated"
"ENSG00000129116.20","PALLD",2394.98771614358,-1.35767842898964,0.116264978187778,-11.6774496512343,1.66207728146094e-31,5.55683475360879e-30,"ENSG00000129116","downregulated",TRUE,TRUE,"TES_TEAD1_bound","TES_TEAD1_bound_downregulated"
"ENSG00000072110.16","ACTN1",3233.1957794846,-1.33748767317466,0.114821773853485,-11.6483801659546,2.33861817510676e-31,7.78042920392032e-30,"ENSG00000072110","downregulated",FALSE,TRUE,"TEAD1_only_bound","TEAD1_only_bound_downregulated"
"ENSG00000109674.4","NEIL3",112.631326789179,-3.07750163693906,0.264693357835623,-11.6266674090485,3.01645446537634e-31,1.00257265440219e-29,"ENSG00000109674","downregulated",TRUE,FALSE,"TES_only_bound","TES_only_bound_downregulated"
"ENSG00000151474.23","FRMD4A",354.303145701092,-1.79789906244277,0.156251287443475,-11.5064591905726,1.22401441503952e-30,4.01325498552725e-29,"ENSG00000151474","downregulated",FALSE,TRUE,"TEAD1_only_bound","TEAD1_only_bound_downregulated"
"ENSG00000049323.16","LTBP1",446.051197529357,-1.70950015262619,0.148608178763191,-11.5034055787084,1.26811191076151e-30,4.15383079891483e-29,"ENSG00000049323","downregulated",TRUE,TRUE,"TES_TEAD1_bound","TES_TEAD1_bound_downregulated"
"ENSG00000184588.18","PDE4B",878.516376653148,-1.72126622940978,0.149702949794582,-11.4978778425652,1.35198686323543e-30,4.42004713863147e-29,"ENSG00000184588","downregulated",TRUE,FALSE,"TES_only_bound","TES_only_bound_downregulated"
"ENSG00000127914.19","AKAP9",4032.81750057231,-1.44734209796719,0.125896320447913,-11.4963018205604,1.37689368344573e-30,4.49714659993122e-29,"ENSG00000127914","downregulated",TRUE,FALSE,"TES_only_bound","TES_only_bound_downregulated"
"ENSG00000213064.10","SFT2D2",2493.46718726477,-1.42146811527908,0.123680171559793,-11.4930962445494,1.4289671974992e-30,4.65826849948684e-29,"ENSG00000213064","downregulated",TRUE,TRUE,"TES_TEAD1_bound","TES_TEAD1_bound_downregulated"
"ENSG00000163166.15","IWS1",530.649256707924,-1.7813590494319,0.155002096665398,-11.492483571221,1.43914012639704e-30,4.68693305977513e-29,"ENSG00000163166","downregulated",FALSE,TRUE,"TEAD1_only_bound","TEAD1_only_bound_downregulated"
"ENSG00000083123.15","BCKDHB",354.339019060191,-1.75171389811521,0.152640232997243,-11.4760955464923,1.73960270278421e-30,5.6330624030671e-29,"ENSG00000083123","downregulated",TRUE,TRUE,"TES_TEAD1_bound","TES_TEAD1_bound_downregulated"
"ENSG00000131389.18","SLC6A6",5579.86204112616,-1.44962914610448,0.127049416267499,-11.409963057621,3.72887649638787e-30,1.19380279763717e-28,"ENSG00000131389","downregulated",FALSE,TRUE,"TEAD1_only_bound","TEAD1_only_bound_downregulated"
"ENSG00000087253.13","LPCAT2",303.303104681063,-2.10061223122783,0.184167711540935,-11.4059745524987,3.90380676195838e-30,1.24745539125308e-28,"ENSG00000087253","downregulated",TRUE,FALSE,"TES_only_bound","TES_only_bound_downregulated"
"ENSG00000058272.19","PPP1R12A",2898.44791801769,-1.35588940812698,0.11926016662665,-11.3691725114863,5.95494441559398e-30,1.89575962426332e-28,"ENSG00000058272","downregulated",FALSE,TRUE,"TEAD1_only_bound","TEAD1_only_bound_downregulated"
"ENSG00000231365.7","WARS2-AS1",1421.77190039985,-1.36704766219314,0.12026935398622,-11.3665503046583,6.13652107701826e-30,1.95173546764191e-28,"ENSG00000231365","downregulated",FALSE,TRUE,"TEAD1_only_bound","TEAD1_only_bound_downregulated"
"ENSG00000149596.7","JPH2",141.839296405328,-2.27267358867133,0.199992999580263,-11.3637656990051,6.33536116205912e-30,2.01181016525567e-28,"ENSG00000149596","downregulated",FALSE,TRUE,"TEAD1_only_bound","TEAD1_only_bound_downregulated"
"ENSG00000104312.8","RIPK2",412.430595844554,-2.0276978837587,0.1787320984218,-11.3449005615848,7.8615559198782e-30,2.48410540917602e-28,"ENSG00000104312","downregulated",TRUE,TRUE,"TES_TEAD1_bound","TES_TEAD1_bound_downregulated"
"ENSG00000245526.13","MIR9-2HG",6324.72269813475,-1.37886667627061,0.121612798941443,-11.3381707211142,8.49005738894308e-30,2.68020696456895e-28,"ENSG00000245526","downregulated",TRUE,TRUE,"TES_TEAD1_bound","TES_TEAD1_bound_downregulated"
"ENSG00000146376.11","ARHGAP18",1204.02921958277,-1.47252269077153,0.130295688056374,-11.3013923387428,1.2915384697631e-29,4.04340817888599e-28,"ENSG00000146376","downregulated",TRUE,TRUE,"TES_TEAD1_bound","TES_TEAD1_bound_downregulated"
"ENSG00000064225.13","ST3GAL6",433.400516296724,-1.81515871226626,0.161188327784747,-11.2611051756195,2.0418183493381e-29,6.35714809260462e-28,"ENSG00000064225","downregulated",FALSE,TRUE,"TEAD1_only_bound","TEAD1_only_bound_downregulated"
"ENSG00000173166.18","RAPH1",472.938730427624,-1.61657843800541,0.143747230540227,-11.2459797098701,2.42390398785486e-29,7.52606678788426e-28,"ENSG00000173166","downregulated",FALSE,TRUE,"TEAD1_only_bound","TEAD1_only_bound_downregulated"
"ENSG00000072571.20","HMMR",243.517577152361,-2.79852045968716,0.248915827691158,-11.242838535601,2.51173866291545e-29,7.79166565314266e-28,"ENSG00000072571","downregulated",TRUE,TRUE,"TES_TEAD1_bound","TES_TEAD1_bound_downregulated"
"ENSG00000136636.13","KCTD3",899.143593952618,-1.6744853438093,0.149154292582204,-11.226531364402,3.02106827604288e-29,9.33754751598039e-28,"ENSG00000136636","downregulated",TRUE,TRUE,"TES_TEAD1_bound","TES_TEAD1_bound_downregulated"
"ENSG00000228213.5","NLGN1-AS1",100.840179943608,-2.92996737994309,0.261478676537897,-11.2053778867832,3.83712775634038e-29,1.18061191691458e-27,"ENSG00000228213","downregulated",TRUE,FALSE,"TES_only_bound","TES_only_bound_downregulated"
"ENSG00000162614.19","NEXN",202.312245062913,-1.9411252802565,0.173233307988622,-11.2052659087015,3.84198322130357e-29,1.1810360729524e-27,"ENSG00000162614","downregulated",FALSE,TRUE,"TEAD1_only_bound","TEAD1_only_bound_downregulated"
"ENSG00000172159.16","FRMD3",347.373339548674,-1.6803580004975,0.150016015367417,-11.2011907287498,4.02289599925612e-29,1.23441491691718e-27,"ENSG00000172159","downregulated",FALSE,TRUE,"TEAD1_only_bound","TEAD1_only_bound_downregulated"
"ENSG00000130402.14","ACTN4",11040.3358381075,-1.28676224576944,0.11515931299837,-11.1737575734552,5.48120070897772e-29,1.67282502859439e-27,"ENSG00000130402","downregulated",FALSE,TRUE,"TEAD1_only_bound","TEAD1_only_bound_downregulated"
"ENSG00000197555.10","SIPA1L1",1743.50272990591,-1.34108222310723,0.120096539465119,-11.166701630872,5.93438034291486e-29,1.80788369047652e-27,"ENSG00000197555","downregulated",TRUE,FALSE,"TES_only_bound","TES_only_bound_downregulated"
"ENSG00000144406.19","UNC80",63.0310099936819,-3.77897609098836,0.339827115103684,-11.1202900623023,9.99465166069925e-29,3.00440997885515e-27,"ENSG00000144406","downregulated",TRUE,FALSE,"TES_only_bound","TES_only_bound_downregulated"
"ENSG00000177694.16","NAALADL2",63.1785559649222,-3.5063194281537,0.316476466558041,-11.0792422143991,1.58205856792774e-28,4.72226409801137e-27,"ENSG00000177694","downregulated",FALSE,TRUE,"TEAD1_only_bound","TEAD1_only_bound_downregulated"
"ENSG00000171940.14","ZNF217",2702.49131502747,-1.28386392604916,0.116428206525644,-11.0270866859602,2.8288064552293e-28,8.39937916706546e-27,"ENSG00000171940","downregulated",FALSE,TRUE,"TEAD1_only_bound","TEAD1_only_bound_downregulated"
"ENSG00000110330.10","BIRC2",1251.58659816063,-1.56288892473159,0.141791727114416,-11.0224267419386,2.9791726251374e-28,8.83812539132464e-27,"ENSG00000110330","downregulated",FALSE,TRUE,"TEAD1_only_bound","TEAD1_only_bound_downregulated"
"ENSG00000170558.10","CDH2",4260.38516161373,-1.33426184423516,0.121067268031313,-11.020830534394,3.03248058460208e-28,8.98058417591662e-27,"ENSG00000170558","downregulated",TRUE,TRUE,"TES_TEAD1_bound","TES_TEAD1_bound_downregulated"
"ENSG00000058056.10","USP13",256.101605460362,-1.79655334935894,0.163484459554949,-10.9891383820191,4.31021031761231e-28,1.26981113676197e-26,"ENSG00000058056","downregulated",TRUE,TRUE,"TES_TEAD1_bound","TES_TEAD1_bound_downregulated"
"ENSG00000154556.20","SORBS2",423.391157298367,-1.65178292648451,0.150755741796151,-10.9566833528504,6.17200274802372e-28,1.80733266676612e-26,"ENSG00000154556","downregulated",TRUE,FALSE,"TES_only_bound","TES_only_bound_downregulated"
"ENSG00000100106.22","TRIOBP",520.734097604792,-1.52609539007947,0.139333203892696,-10.9528479030365,6.43907144913806e-28,1.88229241810948e-26,"ENSG00000100106","downregulated",FALSE,TRUE,"TEAD1_only_bound","TEAD1_only_bound_downregulated"
"ENSG00000134253.10","TRIM45",437.664173487526,-1.64511869236282,0.150312878492395,-10.9446290222301,7.0505763038988e-28,2.05750838394188e-26,"ENSG00000134253","downregulated",TRUE,TRUE,"TES_TEAD1_bound","TES_TEAD1_bound_downregulated"
"ENSG00000163931.17","TKT",7051.24784318589,-1.38632097081359,0.127757572135215,-10.8511843771292,1.96857753672061e-27,5.65246337847215e-26,"ENSG00000163931","downregulated",FALSE,TRUE,"TEAD1_only_bound","TEAD1_only_bound_downregulated"
"ENSG00000145362.21","ANK2",715.516592817754,-1.63285693325056,0.15071058414959,-10.8343879261317,2.36541939109425e-27,6.75375692823234e-26,"ENSG00000145362","downregulated",TRUE,TRUE,"TES_TEAD1_bound","TES_TEAD1_bound_downregulated"
"ENSG00000013810.21","TACC3",967.718292454694,-1.53407948891889,0.141779489079981,-10.8201792718655,2.76236522859034e-27,7.85205205730181e-26,"ENSG00000013810","downregulated",FALSE,TRUE,"TEAD1_only_bound","TEAD1_only_bound_downregulated"
"ENSG00000073711.11","PPP2R3A",939.664944269084,-1.39206905125608,0.12890138877886,-10.7994883875478,3.46126780715409e-27,9.77326225049129e-26,"ENSG00000073711","downregulated",TRUE,FALSE,"TES_only_bound","TES_only_bound_downregulated"
"ENSG00000163545.11","NUAK2",670.483520851262,-1.47862589219608,0.136962599368032,-10.7958369585471,3.60165852389841e-27,1.01443728639951e-25,"ENSG00000163545","downregulated",FALSE,TRUE,"TEAD1_only_bound","TEAD1_only_bound_downregulated"
"ENSG00000174607.11","UGT8",161.579769365732,-2.22015103681112,0.205824356241362,-10.786629324897,3.98124805227595e-27,1.11488074064064e-25,"ENSG00000174607","downregulated",FALSE,TRUE,"TEAD1_only_bound","TEAD1_only_bound_downregulated"
"ENSG00000172986.13","GXYLT2",447.395398224024,-1.66828387262469,0.15492046656516,-10.7686473557256,4.84060348449496e-27,1.34775097673217e-25,"ENSG00000172986","downregulated",TRUE,FALSE,"TES_only_bound","TES_only_bound_downregulated"
"ENSG00000075213.11","SEMA3A",2375.40014517835,-1.5297825569357,0.142309733048238,-10.7496692191613,5.94745171133665e-27,1.64916767127088e-25,"ENSG00000075213","downregulated",TRUE,TRUE,"TES_TEAD1_bound","TES_TEAD1_bound_downregulated"
"ENSG00000133943.21","DGLUCY",404.813444190169,-1.57584713899654,0.146740073080076,-10.7390374416442,6.67365373135193e-27,1.84751972246587e-25,"ENSG00000133943","downregulated",TRUE,TRUE,"TES_TEAD1_bound","TES_TEAD1_bound_downregulated"
"ENSG00000141905.19","NFIC",6363.84255407406,-1.46336738761266,0.136275446939645,-10.7383055456848,6.72676340439711e-27,1.86070602052574e-25,"ENSG00000141905","downregulated",FALSE,TRUE,"TEAD1_only_bound","TEAD1_only_bound_downregulated"
"ENSG00000157227.14","MMP14",2105.27189517214,-1.42341006552546,0.132587458550131,-10.7356312662655,6.92440888141572e-27,1.91381872159422e-25,"ENSG00000157227","downregulated",FALSE,TRUE,"TEAD1_only_bound","TEAD1_only_bound_downregulated"
"ENSG00000147036.12","LANCL3",203.582975121629,-1.84634307791983,0.172341070454416,-10.7133086330004,8.81537936220418e-27,2.42462191235103e-25,"ENSG00000147036","downregulated",TRUE,FALSE,"TES_only_bound","TES_only_bound_downregulated"
"ENSG00000124225.16","PMEPA1",1766.03927540695,-1.53446936166181,0.14367653988094,-10.6800272538118,1.26234594249466e-26,3.44689445133912e-25,"ENSG00000124225","downregulated",FALSE,TRUE,"TEAD1_only_bound","TEAD1_only_bound_downregulated"
"ENSG00000066697.15","MSANTD3",422.332136290016,-1.62897638526261,0.152527224899202,-10.679905743641,1.26399932239652e-26,3.44863686611766e-25,"ENSG00000066697","downregulated",FALSE,TRUE,"TEAD1_only_bound","TEAD1_only_bound_downregulated"
"ENSG00000142798.20","HSPG2",1030.66584135623,-1.81772091901427,0.170609297273877,-10.6542899364758,1.66510469557619e-26,4.51759395362078e-25,"ENSG00000142798","downregulated",FALSE,TRUE,"TEAD1_only_bound","TEAD1_only_bound_downregulated"
"ENSG00000068724.18","TTC7A",655.056146812109,-1.49247879641155,0.140225380148029,-10.6434284209892,1.87115048951896e-26,5.06044903089013e-25,"ENSG00000068724","downregulated",TRUE,TRUE,"TES_TEAD1_bound","TES_TEAD1_bound_downregulated"
"ENSG00000183735.11","TBK1",650.277334927884,-1.60391406613539,0.150759593932229,-10.6388855548152,1.96465079296922e-26,5.30486948613501e-25,"ENSG00000183735","downregulated",TRUE,FALSE,"TES_only_bound","TES_only_bound_downregulated"
"ENSG00000151914.22","DST",26036.5162442621,-1.28647351697666,0.121145411703977,-10.6192508563196,2.42499385047401e-26,6.53229112711348e-25,"ENSG00000151914","downregulated",TRUE,TRUE,"TES_TEAD1_bound","TES_TEAD1_bound_downregulated"
"ENSG00000203506.5","RBMS3-AS2",133.285480764116,-2.91043265742363,0.274568875703409,-10.6000093782207,2.97950345849013e-26,8.0132837274737e-25,"ENSG00000203506","downregulated",FALSE,TRUE,"TEAD1_only_bound","TEAD1_only_bound_downregulated"
"ENSG00000071967.12","CYBRD1",869.322581088221,-1.48245051165712,0.139958760028976,-10.5920523399193,3.24400219619944e-26,8.70397050556891e-25,"ENSG00000071967","downregulated",FALSE,TRUE,"TEAD1_only_bound","TEAD1_only_bound_downregulated"
"ENSG00000003436.16","TFPI",322.38343660091,-1.67254533395569,0.158047286000042,-10.5825628284135,3.59001786209846e-26,9.62476138435363e-25,"ENSG00000003436","downregulated",TRUE,FALSE,"TES_only_bound","TES_only_bound_downregulated"
"ENSG00000236819.2","LINC01563",79.3907829355566,-2.74122524906646,0.259446772786743,-10.5656556048961,4.29953782076658e-26,1.14906924229582e-24,"ENSG00000236819","downregulated",FALSE,TRUE,"TEAD1_only_bound","TEAD1_only_bound_downregulated"
"ENSG00000186815.13","TPCN1",552.956785797284,-1.53736079038046,0.14560674360975,-10.558307618642,4.64969014861301e-26,1.24069658262441e-24,"ENSG00000186815","downregulated",FALSE,TRUE,"TEAD1_only_bound","TEAD1_only_bound_downregulated"
"ENSG00000078401.7","EDN1",57.6902122833067,-3.80107746007738,0.362379568625531,-10.489215698596,9.68287914899403e-26,2.55363384264774e-24,"ENSG00000078401","downregulated",FALSE,TRUE,"TEAD1_only_bound","TEAD1_only_bound_downregulated"
"ENSG00000174738.13","NR1D2",2766.6738376278,-1.29829981781382,0.124199967100602,-10.4533024293171,1.41510136157127e-25,3.71182726253691e-24,"ENSG00000174738","downregulated",TRUE,FALSE,"TES_only_bound","TES_only_bound_downregulated"
"ENSG00000048707.15","VPS13D",4215.52384072879,-1.23208465003044,0.117952622948357,-10.4455892478955,1.53499148925895e-25,4.02009182013477e-24,"ENSG00000048707","downregulated",TRUE,TRUE,"TES_TEAD1_bound","TES_TEAD1_bound_downregulated"
"ENSG00000151320.11","AKAP6",872.118402633085,-1.29859898187805,0.124399615085265,-10.4389308679771,1.64654609213652e-25,4.30229828136103e-24,"ENSG00000151320","downregulated",TRUE,TRUE,"TES_TEAD1_bound","TES_TEAD1_bound_downregulated"
"ENSG00000085377.15","PREP",1120.44283941565,-1.27204346626244,0.12237735922048,-10.3944346761943,2.62840928974941e-25,6.78433182022857e-24,"ENSG00000085377","downregulated",FALSE,TRUE,"TEAD1_only_bound","TEAD1_only_bound_downregulated"
"ENSG00000153904.21","DDAH1",1165.4938664257,-1.4102552100202,0.135751708924984,-10.3884895533765,2.79748088505786e-25,7.2152491043011e-24,"ENSG00000153904","downregulated",TRUE,TRUE,"TES_TEAD1_bound","TES_TEAD1_bound_downregulated"
"ENSG00000227502.4","MROCKI",113.357200527018,-2.71856955570057,0.262715851071782,-10.347946439508,4.27558066396973e-25,1.09362141561539e-23,"ENSG00000227502","downregulated",TRUE,TRUE,"TES_TEAD1_bound","TES_TEAD1_bound_downregulated"
"ENSG00000138336.9","TET1",1386.56348172213,-1.42543917160831,0.137877570282473,-10.3384413337715,4.72154282787671e-25,1.20587493817531e-23,"ENSG00000138336","downregulated",TRUE,FALSE,"TES_only_bound","TES_only_bound_downregulated"
"ENSG00000213694.7","S1PR3",144.11842751195,-2.12532417528595,0.206081238758129,-10.3130405663971,6.15234426057595e-25,1.56541445575464e-23,"ENSG00000213694","downregulated",FALSE,TRUE,"TEAD1_only_bound","TEAD1_only_bound_downregulated"
"ENSG00000071205.12","ARHGAP10",372.360762690985,-1.5363904580952,0.149005682436259,-10.3109521259528,6.28752847263858e-25,1.59861352663613e-23,"ENSG00000071205","downregulated",TRUE,FALSE,"TES_only_bound","TES_only_bound_downregulated"
"ENSG00000196628.20","TCF4",3530.97501400837,-1.16018733141414,0.113011851606532,-10.266067805468,1.0020616624702e-24,2.53259155883837e-23,"ENSG00000196628","downregulated",TRUE,TRUE,"TES_TEAD1_bound","TES_TEAD1_bound_downregulated"
"ENSG00000168264.11","IRF2BP2",1939.47468951536,-1.28931384831093,0.125605903122926,-10.2647552085918,1.01578268559324e-24,2.56536106053765e-23,"ENSG00000168264","downregulated",FALSE,TRUE,"TEAD1_only_bound","TEAD1_only_bound_downregulated"
"ENSG00000130147.16","SH3BP4",2155.99090006377,-1.23245911750187,0.120362496035287,-10.2395609770384,1.31833220423594e-24,3.30731966864744e-23,"ENSG00000130147","downregulated",TRUE,TRUE,"TES_TEAD1_bound","TES_TEAD1_bound_downregulated"
"ENSG00000171617.16","ENC1",3662.16199558768,-1.21333193393469,0.118546384217135,-10.2350817525763,1.38078513788791e-24,3.4614398202049e-23,"ENSG00000171617","downregulated",TRUE,TRUE,"TES_TEAD1_bound","TES_TEAD1_bound_downregulated"
"ENSG00000118985.16","ELL2",2499.67271559652,-1.28558722607234,0.12568459844624,-10.2286775147095,1.47520085865453e-24,3.68995749387166e-23,"ENSG00000118985","downregulated",TRUE,TRUE,"TES_TEAD1_bound","TES_TEAD1_bound_downregulated"
"ENSG00000022976.16","ZNF839",129.975222142366,-2.09545695276985,0.205061936181766,-10.2186538944627,1.63596821683529e-24,4.08306894852764e-23,"ENSG00000022976","downregulated",FALSE,TRUE,"TEAD1_only_bound","TEAD1_only_bound_downregulated"
"ENSG00000153107.13","ANAPC1",738.603334588697,-1.43979514561337,0.140997282203182,-10.2115099178903,1.76102789257474e-24,4.38874508106961e-23,"ENSG00000153107","downregulated",FALSE,TRUE,"TEAD1_only_bound","TEAD1_only_bound_downregulated"
"ENSG00000149218.5","ENDOD1",1853.21876405055,-1.35012019345672,0.132537281716131,-10.1867201135784,2.2730389628286e-24,5.63169857690459e-23,"ENSG00000149218","downregulated",TRUE,TRUE,"TES_TEAD1_bound","TES_TEAD1_bound_downregulated"
"ENSG00000154930.15","ACSS1",217.759981684163,-1.72027186571925,0.169418355728003,-10.1539874963791,3.18094716026733e-24,7.83541792167952e-23,"ENSG00000154930","downregulated",FALSE,TRUE,"TEAD1_only_bound","TEAD1_only_bound_downregulated"
"ENSG00000109618.13","SEPSECS",273.581643594725,-1.63088302678434,0.160896625837146,-10.1362164576097,3.81594062884189e-24,9.37236957921196e-23,"ENSG00000109618","downregulated",TRUE,FALSE,"TES_only_bound","TES_only_bound_downregulated"
"ENSG00000107104.21","KANK1",1367.41169434136,-1.19096095045246,0.118387193007123,-10.0598799599954,8.30996093821048e-24,2.01911840593086e-22,"ENSG00000107104","downregulated",TRUE,TRUE,"TES_TEAD1_bound","TES_TEAD1_bound_downregulated"
"ENSG00000162772.18","ATF3",678.727398867365,-1.81287792876013,0.180295613264199,-10.0550307128305,8.72942109925231e-24,2.11649518843257e-22,"ENSG00000162772","downregulated",FALSE,TRUE,"TEAD1_only_bound","TEAD1_only_bound_downregulated"
"ENSG00000132294.15","EFR3A",2563.87894534522,-1.25642619822294,0.125291858002776,-10.0279955796896,1.14823848253635e-23,2.77604019749428e-22,"ENSG00000132294","downregulated",TRUE,FALSE,"TES_only_bound","TES_only_bound_downregulated"
"ENSG00000070087.15","PFN2",2059.01091972138,-1.79779925167938,0.179539787388932,-10.0133751845481,1.33131437311459e-23,3.20951643903167e-22,"ENSG00000070087","downregulated",TRUE,TRUE,"TES_TEAD1_bound","TES_TEAD1_bound_downregulated"
"ENSG00000224057.2","EGFR-AS1",195.689516890824,-2.054847638949,0.205569237944936,-9.9958907251454,1.58852616517349e-23,3.81605776369258e-22,"ENSG00000224057","downregulated",FALSE,TRUE,"TEAD1_only_bound","TEAD1_only_bound_downregulated"
"ENSG00000138685.18","FGF2",1433.7524555526,-1.20606297814764,0.120807805170669,-9.98332000522481,1.80329854976655e-23,4.31673327261947e-22,"ENSG00000138685","downregulated",FALSE,TRUE,"TEAD1_only_bound","TEAD1_only_bound_downregulated"
"ENSG00000111319.13","SCNN1A",67.0469627687704,-2.83335108921488,0.283819396078423,-9.98293678432035,1.81027888144927e-23,4.33039105951189e-22,"ENSG00000111319","downregulated",FALSE,TRUE,"TEAD1_only_bound","TEAD1_only_bound_downregulated"
"ENSG00000276234.5","TADA2A",294.818410886493,-1.83859064483649,0.184371202320431,-9.97222246043111,2.01664896936833e-23,4.81726668013385e-22,"ENSG00000276234","downregulated",TRUE,FALSE,"TES_only_bound","TES_only_bound_downregulated"
"ENSG00000171877.21","FRMD5",1924.46438677954,-1.13781860813767,0.114647960089802,-9.92445576219964,3.25875604307377e-23,7.70845579882519e-22,"ENSG00000171877","downregulated",TRUE,TRUE,"TES_TEAD1_bound","TES_TEAD1_bound_downregulated"
"ENSG00000178996.14","SNX18",1514.48205050159,-1.20230728149559,0.12130390957833,-9.91152952674803,3.70923596476026e-23,8.75575588957447e-22,"ENSG00000178996","downregulated",TRUE,TRUE,"TES_TEAD1_bound","TES_TEAD1_bound_downregulated"
"ENSG00000249306.7","LINC01411",165.755809962726,-1.88678877532892,0.190563213551987,-9.90111753554257,4.11649103696398e-23,9.68344650578895e-22,"ENSG00000249306","downregulated",FALSE,TRUE,"TEAD1_only_bound","TEAD1_only_bound_downregulated"
"ENSG00000047315.17","POLR2B",2912.04008513797,-1.39097036534957,0.14085361834848,-9.87529025990818,5.32784863851309e-23,1.24725267093737e-21,"ENSG00000047315","downregulated",TRUE,FALSE,"TES_only_bound","TES_only_bound_downregulated"
"ENSG00000166801.17","FAM111A",1258.78701172061,-1.31120680784574,0.13294334727181,-9.86289900738619,6.02832370324471e-23,1.40929180696364e-21,"ENSG00000166801","downregulated",FALSE,TRUE,"TEAD1_only_bound","TEAD1_only_bound_downregulated"
"ENSG00000077684.16","JADE1",426.218856528304,-1.52601318592201,0.155912770899337,-9.78760865527343,1.27270247378451e-22,2.94289704761826e-21,"ENSG00000077684","downregulated",FALSE,TRUE,"TEAD1_only_bound","TEAD1_only_bound_downregulated"
"ENSG00000065054.14","NHERF2",691.368693993959,-1.492247488281,0.152869293192574,-9.76159081471753,1.64553461002488e-22,3.77672429954899e-21,"ENSG00000065054","downregulated",FALSE,TRUE,"TEAD1_only_bound","TEAD1_only_bound_downregulated"
"ENSG00000151748.15","SAV1",248.915787508176,-1.82926370507094,0.187487563345569,-9.75672024548804,1.72648417672423e-22,3.95716697132042e-21,"ENSG00000151748","downregulated",TRUE,FALSE,"TES_only_bound","TES_only_bound_downregulated"
"ENSG00000160209.19","PDXK",1993.54275328447,-1.1858042499034,0.121559914498514,-9.75489539290441,1.75781805438351e-22,4.02084603847132e-21,"ENSG00000160209","downregulated",FALSE,TRUE,"TEAD1_only_bound","TEAD1_only_bound_downregulated"
"ENSG00000186088.16","GSAP",494.317867608133,-1.48148224413916,0.151893035355029,-9.75345736344264,1.78290591639184e-22,4.07274701869523e-21,"ENSG00000186088","downregulated",TRUE,TRUE,"TES_TEAD1_bound","TES_TEAD1_bound_downregulated"
"ENSG00000137941.17","TTLL7",910.787346306748,-1.45166099569252,0.148867336101161,-9.75137349610435,1.81989119020256e-22,4.15443978150542e-21,"ENSG00000137941","downregulated",TRUE,TRUE,"TES_TEAD1_bound","TES_TEAD1_bound_downregulated"
"ENSG00000184270.6","H2AC21",59.785392182521,-2.9384620839352,0.301495681680978,-9.74628249251173,1.91347277275822e-22,4.35635677915894e-21,"ENSG00000184270","downregulated",FALSE,TRUE,"TEAD1_only_bound","TEAD1_only_bound_downregulated"
"ENSG00000153250.21","RBMS1",1331.64248111847,-1.26389510892188,0.129750528819528,-9.74096306520534,2.01634262975156e-22,4.58441274748333e-21,"ENSG00000153250","downregulated",TRUE,TRUE,"TES_TEAD1_bound","TES_TEAD1_bound_downregulated"
"ENSG00000124942.14","AHNAK",16019.3475120399,-1.41274950543148,0.145044808530148,-9.74009011248291,2.03373933231016e-22,4.62087342072988e-21,"ENSG00000124942","downregulated",FALSE,TRUE,"TEAD1_only_bound","TEAD1_only_bound_downregulated"
"ENSG00000119408.17","NEK6",1082.71811799529,-1.21891290848602,0.125151086260451,-9.73953119311606,2.04495572203849e-22,4.64325240415799e-21,"ENSG00000119408","downregulated",FALSE,TRUE,"TEAD1_only_bound","TEAD1_only_bound_downregulated"
"ENSG00000147145.14","LPAR4",48.663463858484,-5.1586630435166,0.52987228152583,-9.73567258257333,2.12407849931074e-22,4.81646852233559e-21,"ENSG00000147145","downregulated",TRUE,FALSE,"TES_only_bound","TES_only_bound_downregulated"
"ENSG00000108691.10","CCL2",94.6557055324289,-2.92530036841912,0.300584182443466,-9.73205025174373,2.20111047440334e-22,4.98448803963552e-21,"ENSG00000108691","downregulated",TRUE,TRUE,"TES_TEAD1_bound","TES_TEAD1_bound_downregulated"
"ENSG00000180611.7","MB21D2",213.516360201026,-1.82494742991868,0.187837156156952,-9.71558272738006,2.58764615429173e-22,5.85200829354071e-21,"ENSG00000180611","downregulated",FALSE,TRUE,"TEAD1_only_bound","TEAD1_only_bound_downregulated"
"ENSG00000197879.17","MYO1C",3165.46012375885,-1.16664201750833,0.120317920257397,-9.69632798682463,3.12544933634537e-22,7.04480843112007e-21,"ENSG00000197879","downregulated",FALSE,TRUE,"TEAD1_only_bound","TEAD1_only_bound_downregulated"
"ENSG00000182606.17","TRAK1",1291.45347565353,-1.17295419526985,0.12111195646099,-9.68487529674788,3.49634950857641e-22,7.86516557002143e-21,"ENSG00000182606","downregulated",FALSE,TRUE,"TEAD1_only_bound","TEAD1_only_bound_downregulated"
"ENSG00000110693.19","SOX6",254.866073559801,-1.73371979607766,0.179181991600095,-9.67574799563031,3.82285792869664e-22,8.57693778876932e-21,"ENSG00000110693","downregulated",TRUE,TRUE,"TES_TEAD1_bound","TES_TEAD1_bound_downregulated"
"ENSG00000117724.15","CENPF",3126.76806624821,-1.3072480204946,0.135272857718768,-9.663786531459,4.29681786409765e-22,9.62124648699203e-21,"ENSG00000117724","downregulated",FALSE,TRUE,"TEAD1_only_bound","TEAD1_only_bound_downregulated"
"ENSG00000144655.15","CSRNP1",469.562335076393,-1.51293096074021,0.15672947095815,-9.65313639796684,4.76748460862127e-22,1.0668110486538e-20,"ENSG00000144655","downregulated",FALSE,TRUE,"TEAD1_only_bound","TEAD1_only_bound_downregulated"
"ENSG00000152049.7","KCNE4",306.377049029862,-1.62635879483402,0.168997473925341,-9.6235686667867,6.35859866727283e-22,1.4135397874995e-20,"ENSG00000152049","downregulated",FALSE,TRUE,"TEAD1_only_bound","TEAD1_only_bound_downregulated"
"ENSG00000115963.14","RND3",954.741855094616,-1.54585838946427,0.160867161083492,-9.60953359935254,7.28783449536369e-22,1.61693770175385e-20,"ENSG00000115963","downregulated",TRUE,TRUE,"TES_TEAD1_bound","TES_TEAD1_bound_downregulated"
"ENSG00000081189.17","MEF2C",793.317224724263,-1.23544331662129,0.128583774098428,-9.60808099842821,7.39136388804715e-22,1.6388371315221e-20,"ENSG00000081189","downregulated",TRUE,TRUE,"TES_TEAD1_bound","TES_TEAD1_bound_downregulated"
"ENSG00000146592.17","CREB5",684.37289125731,-1.25898863478479,0.13137593107439,-9.58309961717349,9.41753236936184e-22,2.07858830099079e-20,"ENSG00000146592","downregulated",FALSE,TRUE,"TEAD1_only_bound","TEAD1_only_bound_downregulated"
"ENSG00000164142.16","FHIP1A",556.599983681542,-1.31215825411107,0.137074955676012,-9.5725601196798,1.04290610209315e-21,2.29736929156291e-20,"ENSG00000164142","downregulated",TRUE,TRUE,"TES_TEAD1_bound","TES_TEAD1_bound_downregulated"
"ENSG00000276644.5","DACH1",560.623729028486,-1.36143841402169,0.142382992163475,-9.56180505364414,1.15720506143333e-21,2.5475010710802e-20,"ENSG00000276644","downregulated",FALSE,TRUE,"TEAD1_only_bound","TEAD1_only_bound_downregulated"
"ENSG00000138675.17","FGF5",95.7380552854821,-2.19023975787097,0.229216414511959,-9.55533556588593,1.23184061159157e-21,2.70829526825517e-20,"ENSG00000138675","downregulated",FALSE,TRUE,"TEAD1_only_bound","TEAD1_only_bound_downregulated"
"ENSG00000100345.23","MYH9",12695.100821829,-1.19632172634076,0.125384022506528,-9.5412613379705,1.41105510107016e-21,3.0962997204878e-20,"ENSG00000100345","downregulated",FALSE,TRUE,"TEAD1_only_bound","TEAD1_only_bound_downregulated"
"ENSG00000138443.17","ABI2",1778.39961956603,-1.14157821230135,0.119964310555966,-9.51598193671764,1.80004760520753e-21,3.92704027319778e-20,"ENSG00000138443","downregulated",TRUE,FALSE,"TES_only_bound","TES_only_bound_downregulated"
"ENSG00000047936.11","ROS1",65.534292285829,-2.87256789989606,0.302584104892855,-9.49345274072886,2.23505823355779e-21,4.85735496337115e-20,"ENSG00000047936","downregulated",TRUE,FALSE,"TES_only_bound","TES_only_bound_downregulated"
"ENSG00000105281.12","SLC1A5",1624.55123072711,-1.18224591883884,0.125142260157814,-9.44721565159467,3.47963369451819e-21,7.50928826781409e-20,"ENSG00000105281","downregulated",FALSE,TRUE,"TEAD1_only_bound","TEAD1_only_bound_downregulated"
"ENSG00000188994.14","ZNF292",4661.4290591947,-1.13785511684408,0.120464158940462,-9.44559051299608,3.53405919576552e-21,7.62189985788973e-20,"ENSG00000188994","downregulated",TRUE,FALSE,"TES_only_bound","TES_only_bound_downregulated"
"ENSG00000246763.7","RGMB-AS1",139.236075383245,-2.02925915970871,0.215027406225326,-9.43721172724493,3.82830893520184e-21,8.24081102097186e-20,"ENSG00000246763","downregulated",TRUE,FALSE,"TES_only_bound","TES_only_bound_downregulated"
"ENSG00000184640.20","SEPTIN9",8365.80221254774,-1.18761789479522,0.125916204968498,-9.43181137878428,4.03067169006437e-21,8.66543392203206e-20,"ENSG00000184640","downregulated",FALSE,TRUE,"TEAD1_only_bound","TEAD1_only_bound_downregulated"
"ENSG00000198521.12","ZNF43",461.338315035059,-1.37600889691341,0.146309241795478,-9.40479822072279,5.21301326238251e-21,1.11649202078568e-19,"ENSG00000198521","downregulated",TRUE,FALSE,"TES_only_bound","TES_only_bound_downregulated"
"ENSG00000114805.18","PLCH1",219.268944521819,-1.57835327773205,0.168119627020712,-9.38827491889214,6.09909597629786e-21,1.30052788526607e-19,"ENSG00000114805","downregulated",TRUE,TRUE,"TES_TEAD1_bound","TES_TEAD1_bound_downregulated"
"ENSG00000158710.15","TAGLN2",2870.99789554039,-1.51461484221349,0.161396711959677,-9.38442192423285,6.32625079662469e-21,1.34811848845513e-19,"ENSG00000158710","downregulated",FALSE,TRUE,"TEAD1_only_bound","TEAD1_only_bound_downregulated"
"ENSG00000105499.14","PLA2G4C",279.849694724146,-1.65152216239386,0.176176094156172,-9.37426936556936,6.96565223812352e-21,1.48344373181555e-19,"ENSG00000105499","downregulated",TRUE,FALSE,"TES_only_bound","TES_only_bound_downregulated"
"ENSG00000249859.14","PVT1",2313.93490392977,-1.35981932678985,0.145476555870246,-9.34734341664438,8.98767421532092e-21,1.90332492360362e-19,"ENSG00000249859","downregulated",TRUE,TRUE,"TES_TEAD1_bound","TES_TEAD1_bound_downregulated"
"ENSG00000112977.16","DAP",1041.65836871861,-1.28535024542311,0.137553719721683,-9.34435105080258,9.24546849020373e-21,1.95669827835041e-19,"ENSG00000112977","downregulated",FALSE,TRUE,"TEAD1_only_bound","TEAD1_only_bound_downregulated"
"ENSG00000168702.18","LRP1B",1709.16479185687,-1.29513057594211,0.139216422885274,-9.3030013923674,1.36535923929587e-20,2.86818321833037e-19,"ENSG00000168702","downregulated",TRUE,FALSE,"TES_only_bound","TES_only_bound_downregulated"
"ENSG00000087494.16","PTHLH",100.486286293361,-2.24036140030151,0.240977810689659,-9.2969613836634,1.445166860065e-20,3.03021159893136e-19,"ENSG00000087494","downregulated",TRUE,TRUE,"TES_TEAD1_bound","TES_TEAD1_bound_downregulated"
"ENSG00000114861.24","FOXP1",1349.80959386972,-1.27265872282597,0.137039545813693,-9.28679904234481,1.58998049079259e-20,3.32769299514742e-19,"ENSG00000114861","downregulated",TRUE,TRUE,"TES_TEAD1_bound","TES_TEAD1_bound_downregulated"
"ENSG00000185630.20","PBX1",4305.28238550755,-1.15080835719741,0.124115624415464,-9.27206677335966,1.82573304355297e-20,3.8117086676956e-19,"ENSG00000185630","downregulated",TRUE,TRUE,"TES_TEAD1_bound","TES_TEAD1_bound_downregulated"
"ENSG00000154188.10","ANGPT1",149.153585916661,-2.08196143987336,0.225056517638672,-9.2508382415121,2.22738929607024e-20,4.62469190763532e-19,"ENSG00000154188","downregulated",TRUE,TRUE,"TES_TEAD1_bound","TES_TEAD1_bound_downregulated"
"ENSG00000139218.18","SCAF11",1538.65428290432,-1.12708957336053,0.122208786184949,-9.22265582161021,2.89830917979569e-20,5.97752071762599e-19,"ENSG00000139218","downregulated",TRUE,FALSE,"TES_only_bound","TES_only_bound_downregulated"
"ENSG00000143228.13","NUF2",161.223153936843,-2.71796858614229,0.294776703360782,-9.22043212762213,2.95905273293122e-20,6.0917032261944e-19,"ENSG00000143228","downregulated",TRUE,FALSE,"TES_only_bound","TES_only_bound_downregulated"
"ENSG00000101577.11","LPIN2",1611.78963017157,-1.10242454288941,0.119932917535383,-9.19200971296448,3.85569253706296e-20,7.86607592185914e-19,"ENSG00000101577","downregulated",TRUE,TRUE,"TES_TEAD1_bound","TES_TEAD1_bound_downregulated"
"ENSG00000171608.18","PIK3CD",331.251939976364,-1.39715852457758,0.152170528743034,-9.18153164162902,4.25002677598796e-20,8.64460536088377e-19,"ENSG00000171608","downregulated",FALSE,TRUE,"TEAD1_only_bound","TEAD1_only_bound_downregulated"
"ENSG00000149346.15","SLX4IP",208.79434882799,-1.55045129360587,0.169226614544846,-9.16198257452577,5.09524687016065e-20,1.03390290134777e-18,"ENSG00000149346","downregulated",TRUE,TRUE,"TES_TEAD1_bound","TES_TEAD1_bound_downregulated"
"ENSG00000154493.20","C10orf90",48.0295441484301,-3.112778886832,0.33986493245333,-9.1588704499822,5.24433575190269e-20,1.06351998101869e-18,"ENSG00000154493","downregulated",FALSE,TRUE,"TEAD1_only_bound","TEAD1_only_bound_downregulated"
"ENSG00000196081.10","ZNF724",62.9510765440106,-2.64926056946183,0.289285042019731,-9.15795905299915,5.28880759657988e-20,1.07189866611352e-18,"ENSG00000196081","downregulated",TRUE,FALSE,"TES_only_bound","TES_only_bound_downregulated"
"ENSG00000174136.13","RGMB",770.292820315446,-1.19693394432112,0.130766186601329,-9.15323735768368,5.52524088939381e-20,1.11648651118935e-18,"ENSG00000174136","downregulated",TRUE,FALSE,"TES_only_bound","TES_only_bound_downregulated"
"ENSG00000165733.8","BMS1",792.533415341086,-1.25828715518513,0.13784995732225,-9.12794736848302,6.98103038546069e-20,1.40647473388688e-18,"ENSG00000165733","downregulated",FALSE,TRUE,"TEAD1_only_bound","TEAD1_only_bound_downregulated"
"ENSG00000168685.15","IL7R",209.137727891667,-1.80980586986729,0.199034273885481,-9.09293577702404,9.64001953284581e-20,1.92845808887931e-18,"ENSG00000168685","downregulated",TRUE,TRUE,"TES_TEAD1_bound","TES_TEAD1_bound_downregulated"
"ENSG00000169908.12","TM4SF1",278.194573334291,-2.14069207956591,0.235628070870181,-9.08504692017499,1.03653965110094e-19,2.06991057428552e-18,"ENSG00000169908","downregulated",TRUE,FALSE,"TES_only_bound","TES_only_bound_downregulated"
"ENSG00000255529.9","POLR2M",494.111896726973,-1.50246278012448,0.166707075669701,-9.01259154171314,2.01243639341433e-19,3.97432787276151e-18,"ENSG00000255529","downregulated",TRUE,FALSE,"TES_only_bound","TES_only_bound_downregulated"
"ENSG00000197646.8","PDCD1LG2",77.3145656003901,-2.29072165470754,0.254520727006223,-9.00013795203221,2.25434234056584e-19,4.42632951585783e-18,"ENSG00000197646","downregulated",TRUE,TRUE,"TES_TEAD1_bound","TES_TEAD1_bound_downregulated"
"ENSG00000003402.21","CFLAR",1548.30021860863,-1.04003169658783,0.115994002751644,-8.96625404689801,3.06769910923254e-19,5.96813306657565e-18,"ENSG00000003402","downregulated",FALSE,TRUE,"TEAD1_only_bound","TEAD1_only_bound_downregulated"
"ENSG00000114850.7","SSR3",1104.70821620184,-1.23367179704478,0.137755914073816,-8.9554906251337,3.38228123146011e-19,6.55761009533317e-18,"ENSG00000114850","downregulated",TRUE,TRUE,"TES_TEAD1_bound","TES_TEAD1_bound_downregulated"
"ENSG00000143353.12","LYPLAL1",236.827383312407,-1.75758082067228,0.196339942484195,-8.95172321247759,3.49975584696747e-19,6.77377245639835e-18,"ENSG00000143353","downregulated",TRUE,FALSE,"TES_only_bound","TES_only_bound_downregulated"
"ENSG00000139926.16","FRMD6",831.057521830191,-1.29859750834508,0.145652419045454,-8.91572908198541,4.8461703320126e-19,9.34249227229307e-18,"ENSG00000139926","downregulated",TRUE,FALSE,"TES_only_bound","TES_only_bound_downregulated"
"ENSG00000138772.13","ANXA3",58.3031758059112,-2.94939610155031,0.33132504846536,-8.90182047874558,5.49380744830794e-19,1.05670244283196e-17,"ENSG00000138772","downregulated",FALSE,TRUE,"TEAD1_only_bound","TEAD1_only_bound_downregulated"
"ENSG00000177697.19","CD151",1377.70118047807,-1.49556206624072,0.168582599410223,-8.87139047252125,7.22381760339505e-19,1.37853166489957e-17,"ENSG00000177697","downregulated",FALSE,TRUE,"TEAD1_only_bound","TEAD1_only_bound_downregulated"
"ENSG00000157064.11","NMNAT2",243.011851486602,-1.54012069064349,0.173796751747083,-8.8616195363924,7.88603303230046e-19,1.50321419776196e-17,"ENSG00000157064","downregulated",TRUE,TRUE,"TES_TEAD1_bound","TES_TEAD1_bound_downregulated"
"ENSG00000166938.13","DIS3L",588.717144170695,-1.36309272066078,0.153836387489705,-8.86066517098893,7.95384222637788e-19,1.51444009386549e-17,"ENSG00000166938","downregulated",TRUE,TRUE,"TES_TEAD1_bound","TES_TEAD1_bound_downregulated"
"ENSG00000242290.2","ZBTB20-AS5",169.188493557661,-1.87842403896151,0.213109403357682,-8.81436487252874,1.20365453689601e-18,2.27648871432536e-17,"ENSG00000242290","downregulated",FALSE,TRUE,"TEAD1_only_bound","TEAD1_only_bound_downregulated"
"ENSG00000233901.8","LINC01503",37.1759309801125,-3.81282337767251,0.432574223150083,-8.81426394274454,1.20473927752366e-18,2.27727233049102e-17,"ENSG00000233901","downregulated",FALSE,TRUE,"TEAD1_only_bound","TEAD1_only_bound_downregulated"
"ENSG00000227036.10","LINC00511",5165.49353222653,-1.44371270239811,0.164019319799256,-8.80208931585059,1.3429223619425e-18,2.53143100945965e-17,"ENSG00000227036","downregulated",TRUE,TRUE,"TES_TEAD1_bound","TES_TEAD1_bound_downregulated"
"ENSG00000213859.8","KCTD11",260.288725219161,-1.58921791648629,0.181221817964186,-8.76946238780346,1.79521371160833e-18,3.36719046691947e-17,"ENSG00000213859","downregulated",FALSE,TRUE,"TEAD1_only_bound","TEAD1_only_bound_downregulated"
"ENSG00000113621.15","TXNDC15",508.517719186625,-1.45042416578454,0.165432689070976,-8.76745807572686,1.8274504421784e-18,3.42576361037064e-17,"ENSG00000113621","downregulated",FALSE,TRUE,"TEAD1_only_bound","TEAD1_only_bound_downregulated"
"ENSG00000163412.13","EIF4E3",148.691256506617,-1.65942965556077,0.189388541762752,-8.76203829500701,1.91751107111785e-18,3.59062933096643e-17,"ENSG00000163412","downregulated",FALSE,TRUE,"TEAD1_only_bound","TEAD1_only_bound_downregulated"
"ENSG00000128944.14","KNSTRN",263.838684058177,-1.62512336672738,0.185797415885195,-8.7467490276159,2.19587346870051e-18,4.09382162375516e-17,"ENSG00000128944","downregulated",FALSE,TRUE,"TEAD1_only_bound","TEAD1_only_bound_downregulated"
"ENSG00000185033.15","SEMA4B",1507.55499502712,-1.11949406028184,0.128113602566694,-8.73829193663529,2.36661282692236e-18,4.40006045456478e-17,"ENSG00000185033","downregulated",FALSE,TRUE,"TEAD1_only_bound","TEAD1_only_bound_downregulated"
"ENSG00000079819.20","EPB41L2",2372.7435553044,-1.14644612089306,0.131423542690238,-8.72329338735908,2.7022492689061e-18,5.00053434399414e-17,"ENSG00000079819","downregulated",TRUE,TRUE,"TES_TEAD1_bound","TES_TEAD1_bound_downregulated"
"ENSG00000291110.1","TRIM16L",250.037682379314,-1.58229093584896,0.181387383796319,-8.72326896574971,2.70283238800437e-18,5.00053434399414e-17,"ENSG00000291110","downregulated",FALSE,TRUE,"TEAD1_only_bound","TEAD1_only_bound_downregulated"
"ENSG00000122691.13","TWIST1",231.288679212261,-1.62554800883614,0.186965937213784,-8.69435381150431,3.48809177438639e-18,6.41839119135194e-17,"ENSG00000122691","downregulated",TRUE,FALSE,"TES_only_bound","TES_only_bound_downregulated"
"ENSG00000125148.7","MT2A",2931.91992751575,-1.35995039766018,0.156531667533177,-8.68802089118445,3.68807981388525e-18,6.76707538527645e-17,"ENSG00000125148","downregulated",TRUE,TRUE,"TES_TEAD1_bound","TES_TEAD1_bound_downregulated"
"ENSG00000042286.15","AIFM2",528.832292395648,-1.21144299309467,0.139451414754017,-8.68720475322232,3.71466255691132e-18,6.80947964021391e-17,"ENSG00000042286","downregulated",FALSE,TRUE,"TEAD1_only_bound","TEAD1_only_bound_downregulated"
"ENSG00000188313.13","PLSCR1",2602.98567008,-1.14999799023702,0.132389360200445,-8.68648347945682,3.73831283972709e-18,6.84913756957118e-17,"ENSG00000188313","downregulated",TRUE,FALSE,"TES_only_bound","TES_only_bound_downregulated"
"ENSG00000131873.7","CHSY1",1631.16826782883,-1.07698828278241,0.124093161331621,-8.67886893383529,3.99724013016235e-18,7.31169912446714e-17,"ENSG00000131873","downregulated",TRUE,TRUE,"TES_TEAD1_bound","TES_TEAD1_bound_downregulated"
"ENSG00000187164.20","SHTN1",929.90089903052,-1.243461290006,0.143703285260528,-8.65297747196007,5.01729314901012e-18,9.11376543773133e-17,"ENSG00000187164","downregulated",TRUE,FALSE,"TES_only_bound","TES_only_bound_downregulated"
"ENSG00000287158.3","LOC105377188",45.9540288805487,-2.90835476086004,0.336281179232972,-8.64858023721024,5.21440834096818e-18,9.45160205581682e-17,"ENSG00000287158","downregulated",TRUE,FALSE,"TES_only_bound","TES_only_bound_downregulated"
"ENSG00000175745.15","NR2F1",1690.45441170284,-1.2170313712955,0.140782931015932,-8.64473670574297,5.39295071471191e-18,9.77001332679116e-17,"ENSG00000175745","downregulated",TRUE,TRUE,"TES_TEAD1_bound","TES_TEAD1_bound_downregulated"
"ENSG00000128829.12","EIF2AK4",1510.34419102507,-1.0433753172083,0.120960222448123,-8.62577214303471,6.36616583167758e-18,1.15085641815021e-16,"ENSG00000128829","downregulated",FALSE,TRUE,"TEAD1_only_bound","TEAD1_only_bound_downregulated"
"ENSG00000129103.19","SUMF2",1990.16748026293,-1.12311642135106,0.130287518003861,-8.62029178664511,6.67837148634821e-18,1.20601234794405e-16,"ENSG00000129103","downregulated",FALSE,TRUE,"TEAD1_only_bound","TEAD1_only_bound_downregulated"
"ENSG00000065802.12","ASB1",1222.65222190576,-1.0911279908777,0.12684921393504,-8.60177179683962,7.8494751757401e-18,1.4129887269186e-16,"ENSG00000065802","downregulated",FALSE,TRUE,"TEAD1_only_bound","TEAD1_only_bound_downregulated"
"ENSG00000198833.7","UBE2J1",838.370104690776,-1.3176685881195,0.153197482055274,-8.6011112613723,7.89479021636442e-18,1.41964126029363e-16,"ENSG00000198833","downregulated",TRUE,FALSE,"TES_only_bound","TES_only_bound_downregulated"
"ENSG00000165071.15","TMEM71",81.1011519569845,-2.35953115696811,0.274596666280386,-8.59271596021064,8.49373221676599e-18,1.52411566792978e-16,"ENSG00000165071","downregulated",FALSE,TRUE,"TEAD1_only_bound","TEAD1_only_bound_downregulated"
"ENSG00000135929.9","CYP27A1",452.097510751473,-1.22672629202963,0.143145097103664,-8.56981005183327,1.03655873395736e-17,1.85022738176898e-16,"ENSG00000135929","downregulated",TRUE,TRUE,"TES_TEAD1_bound","TES_TEAD1_bound_downregulated"
"ENSG00000077942.19","FBLN1",481.61409334538,-1.53655109648219,0.179639510977083,-8.55352526916093,1.19385145586135e-17,2.12318043207845e-16,"ENSG00000077942","downregulated",FALSE,TRUE,"TEAD1_only_bound","TEAD1_only_bound_downregulated"
"ENSG00000156052.11","GNAQ",1467.1311062627,-1.04357019333,0.122153852707863,-8.54308046939583,1.30690325040563e-17,2.31574802346263e-16,"ENSG00000156052","downregulated",FALSE,TRUE,"TEAD1_only_bound","TEAD1_only_bound_downregulated"
"ENSG00000108349.17","CASC3",2023.71791696209,-1.03885216824745,0.121630110885336,-8.54107721094495,1.32976320989547e-17,2.35379868232045e-16,"ENSG00000108349","downregulated",TRUE,TRUE,"TES_TEAD1_bound","TES_TEAD1_bound_downregulated"
"ENSG00000259495.3","ARNT2-DT",120.959557009825,-1.83345055167364,0.215417412529959,-8.51115297570782,1.72212253565447e-17,3.03093566275187e-16,"ENSG00000259495","downregulated",FALSE,TRUE,"TEAD1_only_bound","TEAD1_only_bound_downregulated"
"ENSG00000203930.13","LINC00632",299.190313902801,-1.57594330979094,0.185655659948643,-8.48852822600124,2.09270411894209e-17,3.66417389238272e-16,"ENSG00000203930","downregulated",TRUE,TRUE,"TES_TEAD1_bound","TES_TEAD1_bound_downregulated"
"ENSG00000088854.13","DNAAF9",803.654827803148,-1.05874114270072,0.124945373338517,-8.47363223152131,2.37857559604983e-17,4.14974092689372e-16,"ENSG00000088854","downregulated",TRUE,TRUE,"TES_TEAD1_bound","TES_TEAD1_bound_downregulated"
"ENSG00000152818.20","UTRN",8096.58024749932,-1.04874394267944,0.123829397701996,-8.46926466688718,2.46946992588779e-17,4.30389709813013e-16,"ENSG00000152818","downregulated",TRUE,TRUE,"TES_TEAD1_bound","TES_TEAD1_bound_downregulated"
"ENSG00000171291.9","ZNF439",415.307414134197,-1.20105757333881,0.142074505566686,-8.45371636908541,2.8217429482411e-17,4.89774984495931e-16,"ENSG00000171291","downregulated",TRUE,FALSE,"TES_only_bound","TES_only_bound_downregulated"
"ENSG00000006210.7","CX3CL1",661.58565683659,-1.13714964669186,0.134656555533312,-8.44481460399861,3.04528366507726e-17,5.28035709726107e-16,"ENSG00000006210","downregulated",FALSE,TRUE,"TEAD1_only_bound","TEAD1_only_bound_downregulated"
"ENSG00000140945.17","CDH13",483.940053386848,-1.24650493120436,0.147618039179028,-8.44412334791021,3.06335602268268e-17,5.3062762559146e-16,"ENSG00000140945","downregulated",TRUE,TRUE,"TES_TEAD1_bound","TES_TEAD1_bound_downregulated"
"ENSG00000116285.13","ERRFI1",1998.11219038246,-1.2903709786999,0.152933895259859,-8.4374427036423,3.24356032919147e-17,5.60413312624495e-16,"ENSG00000116285","downregulated",FALSE,TRUE,"TEAD1_only_bound","TEAD1_only_bound_downregulated"
"ENSG00000172037.14","LAMB2",4174.16630749294,-1.11212895341055,0.132168480612722,-8.41447936947452,3.94643720018965e-17,6.77717789767655e-16,"ENSG00000172037","downregulated",FALSE,TRUE,"TEAD1_only_bound","TEAD1_only_bound_downregulated"
"ENSG00000079215.15","SLC1A3",1241.99148553407,-1.24022500828654,0.147393080823586,-8.4144045389143,3.94895707601822e-17,6.77807852239449e-16,"ENSG00000079215","downregulated",TRUE,TRUE,"TES_TEAD1_bound","TES_TEAD1_bound_downregulated"
"ENSG00000119537.18","KDSR",619.570572891511,-1.24175409305836,0.147740357139916,-8.40497557402251,4.2795065672734e-17,7.33062426006772e-16,"ENSG00000119537","downregulated",FALSE,TRUE,"TEAD1_only_bound","TEAD1_only_bound_downregulated"
"ENSG00000113361.13","CDH6",494.457269710446,-1.18890228987312,0.14158259383992,-8.39723484100985,4.57115263400781e-17,7.82625567903111e-16,"ENSG00000113361","downregulated",FALSE,TRUE,"TEAD1_only_bound","TEAD1_only_bound_downregulated"
"ENSG00000188001.10","TPRG1",86.0709038478886,-2.02231808333458,0.241287432923683,-8.38136515785395,5.23173148205858e-17,8.93022386847064e-16,"ENSG00000188001","downregulated",TRUE,TRUE,"TES_TEAD1_bound","TES_TEAD1_bound_downregulated"
"ENSG00000049192.15","ADAMTS6",180.842669590416,-1.57583198419985,0.188676227322052,-8.35204310880174,6.70921644317353e-17,1.13778664074747e-15,"ENSG00000049192","downregulated",FALSE,TRUE,"TEAD1_only_bound","TEAD1_only_bound_downregulated"
"ENSG00000068438.15","FTSJ1",396.772391560169,-1.34209815508627,0.160839699889428,-8.3443214331345,7.1623938421612e-17,1.20980703147952e-15,"ENSG00000068438","downregulated",FALSE,TRUE,"TEAD1_only_bound","TEAD1_only_bound_downregulated"
"ENSG00000038002.9","AGA",143.797130773734,-2.08805752616634,0.250552311836755,-8.33381863794893,7.82758012859341e-17,1.32150716604404e-15,"ENSG00000038002","downregulated",TRUE,FALSE,"TES_only_bound","TES_only_bound_downregulated"
"ENSG00000179761.12","PIPOX",1653.85719629152,-1.35712678389168,0.163116735295911,-8.31997269581023,8.79835784068354e-17,1.48098423752398e-15,"ENSG00000179761","downregulated",TRUE,TRUE,"TES_TEAD1_bound","TES_TEAD1_bound_downregulated"
"ENSG00000198929.13","NOS1AP",329.083900749322,-1.51286406165418,0.18188315245297,-8.31778007611434,8.96261180043422e-17,1.50713860216411e-15,"ENSG00000198929","downregulated",FALSE,TRUE,"TEAD1_only_bound","TEAD1_only_bound_downregulated"
"ENSG00000110318.15","CEP126",393.583557440832,-1.20456518312322,0.145185180458838,-8.2967502558894,1.06997986068332e-16,1.78512160646812e-15,"ENSG00000110318","downregulated",FALSE,TRUE,"TEAD1_only_bound","TEAD1_only_bound_downregulated"
"ENSG00000148677.7","ANKRD1",44.8879562390369,-3.09050958730251,0.372904862857796,-8.28766233729984,1.15495906546256e-16,1.92123651007013e-15,"ENSG00000148677","downregulated",FALSE,TRUE,"TEAD1_only_bound","TEAD1_only_bound_downregulated"
"ENSG00000196247.13","ZNF107",579.591408628955,-1.15297265086188,0.139213539841986,-8.28204391735574,1.21078920743218e-16,2.01017046911321e-15,"ENSG00000196247","downregulated",TRUE,FALSE,"TES_only_bound","TES_only_bound_downregulated"
"ENSG00000144824.21","PHLDB2",743.140542992224,-1.20322591151744,0.145587989499224,-8.26459597152311,1.40168658596347e-16,2.32142808152156e-15,"ENSG00000144824","downregulated",TRUE,TRUE,"TES_TEAD1_bound","TES_TEAD1_bound_downregulated"
"ENSG00000155875.15","SAXO1",91.2248843356846,-2.56298409706105,0.310176606211597,-8.26298323514645,1.42076200362389e-16,2.35072789766664e-15,"ENSG00000155875","downregulated",FALSE,TRUE,"TEAD1_only_bound","TEAD1_only_bound_downregulated"
"ENSG00000171943.12","SRGAP2C",1129.02054104528,-1.03348070478641,0.125107633301331,-8.26073259892303,1.44781097971474e-16,2.39315052841607e-15,"ENSG00000171943","downregulated",TRUE,TRUE,"TES_TEAD1_bound","TES_TEAD1_bound_downregulated"
"ENSG00000110092.4","CCND1",1189.46994709753,-1.06275993885787,0.128886153648179,-8.24572623804797,1.64160116325385e-16,2.70295241461013e-15,"ENSG00000110092","downregulated",FALSE,TRUE,"TEAD1_only_bound","TEAD1_only_bound_downregulated"
"ENSG00000047644.20","WWC3",843.996458565271,-1.06357292220846,0.129338995990911,-8.22314193843901,1.98239988447133e-16,3.25305117274021e-15,"ENSG00000047644","downregulated",FALSE,TRUE,"TEAD1_only_bound","TEAD1_only_bound_downregulated"
"ENSG00000076356.7","PLXNA2",3784.35141232597,-1.07882644635613,0.131304798199648,-8.21619972116925,2.10053520317349e-16,3.44358010527979e-15,"ENSG00000076356","downregulated",FALSE,TRUE,"TEAD1_only_bound","TEAD1_only_bound_downregulated"
"ENSG00000176485.14","PLAAT3",1143.4888011928,-1.20137549056064,0.146271097650517,-8.21334843217675,2.15104196679435e-16,3.52128161581063e-15,"ENSG00000176485","downregulated",FALSE,TRUE,"TEAD1_only_bound","TEAD1_only_bound_downregulated"
"ENSG00000254876.5","SUGT1P4-STRA6LP",29.0206970347723,-4.68654224714459,0.571211073152104,-8.2045717728876,2.31414238294402e-16,3.77917252230012e-15,"ENSG00000254876","downregulated",FALSE,TRUE,"TEAD1_only_bound","TEAD1_only_bound_downregulated"
"ENSG00000082482.14","KCNK2",40.9674274501235,-3.16834621317067,0.386366034098571,-8.20037460218968,2.39639097273822e-16,3.90597929759941e-15,"ENSG00000082482","downregulated",FALSE,TRUE,"TEAD1_only_bound","TEAD1_only_bound_downregulated"
"ENSG00000130340.17","SNX9",888.281215993516,-1.08877662736366,0.133023374917431,-8.1848519332747,2.72638654705565e-16,4.42897648160623e-15,"ENSG00000130340","downregulated",TRUE,FALSE,"TES_only_bound","TES_only_bound_downregulated"
"ENSG00000216937.14","CCDC7",89.8282468584949,-2.09185621231437,0.25611450082199,-8.16766018948805,3.14428087787683e-16,5.08352845596003e-15,"ENSG00000216937","downregulated",TRUE,FALSE,"TES_only_bound","TES_only_bound_downregulated"
"ENSG00000072201.14","LNX1",70.35222345862,-2.22233073459876,0.272542090413927,-8.1540826637954,3.51840164364045e-16,5.67219112630179e-15,"ENSG00000072201","downregulated",TRUE,TRUE,"TES_TEAD1_bound","TES_TEAD1_bound_downregulated"
"ENSG00000186166.9","CENATAC",568.833546798483,-1.15184201437506,0.141271228538324,-8.15340834997121,3.53808412203699e-16,5.70121638791994e-15,"ENSG00000186166","downregulated",FALSE,TRUE,"TEAD1_only_bound","TEAD1_only_bound_downregulated"
"ENSG00000008196.13","TFAP2B",36.0436114272785,-3.23751781683056,0.397186833694921,-8.15112068724134,3.60567051484075e-16,5.79912007803554e-15,"ENSG00000008196","downregulated",TRUE,FALSE,"TES_only_bound","TES_only_bound_downregulated"
"ENSG00000221968.9","FADS3",526.557539653804,-1.39827773859185,0.171668986186755,-8.14519715908787,3.78664409638019e-16,6.07867328288479e-15,"ENSG00000221968","downregulated",TRUE,FALSE,"TES_only_bound","TES_only_bound_downregulated"
"ENSG00000149571.12","KIRREL3",208.259767085437,-1.39281580597566,0.171264065129092,-8.13256303898786,4.20307496726236e-16,6.72491994761978e-15,"ENSG00000149571","downregulated",FALSE,TRUE,"TEAD1_only_bound","TEAD1_only_bound_downregulated"
"ENSG00000147454.14","SLC25A37",656.750091009504,-1.06902794215972,0.131801854077466,-8.11087180557721,5.02578563713127e-16,8.00731175056636e-15,"ENSG00000147454","downregulated",FALSE,TRUE,"TEAD1_only_bound","TEAD1_only_bound_downregulated"
"ENSG00000112983.18","BRD8",756.916769739405,-1.12995909018701,0.139801196601512,-8.08261386637365,6.33931006457105e-16,1.0029514870673e-14,"ENSG00000112983","downregulated",TRUE,FALSE,"TES_only_bound","TES_only_bound_downregulated"
"ENSG00000120708.17","TGFBI",5804.60503916907,-1.43919910309391,0.178386297139723,-8.06787923831753,7.15297434474723e-16,1.12852871594228e-14,"ENSG00000120708","downregulated",FALSE,TRUE,"TEAD1_only_bound","TEAD1_only_bound_downregulated"
"ENSG00000162664.17","ZNF326",641.629759285486,-1.15759999270959,0.143817424692417,-8.04909415660416,8.34090622904079e-16,1.31107775468791e-14,"ENSG00000162664","downregulated",FALSE,TRUE,"TEAD1_only_bound","TEAD1_only_bound_downregulated"
"ENSG00000155380.13","SLC16A1",5417.77926694121,-1.05666068177953,0.131370289140155,-8.04337638818938,8.73963624081853e-16,1.37121461352482e-14,"ENSG00000155380","downregulated",FALSE,TRUE,"TEAD1_only_bound","TEAD1_only_bound_downregulated"
"ENSG00000141258.13","SGSM2",803.520787958091,-1.05222076296111,0.131060022436867,-8.02854099516099,9.86386528048549e-16,1.5411949211018e-14,"ENSG00000141258","downregulated",FALSE,TRUE,"TEAD1_only_bound","TEAD1_only_bound_downregulated"
"ENSG00000164265.9","SCGB3A2",36.4469216321123,-6.20281612467691,0.772696480582768,-8.02749369325293,9.94840817569921e-16,1.55297577625069e-14,"ENSG00000164265","downregulated",TRUE,FALSE,"TES_only_bound","TES_only_bound_downregulated"
"ENSG00000225479.1","PLCB1-IT1",65.8708632597967,-2.3995339615237,0.298931131170977,-8.02704606952181,9.98475974973319e-16,1.55793440137316e-14,"ENSG00000225479","downregulated",TRUE,FALSE,"TES_only_bound","TES_only_bound_downregulated"
"ENSG00000198001.16","IRAK4",238.135043775799,-1.33445743378512,0.166340047150707,-8.02246636720068,1.03642782541847e-15,1.61418525326982e-14,"ENSG00000198001","downregulated",FALSE,TRUE,"TEAD1_only_bound","TEAD1_only_bound_downregulated"
"ENSG00000102359.9","SRPX2",128.586615790823,-1.63070386215372,0.203386322755637,-8.01776560026097,1.07686052370864e-15,1.6740868773151e-14,"ENSG00000102359","downregulated",FALSE,TRUE,"TEAD1_only_bound","TEAD1_only_bound_downregulated"
"ENSG00000163694.15","RBM47",305.518773649939,-1.23043009318292,0.153590118591023,-8.01112795842865,1.13661112667437e-15,1.76213631907234e-14,"ENSG00000163694","downregulated",FALSE,TRUE,"TEAD1_only_bound","TEAD1_only_bound_downregulated"
"ENSG00000160691.19","SHC1",2217.15730419631,-1.10788171332054,0.13868781602865,-7.98831321340927,1.36797535015856e-15,2.10259668299484e-14,"ENSG00000160691","downregulated",FALSE,TRUE,"TEAD1_only_bound","TEAD1_only_bound_downregulated"
"ENSG00000134516.20","DOCK2",46.4474120062617,-2.5710596611311,0.322263477166978,-7.97812921195202,1.48567825043699e-15,2.277324856085e-14,"ENSG00000134516","downregulated",TRUE,TRUE,"TES_TEAD1_bound","TES_TEAD1_bound_downregulated"
"ENSG00000113739.11","STC2",686.506276652303,-1.15889336460234,0.145312739458391,-7.97516700133627,1.52174914336172e-15,2.32841328386085e-14,"ENSG00000113739","downregulated",FALSE,TRUE,"TEAD1_only_bound","TEAD1_only_bound_downregulated"
"ENSG00000078098.15","FAP",119.920982697295,-1.86207096060932,0.233690958820819,-7.96809157703466,1.61143437884982e-15,2.46120516999869e-14,"ENSG00000078098","downregulated",TRUE,TRUE,"TES_TEAD1_bound","TES_TEAD1_bound_downregulated"
"ENSG00000132429.10","POPDC3",264.033179364666,-1.75408217840024,0.220174410374679,-7.96678494751162,1.62855706387175e-15,2.4862393863189e-14,"ENSG00000132429","downregulated",TRUE,TRUE,"TES_TEAD1_bound","TES_TEAD1_bound_downregulated"
"ENSG00000035499.13","DEPDC1B",117.012668379543,-1.90442024644276,0.239380882740521,-7.95560708374139,1.7825526819944e-15,2.7164535442793e-14,"ENSG00000035499","downregulated",FALSE,TRUE,"TEAD1_only_bound","TEAD1_only_bound_downregulated"
"ENSG00000214944.10","ARHGEF28",244.749480385792,-1.2744224072078,0.160220197721841,-7.95419319991307,1.80302579577749e-15,2.74642063816008e-14,"ENSG00000214944","downregulated",TRUE,FALSE,"TES_only_bound","TES_only_bound_downregulated"
"ENSG00000121579.14","NAA50",1556.5174452011,-1.13343573035842,0.142497602726379,-7.95406876096587,1.80483872734956e-15,2.74794988303943e-14,"ENSG00000121579","downregulated",FALSE,TRUE,"TEAD1_only_bound","TEAD1_only_bound_downregulated"
"ENSG00000226017.2","PRICKLE2-AS3",95.5855124460265,-2.00214598384097,0.252574623577982,-7.92694830335089,2.24596730228845e-15,3.39221953419893e-14,"ENSG00000226017","downregulated",TRUE,TRUE,"TES_TEAD1_bound","TES_TEAD1_bound_downregulated"
"ENSG00000280165.2","PCDH20",29.5506099549627,-5.3502426262042,0.677081356625003,-7.90191987100805,2.74639959121058e-15,4.12969018655338e-14,"ENSG00000280165","downregulated",TRUE,TRUE,"TES_TEAD1_bound","TES_TEAD1_bound_downregulated"
"ENSG00000147459.18","DOCK5",1731.93415408716,-1.07875124929209,0.136751442987199,-7.88840852957631,3.06064432632626e-15,4.5900205949956e-14,"ENSG00000147459","downregulated",TRUE,TRUE,"TES_TEAD1_bound","TES_TEAD1_bound_downregulated"
"ENSG00000118507.19","AKAP7",161.080764367307,-1.56490677540225,0.198416778217366,-7.88696797449198,3.09616823200568e-15,4.63919905182042e-14,"ENSG00000118507","downregulated",TRUE,TRUE,"TES_TEAD1_bound","TES_TEAD1_bound_downregulated"
"ENSG00000186174.13","BCL9L",2656.72978589554,-1.09659414616914,0.139043887246509,-7.88667641479995,3.10340730077639e-15,4.6459470776894e-14,"ENSG00000186174","downregulated",FALSE,TRUE,"TEAD1_only_bound","TEAD1_only_bound_downregulated"
"ENSG00000211455.8","STK38L",401.391010739184,-1.3936170283718,0.176723535122486,-7.88585983981073,3.12377067133452e-15,4.6723136135575e-14,"ENSG00000211455","downregulated",TRUE,FALSE,"TES_only_bound","TES_only_bound_downregulated"
"ENSG00000127990.19","SGCE",2375.27990838427,-1.10240965939499,0.140053500901764,-7.87134668035351,3.5084392357975e-15,5.23384558460998e-14,"ENSG00000127990","downregulated",TRUE,TRUE,"TES_TEAD1_bound","TES_TEAD1_bound_downregulated"
"ENSG00000161048.12","NAPEPLD",1118.51400544294,-1.01363606229471,0.128907276973681,-7.86329589835071,3.74155766059764e-15,5.56450221607621e-14,"ENSG00000161048","downregulated",TRUE,TRUE,"TES_TEAD1_bound","TES_TEAD1_bound_downregulated"
"ENSG00000151014.6","NOCT",857.269335413696,-1.04936811232706,0.134004758611978,-7.83082722730462,4.8467033068284e-15,7.16729725408564e-14,"ENSG00000151014","downregulated",FALSE,TRUE,"TEAD1_only_bound","TEAD1_only_bound_downregulated"
"ENSG00000112182.16","BACH2",79.2413204769811,-1.9437976180316,0.248530337486178,-7.82116838407992,5.23352826460864e-15,7.7225233749881e-14,"ENSG00000112182","downregulated",TRUE,TRUE,"TES_TEAD1_bound","TES_TEAD1_bound_downregulated"
"ENSG00000213963.7","LOC100130691",334.149771352341,-1.55481131721294,0.199002604639893,-7.81301993522376,5.58337611942517e-15,8.21733622290443e-14,"ENSG00000213963","downregulated",TRUE,TRUE,"TES_TEAD1_bound","TES_TEAD1_bound_downregulated"
"ENSG00000184575.12","XPOT",1241.12208546247,-1.21429670256521,0.156291877781828,-7.76941655445639,7.88484664909017e-15,1.15097752890544e-13,"ENSG00000184575","downregulated",FALSE,TRUE,"TEAD1_only_bound","TEAD1_only_bound_downregulated"
"ENSG00000150768.17","DLAT",560.415261329695,-1.1626613713622,0.149748524657615,-7.76409232759058,8.22319816648791e-15,1.19830800222763e-13,"ENSG00000150768","downregulated",FALSE,TRUE,"TEAD1_only_bound","TEAD1_only_bound_downregulated"
"ENSG00000086589.12","RBM22",548.601071464273,-1.27630492294346,0.164786192217524,-7.74521764092156,9.54182657959574e-15,1.38275070501582e-13,"ENSG00000086589","downregulated",FALSE,TRUE,"TEAD1_only_bound","TEAD1_only_bound_downregulated"
"ENSG00000144452.15","ABCA12",97.4646284445101,-1.93155005193051,0.249572040158282,-7.73944890102871,9.98486575573345e-15,1.44633654580279e-13,"ENSG00000144452","downregulated",TRUE,FALSE,"TES_only_bound","TES_only_bound_downregulated"
"ENSG00000115363.14","EVA1A",805.500165180987,-1.23060923554926,0.159312521307644,-7.72449789538426,1.12295096333878e-14,1.61903218687146e-13,"ENSG00000115363","downregulated",TRUE,FALSE,"TES_only_bound","TES_only_bound_downregulated"
"ENSG00000129682.16","FGF13",236.206935476906,-1.27426992777788,0.166109435448953,-7.6712675853352,1.70304840659711e-14,2.43677962406447e-13,"ENSG00000129682","downregulated",TRUE,FALSE,"TES_only_bound","TES_only_bound_downregulated"
"ENSG00000148019.14","CEP78",366.196619614822,-1.15002696098597,0.150024995464573,-7.6655690435101,1.78040058661139e-14,2.54210370433021e-13,"ENSG00000148019","downregulated",FALSE,TRUE,"TEAD1_only_bound","TEAD1_only_bound_downregulated"
"ENSG00000133056.14","PIK3C2B",215.442255271997,-1.29449235441747,0.169026612564713,-7.65851208147398,1.88099548568287e-14,2.67561367913216e-13,"ENSG00000133056","downregulated",FALSE,TRUE,"TEAD1_only_bound","TEAD1_only_bound_downregulated"
"ENSG00000166401.15","SERPINB8",142.587919304433,-1.92112397974298,0.252202947139104,-7.61737323665523,2.58889943569128e-14,3.64895170255442e-13,"ENSG00000166401","downregulated",FALSE,TRUE,"TEAD1_only_bound","TEAD1_only_bound_downregulated"
"ENSG00000151967.18","SCHIP1",278.467486156619,-1.28014067286966,0.168162274443325,-7.61253186606425,2.68777897005179e-14,3.78204126158737e-13,"ENSG00000151967","downregulated",TRUE,TRUE,"TES_TEAD1_bound","TES_TEAD1_bound_downregulated"
"ENSG00000139211.7","AMIGO2",172.609982923925,-1.66134759785525,0.218742503142844,-7.59499216652171,3.07811055391909e-14,4.30986229577591e-13,"ENSG00000139211","downregulated",TRUE,TRUE,"TES_TEAD1_bound","TES_TEAD1_bound_downregulated"
"ENSG00000188501.12","LCTL",117.598821304925,-1.52744231164859,0.202003606694334,-7.5614605929283,3.98568174102355e-14,5.54404739472104e-13,"ENSG00000188501","downregulated",FALSE,TRUE,"TEAD1_only_bound","TEAD1_only_bound_downregulated"
"ENSG00000259571.2","BLID",90.325613737444,-1.96754693039167,0.260705851586517,-7.54699949547825,4.4540031157641e-14,6.16016196401771e-13,"ENSG00000259571","downregulated",TRUE,FALSE,"TES_only_bound","TES_only_bound_downregulated"
"ENSG00000168615.13","ADAM9",2965.84891461894,-1.04041676909362,0.138130919531573,-7.53210629902313,4.99282850027913e-14,6.8857652658336e-13,"ENSG00000168615","downregulated",TRUE,FALSE,"TES_only_bound","TES_only_bound_downregulated"
"ENSG00000168487.20","BMP1",978.445342837176,-1.06817394089981,0.142071460413882,-7.51856803462148,5.53794257930921e-14,7.60974245687602e-13,"ENSG00000168487","downregulated",FALSE,TRUE,"TEAD1_only_bound","TEAD1_only_bound_downregulated"
"ENSG00000235448.3","LURAP1L-AS1",83.1382614652976,-1.93314498310255,0.258112789954511,-7.48953580891224,6.91176253439301e-14,9.44403659566621e-13,"ENSG00000235448","downregulated",TRUE,TRUE,"TES_TEAD1_bound","TES_TEAD1_bound_downregulated"
"ENSG00000204362.6","LINC02783",24.7524722109377,-5.05916874829524,0.677040228204286,-7.47247879452256,7.86980544585442e-14,1.06800460001911e-12,"ENSG00000204362","downregulated",FALSE,TRUE,"TEAD1_only_bound","TEAD1_only_bound_downregulated"
"ENSG00000012504.15","NR1H4",28.5278009920578,-3.36960558105971,0.45228148097038,-7.45024000060793,9.31705834963602e-14,1.25737718720873e-12,"ENSG00000012504","downregulated",FALSE,TRUE,"TEAD1_only_bound","TEAD1_only_bound_downregulated"
"ENSG00000171766.17","GATM",121.08674324995,-1.57404200628699,0.211417145731091,-7.44519561478269,9.68008757219156e-14,1.30533233287893e-12,"ENSG00000171766","downregulated",FALSE,TRUE,"TEAD1_only_bound","TEAD1_only_bound_downregulated"
"ENSG00000164292.13","RHOBTB3",656.159446474589,-1.11193240461248,0.15024772000345,-7.40066075270191,1.35508516423537e-13,1.80720584447377e-12,"ENSG00000164292","downregulated",TRUE,FALSE,"TES_only_bound","TES_only_bound_downregulated"
"ENSG00000171055.15","FEZ2",1264.43932924309,-1.01321238669677,0.137002040820388,-7.39560068324169,1.40770448304669e-13,1.87443770600274e-12,"ENSG00000171055","downregulated",FALSE,TRUE,"TEAD1_only_bound","TEAD1_only_bound_downregulated"
"ENSG00000205542.11","TMSB4X",12005.2090315674,-2.95816788923507,0.40044849415863,-7.38713700359989,1.50023997470668e-13,1.99218731277703e-12,"ENSG00000205542","downregulated",FALSE,TRUE,"TEAD1_only_bound","TEAD1_only_bound_downregulated"
"ENSG00000061273.18","HDAC7",822.655298573942,-1.00611334407494,0.136431049767019,-7.37451881952868,1.64939679261181e-13,2.18342596459228e-12,"ENSG00000061273","downregulated",FALSE,TRUE,"TEAD1_only_bound","TEAD1_only_bound_downregulated"
"ENSG00000117586.11","TNFSF4",59.0097699535185,-2.04893291946621,0.278636106791493,-7.35343650562651,1.93174790273038e-13,2.54233292367089e-12,"ENSG00000117586","downregulated",TRUE,TRUE,"TES_TEAD1_bound","TES_TEAD1_bound_downregulated"
"ENSG00000146729.10","NIPSNAP2",1423.97005727607,-1.15578434041577,0.15724749211671,-7.3500971294216,1.98062876032821e-13,2.60565444348678e-12,"ENSG00000146729","downregulated",TRUE,FALSE,"TES_only_bound","TES_only_bound_downregulated"
"ENSG00000165512.5","ZNF22",133.130560933663,-2.04910642057808,0.279535887346637,-7.3303876651698,2.29487921885302e-13,3.00858577020453e-12,"ENSG00000165512","downregulated",TRUE,FALSE,"TES_only_bound","TES_only_bound_downregulated"
"ENSG00000188428.20","BLOC1S5",115.821175759393,-1.77779925168119,0.243124678331432,-7.31229451441235,2.62618707324006e-13,3.42442696751702e-12,"ENSG00000188428","downregulated",FALSE,TRUE,"TEAD1_only_bound","TEAD1_only_bound_downregulated"
"ENSG00000185567.7","AHNAK2",1994.94820373094,-1.05278598412156,0.144113819195448,-7.30523963627505,2.76773024758381e-13,3.60069938912014e-12,"ENSG00000185567","downregulated",FALSE,TRUE,"TEAD1_only_bound","TEAD1_only_bound_downregulated"
"ENSG00000146530.15","VWDE",198.886933346868,-1.24759565256098,0.171660989695048,-7.26778783448296,3.65422118431589e-13,4.71068634492759e-12,"ENSG00000146530","downregulated",FALSE,TRUE,"TEAD1_only_bound","TEAD1_only_bound_downregulated"
"ENSG00000088305.19","DNMT3B",141.636402429342,-1.48946796137218,0.205629470018795,-7.24345572274269,4.37394082127594e-13,5.59390142383664e-12,"ENSG00000088305","downregulated",FALSE,TRUE,"TEAD1_only_bound","TEAD1_only_bound_downregulated"
"ENSG00000076053.12","RBM7",358.02710948706,-1.2572513927326,0.174565553798505,-7.2021734264012,5.92602502600977e-13,7.4914483842017e-12,"ENSG00000076053","downregulated",FALSE,TRUE,"TEAD1_only_bound","TEAD1_only_bound_downregulated"
"ENSG00000076554.16","TPD52",660.462850531555,-1.16323520072547,0.16213816621551,-7.17434536159315,7.26539916915667e-13,9.11677425112353e-12,"ENSG00000076554","downregulated",TRUE,FALSE,"TES_only_bound","TES_only_bound_downregulated"
"ENSG00000156510.13","HKDC1",33.2412493005301,-2.7650829229115,0.386705336152635,-7.15036143649206,8.65497081422346e-13,1.07689395098001e-11,"ENSG00000156510","downregulated",FALSE,TRUE,"TEAD1_only_bound","TEAD1_only_bound_downregulated"
"ENSG00000150455.15","TIRAP",267.391936679866,-1.25243276634284,0.175204425559066,-7.14840827990737,8.77898769873225e-13,1.09112570124602e-11,"ENSG00000150455","downregulated",FALSE,TRUE,"TEAD1_only_bound","TEAD1_only_bound_downregulated"
"ENSG00000164929.17","BAALC",299.2766546285,-1.33182202978659,0.186341105314371,-7.14722619864099,8.85489013631018e-13,1.09975469159117e-11,"ENSG00000164929","downregulated",FALSE,TRUE,"TEAD1_only_bound","TEAD1_only_bound_downregulated"
"ENSG00000138613.14","APH1B",273.769202630192,-1.11277840214377,0.155702798566781,-7.14681054153629,8.88173259194254e-13,1.1026852802745e-11,"ENSG00000138613","downregulated",TRUE,TRUE,"TES_TEAD1_bound","TES_TEAD1_bound_downregulated"
"ENSG00000069020.19","MAST4",493.421638963579,-1.03117950358801,0.144299547676917,-7.14610350613711,8.92757535550286e-13,1.10756712810709e-11,"ENSG00000069020","downregulated",TRUE,TRUE,"TES_TEAD1_bound","TES_TEAD1_bound_downregulated"
"ENSG00000092621.13","PHGDH",2297.55400936373,-1.0701559123936,0.149958391644027,-7.13635229520164,9.58401873456988e-13,1.18554241943143e-11,"ENSG00000092621","downregulated",FALSE,TRUE,"TEAD1_only_bound","TEAD1_only_bound_downregulated"
"ENSG00000075142.14","SRI",582.787521446478,-1.31012574869417,0.183618016636618,-7.13506099614899,9.67442489280275e-13,1.19585467525009e-11,"ENSG00000075142","downregulated",TRUE,TRUE,"TES_TEAD1_bound","TES_TEAD1_bound_downregulated"
"ENSG00000166682.13","TMPRSS5",355.517727278444,-1.19586340633273,0.167753537115565,-7.12869264574073,1.01326708638418e-12,1.24931602142642e-11,"ENSG00000166682","downregulated",FALSE,TRUE,"TEAD1_only_bound","TEAD1_only_bound_downregulated"
"ENSG00000235387.5","SPAAR",76.1549071657902,-1.7406237387263,0.244259232633287,-7.1261328383011,1.03228096563032e-12,1.27137490357254e-11,"ENSG00000235387","downregulated",TRUE,TRUE,"TES_TEAD1_bound","TES_TEAD1_bound_downregulated"
"ENSG00000186871.7","ERCC6L",195.028116805637,-1.29619519922487,0.182049618159007,-7.12001053521976,1.07918814118113e-12,1.32674132391026e-11,"ENSG00000186871","downregulated",FALSE,TRUE,"TEAD1_only_bound","TEAD1_only_bound_downregulated"
"ENSG00000110218.9","PANX1",505.701893296726,-1.02506016682085,0.144018409618892,-7.11756343882291,1.09851663271398e-12,1.34952669005528e-11,"ENSG00000110218","downregulated",FALSE,TRUE,"TEAD1_only_bound","TEAD1_only_bound_downregulated"
"ENSG00000198860.14","TSEN15",352.977738348696,-1.39391063766427,0.195861438735507,-7.11682016972528,1.10445434661519e-12,1.35633063072396e-11,"ENSG00000198860","downregulated",TRUE,TRUE,"TES_TEAD1_bound","TES_TEAD1_bound_downregulated"
"ENSG00000164087.8","POC1A",123.878049808558,-1.47696776153229,0.208279179186514,-7.09128856422883,1.32868962185663e-12,1.62348665738223e-11,"ENSG00000164087","downregulated",FALSE,TRUE,"TEAD1_only_bound","TEAD1_only_bound_downregulated"
"ENSG00000106483.12","SFRP4",62.5872227482988,-1.92150532662893,0.271411868062371,-7.0796658242939,1.44502493854002e-12,1.76056696959568e-11,"ENSG00000106483","downregulated",FALSE,TRUE,"TEAD1_only_bound","TEAD1_only_bound_downregulated"
"ENSG00000197905.10","TEAD4",48.8678737870831,-2.3430508291308,0.331676638827662,-7.06426246181373,1.61471297254658e-12,1.95747930947402e-11,"ENSG00000197905","downregulated",FALSE,TRUE,"TEAD1_only_bound","TEAD1_only_bound_downregulated"
"ENSG00000243244.7","STON1",327.402984893042,-1.10724470934379,0.157891223918789,-7.01270584813062,2.33752570822092e-12,2.79679722637719e-11,"ENSG00000243244","downregulated",TRUE,TRUE,"TES_TEAD1_bound","TES_TEAD1_bound_downregulated"
"ENSG00000149257.16","SERPINH1",450.861354090096,-1.19293292868199,0.170767867363642,-6.98569904923446,2.83441083491006e-12,3.3699428505504e-11,"ENSG00000149257","downregulated",FALSE,TRUE,"TEAD1_only_bound","TEAD1_only_bound_downregulated"
"ENSG00000138801.9","PAPSS1",361.938487746011,-1.19391112363266,0.171054923520381,-6.97969458616844,2.95822442377644e-12,3.50977880638624e-11,"ENSG00000138801","downregulated",FALSE,TRUE,"TEAD1_only_bound","TEAD1_only_bound_downregulated"
"ENSG00000157399.17","ARSL",49.7282033320815,-2.15141790428062,0.309105782682347,-6.96013476555217,3.39947384921428e-12,4.00392953225072e-11,"ENSG00000157399","downregulated",FALSE,TRUE,"TEAD1_only_bound","TEAD1_only_bound_downregulated"
"ENSG00000171522.6","PTGER4",157.898430560295,-1.39735592485248,0.202201113551199,-6.91072319193065,4.82189136680632e-12,5.60540745885274e-11,"ENSG00000171522","downregulated",TRUE,FALSE,"TES_only_bound","TES_only_bound_downregulated"
"ENSG00000154330.13","PGM5",49.3946716191975,-2.5020660023363,0.362499486340083,-6.90226082138213,5.11813509581013e-12,5.94165457739161e-11,"ENSG00000154330","downregulated",FALSE,TRUE,"TEAD1_only_bound","TEAD1_only_bound_downregulated"
"ENSG00000151150.22","ANK3",351.804075548174,-1.03637749857063,0.150595625021989,-6.88185661714478,5.90774619252318e-12,6.82565723359277e-11,"ENSG00000151150","downregulated",TRUE,TRUE,"TES_TEAD1_bound","TES_TEAD1_bound_downregulated"
"ENSG00000213626.13","LBH",195.036243158247,-1.21904301798377,0.177469511983534,-6.86902783671868,6.46408932791095e-12,7.42801712755342e-11,"ENSG00000213626","downregulated",TRUE,FALSE,"TES_only_bound","TES_only_bound_downregulated"
"ENSG00000186522.15","SEPTIN10",279.871840274499,-1.10934164401897,0.162880786566695,-6.81075814650936,9.70857302796628e-12,1.10294584820722e-10,"ENSG00000186522","downregulated",FALSE,TRUE,"TEAD1_only_bound","TEAD1_only_bound_downregulated"
"ENSG00000201157.1","LOC124900256",26.2252177089752,-3.53395852668258,0.522140537847413,-6.76821328842184,1.3038245389317e-11,1.46601495989513e-10,"ENSG00000201157","downregulated",TRUE,TRUE,"TES_TEAD1_bound","TES_TEAD1_bound_downregulated"
"ENSG00000111615.14","KRR1",438.102032279198,-1.02413496793834,0.151414388235812,-6.76378896266686,1.34428857056516e-11,1.50901500875602e-10,"ENSG00000111615","downregulated",TRUE,FALSE,"TES_only_bound","TES_only_bound_downregulated"
"ENSG00000133740.11","E2F5",319.0267535992,-1.1080422776345,0.164022799573972,-6.75541620136038,1.42425807862002e-11,1.59562000048037e-10,"ENSG00000133740","downregulated",TRUE,FALSE,"TES_only_bound","TES_only_bound_downregulated"
"ENSG00000106772.19","PRUNE2",1640.77610045231,-1.03473988987391,0.153343167535658,-6.74787084747868,1.50030399222481e-11,1.67749591862714e-10,"ENSG00000106772","downregulated",FALSE,TRUE,"TEAD1_only_bound","TEAD1_only_bound_downregulated"
"ENSG00000070731.11","ST6GALNAC2",156.8826287527,-1.27152341436197,0.190211532223498,-6.68478614045299,2.31262115711956e-11,2.55154382226231e-10,"ENSG00000070731","downregulated",FALSE,TRUE,"TEAD1_only_bound","TEAD1_only_bound_downregulated"
"ENSG00000111907.21","TPD52L1",66.0409346734445,-2.07026294216612,0.310160881913902,-6.67480350646155,2.47563633649115e-11,2.72673200641801e-10,"ENSG00000111907","downregulated",TRUE,FALSE,"TES_only_bound","TES_only_bound_downregulated"
"ENSG00000197971.16","MBP",269.569702377703,-1.07854253293012,0.161739785558557,-6.66838112345364,2.58640419781733e-11,2.84412359311943e-10,"ENSG00000197971","downregulated",TRUE,TRUE,"TES_TEAD1_bound","TES_TEAD1_bound_downregulated"
"ENSG00000142279.13","WTIP",164.277543814925,-1.22020832974623,0.183040288000196,-6.66633746634466,2.62265832223661e-11,2.88026052019829e-10,"ENSG00000142279","downregulated",FALSE,TRUE,"TEAD1_only_bound","TEAD1_only_bound_downregulated"
"ENSG00000163219.12","ARHGAP25",19.5604211126672,-4.21560054580801,0.633071841334673,-6.65896075383873,2.75770554923227e-11,3.02368438012659e-10,"ENSG00000163219","downregulated",FALSE,TRUE,"TEAD1_only_bound","TEAD1_only_bound_downregulated"
"ENSG00000150636.17","CCDC102B",255.815173727526,-1.23641859801209,0.185863497950984,-6.65229381585277,2.88559909705095e-11,3.15678035840988e-10,"ENSG00000150636","downregulated",TRUE,FALSE,"TES_only_bound","TES_only_bound_downregulated"
"ENSG00000138134.12","STAMBPL1",292.238938649761,-1.22847348790996,0.184807263466739,-6.64732253952267,2.98472505944668e-11,3.25787727568396e-10,"ENSG00000138134","downregulated",FALSE,TRUE,"TEAD1_only_bound","TEAD1_only_bound_downregulated"
"ENSG00000196482.18","ESRRG",154.839000672595,-1.39707608244521,0.210286059249601,-6.64369329774229,3.05918820857773e-11,3.33701043895209e-10,"ENSG00000196482","downregulated",TRUE,FALSE,"TES_only_bound","TES_only_bound_downregulated"
"ENSG00000111261.14","MANSC1",383.971697741741,-1.01245097030824,0.152586818680699,-6.63524529223513,3.23963336705033e-11,3.52817782019768e-10,"ENSG00000111261","downregulated",FALSE,TRUE,"TEAD1_only_bound","TEAD1_only_bound_downregulated"
"ENSG00000225269.3","LINC00705",19.8472232400851,-5.32370319908822,0.806873130982981,-6.59794333788581,4.16900530031493e-11,4.51283531042376e-10,"ENSG00000225269","downregulated",FALSE,TRUE,"TEAD1_only_bound","TEAD1_only_bound_downregulated"
"ENSG00000100427.16","MLC1",651.362821307241,-1.08153439785049,0.164212200886662,-6.58620000225777,4.51225908008257e-11,4.87197763611712e-10,"ENSG00000100427","downregulated",FALSE,TRUE,"TEAD1_only_bound","TEAD1_only_bound_downregulated"
"ENSG00000107968.10","MAP3K8",42.1515355327724,-2.13134820706435,0.324507566529462,-6.56794610325625,5.10139976614836e-11,5.49237233776632e-10,"ENSG00000107968","downregulated",FALSE,TRUE,"TEAD1_only_bound","TEAD1_only_bound_downregulated"
"ENSG00000187957.8","DNER",199.886263885734,-1.27277836629231,0.194012900880331,-6.56027697393882,5.37079262474149e-11,5.77143574429671e-10,"ENSG00000187957","downregulated",FALSE,TRUE,"TEAD1_only_bound","TEAD1_only_bound_downregulated"
"ENSG00000226051.10","ZNF503-AS1",28.3889810354996,-3.37158139986779,0.514848013879907,-6.54869264126994,5.80429500721411e-11,6.2156460531226e-10,"ENSG00000226051","downregulated",TRUE,FALSE,"TES_only_bound","TES_only_bound_downregulated"
"ENSG00000116977.19","LGALS8",900.891933224921,-1.03494094794596,0.159258417070822,-6.49850078244668,8.11243734567097e-11,8.57918031624382e-10,"ENSG00000116977","downregulated",TRUE,TRUE,"TES_TEAD1_bound","TES_TEAD1_bound_downregulated"
"ENSG00000107796.13","ACTA2",72.3294283877361,-1.68412026938753,0.259540185798673,-6.48886130756612,8.6487535544907e-11,9.11513685196835e-10,"ENSG00000107796","downregulated",TRUE,FALSE,"TES_only_bound","TES_only_bound_downregulated"
"ENSG00000246640.2","PICART1",55.7826840534981,-1.80392463592336,0.278320402309864,-6.48146747759795,9.08347499366816e-11,9.54073836069635e-10,"ENSG00000246640","downregulated",FALSE,TRUE,"TEAD1_only_bound","TEAD1_only_bound_downregulated"
"ENSG00000198542.15","ITGBL1",38.0265382487604,-2.20640017086012,0.340647118780612,-6.47708449364901,9.35118346187989e-11,9.80373456275111e-10,"ENSG00000198542","downregulated",TRUE,TRUE,"TES_TEAD1_bound","TES_TEAD1_bound_downregulated"
"ENSG00000136997.22","MYC",505.121869174922,-1.10230748717995,0.170256027818256,-6.47441092867872,9.51825388676862e-11,9.95431182345309e-10,"ENSG00000136997","downregulated",TRUE,TRUE,"TES_TEAD1_bound","TES_TEAD1_bound_downregulated"
"ENSG00000114853.15","ZBTB47",255.852119171301,-1.07630087123756,0.166429513668617,-6.46700724836951,9.99628564708648e-11,1.04413847127993e-09,"ENSG00000114853","downregulated",FALSE,TRUE,"TEAD1_only_bound","TEAD1_only_bound_downregulated"
"ENSG00000159110.22","IFNAR2",161.916778575817,-1.34671925707365,0.208343775703684,-6.46392844002703,1.02019131273829e-10,1.06474761956197e-09,"ENSG00000159110","downregulated",TRUE,TRUE,"TES_TEAD1_bound","TES_TEAD1_bound_downregulated"
"ENSG00000214063.12","TSPAN4",393.57524223336,-1.03249624938732,0.159982772081383,-6.45379646792278,1.09082291092622e-10,1.13555233338467e-09,"ENSG00000214063","downregulated",FALSE,TRUE,"TEAD1_only_bound","TEAD1_only_bound_downregulated"
"ENSG00000269416.7","LINC01224",17.8629706350165,-4.19837623604134,0.6514560296612,-6.4446041557475,1.15902516798907e-10,1.20360033342258e-09,"ENSG00000269416","downregulated",TRUE,FALSE,"TES_only_bound","TES_only_bound_downregulated"
"ENSG00000198513.14","ATL1",144.904877074317,-1.22757433165428,0.190732880234707,-6.43609182718618,1.22588886602035e-10,1.26799613279474e-09,"ENSG00000198513","downregulated",FALSE,TRUE,"TEAD1_only_bound","TEAD1_only_bound_downregulated"
"ENSG00000021826.18","CPS1",272.111113427252,-1.00624215066072,0.15662124022418,-6.42468511435892,1.32142766169637e-10,1.3639092923884e-09,"ENSG00000021826","downregulated",FALSE,TRUE,"TEAD1_only_bound","TEAD1_only_bound_downregulated"
"ENSG00000058729.11","RIOK2",186.927080828753,-1.32057540431379,0.207836664636126,-6.35390972341581,2.09910055014641e-10,2.12652095101024e-09,"ENSG00000058729","downregulated",FALSE,TRUE,"TEAD1_only_bound","TEAD1_only_bound_downregulated"
"ENSG00000232759.1","STEAP1B-AS1",33.792047084998,-2.35084213157244,0.37010504902429,-6.35182399637609,2.12776694530428e-10,2.15363491055113e-09,"ENSG00000232759","downregulated",TRUE,TRUE,"TES_TEAD1_bound","TES_TEAD1_bound_downregulated"
"ENSG00000168090.10","COPS6",814.004257810333,-1.13777379388411,0.179972522836766,-6.32193057001296,2.58315447682014e-10,2.59676209732544e-09,"ENSG00000168090","downregulated",FALSE,TRUE,"TEAD1_only_bound","TEAD1_only_bound_downregulated"
"ENSG00000228016.1","RAPGEF4-AS1",35.3196333336411,-2.49371313375074,0.394620553580408,-6.31926824673773,2.62804747289651e-10,2.63876785573008e-09,"ENSG00000228016","downregulated",TRUE,TRUE,"TES_TEAD1_bound","TES_TEAD1_bound_downregulated"
"ENSG00000135373.13","EHF",674.019541061975,-1.01082219762396,0.160354448008386,-6.30367420535223,2.906711648316e-10,2.90397591970582e-09,"ENSG00000135373","downregulated",TRUE,TRUE,"TES_TEAD1_bound","TES_TEAD1_bound_downregulated"
"ENSG00000064886.14","CHI3L2",49.5348569544855,-2.37673293294108,0.377833100771752,-6.29043069039328,3.1658637778074e-10,3.14899153161235e-09,"ENSG00000064886","downregulated",TRUE,TRUE,"TES_TEAD1_bound","TES_TEAD1_bound_downregulated"
"ENSG00000114698.15","PLSCR4",196.047076610683,-1.18462850650656,0.188423725815384,-6.28704533561366,3.23564910650651e-10,3.21369967397114e-09,"ENSG00000114698","downregulated",TRUE,TRUE,"TES_TEAD1_bound","TES_TEAD1_bound_downregulated"
"ENSG00000226312.7","CFLAR-AS1",123.733410423826,-1.38053620112812,0.22175732505999,-6.22543675053196,4.80216358432381e-10,4.68870056430903e-09,"ENSG00000226312","downregulated",FALSE,TRUE,"TEAD1_only_bound","TEAD1_only_bound_downregulated"
"ENSG00000121964.15","GTDC1",212.354074658766,-1.05077417506222,0.168826383003982,-6.22399269809292,4.84659645439354e-10,4.73072380352988e-09,"ENSG00000121964","downregulated",TRUE,FALSE,"TES_only_bound","TES_only_bound_downregulated"
"ENSG00000213967.12","ZNF726",37.5841197431431,-2.22054585760941,0.357496835291948,-6.21137206933877,5.25239427743957e-10,5.11652792704524e-09,"ENSG00000213967","downregulated",TRUE,FALSE,"TES_only_bound","TES_only_bound_downregulated"
"ENSG00000125733.18","TRIP10",271.304649880595,-1.1326508193816,0.182760747369125,-6.19745123439429,5.73848096212986e-10,5.57246201605566e-09,"ENSG00000125733","downregulated",TRUE,TRUE,"TES_TEAD1_bound","TES_TEAD1_bound_downregulated"
"ENSG00000138835.24","RGS3",778.44418102876,-1.01613355138191,0.165185119563626,-6.15148358439463,7.6761472603499e-10,7.3490239610926e-09,"ENSG00000138835","downregulated",FALSE,TRUE,"TEAD1_only_bound","TEAD1_only_bound_downregulated"
"ENSG00000152689.18","RASGRP3",176.535012936356,-1.10071501727099,0.179462706532914,-6.13339137994735,8.60251612873257e-10,8.18974965977545e-09,"ENSG00000152689","downregulated",TRUE,TRUE,"TES_TEAD1_bound","TES_TEAD1_bound_downregulated"
"ENSG00000233828.5","MIR4280HG",21.3621571787932,-3.17239500739124,0.518310740379951,-6.12064300474594,9.31984972150707e-10,8.8478662755772e-09,"ENSG00000233828","downregulated",TRUE,FALSE,"TES_only_bound","TES_only_bound_downregulated"
"ENSG00000179776.20","CDH5",45.8077276500094,-1.87336160635365,0.308472142853493,-6.07303333462884,1.25516387039533e-09,1.17875052113875e-08,"ENSG00000179776","downregulated",FALSE,TRUE,"TEAD1_only_bound","TEAD1_only_bound_downregulated"
"ENSG00000151388.11","ADAMTS12",145.790120239105,-1.14729841880974,0.190682255438844,-6.01680746941714,1.77890444883838e-09,1.64379288134228e-08,"ENSG00000151388","downregulated",FALSE,TRUE,"TEAD1_only_bound","TEAD1_only_bound_downregulated"
"ENSG00000069509.6","FUNDC1",104.411411934632,-1.67764760127835,0.279522383751792,-6.00183634226609,1.95098298413566e-09,1.79644863120412e-08,"ENSG00000069509","downregulated",FALSE,TRUE,"TEAD1_only_bound","TEAD1_only_bound_downregulated"
"ENSG00000115468.13","EFHD1",35.6323925556572,-2.11581081524711,0.352642107806623,-5.99988137663737,1.97461728648366e-09,1.8167334774452e-08,"ENSG00000115468","downregulated",TRUE,TRUE,"TES_TEAD1_bound","TES_TEAD1_bound_downregulated"
"ENSG00000197747.9","S100A10",813.023927237539,-1.02370002357237,0.171371611257418,-5.97356829442808,2.32119548852635e-09,2.12066617413295e-08,"ENSG00000197747","downregulated",TRUE,TRUE,"TES_TEAD1_bound","TES_TEAD1_bound_downregulated"
"ENSG00000169282.18","KCNAB1",78.2964133202285,-1.48416197005104,0.248817052304962,-5.96487240847133,2.44825274596309e-09,2.23374292975757e-08,"ENSG00000169282","downregulated",FALSE,TRUE,"TEAD1_only_bound","TEAD1_only_bound_downregulated"
"ENSG00000153233.13","PTPRR",146.516022552238,-1.18288185976688,0.198955405273127,-5.94546229162767,2.75677709452856e-09,2.49979189393877e-08,"ENSG00000153233","downregulated",TRUE,TRUE,"TES_TEAD1_bound","TES_TEAD1_bound_downregulated"
"ENSG00000270959.2","LPP-AS2",61.5050170346004,-1.57901468292427,0.269006186359891,-5.86980806758021,4.36299931043468e-09,3.89391383543997e-08,"ENSG00000270959","downregulated",FALSE,TRUE,"TEAD1_only_bound","TEAD1_only_bound_downregulated"
"ENSG00000196172.9","ZNF681",83.8644987630228,-1.39809556495663,0.238667766419705,-5.85791531856056,4.68713529410437e-09,4.15807290859591e-08,"ENSG00000196172","downregulated",TRUE,FALSE,"TES_only_bound","TES_only_bound_downregulated"
"ENSG00000189410.12","SH2D5",53.5027020414214,-1.67022534784464,0.28578194457651,-5.84440472724646,5.08382896166905e-09,4.49589956183218e-08,"ENSG00000189410","downregulated",FALSE,TRUE,"TEAD1_only_bound","TEAD1_only_bound_downregulated"
"ENSG00000274750.3","H3C6",115.613663048537,-1.35852971398354,0.233300867972422,-5.82308041024573,5.77727411010077e-09,5.07217490234952e-08,"ENSG00000274750","downregulated",FALSE,TRUE,"TEAD1_only_bound","TEAD1_only_bound_downregulated"
"ENSG00000267586.7","LINC00907",49.330412769906,-1.75089416965429,0.303539268279838,-5.76826247087119,8.00929981594718e-09,6.91673143978661e-08,"ENSG00000267586","downregulated",FALSE,TRUE,"TEAD1_only_bound","TEAD1_only_bound_downregulated"
"ENSG00000100065.15","CARD10",186.981382189118,-1.03698860941304,0.180201013035173,-5.75462141941805,8.68361738555151e-09,7.47125418825769e-08,"ENSG00000100065","downregulated",FALSE,TRUE,"TEAD1_only_bound","TEAD1_only_bound_downregulated"
"ENSG00000254560.6","BBOX1-AS1",16.3533923796835,-3.38426623362124,0.588695208902315,-5.74875790127724,8.99014359279396e-09,7.71544208084955e-08,"ENSG00000254560","downregulated",TRUE,TRUE,"TES_TEAD1_bound","TES_TEAD1_bound_downregulated"
"ENSG00000254300.1","LINC01111",13.8799305946446,-3.96004088084632,0.694912250312832,-5.69862004744284,1.20781070159613e-08,1.02048503927306e-07,"ENSG00000254300","downregulated",TRUE,TRUE,"TES_TEAD1_bound","TES_TEAD1_bound_downregulated"
"ENSG00000176024.18","ZNF613",107.819751341089,-1.2057806687333,0.211707543342379,-5.69550167980209,1.23009674369409e-08,1.03785211599108e-07,"ENSG00000176024","downregulated",TRUE,FALSE,"TES_only_bound","TES_only_bound_downregulated"
"ENSG00000205517.13","RGL3",164.528683860694,-1.04269539387805,0.183300508894184,-5.6884478944899,1.28199215604867e-08,1.07815572064029e-07,"ENSG00000205517","downregulated",FALSE,TRUE,"TEAD1_only_bound","TEAD1_only_bound_downregulated"
"ENSG00000020181.18","ADGRA2",104.982770728541,-1.23749894920466,0.21809113807005,-5.67422849069265,1.39315081542749e-08,1.16471934281174e-07,"ENSG00000020181","downregulated",FALSE,TRUE,"TEAD1_only_bound","TEAD1_only_bound_downregulated"
"ENSG00000171320.15","ESCO2",231.295155473442,-1.15432623642601,0.205594059167464,-5.61458945409393,1.97029480178819e-08,1.62090031065975e-07,"ENSG00000171320","downregulated",FALSE,TRUE,"TEAD1_only_bound","TEAD1_only_bound_downregulated"
"ENSG00000164627.18","KIF6",50.9241731411471,-1.6262534623403,0.289688358848749,-5.61380329124441,1.97927209489821e-08,1.62710344916511e-07,"ENSG00000164627","downregulated",TRUE,TRUE,"TES_TEAD1_bound","TES_TEAD1_bound_downregulated"
"ENSG00000141179.14","PCTP",182.037116669248,-1.07439709873512,0.192317124399453,-5.58659090858458,2.31570351819509e-08,1.89404808827476e-07,"ENSG00000141179","downregulated",TRUE,TRUE,"TES_TEAD1_bound","TES_TEAD1_bound_downregulated"
"ENSG00000280055.2","LINC02912",154.61228463177,-1.42548860935472,0.255755274966712,-5.57364304427449,2.49466632886585e-08,2.03552308092518e-07,"ENSG00000280055","downregulated",FALSE,TRUE,"TEAD1_only_bound","TEAD1_only_bound_downregulated"
"ENSG00000087237.12","CETP",76.8887828811576,-1.32961619422344,0.239127088330054,-5.56029098797973,2.69325221522151e-08,2.18548474072251e-07,"ENSG00000087237","downregulated",FALSE,TRUE,"TEAD1_only_bound","TEAD1_only_bound_downregulated"
"ENSG00000118473.23","SGIP1",27.269375114147,-2.2560526739263,0.406008140486439,-5.55666857128363,2.74972158738431e-08,2.22864573801647e-07,"ENSG00000118473","downregulated",FALSE,TRUE,"TEAD1_only_bound","TEAD1_only_bound_downregulated"
"ENSG00000226674.11","TEX41",23.089516131002,-2.41296200117719,0.434848573957027,-5.54897071230971,2.8735630597032e-08,2.32624380390845e-07,"ENSG00000226674","downregulated",TRUE,FALSE,"TES_only_bound","TES_only_bound_downregulated"
"ENSG00000239332.7","LINC01119",40.4087531631115,-1.81013243166594,0.326262977578093,-5.54807794958187,2.88827110758924e-08,2.33759335197978e-07,"ENSG00000239332","downregulated",TRUE,TRUE,"TES_TEAD1_bound","TES_TEAD1_bound_downregulated"
"ENSG00000144152.13","FBLN7",31.875519486966,-2.03248250865184,0.368723467877152,-5.51221358475888,3.54348537140439e-08,2.8414804319137e-07,"ENSG00000144152","downregulated",FALSE,TRUE,"TEAD1_only_bound","TEAD1_only_bound_downregulated"
"ENSG00000165410.15","CFL2",558.377108533849,-1.07449625459663,0.194972178023052,-5.51102349828392,3.56753086551365e-08,2.85941218593128e-07,"ENSG00000165410","downregulated",FALSE,TRUE,"TEAD1_only_bound","TEAD1_only_bound_downregulated"
"ENSG00000008394.13","MGST1",914.16826560824,-2.30557106077579,0.419999052214023,-5.48946729432359,4.03147754682481e-08,3.20405309570765e-07,"ENSG00000008394","downregulated",TRUE,TRUE,"TES_TEAD1_bound","TES_TEAD1_bound_downregulated"
"ENSG00000236914.4","LINC01852",16.1608342858508,-2.99876053773793,0.548753824937316,-5.4646735958159,4.63759343857639e-08,3.6609289779587e-07,"ENSG00000236914","downregulated",FALSE,TRUE,"TEAD1_only_bound","TEAD1_only_bound_downregulated"
"ENSG00000156687.11","UNC5D",32.5921907375931,-1.9241004800418,0.354684080107373,-5.42482898995442,5.80100516870011e-08,4.53715274166257e-07,"ENSG00000156687","downregulated",TRUE,FALSE,"TES_only_bound","TES_only_bound_downregulated"
"ENSG00000134986.14","NREP",132.857465569464,-1.07452891147542,0.200651141410513,-5.35520956383216,8.54573127307477e-08,6.56151446391962e-07,"ENSG00000134986","downregulated",TRUE,TRUE,"TES_TEAD1_bound","TES_TEAD1_bound_downregulated"
"ENSG00000224596.9","ZMIZ1-AS1",108.261049625799,-1.11034053885106,0.208030446687573,-5.337394388806,9.4291791849548e-08,7.20563236343183e-07,"ENSG00000224596","downregulated",FALSE,TRUE,"TEAD1_only_bound","TEAD1_only_bound_downregulated"
"ENSG00000237523.2","LINC00857",21.8437039556098,-2.55780997829753,0.483053648184306,-5.29508469279093,1.18961262979938e-07,8.97972484645011e-07,"ENSG00000237523","downregulated",FALSE,TRUE,"TEAD1_only_bound","TEAD1_only_bound_downregulated"
"ENSG00000137804.14","NUSAP1",18.2213709534634,-2.57162268822246,0.486758777903967,-5.28315626745578,1.26976991140074e-07,9.55717800807897e-07,"ENSG00000137804","downregulated",FALSE,TRUE,"TEAD1_only_bound","TEAD1_only_bound_downregulated"
"ENSG00000249740.4","LINC01265",86.3661421293668,-1.27629443108147,0.241599818077748,-5.28267960313924,1.27307925818168e-07,9.57784191404548e-07,"ENSG00000249740","downregulated",TRUE,TRUE,"TES_TEAD1_bound","TES_TEAD1_bound_downregulated"
"ENSG00000229656.9","ITGB1-DT",27.5921737864064,-2.08704380849802,0.395650435475133,-5.27496906705464,1.32778482011778e-07,9.96733586072063e-07,"ENSG00000229656","downregulated",TRUE,TRUE,"TES_TEAD1_bound","TES_TEAD1_bound_downregulated"
"ENSG00000174808.12","BTC",137.663126199791,-1.14942647673632,0.217940884696433,-5.27402868138918,1.33461035626268e-07,1.0009725012482e-06,"ENSG00000174808","downregulated",TRUE,FALSE,"TES_only_bound","TES_only_bound_downregulated"
"ENSG00000233532.6","LINC00460",18.7914719458272,-2.58679600396079,0.491944490906609,-5.25830871526492,1.45386305794665e-07,1.08395128077989e-06,"ENSG00000233532","downregulated",TRUE,TRUE,"TES_TEAD1_bound","TES_TEAD1_bound_downregulated"
"ENSG00000255317.1","LOC105369558",21.8400164017519,-2.61504810799477,0.497706451571142,-5.25419772988611,1.48671092557778e-07,1.10625622606848e-06,"ENSG00000255317","downregulated",FALSE,TRUE,"TEAD1_only_bound","TEAD1_only_bound_downregulated"
"ENSG00000196683.12","TOMM7",165.392266222397,-1.28428933833322,0.2445583519046,-5.25146382583658,1.50895170760385e-07,1.12133169118109e-06,"ENSG00000196683","downregulated",TRUE,TRUE,"TES_TEAD1_bound","TES_TEAD1_bound_downregulated"
"ENSG00000224020.3","MIR181A2HG",56.4672053517521,-1.42282680127628,0.274028205695283,-5.19226405057898,2.07752072413871e-07,1.51696526134015e-06,"ENSG00000224020","downregulated",TRUE,TRUE,"TES_TEAD1_bound","TES_TEAD1_bound_downregulated"
"ENSG00000288920.1","RPSA2",47.0683573877629,-1.53889135206168,0.300808783245892,-5.11584580561842,3.12338144531484e-07,2.24018202986601e-06,"ENSG00000288920","downregulated",TRUE,TRUE,"TES_TEAD1_bound","TES_TEAD1_bound_downregulated"
"ENSG00000165091.18","TMC1",35.1466860640948,-1.79876244440583,0.351748257482593,-5.11377784009307,3.15778720820011e-07,2.26247027817214e-06,"ENSG00000165091","downregulated",TRUE,TRUE,"TES_TEAD1_bound","TES_TEAD1_bound_downregulated"
"ENSG00000139190.17","VAMP1",149.249039119733,-1.09205248407209,0.213585688685394,-5.11294783275793,3.1716991073928e-07,2.27147955471049e-06,"ENSG00000139190","downregulated",FALSE,TRUE,"TEAD1_only_bound","TEAD1_only_bound_downregulated"
"ENSG00000174059.17","CD34",37.2379050290939,-1.69716234588557,0.331987984464599,-5.11211979139124,3.18563700895722e-07,2.28098056324323e-06,"ENSG00000174059","downregulated",FALSE,TRUE,"TEAD1_only_bound","TEAD1_only_bound_downregulated"
"ENSG00000064652.11","SNX24",201.342439020991,-1.00235101653149,0.197089776446494,-5.08575855431856,3.66159629069565e-07,2.59876938575741e-06,"ENSG00000064652","downregulated",FALSE,TRUE,"TEAD1_only_bound","TEAD1_only_bound_downregulated"
"ENSG00000256120.2","SOX5-AS1",192.071852057902,-1.13948034848054,0.225426176823227,-5.05478274323968,4.30880979615222e-07,3.03151721532101e-06,"ENSG00000256120","downregulated",TRUE,TRUE,"TES_TEAD1_bound","TES_TEAD1_bound_downregulated"
"ENSG00000107165.13","TYRP1",19.3707924545205,-2.37791999555619,0.47100902078751,-5.04856571872105,4.45139345925591e-07,3.12406886413233e-06,"ENSG00000107165","downregulated",TRUE,FALSE,"TES_only_bound","TES_only_bound_downregulated"
"ENSG00000169085.14","VXN",14.8291405122291,-2.94028816769291,0.582550118997461,-5.04727073569738,4.48166065207181e-07,3.14466120697325e-06,"ENSG00000169085","downregulated",FALSE,TRUE,"TEAD1_only_bound","TEAD1_only_bound_downregulated"
"ENSG00000222005.9","LINC01118",50.611954392169,-1.51921725723132,0.301101638208329,-5.04552969645484,4.52266639050765e-07,3.16950550758745e-06,"ENSG00000222005","downregulated",FALSE,TRUE,"TEAD1_only_bound","TEAD1_only_bound_downregulated"
"ENSG00000264301.1","LINC01444",23.1748144001245,-2.23592631133961,0.444120833410038,-5.03449994491762,4.79097815289881e-07,3.34511707908873e-06,"ENSG00000264301","downregulated",TRUE,TRUE,"TES_TEAD1_bound","TES_TEAD1_bound_downregulated"
"ENSG00000117281.16","CD160",113.783881607573,-1.08289300842957,0.216469768845391,-5.0025138115383,5.65875264773596e-07,3.91320256389038e-06,"ENSG00000117281","downregulated",FALSE,TRUE,"TEAD1_only_bound","TEAD1_only_bound_downregulated"
"ENSG00000169126.16","ODAD2",55.4760506339031,-1.33067724240086,0.268219737905328,-4.96114586045319,7.00785421425335e-07,4.79538259366958e-06,"ENSG00000169126","downregulated",TRUE,FALSE,"TES_only_bound","TES_only_bound_downregulated"
"ENSG00000088766.12","CRLS1",93.5567102454492,-1.08192445316486,0.218946258932134,-4.9415069179155,7.75210653603868e-07,5.2727984544686e-06,"ENSG00000088766","downregulated",FALSE,TRUE,"TEAD1_only_bound","TEAD1_only_bound_downregulated"
"ENSG00000197405.8","C5AR1",146.582674850524,-1.00161269080651,0.202964109395219,-4.93492516381866,8.01814980632266e-07,5.4385086386016e-06,"ENSG00000197405","downregulated",FALSE,TRUE,"TEAD1_only_bound","TEAD1_only_bound_downregulated"
"ENSG00000291191.1","OR4F13P",16.4548282271502,-3.13820358332314,0.636747268601407,-4.92849162936511,8.28668842451851e-07,5.60163646575214e-06,"ENSG00000291191","downregulated",FALSE,TRUE,"TEAD1_only_bound","TEAD1_only_bound_downregulated"
"ENSG00000202111.1","VTRNA1-2",22.8814978285536,-2.03686881752091,0.41359276780476,-4.92481729874549,8.44392102757498e-07,5.69884978074045e-06,"ENSG00000202111","downregulated",FALSE,TRUE,"TEAD1_only_bound","TEAD1_only_bound_downregulated"
"ENSG00000235180.1","LINC00601",16.6427337816231,-2.57812006201003,0.525369583953863,-4.90725032577531,9.23621187039159e-07,6.20521449393713e-06,"ENSG00000235180","downregulated",TRUE,TRUE,"TES_TEAD1_bound","TES_TEAD1_bound_downregulated"
"ENSG00000229619.6","MBNL1-AS1",14.6856220016466,-2.61951537415789,0.539727735744324,-4.85340144794558,1.21361665739e-06,8.01746231428888e-06,"ENSG00000229619","downregulated",TRUE,FALSE,"TES_only_bound","TES_only_bound_downregulated"
"ENSG00000267028.1","TCF4-AS1",23.48893336905,-1.99118538427926,0.411816964492747,-4.83512228966062,1.33063807287573e-06,8.74934457209501e-06,"ENSG00000267028","downregulated",TRUE,FALSE,"TES_only_bound","TES_only_bound_downregulated"
"ENSG00000103742.12","IGDCC4",81.0699938286276,-1.09425714818158,0.226336867665346,-4.83463944459777,1.33387176147023e-06,8.76890961749969e-06,"ENSG00000103742","downregulated",FALSE,TRUE,"TEAD1_only_bound","TEAD1_only_bound_downregulated"
"ENSG00000139318.8","DUSP6",77.3458178554333,-1.29040610122964,0.267496328204589,-4.82401425803009,1.4069735301137e-06,9.20753233771632e-06,"ENSG00000139318","downregulated",TRUE,TRUE,"TES_TEAD1_bound","TES_TEAD1_bound_downregulated"
"ENSG00000273768.1","LOC124904613",17.8957019208875,-2.39835136440472,0.50187896881978,-4.7787445049644,1.76393167778923e-06,1.13716514008625e-05,"ENSG00000273768","downregulated",FALSE,TRUE,"TEAD1_only_bound","TEAD1_only_bound_downregulated"
"ENSG00000233496.1","SYNJ2-IT1",26.8016471571947,-2.0467117807936,0.432496214394239,-4.73232299538219,2.21964838098881e-06,1.41087230923331e-05,"ENSG00000233496","downregulated",FALSE,TRUE,"TEAD1_only_bound","TEAD1_only_bound_downregulated"
"ENSG00000259724.2","LINC01581",9.70557776171937,-4.18395131285743,0.884937886295541,-4.7279604338921,2.26786362405606e-06,1.43855819947594e-05,"ENSG00000259724","downregulated",TRUE,FALSE,"TES_only_bound","TES_only_bound_downregulated"
"ENSG00000280744.1","LINC01173",5.59652636316462,-6.38582338863091,1.36116771711448,-4.69143023915387,2.71301779021713e-06,1.7035909725632e-05,"ENSG00000280744","downregulated",TRUE,TRUE,"TES_TEAD1_bound","TES_TEAD1_bound_downregulated"
"ENSG00000073146.17","MOV10L1",79.9483960259177,-1.13353253770948,0.242579471841399,-4.67282960551004,2.97078222905253e-06,1.85635634209816e-05,"ENSG00000073146","downregulated",TRUE,TRUE,"TES_TEAD1_bound","TES_TEAD1_bound_downregulated"
"ENSG00000163762.7","TM4SF18",13.5570332688802,-2.73420206038965,0.597755662840027,-4.57411318765102,4.7824126231681e-06,2.90082418206977e-05,"ENSG00000163762","downregulated",FALSE,TRUE,"TEAD1_only_bound","TEAD1_only_bound_downregulated"
"ENSG00000253978.2","TENM2-AS1",28.3466511401169,-2.08099861778538,0.459191847728334,-4.5318718702875,5.84633086974401e-06,3.50120181564641e-05,"ENSG00000253978","downregulated",FALSE,TRUE,"TEAD1_only_bound","TEAD1_only_bound_downregulated"
"ENSG00000224184.7","MIR3681HG",20.9927102472796,-2.09048726175158,0.461904063244949,-4.52580401017817,6.01663206383145e-06,3.59748209724039e-05,"ENSG00000224184","downregulated",TRUE,TRUE,"TES_TEAD1_bound","TES_TEAD1_bound_downregulated"
"ENSG00000143977.14","SNRPG",247.107681681603,-1.04869438330985,0.232189013999466,-4.51655470362721,6.28538854515025e-06,3.74630773998357e-05,"ENSG00000143977","downregulated",FALSE,TRUE,"TEAD1_only_bound","TEAD1_only_bound_downregulated"
"ENSG00000229647.3","MYOSLID",16.5657234267963,-2.35955829252407,0.523040367760431,-4.51123553355412,6.44511053902906e-06,3.83545050437525e-05,"ENSG00000229647","downregulated",FALSE,TRUE,"TEAD1_only_bound","TEAD1_only_bound_downregulated"
"ENSG00000170917.14","NUDT6",73.755872089079,-1.05464067204735,0.234454836427507,-4.49826793133118,6.85093244265671e-06,4.06413680077127e-05,"ENSG00000170917","downregulated",FALSE,TRUE,"TEAD1_only_bound","TEAD1_only_bound_downregulated"
"ENSG00000135218.19","CD36",16.2959260973643,-2.27985808946027,0.507816776638202,-4.48952888983534,7.13808663819175e-06,4.21974463846323e-05,"ENSG00000135218","downregulated",TRUE,FALSE,"TES_only_bound","TES_only_bound_downregulated"
"ENSG00000271334.6","LINC02104",5.15489927899952,-6.24500283967674,1.40176610371206,-4.45509619838799,8.38555860761763e-06,4.89922006851661e-05,"ENSG00000271334","downregulated",FALSE,TRUE,"TEAD1_only_bound","TEAD1_only_bound_downregulated"
"ENSG00000171174.15","RBKS",49.3080902453987,-1.31078069994816,0.296610291045228,-4.41920169165098,9.90661609546484e-06,5.73072097293511e-05,"ENSG00000171174","downregulated",FALSE,TRUE,"TEAD1_only_bound","TEAD1_only_bound_downregulated"
"ENSG00000281903.3","ASMER1",27.7895036412106,-1.64545685091332,0.373907882055072,-4.4007011616593,1.07901643083113e-05,6.20799968199046e-05,"ENSG00000281903","downregulated",FALSE,TRUE,"TEAD1_only_bound","TEAD1_only_bound_downregulated"
"ENSG00000120820.13","GLT8D2",72.8828717447397,-1.2686086814977,0.288339745059233,-4.3997010583369,1.08400103148378e-05,6.2335105870054e-05,"ENSG00000120820","downregulated",FALSE,TRUE,"TEAD1_only_bound","TEAD1_only_bound_downregulated"
"ENSG00000240137.8","ERICH6-AS1",19.1516490672844,-1.94456838645211,0.452510619541694,-4.29728784801024,1.72900609173079e-05,9.60233489952834e-05,"ENSG00000240137","downregulated",FALSE,TRUE,"TEAD1_only_bound","TEAD1_only_bound_downregulated"
"ENSG00000151789.13","ZNF385D",66.9637815431165,-1.07661687759722,0.252569068500038,-4.26266321521893,2.02004852739742e-05,0.000111030757894232,"ENSG00000151789","downregulated",FALSE,TRUE,"TEAD1_only_bound","TEAD1_only_bound_downregulated"
"ENSG00000240006.2","LINC02004",4.69558518732376,-6.01486189894254,1.41612403324252,-4.24741177873397,2.16254276095871e-05,0.000118193487537,"ENSG00000240006","downregulated",FALSE,TRUE,"TEAD1_only_bound","TEAD1_only_bound_downregulated"
"ENSG00000228495.3","LINC01013",21.7233783788433,-1.77243794029325,0.417503089340868,-4.24532892221583,2.18272992364685e-05,0.000119239257070499,"ENSG00000228495","downregulated",TRUE,TRUE,"TES_TEAD1_bound","TES_TEAD1_bound_downregulated"
"ENSG00000286010.1","LOC105375754",13.0881092193989,-2.40448590493677,0.567239474087643,-4.23892555926963,2.24592110133476e-05,0.000122356773007441,"ENSG00000286010","downregulated",TRUE,FALSE,"TES_only_bound","TES_only_bound_downregulated"
"ENSG00000286081.2","LOC105373682",4.27432854679875,-6.00323840490122,1.41925404434944,-4.22985471050956,2.33842289958443e-05,0.000127049822541721,"ENSG00000286081","downregulated",TRUE,TRUE,"TES_TEAD1_bound","TES_TEAD1_bound_downregulated"
"ENSG00000227496.3","LOC102723834",47.5964737540912,-1.27883230014704,0.30410735961075,-4.20520010362102,2.60851264720573e-05,0.000140522847750162,"ENSG00000227496","downregulated",TRUE,TRUE,"TES_TEAD1_bound","TES_TEAD1_bound_downregulated"
"ENSG00000237928.6","NFIA-AS2",17.8633155713878,-1.9400594243039,0.461628479885962,-4.20264240365578,2.6381717802693e-05,0.000142001328925914,"ENSG00000237928","downregulated",FALSE,TRUE,"TEAD1_only_bound","TEAD1_only_bound_downregulated"
"ENSG00000180139.11","ACTA2-AS1",13.0942255833135,-2.64946557556655,0.632404044923657,-4.18951396157877,2.7955258271836e-05,0.000149658662407837,"ENSG00000180139","downregulated",FALSE,TRUE,"TEAD1_only_bound","TEAD1_only_bound_downregulated"
"ENSG00000264099.1","MIR4803",25.2610434680283,-1.74017402343568,0.415565274556994,-4.18748661155761,2.82060654037923e-05,0.000150906226120021,"ENSG00000264099","downregulated",FALSE,TRUE,"TEAD1_only_bound","TEAD1_only_bound_downregulated"
"ENSG00000287560.1","LOC124902532",38.1703145284393,-1.50312184638267,0.359177505174884,-4.18489973544084,2.85291997551013e-05,0.000152538935507836,"ENSG00000287560","downregulated",TRUE,TRUE,"TES_TEAD1_bound","TES_TEAD1_bound_downregulated"
"ENSG00000206199.11","ANKUB1",35.4676802434968,-1.45454974607971,0.353500501877545,-4.11470348232654,3.87677441324202e-05,0.000202500804657858,"ENSG00000206199","downregulated",TRUE,TRUE,"TES_TEAD1_bound","TES_TEAD1_bound_downregulated"
"ENSG00000291158.1","LINC00869",67.9130296074656,-1.00667895843772,0.248830685808465,-4.04563832297034,5.21807433429719e-05,0.000265858030579581,"ENSG00000291158","downregulated",FALSE,TRUE,"TEAD1_only_bound","TEAD1_only_bound_downregulated"
"ENSG00000179270.7","PCARE",15.6907947418014,-2.18691790821032,0.541461481694428,-4.03891686139273,5.36985925900972e-05,0.000272854718489218,"ENSG00000179270","downregulated",FALSE,TRUE,"TEAD1_only_bound","TEAD1_only_bound_downregulated"
"ENSG00000287769.1","LOC124902204",62.3345842761957,-1.05576831034043,0.261997187777449,-4.02969329288086,5.58496754028787e-05,0.000282980574893345,"ENSG00000287769","downregulated",FALSE,TRUE,"TEAD1_only_bound","TEAD1_only_bound_downregulated"
"ENSG00000239704.12","CDRT4",24.3651385049816,-1.64273832143071,0.408160298979433,-4.02473813729122,5.7038749406104e-05,0.000288660941571296,"ENSG00000239704","downregulated",FALSE,TRUE,"TEAD1_only_bound","TEAD1_only_bound_downregulated"
"ENSG00000249236.2","LOC105378976",11.1207302980666,-2.42366127723422,0.60391853930831,-4.01322549231578,5.98946469893078e-05,0.000302078896649266,"ENSG00000249236","downregulated",TRUE,TRUE,"TES_TEAD1_bound","TES_TEAD1_bound_downregulated"
"ENSG00000271826.5","PLS3-AS1",50.9846447834829,-1.16302467817867,0.289905655150889,-4.01173505074727,6.02741240196917e-05,0.000303902544856893,"ENSG00000271826","downregulated",FALSE,TRUE,"TEAD1_only_bound","TEAD1_only_bound_downregulated"
"ENSG00000135636.16","DYSF",28.8588383052463,-1.5692624769664,0.393166505990742,-3.99134324276176,6.57001092439922e-05,0.000329159485368721,"ENSG00000135636","downregulated",TRUE,TRUE,"TES_TEAD1_bound","TES_TEAD1_bound_downregulated"
"ENSG00000105889.16","STEAP1B",22.6525277786873,-1.81694823309969,0.45590067127119,-3.98540372409078,6.73654877274265e-05,0.000336906785501358,"ENSG00000105889","downregulated",TRUE,FALSE,"TES_only_bound","TES_only_bound_downregulated"
"ENSG00000163746.13","PLSCR2",45.8551164369376,-1.20947328752019,0.303798365030359,-3.98117115409534,6.8576546486666e-05,0.000342459295951054,"ENSG00000163746","downregulated",FALSE,TRUE,"TEAD1_only_bound","TEAD1_only_bound_downregulated"
"ENSG00000188060.8","RAB42",30.5658970216722,-1.4325812788608,0.361248861884907,-3.9656354109628,7.32006808643634e-05,0.000362830983160761,"ENSG00000188060","downregulated",FALSE,TRUE,"TEAD1_only_bound","TEAD1_only_bound_downregulated"
"ENSG00000256195.3","LOC101928940",11.3527979255873,-2.37262517231527,0.599243830261223,-3.95936520744985,7.51492444361696e-05,0.000371729945392137,"ENSG00000256195","downregulated",TRUE,TRUE,"TES_TEAD1_bound","TES_TEAD1_bound_downregulated"
"ENSG00000177045.11","SIX5",59.3906303501826,-1.16044285724038,0.294010676612518,-3.94694121523264,7.91559818717013e-05,0.000390185806445792,"ENSG00000177045","downregulated",FALSE,TRUE,"TEAD1_only_bound","TEAD1_only_bound_downregulated"
"ENSG00000184838.15","PRR16",73.0506722500845,-1.09757184566313,0.278615940255323,-3.93937204259497,8.1695159657858e-05,0.000401827567804535,"ENSG00000184838","downregulated",TRUE,TRUE,"TES_TEAD1_bound","TES_TEAD1_bound_downregulated"
"ENSG00000119139.21","TJP2",33.4042627446136,-1.35296306879231,0.346704967245221,-3.90234694225011,9.526447752169e-05,0.000463336737178804,"ENSG00000119139","downregulated",FALSE,TRUE,"TEAD1_only_bound","TEAD1_only_bound_downregulated"
"ENSG00000116299.17","ELAPOR1",48.8889635465942,-1.24676276265502,0.32122112470098,-3.88132244980966,0.000103889985587549,0.000501269180459923,"ENSG00000116299","downregulated",FALSE,TRUE,"TEAD1_only_bound","TEAD1_only_bound_downregulated"
"ENSG00000231574.7","LINC02015",8.61867767308799,-3.012090746699,0.778140038801154,-3.87088518326289,0.000108440862334796,0.000521966729741867,"ENSG00000231574","downregulated",TRUE,TRUE,"TES_TEAD1_bound","TES_TEAD1_bound_downregulated"
"ENSG00000204711.9","CFAP95",9.22260909234226,-2.72573693598006,0.704333786077378,-3.86995056869331,0.000108857422700624,0.000523600811993033,"ENSG00000204711","downregulated",TRUE,FALSE,"TES_only_bound","TES_only_bound_downregulated"
"ENSG00000254602.2","MIR130AHG",19.280727140462,-1.78691714221297,0.463653285694694,-3.85399434738313,0.000116206279064989,0.000555253184312781,"ENSG00000254602","downregulated",FALSE,TRUE,"TEAD1_only_bound","TEAD1_only_bound_downregulated"
"ENSG00000123096.12","SSPN",37.5168634625264,-1.23876429041568,0.323765099408202,-3.82612051972239,0.000130178574811635,0.000615607104162833,"ENSG00000123096","downregulated",TRUE,FALSE,"TES_only_bound","TES_only_bound_downregulated"
"ENSG00000204380.4","PKP4-AS1",27.2420497299038,-1.42871591553577,0.374326944338816,-3.81675948563988,0.000135215861142669,0.000636684086690621,"ENSG00000204380","downregulated",FALSE,TRUE,"TEAD1_only_bound","TEAD1_only_bound_downregulated"
"ENSG00000250548.7","LINC01303",47.6724953642215,-1.11915081849139,0.294789832318512,-3.79643629391594,0.000146791062647658,0.000686709656523295,"ENSG00000250548","downregulated",TRUE,FALSE,"TES_only_bound","TES_only_bound_downregulated"
"ENSG00000236520.2","GPC6-AS1",13.0959682991014,-2.14072895545718,0.565345538663079,-3.78658503349923,0.000152731845172974,0.000712440993797802,"ENSG00000236520","downregulated",TRUE,TRUE,"TES_TEAD1_bound","TES_TEAD1_bound_downregulated"
"ENSG00000291107.1","LOC374443",56.6940867957081,-1.06986374150929,0.283651568549031,-3.77175330629047,0.000162104482043993,0.00075182482879169,"ENSG00000291107","downregulated",FALSE,TRUE,"TEAD1_only_bound","TEAD1_only_bound_downregulated"
"ENSG00000224687.2","RASAL2-AS1",58.6066287434687,-1.00559817359865,0.267440276319422,-3.76008500827897,0.000169855628393264,0.000784027175602991,"ENSG00000224687","downregulated",TRUE,FALSE,"TES_only_bound","TES_only_bound_downregulated"
"ENSG00000258537.6","FRMD6-AS1",43.5524591274729,-1.19513260358924,0.3222596491811,-3.70860145421934,0.000208407156309367,0.000944645621232529,"ENSG00000258537","downregulated",FALSE,TRUE,"TEAD1_only_bound","TEAD1_only_bound_downregulated"
"ENSG00000052126.17","PLEKHA5",33.8065652199359,-1.26190488387572,0.342360995612736,-3.68588974809248,0.000227905005650883,0.00102522543132687,"ENSG00000052126","downregulated",TRUE,FALSE,"TES_only_bound","TES_only_bound_downregulated"
"ENSG00000183778.19","B3GALT5",13.1886922642642,-2.00889317730294,0.547918772017823,-3.66640691996147,0.000245982396215202,0.00110071532533764,"ENSG00000183778","downregulated",FALSE,TRUE,"TEAD1_only_bound","TEAD1_only_bound_downregulated"
"ENSG00000197415.12","VEPH1",37.5776954379444,-1.13433086101229,0.313031768423909,-3.62369246649807,0.000290426904925771,0.00128169690873309,"ENSG00000197415","downregulated",FALSE,TRUE,"TEAD1_only_bound","TEAD1_only_bound_downregulated"
"ENSG00000135917.16","SLC19A3",8.78473843281644,-2.54842713120464,0.704211660720632,-3.61883688292919,0.000295930085427341,0.00130327410110151,"ENSG00000135917","downregulated",FALSE,TRUE,"TEAD1_only_bound","TEAD1_only_bound_downregulated"
"ENSG00000235834.1","LOC101928389",30.1798892097604,-1.37537778632503,0.382017787933374,-3.60029776038834,0.000317852975245169,0.0013902691041885,"ENSG00000235834","downregulated",TRUE,TRUE,"TES_TEAD1_bound","TES_TEAD1_bound_downregulated"
"ENSG00000267064.2","UXT-AS1",18.2138873389705,-1.69210412392074,0.472568926056327,-3.580650420758,0.000342739961411925,0.00148934258785215,"ENSG00000267064","downregulated",FALSE,TRUE,"TEAD1_only_bound","TEAD1_only_bound_downregulated"
"ENSG00000233077.2","LINC01271",16.5973234259741,-1.69375773943029,0.477643759293767,-3.54606902419208,0.00039102377090555,0.00168002725146973,"ENSG00000233077","downregulated",FALSE,TRUE,"TEAD1_only_bound","TEAD1_only_bound_downregulated"
"ENSG00000229373.9","LINC00452",18.0101636240254,-1.59784328117782,0.45204072453772,-3.5347330327635,0.000408187333961043,0.00174692041829264,"ENSG00000229373","downregulated",FALSE,TRUE,"TEAD1_only_bound","TEAD1_only_bound_downregulated"
"ENSG00000224609.8","HSD52",24.0272032744414,-1.40009489092417,0.39796581422874,-3.51812854487907,0.000434601785104675,0.00184878565265318,"ENSG00000224609","downregulated",TRUE,TRUE,"TES_TEAD1_bound","TES_TEAD1_bound_downregulated"
"ENSG00000102466.17","FGF14",21.8223709635395,-1.44487442170793,0.411290882980109,-3.51302321908704,0.000443038758479716,0.00188208361031003,"ENSG00000102466","downregulated",TRUE,TRUE,"TES_TEAD1_bound","TES_TEAD1_bound_downregulated"
"ENSG00000260832.1","LOC101928417",8.74830840420379,-2.37707768403502,0.691353445229592,-3.43829585349881,0.00058538774359106,0.00241668095215133,"ENSG00000260832","downregulated",TRUE,FALSE,"TES_only_bound","TES_only_bound_downregulated"
"ENSG00000207930.1","MIR603",4.22487315858893,-4.84699675303128,1.41151782685264,-3.43388986013656,0.000594985902972848,0.00244975529117354,"ENSG00000207930","downregulated",FALSE,TRUE,"TEAD1_only_bound","TEAD1_only_bound_downregulated"
"ENSG00000250930.5","LNX1-AS1",7.55197330946562,-2.92426834149187,0.855396465099525,-3.41861167400502,0.000629414835765076,0.00257620956034078,"ENSG00000250930","downregulated",TRUE,TRUE,"TES_TEAD1_bound","TES_TEAD1_bound_downregulated"
"ENSG00000235978.8","LOC124906209",37.6318781899864,-1.18944654500767,0.353572379753764,-3.36408218830903,0.000767986691188908,0.00308283761832957,"ENSG00000235978","downregulated",TRUE,TRUE,"TES_TEAD1_bound","TES_TEAD1_bound_downregulated"
"ENSG00000163632.15","C3orf49",34.6204170200605,-1.09451440922772,0.3261333542239,-3.35603333744361,0.000790690369440307,0.00316537070938696,"ENSG00000163632","downregulated",FALSE,TRUE,"TEAD1_only_bound","TEAD1_only_bound_downregulated"
"ENSG00000207725.3","MIR222",15.1679845681841,-1.7473996312823,0.522417059747868,-3.34483646480772,0.000823310997063041,0.00328049594700732,"ENSG00000207725","downregulated",TRUE,FALSE,"TES_only_bound","TES_only_bound_downregulated"
"ENSG00000289168.1","LOC124904294",35.7941836145243,-1.15497617237236,0.348767322204603,-3.31159514908567,0.000927656875560866,0.00365807392025209,"ENSG00000289168","downregulated",FALSE,TRUE,"TEAD1_only_bound","TEAD1_only_bound_downregulated"
"ENSG00000172789.4","HOXC5",20.9234768954509,-1.48468791904933,0.448618769909715,-3.30946455795446,0.000934745996325371,0.00368175463858769,"ENSG00000172789","downregulated",FALSE,TRUE,"TEAD1_only_bound","TEAD1_only_bound_downregulated"
"ENSG00000203943.9","SAMD13",17.9517980699253,-1.47524293388747,0.450162021780624,-3.27713770267007,0.00104865213118043,0.00408633883124204,"ENSG00000203943","downregulated",TRUE,FALSE,"TES_only_bound","TES_only_bound_downregulated"
"ENSG00000081051.8","AFP",7.37390938124895,-2.77102616099374,0.845880191219465,-3.27590856217934,0.00105322654131291,0.00410228175155566,"ENSG00000081051","downregulated",FALSE,TRUE,"TEAD1_only_bound","TEAD1_only_bound_downregulated"
"ENSG00000129151.9","BBOX1",22.0894580294529,-1.35580070884884,0.41507193541404,-3.26642346343269,0.00108915245130829,0.00422863532587037,"ENSG00000129151","downregulated",FALSE,TRUE,"TEAD1_only_bound","TEAD1_only_bound_downregulated"
"ENSG00000167912.8","TOX-DT",28.8312119515289,-1.43852577827283,0.441898477675432,-3.25533092089402,0.00113260312350357,0.00437931279444158,"ENSG00000167912","downregulated",TRUE,FALSE,"TES_only_bound","TES_only_bound_downregulated"
"ENSG00000177182.11","CLVS1",24.851330164671,-1.25230430660304,0.388985280612876,-3.21941309612009,0.00128453289429492,0.00489818290900426,"ENSG00000177182","downregulated",TRUE,TRUE,"TES_TEAD1_bound","TES_TEAD1_bound_downregulated"
"ENSG00000259527.2","LINC00052",3.64746041433739,-4.81643204184559,1.51326819605551,-3.1828013397758,0.00145857651897835,0.00549339474405772,"ENSG00000259527","downregulated",TRUE,TRUE,"TES_TEAD1_bound","TES_TEAD1_bound_downregulated"
"ENSG00000204397.10","CARD16",39.1392631223063,-1.13453893484956,0.356691985836748,-3.18072449031366,0.00146907268454173,0.00552741038419512,"ENSG00000204397","downregulated",TRUE,TRUE,"TES_TEAD1_bound","TES_TEAD1_bound_downregulated"
"ENSG00000287382.1","LOC105377663",8.33121719336295,-2.16563230031223,0.68605914060309,-3.15662626170756,0.00159605771112207,0.00595506242655914,"ENSG00000287382","downregulated",TRUE,TRUE,"TES_TEAD1_bound","TES_TEAD1_bound_downregulated"
"ENSG00000109743.11","BST1",24.9809064673705,-1.25966351450892,0.401955898385855,-3.13383512859841,0.00172537770087671,0.00638496892290881,"ENSG00000109743","downregulated",TRUE,FALSE,"TES_only_bound","TES_only_bound_downregulated"
"ENSG00000172061.9","LRRC15",5.37744098184961,-3.27661275794575,1.05874734898285,-3.09480138117334,0.00196944733426632,0.00717714698534047,"ENSG00000172061","downregulated",FALSE,TRUE,"TEAD1_only_bound","TEAD1_only_bound_downregulated"
"ENSG00000267201.1","LINC01775",9.76138216869575,-1.86601126494684,0.608907593027813,-3.0645229034968,0.00218017480330021,0.00786492966424186,"ENSG00000267201","downregulated",FALSE,TRUE,"TEAD1_only_bound","TEAD1_only_bound_downregulated"
"ENSG00000150394.14","CDH8",4.02062126074391,-3.50003915099678,1.16497074177431,-3.00440090509574,0.00266104427754627,0.0093873041873187,"ENSG00000150394","downregulated",TRUE,TRUE,"TES_TEAD1_bound","TES_TEAD1_bound_downregulated"
"ENSG00000273415.3","LINC02725",3.59323637630681,-3.93304306675121,1.33007985866944,-2.95699768785738,0.00310650447344879,0.0107884412589826,"ENSG00000273415","downregulated",TRUE,TRUE,"TES_TEAD1_bound","TES_TEAD1_bound_downregulated"
"ENSG00000137878.17","GCOM1",2.83101626256987,-4.36206629525137,1.49182046562407,-2.92398877463221,0.00345577208747743,0.0118715277374022,"ENSG00000137878","downregulated",TRUE,FALSE,"TES_only_bound","TES_only_bound_downregulated"
"ENSG00000227908.5","IL6ST-DT",14.7502207613987,-1.46264232195501,0.500245253722803,-2.92385047348294,0.00345730779195383,0.0118756022931629,"ENSG00000227908","downregulated",FALSE,TRUE,"TEAD1_only_bound","TEAD1_only_bound_downregulated"
"ENSG00000237595.7","LINC01275",11.0122960168745,-1.68595697656214,0.579333615507276,-2.91016597593061,0.00361236864658046,0.0123296762647754,"ENSG00000237595","downregulated",FALSE,TRUE,"TEAD1_only_bound","TEAD1_only_bound_downregulated"
"ENSG00000135898.10","GPR55",5.86385051880862,-2.44782923374643,0.842416289831332,-2.90572400284013,0.00366404481380329,0.0124772204747138,"ENSG00000135898","downregulated",FALSE,TRUE,"TEAD1_only_bound","TEAD1_only_bound_downregulated"
"ENSG00000197635.11","DPP4",25.5897278278998,-1.21438992958065,0.42022808543799,-2.88983523867743,0.00385443785459515,0.013021138244146,"ENSG00000197635","downregulated",TRUE,TRUE,"TES_TEAD1_bound","TES_TEAD1_bound_downregulated"
"ENSG00000251128.1","WWC2-AS1",7.14953521826922,-2.19468654587812,0.767309404512329,-2.86023673497521,0.004233248692108,0.0141307971279014,"ENSG00000251128","downregulated",FALSE,TRUE,"TEAD1_only_bound","TEAD1_only_bound_downregulated"
"ENSG00000232973.14","CYP1B1-AS1",15.6212122493233,-1.40836313649235,0.496303526215176,-2.83770527933292,0.00454391175192005,0.0150450915673282,"ENSG00000232973","downregulated",TRUE,FALSE,"TES_only_bound","TES_only_bound_downregulated"
"ENSG00000227630.4","LINC01132",8.17500328244299,-2.01952440709334,0.72861167849293,-2.77174312010829,0.00557570179385448,0.0179965258963938,"ENSG00000227630","downregulated",FALSE,TRUE,"TEAD1_only_bound","TEAD1_only_bound_downregulated"
"ENSG00000237222.4","LINC01968",13.1476685447485,-1.40398224482985,0.514604554839947,-2.72827403415914,0.00636666933488817,0.0201888558595483,"ENSG00000237222","downregulated",TRUE,TRUE,"TES_TEAD1_bound","TES_TEAD1_bound_downregulated"
"ENSG00000073737.17","DHRS9",12.6318985923226,-1.39011427474909,0.525145828115007,-2.64710143416517,0.00811849973300701,0.024956488591021,"ENSG00000073737","downregulated",TRUE,FALSE,"TES_only_bound","TES_only_bound_downregulated"
"ENSG00000258551.7","CRAT37",6.96699216112281,-1.94602832810729,0.738661865188132,-2.63453200959772,0.00842533592100489,0.025762157760797,"ENSG00000258551","downregulated",TRUE,FALSE,"TES_only_bound","TES_only_bound_downregulated"
"ENSG00000164743.5","C8orf48",13.9810794196344,-1.47730596943077,0.566343571672456,-2.60849781532466,0.00909405922256949,0.0275244590280888,"ENSG00000164743","downregulated",TRUE,TRUE,"TES_TEAD1_bound","TES_TEAD1_bound_downregulated"
"ENSG00000168631.14","MUCL3",2.51535814178841,-4.0251423635556,1.54581839609955,-2.60389084106641,0.00921721079697091,0.027845092169291,"ENSG00000168631","downregulated",FALSE,TRUE,"TEAD1_only_bound","TEAD1_only_bound_downregulated"
"ENSG00000169429.12","CXCL8",279.599306574608,-1.50610918030713,0.581041611515022,-2.59208488765557,0.0095396229725453,0.028671200949515,"ENSG00000169429","downregulated",TRUE,FALSE,"TES_only_bound","TES_only_bound_downregulated"
"ENSG00000161798.7","AQP5",5.19824096428101,-2.20863110580287,0.860095955869712,-2.56788918809593,0.0102319858783186,0.0304850536193953,"ENSG00000161798","downregulated",FALSE,TRUE,"TEAD1_only_bound","TEAD1_only_bound_downregulated"
"ENSG00000147573.17","TRIM55",2.18844593556888,-3.91031480597264,1.57343851138287,-2.48520344308589,0.0129477416160031,0.0373955350065805,"ENSG00000147573","downregulated",TRUE,TRUE,"TES_TEAD1_bound","TES_TEAD1_bound_downregulated"
"ENSG00000265957.1","MIR4319",9.86946639191845,-1.50128664086976,0.60512288524539,-2.48096159883452,0.0131028488229913,0.0377568348167092,"ENSG00000265957","downregulated",TRUE,FALSE,"TES_only_bound","TES_only_bound_downregulated"
"ENSG00000290039.1","LOC124904122",5.64112845213298,-2.08868164254587,0.843484107570002,-2.47625488589603,0.013276875575759,0.0381674617565701,"ENSG00000290039","downregulated",FALSE,TRUE,"TEAD1_only_bound","TEAD1_only_bound_downregulated"
"ENSG00000264395.1","MIR3193",9.8606076307623,-1.53106365244002,0.628572234081302,-2.43577996199239,0.0148597206385881,0.0420173970408358,"ENSG00000264395","downregulated",FALSE,TRUE,"TEAD1_only_bound","TEAD1_only_bound_downregulated"
"ENSG00000207002.1","LOC124906346",3.34143348995325,-2.79072054509982,1.15151877771512,-2.42351284156848,0.015371209801025,0.0432261987350954,"ENSG00000207002","downregulated",TRUE,TRUE,"TES_TEAD1_bound","TES_TEAD1_bound_downregulated"
"ENSG00000019186.10","CYP24A1",9.97252986065089,-1.39870132945133,0.585352996158205,-2.38950058961224,0.0168712967813141,0.0468071177809133,"ENSG00000019186","downregulated",TRUE,FALSE,"TES_only_bound","TES_only_bound_downregulated"
"ENSG00000162753.13","SLC9C2",11.7887409066527,-1.28021782897896,0.538606553053308,-2.37690726509273,0.0174584766792132,0.0482451623689809,"ENSG00000162753","downregulated",FALSE,TRUE,"TEAD1_only_bound","TEAD1_only_bound_downregulated"
