"gene_id","gene_symbol","baseMean","log2FoldChange","lfcSE","stat","pvalue","padj","ensembl_id","expression_status","tes_bound","tead1_bound","binding_status","combined_class"
"ENSG00000115461.5","IGFBP5",11030.6435420683,-5.72505377078695,0.118406107117238,-48.3510007226095,0,0,"ENSG00000115461","downregulated",FALSE,FALSE,"Neither_bound","Neither_bound_downregulated"
"ENSG00000177706.9","FAM20C",2900.80547062486,-4.47662121276052,0.124977778856074,-35.8193372752756,5.52284192104902e-281,3.12666490623655e-277,"ENSG00000177706","downregulated",FALSE,FALSE,"Neither_bound","Neither_bound_downregulated"
"ENSG00000259207.10","ITGB3",1536.58926328561,-4.24773261828121,0.130120324597604,-32.6446512596499,9.54364293345654e-234,2.94707693785138e-230,"ENSG00000259207","downregulated",FALSE,FALSE,"Neither_bound","Neither_bound_downregulated"
"ENSG00000186417.15","GLDN",2827.97531055777,-4.12653644841925,0.136565273687507,-30.2165868159261,1.43431098075037e-200,2.32003216162517e-197,"ENSG00000186417","downregulated",FALSE,FALSE,"Neither_bound","Neither_bound_downregulated"
"ENSG00000148773.14","MKI67",3601.78097644897,-3.56563641263512,0.122095886702335,-29.2035752304089,1.7467512841691e-187,2.04598784898814e-184,"ENSG00000148773","downregulated",FALSE,FALSE,"Neither_bound","Neither_bound_downregulated"
"ENSG00000189060.6","H1-0",1593.50489633205,-5.2924138910207,0.182605349201848,-28.9827976790022,1.0840409582209e-184,1.15070947715149e-181,"ENSG00000189060","downregulated",FALSE,FALSE,"Neither_bound","Neither_bound_downregulated"
"ENSG00000149212.12","SESN3",10331.5374384317,-3.09524265977286,0.108449841791065,-28.5407761657784,3.65622255544629e-179,3.65278140480587e-176,"ENSG00000149212","downregulated",FALSE,FALSE,"Neither_bound","Neither_bound_downregulated"
"ENSG00000277775.2","H3C7",604.345812290723,-5.76368060282546,0.209503876494322,-27.5110928698337,1.29344917050858e-166,1.04609241485323e-163,"ENSG00000277775","downregulated",FALSE,FALSE,"Neither_bound","Neither_bound_downregulated"
"ENSG00000124575.7","H1-3",550.663973311776,-4.81737973884202,0.17733436625513,-27.1655169867711,1.66036624057971e-162,1.2533182324447e-159,"ENSG00000124575","downregulated",FALSE,FALSE,"Neither_bound","Neither_bound_downregulated"
"ENSG00000184357.5","H1-5",660.479029025487,-5.28724390216576,0.196220901568458,-26.9453654524217,6.4642043225364e-160,4.77339331365035e-157,"ENSG00000184357","downregulated",FALSE,FALSE,"Neither_bound","Neither_bound_downregulated"
"ENSG00000276966.3","H4C5",673.677610367901,-5.26540098100793,0.196538552781789,-26.7906774853174,4.14959552567981e-158,2.87660124114881e-155,"ENSG00000276966","downregulated",FALSE,FALSE,"Neither_bound","Neither_bound_downregulated"
"ENSG00000186185.14","KIF18B",634.144656343572,-3.90802466545713,0.150688018760214,-25.9345414294407,2.7169931953135e-148,1.64805044390016e-145,"ENSG00000186185","downregulated",FALSE,FALSE,"Neither_bound","Neither_bound_downregulated"
"ENSG00000114480.13","GBE1",1477.26682241053,-3.74262091969869,0.14443741575366,-25.911713389291,4.91444104572778e-148,2.92866199019792e-145,"ENSG00000114480","downregulated",FALSE,FALSE,"Neither_bound","Neither_bound_downregulated"
"ENSG00000133106.15","EPSTI1",991.89938774535,-3.75459301799046,0.145424912526757,-25.8180868240141,5.55580752334798e-147,3.19863847378109e-144,"ENSG00000133106","downregulated",FALSE,FALSE,"Neither_bound","Neither_bound_downregulated"
"ENSG00000273983.2","H3C8",480.053813718548,-4.85005590861412,0.192904561755825,-25.1422561730459,1.71753162295384e-139,8.97555602592245e-137,"ENSG00000273983","downregulated",FALSE,FALSE,"Neither_bound","Neither_bound_downregulated"
"ENSG00000047188.16","YTHDC2",895.926300335852,-3.49153892902339,0.141433700455218,-24.6867537071118,1.48409597145948e-134,7.52414506843815e-132,"ENSG00000047188","downregulated",FALSE,FALSE,"Neither_bound","Neither_bound_downregulated"
"ENSG00000183856.11","IQGAP3",485.936734013689,-3.90097834481103,0.160401441294972,-24.3200953390268,1.20173396624236e-130,5.83149990933152e-128,"ENSG00000183856","downregulated",FALSE,FALSE,"Neither_bound","Neither_bound_downregulated"
"ENSG00000182168.16","UNC5C",1723.78913363643,-3.14050847859916,0.129396155132708,-24.2704930094583,4.01847894285551e-130,1.84459044230968e-127,"ENSG00000182168","downregulated",FALSE,FALSE,"Neither_bound","Neither_bound_downregulated"
"ENSG00000197061.5","H4C3",601.18317161919,-4.23533017079027,0.176569721333276,-23.986729654492,3.82548175253908e-127,1.7097890022401e-124,"ENSG00000197061","downregulated",FALSE,FALSE,"Neither_bound","Neither_bound_downregulated"
"ENSG00000182263.14","FIGN",1758.04078337863,-2.79619620269653,0.122657454087703,-22.796789836329,4.93398091754586e-115,1.48316339652387e-112,"ENSG00000182263","downregulated",FALSE,FALSE,"Neither_bound","Neither_bound_downregulated"
"ENSG00000106278.12","PTPRZ1",2713.3286157936,-2.98564804300003,0.131585374461925,-22.6898168220356,5.64723621641305e-114,1.6536665499924e-111,"ENSG00000106278","downregulated",FALSE,FALSE,"Neither_bound","Neither_bound_downregulated"
"ENSG00000131747.15","TOP2A",2676.69769442492,-3.36581276900899,0.148380254809549,-22.6836971895561,6.49004576185524e-114,1.86825317320931e-111,"ENSG00000131747","downregulated",FALSE,FALSE,"Neither_bound","Neither_bound_downregulated"
"ENSG00000155761.14","SPAG17",805.204177655086,-3.29988037080116,0.1476794175867,-22.3448902001787,1.35380518390112e-110,3.70855278118979e-108,"ENSG00000155761","downregulated",FALSE,FALSE,"Neither_bound","Neither_bound_downregulated"
"ENSG00000231566.4","ENSG00000231566.4",611.232715365756,-4.11458718571562,0.184916090523445,-22.2511041308974,1.10050039640969e-109,2.96680932263845e-107,"ENSG00000231566","downregulated",FALSE,FALSE,"Neither_bound","Neither_bound_downregulated"
"ENSG00000169991.11","IFFO2",2336.89836819389,-2.90399545547578,0.130706545644228,-22.2176742653747,2.31765320027982e-109,6.10279410132595e-107,"ENSG00000169991","downregulated",FALSE,FALSE,"Neither_bound","Neither_bound_downregulated"
"ENSG00000222041.13","CYTOR",524.381729333646,-3.47570757349294,0.156812125846348,-22.1647883078799,7.51223667285671e-109,1.95419458468071e-106,"ENSG00000222041","downregulated",FALSE,FALSE,"Neither_bound","Neither_bound_downregulated"
"ENSG00000118432.13","CNR1",8070.2948132652,-2.7185090584044,0.122650702593036,-22.1646431771746,7.53648994916311e-109,1.95419458468071e-106,"ENSG00000118432","downregulated",FALSE,FALSE,"Neither_bound","Neither_bound_downregulated"
"ENSG00000277157.2","H4C4",604.018514864038,-4.17746310717727,0.190461222474287,-21.9334048837224,1.24735437475865e-106,3.0702995218697e-104,"ENSG00000277157","downregulated",FALSE,FALSE,"Neither_bound","Neither_bound_downregulated"
"ENSG00000071282.12","LMCD1",680.412679217721,-3.22037059286635,0.147889582339795,-21.775506711941,3.9606708076138e-105,9.60971899950183e-103,"ENSG00000071282","downregulated",FALSE,FALSE,"Neither_bound","Neither_bound_downregulated"
"ENSG00000185942.13","NKAIN3",1226.69360996453,-3.61376794806725,0.166887005739549,-21.6539803806359,5.57512336903339e-104,1.32430622796732e-101,"ENSG00000185942","downregulated",FALSE,FALSE,"Neither_bound","Neither_bound_downregulated"
"ENSG00000076641.4","PAG1",467.068031158589,-3.50580663051506,0.163230993446036,-21.4775794504619,2.52316182424881e-102,5.8303918942914e-100,"ENSG00000076641","downregulated",FALSE,FALSE,"Neither_bound","Neither_bound_downregulated"
"ENSG00000112276.14","POPDC1",2896.04984273349,-2.72089082049974,0.12735314370728,-21.3649285859303,2.83285963064465e-101,6.4581594586401e-99,"ENSG00000112276","downregulated",FALSE,FALSE,"Neither_bound","Neither_bound_downregulated"
"ENSG00000173598.14","NUDT4",2975.77682338686,-2.59334223195027,0.122325254359114,-21.2003829097867,9.47226707302976e-100,2.10296711069722e-97,"ENSG00000173598","downregulated",FALSE,FALSE,"Neither_bound","Neither_bound_downregulated"
"ENSG00000136709.12","WDR33",844.960707019262,-2.7425822427732,0.130896223628066,-20.9523404629769,1.78632743526016e-97,3.84037786841247e-95,"ENSG00000136709","downregulated",FALSE,FALSE,"Neither_bound","Neither_bound_downregulated"
"ENSG00000117569.20","PTBP2",1234.59824795421,-2.71793628306409,0.130250603069315,-20.8669765745169,1.06883633036689e-96,2.255045495025e-94,"ENSG00000117569","downregulated",FALSE,FALSE,"Neither_bound","Neither_bound_downregulated"
"ENSG00000008441.19","NFIX",5040.88518818899,-2.53560146678647,0.122001757881723,-20.7833191161447,6.12726375024998e-96,1.26909082358836e-93,"ENSG00000008441","downregulated",FALSE,FALSE,"Neither_bound","Neither_bound_downregulated"
"ENSG00000151718.16","WWC2",918.763165824063,-2.86446450765268,0.13812149689809,-20.7387305523207,1.54961315447554e-95,3.19013694734699e-93,"ENSG00000151718","downregulated",FALSE,FALSE,"Neither_bound","Neither_bound_downregulated"
"ENSG00000125827.9","TMX4",968.829918406148,-2.8639295809013,0.138973775488054,-20.6076978972733,2.3410401981983e-94,4.57014100301149e-92,"ENSG00000125827","downregulated",FALSE,FALSE,"Neither_bound","Neither_bound_downregulated"
"ENSG00000104047.15","DTWD1",344.651949088909,-3.92699589639045,0.190836913022404,-20.5777584336078,4.34305364012981e-94,8.38209352545054e-92,"ENSG00000104047","downregulated",FALSE,FALSE,"Neither_bound","Neither_bound_downregulated"
"ENSG00000278588.2","H2BC10",269.773512406835,-4.69964491570344,0.228839982639146,-20.5368173057164,1.00965976817474e-93,1.92674848344718e-91,"ENSG00000278588","downregulated",FALSE,FALSE,"Neither_bound","Neither_bound_downregulated"
"ENSG00000049130.16","KITLG",366.505503600729,-3.68828437349792,0.180707252901371,-20.4102730481492,1.35525500551483e-92,2.52941219930373e-90,"ENSG00000049130","downregulated",FALSE,FALSE,"Neither_bound","Neither_bound_downregulated"
"ENSG00000242498.8","ARPIN",384.662097683634,-3.3404961049837,0.1643499215843,-20.3255107929593,7.648884561323e-92,1.40441789610281e-89,"ENSG00000242498","downregulated",FALSE,FALSE,"Neither_bound","Neither_bound_downregulated"
"ENSG00000123485.12","HJURP",339.735975948653,-4.06861910306412,0.202579086353243,-20.0841023439584,1.01643960995427e-89,1.82679474449348e-87,"ENSG00000123485","downregulated",FALSE,FALSE,"Neither_bound","Neither_bound_downregulated"
"ENSG00000146802.13","TMEM168",326.866221832152,-3.70309792069358,0.18453308819534,-20.0673925576622,1.42275573461911e-89,2.54358772597589e-87,"ENSG00000146802","downregulated",FALSE,FALSE,"Neither_bound","Neither_bound_downregulated"
"ENSG00000224078.15","ENSG00000224078.15",2853.32045692939,-3.09086403407146,0.15512946230432,-19.9244166012003,2.4994209961365e-88,4.35386319983409e-86,"ENSG00000224078","downregulated",FALSE,FALSE,"Neither_bound","Neither_bound_downregulated"
"ENSG00000164692.19","COL1A2",10105.5506159149,-2.41314459203315,0.121804459305825,-19.8116276348656,2.3631989949761e-87,4.074778855906e-85,"ENSG00000164692","downregulated",FALSE,FALSE,"Neither_bound","Neither_bound_downregulated"
"ENSG00000174231.18","PRPF8",5609.32177917669,-2.28708183078602,0.115489511530487,-19.80337262213,2.78414837696368e-87,4.77636121559103e-85,"ENSG00000174231","downregulated",FALSE,FALSE,"Neither_bound","Neither_bound_downregulated"
"ENSG00000152256.14","PDK1",1960.0217174249,-2.54245536268955,0.128734578006134,-19.749591772992,8.0868860810483e-87,1.3803786251309e-84,"ENSG00000152256","downregulated",FALSE,FALSE,"Neither_bound","Neither_bound_downregulated"
"ENSG00000171241.9","SHCBP1",443.415820733669,-3.34700325642433,0.172295736868324,-19.4259203231607,4.65958025576746e-84,7.39610383775276e-82,"ENSG00000171241","downregulated",FALSE,FALSE,"Neither_bound","Neither_bound_downregulated"
"ENSG00000242759.10","ENSG00000242759.10",770.500618256522,-3.3361868761295,0.172301750765054,-19.3624664944852,1.60036340404918e-83,2.52842530738337e-81,"ENSG00000242759","downregulated",FALSE,FALSE,"Neither_bound","Neither_bound_downregulated"
"ENSG00000089685.15","BIRC5",650.60741390082,-3.49391587625654,0.180916285213877,-19.3123348300352,4.23009986441416e-83,6.65222371270464e-81,"ENSG00000089685","downregulated",FALSE,FALSE,"Neither_bound","Neither_bound_downregulated"
"ENSG00000278705.3","H4C2",615.526291756937,-3.23726467978814,0.168727005321509,-19.186405125958,4.8076825478536e-82,7.35618742276987e-80,"ENSG00000278705","downregulated",FALSE,FALSE,"Neither_bound","Neither_bound_downregulated"
"ENSG00000278828.2","H3C10",634.901203212488,-2.83001513874614,0.147885094586545,-19.1365813211822,1.25221602943579e-81,1.90741139407511e-79,"ENSG00000278828","downregulated",FALSE,FALSE,"Neither_bound","Neither_bound_downregulated"
"ENSG00000136542.9","GALNT5",372.346866448497,-7.66844011102638,0.401429792195617,-19.1028176286665,2.39222247388119e-81,3.62763450860698e-79,"ENSG00000136542","downregulated",FALSE,FALSE,"Neither_bound","Neither_bound_downregulated"
"ENSG00000170471.15","RALGAPB",1440.31287880129,-2.50573179416672,0.131495540971442,-19.055640789454,5.89898231530221e-81,8.9056280571638e-79,"ENSG00000170471","downregulated",FALSE,FALSE,"Neither_bound","Neither_bound_downregulated"
"ENSG00000129317.15","PUS7L",347.547489326208,-3.10073192598766,0.16304045842381,-19.018174727696,1.20609766438725e-80,1.79687392385553e-78,"ENSG00000129317","downregulated",FALSE,FALSE,"Neither_bound","Neither_bound_downregulated"
"ENSG00000134690.11","CDCA8",274.473693625479,-3.80592771357345,0.200880759692332,-18.9462033068901,4.74616042658966e-80,6.86352634889263e-78,"ENSG00000134690","downregulated",FALSE,FALSE,"Neither_bound","Neither_bound_downregulated"
"ENSG00000112773.16","TENT5A",3384.64923259375,-2.43850862353654,0.128947148031502,-18.9109155244039,9.27327720498775e-80,1.33472322075858e-77,"ENSG00000112773","downregulated",FALSE,FALSE,"Neither_bound","Neither_bound_downregulated"
"ENSG00000229989.6","ENSG00000229989.6",369.53829494029,-3.56494579586258,0.189022792717421,-18.8598726355291,2.43806489264933e-79,3.479671776198e-77,"ENSG00000229989","downregulated",FALSE,FALSE,"Neither_bound","Neither_bound_downregulated"
"ENSG00000276903.2","H2AC16",217.187555986192,-4.40822761709874,0.233966139313383,-18.8413059686137,3.46314360108409e-79,4.90150257673435e-77,"ENSG00000276903","downregulated",FALSE,FALSE,"Neither_bound","Neither_bound_downregulated"
"ENSG00000102893.18","PHKB",1487.7830384382,-2.37581725163925,0.126477877464386,-18.7844491010551,1.01231351133951e-78,1.42092005591654e-76,"ENSG00000102893","downregulated",FALSE,FALSE,"Neither_bound","Neither_bound_downregulated"
"ENSG00000168298.7","H1-4",1777.21266849982,-2.66967102079375,0.142342840345669,-18.7552181360906,1.75496214249327e-78,2.45319152494697e-76,"ENSG00000168298","downregulated",FALSE,FALSE,"Neither_bound","Neither_bound_downregulated"
"ENSG00000137812.21","KNL1",416.087031129327,-2.81104692950846,0.150080902228294,-18.7302107581448,2.80802161686347e-78,3.89317870537217e-76,"ENSG00000137812","downregulated",FALSE,FALSE,"Neither_bound","Neither_bound_downregulated"
"ENSG00000161888.12","SPC24",267.899876111663,-3.36414488187744,0.180071661528222,-18.6822560158928,6.9038685190949e-78,9.41809662074762e-76,"ENSG00000161888","downregulated",FALSE,FALSE,"Neither_bound","Neither_bound_downregulated"
"ENSG00000108924.14","HLF",238.276383309465,-3.5833631287258,0.192645061556508,-18.6008564132058,3.16215539693816e-77,4.29648378092782e-75,"ENSG00000108924","downregulated",FALSE,FALSE,"Neither_bound","Neither_bound_downregulated"
"ENSG00000088325.16","TPX2",1065.07761760702,-2.89755369920756,0.156135694496165,-18.557919818128,7.03774163692383e-77,9.48642888583447e-75,"ENSG00000088325","downregulated",FALSE,FALSE,"Neither_bound","Neither_bound_downregulated"
"ENSG00000156463.18","SH3RF2",293.112655827451,-3.34411046523173,0.180439407147995,-18.5331492609533,1.11562352574611e-76,1.49194881584819e-74,"ENSG00000156463","downregulated",FALSE,FALSE,"Neither_bound","Neither_bound_downregulated"
"ENSG00000134824.14","FADS2",674.133840476413,-2.51908961795135,0.136325017101986,-18.4785571386857,3.07289550288979e-76,4.07734822039689e-74,"ENSG00000134824","downregulated",FALSE,FALSE,"Neither_bound","Neither_bound_downregulated"
"ENSG00000079739.17","PGM1",671.181663830735,-2.48128865341167,0.134827221935422,-18.4034694017513,1.23217058904499e-75,1.62226242514264e-73,"ENSG00000079739","downregulated",FALSE,FALSE,"Neither_bound","Neither_bound_downregulated"
"ENSG00000237649.8","KIFC1",320.470907434661,-3.47156187345364,0.188686420280742,-18.3985782775908,1.34856797846973e-75,1.76865471400231e-73,"ENSG00000237649","downregulated",FALSE,FALSE,"Neither_bound","Neither_bound_downregulated"
"ENSG00000074527.13","NTN4",404.152828276886,-3.22993516123233,0.176053734738046,-18.3463029968561,3.53352678663838e-75,4.54647113214138e-73,"ENSG00000074527","downregulated",FALSE,FALSE,"Neither_bound","Neither_bound_downregulated"
"ENSG00000187325.5","TAF9B",645.413239972665,-2.55364098456056,0.140137754858093,-18.2223626113209,3.43019528840526e-74,4.34764453569216e-72,"ENSG00000187325","downregulated",FALSE,FALSE,"Neither_bound","Neither_bound_downregulated"
"ENSG00000165655.17","ZNF503",923.431386624717,-2.74664988370739,0.151756698790763,-18.09903553249,3.24296618682964e-73,4.00571183397197e-71,"ENSG00000165655","downregulated",FALSE,FALSE,"Neither_bound","Neither_bound_downregulated"
"ENSG00000111206.13","FOXM1",413.342215248805,-2.82741006980946,0.156604654066232,-18.054444720485,7.27902410296521e-73,8.92613323933293e-71,"ENSG00000111206","downregulated",FALSE,FALSE,"Neither_bound","Neither_bound_downregulated"
"ENSG00000136160.17","EDNRB",201.48698357754,-4.67875689618622,0.259398240523473,-18.0369646561378,9.98815285331216e-73,1.21170562900467e-70,"ENSG00000136160","downregulated",FALSE,FALSE,"Neither_bound","Neither_bound_downregulated"
"ENSG00000075218.19","GTSE1",235.638106432222,-3.75532134807887,0.208502848125086,-18.0108875339005,1.60041783167909e-72,1.92776570590338e-70,"ENSG00000075218","downregulated",FALSE,FALSE,"Neither_bound","Neither_bound_downregulated"
"ENSG00000105976.16","MET",4325.24853648427,-2.14837531257233,0.119406476610647,-17.9921171242462,2.2461029410518e-72,2.69595847002288e-70,"ENSG00000105976","downregulated",FALSE,FALSE,"Neither_bound","Neither_bound_downregulated"
"ENSG00000048540.16","LMO3",623.385156011459,-2.65882794854466,0.148746465998606,-17.8748982753619,1.85012466034475e-71,2.18972245514252e-69,"ENSG00000048540","downregulated",FALSE,FALSE,"Neither_bound","Neither_bound_downregulated"
"ENSG00000163428.4","LRRC58",1436.15243262772,-2.28040921850406,0.128019708510196,-17.8129543102532,5.60706008291691e-71,6.54503838132377e-69,"ENSG00000163428","downregulated",FALSE,FALSE,"Neither_bound","Neither_bound_downregulated"
"ENSG00000178695.6","KCTD12",829.261129239589,-2.412030287591,0.13544957715149,-17.8075881690892,6.17123133919649e-71,7.17891733321324e-69,"ENSG00000178695","downregulated",FALSE,FALSE,"Neither_bound","Neither_bound_downregulated"
"ENSG00000165617.16","DACT1",350.971069065771,-3.01239994947367,0.169468131399381,-17.7756131763466,1.0919724113265e-70,1.25735996162503e-68,"ENSG00000165617","downregulated",FALSE,FALSE,"Neither_bound","Neither_bound_downregulated"
"ENSG00000119403.15","PHF19",643.189357761406,-2.58463836238456,0.145576512670085,-17.7545011552931,1.59077745269013e-70,1.82552461192494e-68,"ENSG00000119403","downregulated",FALSE,FALSE,"Neither_bound","Neither_bound_downregulated"
"ENSG00000288557.1","ENSG00000288557.1",207.891356201422,-5.204806358753,0.293347450562063,-17.742804134757,1.95909794079266e-70,2.23310868633709e-68,"ENSG00000288557","downregulated",FALSE,FALSE,"Neither_bound","Neither_bound_downregulated"
"ENSG00000100201.23","DDX17",6770.93336738877,-2.08140050100883,0.117341362162572,-17.7379950483712,2.13415040839509e-70,2.42376231151034e-68,"ENSG00000100201","downregulated",FALSE,FALSE,"Neither_bound","Neither_bound_downregulated"
"ENSG00000169570.10","DTWD2",181.588734662019,-4.23746243209868,0.238976028538698,-17.7317468116368,2.38507462337305e-70,2.69156859823042e-68,"ENSG00000169570","downregulated",FALSE,FALSE,"Neither_bound","Neither_bound_downregulated"
"ENSG00000151292.19","CSNK1G3",549.800537680192,-2.90206720178388,0.163838103535458,-17.7130175408543,3.32745549712816e-70,3.74261616974998e-68,"ENSG00000151292","downregulated",FALSE,FALSE,"Neither_bound","Neither_bound_downregulated"
"ENSG00000151883.19","PARP8",453.626955708863,-2.9664540793852,0.168411210024463,-17.6143504874426,1.91170802619177e-69,2.143131954907e-67,"ENSG00000151883","downregulated",FALSE,FALSE,"Neither_bound","Neither_bound_downregulated"
"ENSG00000183878.16","UTY",608.497529437867,-2.61856133816523,0.148728398342101,-17.6063305149167,2.20270040830315e-69,2.46122787727768e-67,"ENSG00000183878","downregulated",FALSE,FALSE,"Neither_bound","Neither_bound_downregulated"
"ENSG00000197603.16","CPLANE1",1342.00757790274,-2.24703791799305,0.127952277066791,-17.5615312951414,4.85477117715591e-69,5.38911331194876e-67,"ENSG00000197603","downregulated",FALSE,FALSE,"Neither_bound","Neither_bound_downregulated"
"ENSG00000275713.3","H2BC9",397.053781734544,-3.20408070010393,0.182598019167343,-17.5471821365572,6.2505184323618e-69,6.91588306548747e-67,"ENSG00000275713","downregulated",FALSE,FALSE,"Neither_bound","Neither_bound_downregulated"
"ENSG00000105519.18","CAPS",1850.23237407786,-2.94170179152229,0.167782169240529,-17.5328630261368,8.04164025864474e-69,8.84007884484286e-67,"ENSG00000105519","downregulated",FALSE,FALSE,"Neither_bound","Neither_bound_downregulated"
"ENSG00000253729.9","PRKDC",5927.1065926557,-2.01047730423636,0.11521767294742,-17.4493830052777,3.47971122863871e-68,3.77632047969328e-66,"ENSG00000253729","downregulated",FALSE,FALSE,"Neither_bound","Neither_bound_downregulated"
"ENSG00000178999.13","AURKB",246.175364895414,-3.50319492491917,0.200987548953366,-17.4299101768339,4.89227737330241e-68,5.29238464383237e-66,"ENSG00000178999","downregulated",FALSE,FALSE,"Neither_bound","Neither_bound_downregulated"
"ENSG00000196968.11","FUT11",1091.39039813799,-2.26496838586921,0.130096176275679,-17.4099535490547,6.93401633523261e-68,7.47729101191052e-66,"ENSG00000196968","downregulated",FALSE,FALSE,"Neither_bound","Neither_bound_downregulated"
"ENSG00000131437.16","KIF3A",454.123487427635,-2.65458358201295,0.152560109294418,-17.4002469865173,8.21479633834006e-68,8.83038613989668e-66,"ENSG00000131437","downregulated",FALSE,FALSE,"Neither_bound","Neither_bound_downregulated"
"ENSG00000164096.13","C4orf3",359.754503040748,-4.10578546637457,0.236234769288506,-17.380106572544,1.16736356107116e-67,1.25088345244369e-65,"ENSG00000164096","downregulated",FALSE,FALSE,"Neither_bound","Neither_bound_downregulated"
"ENSG00000109805.10","NCAPG",579.624842390173,-2.66443828676844,0.153512120857386,-17.3565336201936,1.76036083401691e-67,1.88037537138008e-65,"ENSG00000109805","downregulated",FALSE,FALSE,"Neither_bound","Neither_bound_downregulated"
"ENSG00000178878.13","APOLD1",268.230084698394,-3.4805873846599,0.201209636281593,-17.2983135846875,4.84360851214031e-67,5.10955571243422e-65,"ENSG00000178878","downregulated",FALSE,FALSE,"Neither_bound","Neither_bound_downregulated"
"ENSG00000288927.2","ENSG00000288927.2",197.562878666609,-5.58828520954978,0.324142638270478,-17.2402040020625,1.32568201047927e-66,1.37708766152783e-64,"ENSG00000288927","downregulated",FALSE,FALSE,"Neither_bound","Neither_bound_downregulated"
"ENSG00000131269.19","ABCB7",371.313741149601,-2.97663046026059,0.173376099303894,-17.1686320791146,4.560411148608e-66,4.72280627731453e-64,"ENSG00000131269","downregulated",FALSE,FALSE,"Neither_bound","Neither_bound_downregulated"
"ENSG00000240184.7","PCDHGC3",1300.60708239328,-2.16802220541319,0.126987963334963,-17.0726590810381,2.37148292380512e-65,2.4410464229034e-63,"ENSG00000240184","downregulated",FALSE,FALSE,"Neither_bound","Neither_bound_downregulated"
"ENSG00000101057.16","MYBL2",264.076793041973,-3.20487175655951,0.188022639883681,-17.0451375352573,3.79849577485049e-65,3.88636459277474e-63,"ENSG00000101057","downregulated",FALSE,FALSE,"Neither_bound","Neither_bound_downregulated"
"ENSG00000131374.15","TBC1D5",859.955001177471,-2.25678355803256,0.132426450697255,-17.0417884504953,4.02240633442796e-65,4.10309604708255e-63,"ENSG00000131374","downregulated",FALSE,FALSE,"Neither_bound","Neither_bound_downregulated"
"ENSG00000112715.26","VEGFA",6493.09021922201,-2.21874261636616,0.130251217818241,-17.0343329876754,4.56921562873913e-65,4.64691965500033e-63,"ENSG00000112715","downregulated",FALSE,FALSE,"Neither_bound","Neither_bound_downregulated"
"ENSG00000164904.18","ALDH7A1",669.027667036766,-2.46666117912176,0.145097543528284,-17.0000202563107,8.20915531491925e-65,8.32383843991574e-63,"ENSG00000164904","downregulated",FALSE,FALSE,"Neither_bound","Neither_bound_downregulated"
"ENSG00000119969.16","HELLS",819.556559511942,-2.60409519307217,0.153503443783586,-16.9644089336751,1.506074723063e-64,1.52256982717274e-62,"ENSG00000119969","downregulated",FALSE,FALSE,"Neither_bound","Neither_bound_downregulated"
"ENSG00000242265.6","PEG10",13077.4898634548,-1.81713444002046,0.107469304343923,-16.9084042286649,3.9012979376207e-64,3.89762612779706e-62,"ENSG00000242265","downregulated",FALSE,FALSE,"Neither_bound","Neither_bound_downregulated"
"ENSG00000178852.16","EFCAB13",503.026889121255,-3.47855737617408,0.206070049113231,-16.8804607517839,6.26539164434228e-64,6.24113851539644e-62,"ENSG00000178852","downregulated",FALSE,FALSE,"Neither_bound","Neither_bound_downregulated"
"ENSG00000116641.18","DOCK7",2517.6251819881,-2.03626535714654,0.121008990165943,-16.8273890588969,1.53733356825877e-63,1.51802751879691e-61,"ENSG00000116641","downregulated",FALSE,FALSE,"Neither_bound","Neither_bound_downregulated"
"ENSG00000008513.17","ST3GAL1",1681.82718172986,-2.08250075826488,0.124096139757136,-16.781350027007,3.3415240670117e-63,3.28048813607669e-61,"ENSG00000008513","downregulated",FALSE,FALSE,"Neither_bound","Neither_bound_downregulated"
"ENSG00000196747.5","H2AC13",237.873294130922,-3.16949901845884,0.189117496068917,-16.7594172106838,4.83338690917886e-63,4.70431193498531e-61,"ENSG00000196747","downregulated",FALSE,FALSE,"Neither_bound","Neither_bound_downregulated"
"ENSG00000197496.6","SLC2A10",227.903934254514,-3.29303065821162,0.196582959190781,-16.7513535851079,5.5352375686326e-63,5.3567222145673e-61,"ENSG00000197496","downregulated",FALSE,FALSE,"Neither_bound","Neither_bound_downregulated"
"ENSG00000215105.4","ENSG00000215105.4",144.633706954294,-4.41141074213839,0.263543312221551,-16.7388453341965,6.83002365106802e-63,6.57230151216653e-61,"ENSG00000215105","downregulated",FALSE,FALSE,"Neither_bound","Neither_bound_downregulated"
"ENSG00000198954.9","KIFBP",417.955891895922,-2.78027711949821,0.166399297773272,-16.7084666624404,1.13722290870896e-62,1.08814613416974e-60,"ENSG00000198954","downregulated",FALSE,FALSE,"Neither_bound","Neither_bound_downregulated"
"ENSG00000173039.20","RELA",854.264560481193,-2.22521811566415,0.133221120580049,-16.7031932022151,1.24234437335712e-62,1.17876965570376e-60,"ENSG00000173039","downregulated",FALSE,FALSE,"Neither_bound","Neither_bound_downregulated"
"ENSG00000121481.11","RNF2",291.253323236829,-3.34478308592178,0.200957322709354,-16.6442458569144,3.33136483951467e-62,3.09179783794083e-60,"ENSG00000121481","downregulated",FALSE,FALSE,"Neither_bound","Neither_bound_downregulated"
"ENSG00000168056.18","LTBP3",5961.57058016194,-2.04183747900346,0.122981782598188,-16.6027637253775,6.65546381511293e-62,6.14328246934119e-60,"ENSG00000168056","downregulated",FALSE,FALSE,"Neither_bound","Neither_bound_downregulated"
"ENSG00000126787.13","DLGAP5",243.65240087527,-4.02983846991468,0.242974424340384,-16.5854430187651,8.88083939964319e-62,8.17518571076097e-60,"ENSG00000126787","downregulated",FALSE,FALSE,"Neither_bound","Neither_bound_downregulated"
"ENSG00000145623.13","OSMR",1633.30946207665,-2.11106121939754,0.127476136403559,-16.5604424401005,1.3460062481451e-61,1.2357064928917e-59,"ENSG00000145623","downregulated",FALSE,FALSE,"Neither_bound","Neither_bound_downregulated"
"ENSG00000185130.6","H2BC13",175.129271513483,-3.6792146682502,0.224680204214325,-16.3753397016702,2.86901120092535e-60,2.55116681866576e-58,"ENSG00000185130","downregulated",FALSE,FALSE,"Neither_bound","Neither_bound_downregulated"
"ENSG00000175063.17","UBE2C",221.605946005313,-3.79249625977249,0.232013834758521,-16.3459918832845,4.645495005634e-60,4.09865387925651e-58,"ENSG00000175063","downregulated",FALSE,FALSE,"Neither_bound","Neither_bound_downregulated"
"ENSG00000134057.15","CCNB1",533.228697832971,-3.20632575931806,0.19635127387028,-16.3295388724411,6.08424723707775e-60,5.32653892136745e-58,"ENSG00000134057","downregulated",FALSE,FALSE,"Neither_bound","Neither_bound_downregulated"
"ENSG00000069275.13","NUCKS1",4865.93498752186,-1.92099483757148,0.117647180329503,-16.3284392553329,6.19489454334716e-60,5.40946472618037e-58,"ENSG00000069275","downregulated",FALSE,FALSE,"Neither_bound","Neither_bound_downregulated"
"ENSG00000116132.12","PRRX1",1671.52143135422,-2.06534801811558,0.12679133088489,-16.2893472582178,1.17476354442992e-59,1.01023716651128e-57,"ENSG00000116132","downregulated",FALSE,FALSE,"Neither_bound","Neither_bound_downregulated"
"ENSG00000275023.5","MLLT6",1796.00890807639,-1.90299682515543,0.117009226294674,-16.2636476235041,1.78770766994456e-59,1.5295933030901e-57,"ENSG00000275023","downregulated",FALSE,FALSE,"Neither_bound","Neither_bound_downregulated"
"ENSG00000165891.16","E2F7",259.019212107293,-3.31600827810219,0.203988870252742,-16.2558294185053,2.03101039033544e-59,1.73340102861593e-57,"ENSG00000165891","downregulated",FALSE,FALSE,"Neither_bound","Neither_bound_downregulated"
"ENSG00000117399.14","CDC20",536.636613076335,-3.14653032490111,0.193965779817804,-16.2220899369812,3.52010106031799e-59,2.99676172473387e-57,"ENSG00000117399","downregulated",FALSE,FALSE,"Neither_bound","Neither_bound_downregulated"
"ENSG00000275379.2","H3C11",145.099982808926,-4.90844473631863,0.302743884865996,-16.2131920137421,4.06875715768601e-59,3.45518857830696e-57,"ENSG00000275379","downregulated",FALSE,FALSE,"Neither_bound","Neither_bound_downregulated"
"ENSG00000112078.14","KCTD20",1272.8722125187,-2.09195035006036,0.129257092801509,-16.1844143692201,6.49650425963868e-59,5.48938449481111e-57,"ENSG00000112078","downregulated",FALSE,FALSE,"Neither_bound","Neither_bound_downregulated"
"ENSG00000177283.8","FZD8",231.364006350879,-3.01023940504548,0.186797171763916,-16.1150159642137,2.0011228861158e-58,1.68252827216786e-56,"ENSG00000177283","downregulated",FALSE,FALSE,"Neither_bound","Neither_bound_downregulated"
"ENSG00000100852.14","ARHGAP5",2623.97478754259,-1.91255670890039,0.119039157493167,-16.0666183227159,4.3730077754711e-58,3.64074333620594e-56,"ENSG00000100852","downregulated",FALSE,FALSE,"Neither_bound","Neither_bound_downregulated"
"ENSG00000112742.10","TTK",256.945267296308,-3.59625436257132,0.224208516221332,-16.039775933494,6.73970782376723e-58,5.58376574043232e-56,"ENSG00000112742","downregulated",FALSE,FALSE,"Neither_bound","Neither_bound_downregulated"
"ENSG00000107159.14","CA9",759.617570358897,-3.08501981433851,0.19368961841512,-15.9276467142737,4.07403506382311e-57,3.34267688521603e-55,"ENSG00000107159","downregulated",FALSE,FALSE,"Neither_bound","Neither_bound_downregulated"
"ENSG00000233822.6","H2BC15",336.734985525155,-2.69683357277825,0.169798841799237,-15.8825204235897,8.37445980604388e-57,6.83806852624276e-55,"ENSG00000233822","downregulated",FALSE,FALSE,"Neither_bound","Neither_bound_downregulated"
"ENSG00000114279.15","FGF12",751.448531760176,-2.16706489234681,0.13654412074343,-15.870803375114,1.0094053154027e-56,8.22241720709808e-55,"ENSG00000114279","downregulated",FALSE,FALSE,"Neither_bound","Neither_bound_downregulated"
"ENSG00000177119.17","ANO6",903.036868551405,-2.17471469021897,0.13715043456847,-15.8564185163648,1.26928897248421e-56,1.03146430185033e-54,"ENSG00000177119","downregulated",FALSE,FALSE,"Neither_bound","Neither_bound_downregulated"
"ENSG00000101298.15","SNPH",208.60446006006,-3.05711046146969,0.193304220018004,-15.8150218406249,2.45124667506596e-56,1.98247492996763e-54,"ENSG00000101298","downregulated",FALSE,FALSE,"Neither_bound","Neither_bound_downregulated"
"ENSG00000105220.17","GPI",6391.43582667696,-1.89969953867499,0.120559509944565,-15.7573594944811,6.11343923418424e-56,4.93257253935322e-54,"ENSG00000105220","downregulated",FALSE,FALSE,"Neither_bound","Neither_bound_downregulated"
"ENSG00000088340.17","FER1L4",936.891595712292,-2.40527070002508,0.152661579123685,-15.7555733003151,6.28864783200252e-56,5.06191444448961e-54,"ENSG00000088340","downregulated",FALSE,FALSE,"Neither_bound","Neither_bound_downregulated"
"ENSG00000158258.16","CLSTN2",134.912723875775,-4.44241149327261,0.283212232753664,-15.68580371716,1.89153702466384e-55,1.49422627101817e-53,"ENSG00000158258","downregulated",FALSE,FALSE,"Neither_bound","Neither_bound_downregulated"
"ENSG00000112379.9","ARFGEF3",1809.63695174383,-1.88860684978864,0.120631812366981,-15.6559601711296,3.02512864590325e-55,2.37864745009356e-53,"ENSG00000112379","downregulated",FALSE,FALSE,"Neither_bound","Neither_bound_downregulated"
"ENSG00000291075.1","ENSG00000291075.1",1090.96966691343,-2.21447967582481,0.141592608255181,-15.639797183719,3.89968091603911e-55,3.05217422479301e-53,"ENSG00000291075","downregulated",FALSE,FALSE,"Neither_bound","Neither_bound_downregulated"
"ENSG00000080986.13","NDC80",311.74693090816,-3.13353400759469,0.200409846287379,-15.6356290154593,4.16343211579874e-55,3.25111407148165e-53,"ENSG00000080986","downregulated",FALSE,FALSE,"Neither_bound","Neither_bound_downregulated"
"ENSG00000091140.15","DLD",943.584499422341,-2.61659159347079,0.16746393435532,-15.6248066399717,4.93416122227954e-55,3.84411899996311e-53,"ENSG00000091140","downregulated",FALSE,FALSE,"Neither_bound","Neither_bound_downregulated"
"ENSG00000083857.15","FAT1",5946.61736810617,-1.85340745148586,0.11862760245754,-15.6237453433255,5.01699959990878e-55,3.89971264095426e-53,"ENSG00000083857","downregulated",FALSE,FALSE,"Neither_bound","Neither_bound_downregulated"
"ENSG00000128849.11","CGNL1",404.520583888749,-2.43200838838965,0.156263563807071,-15.5635026434717,1.28850307347249e-54,9.92468761898265e-53,"ENSG00000128849","downregulated",FALSE,FALSE,"Neither_bound","Neither_bound_downregulated"
"ENSG00000099194.6","SCD",6359.77581685875,-1.9307328623571,0.124106272681569,-15.5570932930277,1.42421546177052e-54,1.09451924899143e-52,"ENSG00000099194","downregulated",FALSE,FALSE,"Neither_bound","Neither_bound_downregulated"
"ENSG00000151746.15","BICD1",2840.16488864978,-2.09439207140811,0.13481341566142,-15.5354870368993,1.99550423511193e-54,1.52665062743878e-52,"ENSG00000151746","downregulated",FALSE,FALSE,"Neither_bound","Neither_bound_downregulated"
"ENSG00000146243.14","IRAK1BP1",119.606212376108,-4.53743512512923,0.292240417223496,-15.5263777961936,2.30010213102054e-54,1.75572739744957e-52,"ENSG00000146243","downregulated",FALSE,FALSE,"Neither_bound","Neither_bound_downregulated"
"ENSG00000007968.7","E2F2",177.010256373085,-3.0637167313984,0.197452379822271,-15.5162309725316,2.69417997793237e-54,2.04733569329769e-52,"ENSG00000007968","downregulated",FALSE,FALSE,"Neither_bound","Neither_bound_downregulated"
"ENSG00000144554.13","FANCD2",325.431580237609,-2.72321013033856,0.175703210944926,-15.4989206838806,3.52768429259159e-54,2.66878352006127e-52,"ENSG00000144554","downregulated",FALSE,FALSE,"Neither_bound","Neither_bound_downregulated"
"ENSG00000222009.9","BTBD19",523.805566237449,-2.31380886173791,0.149857014966058,-15.4401104430244,8.79495398296356e-54,6.60944683392271e-52,"ENSG00000222009","downregulated",FALSE,FALSE,"Neither_bound","Neither_bound_downregulated"
"ENSG00000268362.6","ENSG00000268362.6",1081.55066475618,-2.22954333534366,0.144640419474388,-15.4143865417816,1.31008992046312e-53,9.78046910292119e-52,"ENSG00000268362","downregulated",FALSE,FALSE,"Neither_bound","Neither_bound_downregulated"
"ENSG00000135476.12","ESPL1",296.881684881716,-2.7832028816318,0.180761459144005,-15.397103424655,1.71166686875545e-53,1.26947380344728e-51,"ENSG00000135476","downregulated",FALSE,FALSE,"Neither_bound","Neither_bound_downregulated"
"ENSG00000273802.3","H2BC8",157.053483296449,-3.25780193126695,0.212810944334473,-15.3084322869537,6.71633529286865e-53,4.92744011291927e-51,"ENSG00000273802","downregulated",FALSE,FALSE,"Neither_bound","Neither_bound_downregulated"
"ENSG00000115919.15","KYNU",139.617291299854,-3.61675669065061,0.236642268194788,-15.2836461475832,9.82843078978651e-53,7.16420894994567e-51,"ENSG00000115919","downregulated",FALSE,FALSE,"Neither_bound","Neither_bound_downregulated"
"ENSG00000074855.11","ANO8",243.3700545367,-2.78107371668339,0.182403427624843,-15.2468281594102,1.72827038393793e-52,1.25172469939453e-50,"ENSG00000074855","downregulated",FALSE,FALSE,"Neither_bound","Neither_bound_downregulated"
"ENSG00000223960.9","CHROMR",466.797416232106,-2.37266845381757,0.155822882958041,-15.2267010388741,2.35161692236033e-52,1.6959601617566e-50,"ENSG00000223960","downregulated",FALSE,FALSE,"Neither_bound","Neither_bound_downregulated"
"ENSG00000134352.21","IL6ST",3938.18216930406,-1.84918559365321,0.121663297889351,-15.199206545716,3.57930130358042e-52,2.5596148774741e-50,"ENSG00000134352","downregulated",FALSE,FALSE,"Neither_bound","Neither_bound_downregulated"
"ENSG00000179222.18","MAGED1",2008.28832302444,-1.85335750586449,0.121983896113668,-15.193460488731,3.907358336219e-52,2.78834344463628e-50,"ENSG00000179222","downregulated",FALSE,FALSE,"Neither_bound","Neither_bound_downregulated"
"ENSG00000181381.15","DDX60L",2937.93641731965,-1.87770673277892,0.123750563900106,-15.1733185983269,5.3121625061206e-52,3.7828833544634e-50,"ENSG00000181381","downregulated",FALSE,FALSE,"Neither_bound","Neither_bound_downregulated"
"ENSG00000134871.19","COL4A2",1248.94798373799,-1.84703012684067,0.121777416445575,-15.1672631983135,5.82557058750031e-52,4.13981133297511e-50,"ENSG00000134871","downregulated",FALSE,FALSE,"Neither_bound","Neither_bound_downregulated"
"ENSG00000112249.14","ASCC3",1278.22528958741,-1.8507081341601,0.122058135173653,-15.1625135967142,6.26259514224514e-52,4.44108208333576e-50,"ENSG00000112249","downregulated",FALSE,FALSE,"Neither_bound","Neither_bound_downregulated"
"ENSG00000275714.2","H3C1",118.963370689065,-4.16154518912307,0.274541459709469,-15.158166615443,6.69111592002837e-52,4.72523545886744e-50,"ENSG00000275714","downregulated",FALSE,FALSE,"Neither_bound","Neither_bound_downregulated"
"ENSG00000144320.14","LNPK",1071.77150176026,-1.98462637373713,0.131079479805502,-15.1406335811064,8.73679210115396e-52,6.15708203510369e-50,"ENSG00000144320","downregulated",FALSE,FALSE,"Neither_bound","Neither_bound_downregulated"
"ENSG00000118217.7","ATF6",1368.74084031162,-2.02728072433423,0.134655197784994,-15.0553469727267,3.184243539134e-51,2.1984224499452e-49,"ENSG00000118217","downregulated",FALSE,FALSE,"Neither_bound","Neither_bound_downregulated"
"ENSG00000166750.10","SLFN5",2940.3491576854,-1.82550009106829,0.122673228399527,-14.8809982005441,4.37916704057795e-50,2.92818004004629e-48,"ENSG00000166750","downregulated",FALSE,FALSE,"Neither_bound","Neither_bound_downregulated"
"ENSG00000187240.17","DYNC2H1",975.687135836989,-1.890764480517,0.127122205360484,-14.8735972221007,4.89130022890882e-50,3.26197550170034e-48,"ENSG00000187240","downregulated",FALSE,FALSE,"Neither_bound","Neither_bound_downregulated"
"ENSG00000197147.15","LRRC8B",364.223094583117,-2.48135825366883,0.167093619710739,-14.8501077298127,6.94569510032154e-50,4.60803459311957e-48,"ENSG00000197147","downregulated",FALSE,FALSE,"Neither_bound","Neither_bound_downregulated"
"ENSG00000278637.2","H4C1",124.579653832258,-5.48606056628342,0.370336629690516,-14.8137130557893,1.19455233543818e-49,7.89427115372841e-48,"ENSG00000278637","downregulated",FALSE,FALSE,"Neither_bound","Neither_bound_downregulated"
"ENSG00000235823.5","OLMALINC",214.334651153033,-2.72832881540283,0.184193080157304,-14.812330697075,1.21937800778276e-49,8.04268585793492e-48,"ENSG00000235823","downregulated",FALSE,FALSE,"Neither_bound","Neither_bound_downregulated"
"ENSG00000188338.15","SLC38A3",241.327205021859,-2.6656077597079,0.18026946526271,-14.7867957328395,1.78239362873145e-49,1.16655774144027e-47,"ENSG00000188338","downregulated",FALSE,FALSE,"Neither_bound","Neither_bound_downregulated"
"ENSG00000018510.18","AGPS",2133.29761109506,-1.85829404216926,0.126266233564043,-14.7172683441668,4.99430463512171e-49,3.21909942781431e-47,"ENSG00000018510","downregulated",FALSE,FALSE,"Neither_bound","Neither_bound_downregulated"
"ENSG00000170379.21","TCAF2",222.270523386797,-2.81338924004099,0.191813042113309,-14.6673511302691,1.04339414624367e-48,6.69981330049244e-47,"ENSG00000170379","downregulated",FALSE,FALSE,"Neither_bound","Neither_bound_downregulated"
"ENSG00000164169.13","PRMT9",195.023500924533,-2.92915610495037,0.200001699951029,-14.6456560402616,1.43608395158342e-48,9.203943333469e-47,"ENSG00000164169","downregulated",FALSE,FALSE,"Neither_bound","Neither_bound_downregulated"
"ENSG00000147224.13","PRPS1",278.015494405218,-2.7778740706666,0.190384442033947,-14.5908669899155,3.21090973470332e-48,2.04247531588768e-46,"ENSG00000147224","downregulated",FALSE,FALSE,"Neither_bound","Neither_bound_downregulated"
"ENSG00000272482.2","ENSG00000272482.2",110.910415739249,-4.51736079834391,0.309619224285941,-14.5900526970251,3.24946545908953e-48,2.06313724699725e-46,"ENSG00000272482","downregulated",FALSE,FALSE,"Neither_bound","Neither_bound_downregulated"
"ENSG00000104812.15","GYS1",1164.84347799037,-1.82565880915558,0.125311956179531,-14.56891157728,4.42891136747476e-48,2.79630597268369e-46,"ENSG00000104812","downregulated",FALSE,FALSE,"Neither_bound","Neither_bound_downregulated"
"ENSG00000188641.14","DPYD",1814.55868287593,-1.82043948750586,0.125027897412287,-14.5602663500198,5.02615915037866e-48,3.16750601150394e-46,"ENSG00000188641","downregulated",FALSE,FALSE,"Neither_bound","Neither_bound_downregulated"
"ENSG00000100505.14","TRIM9",728.165004146405,-1.97281836299037,0.135631798730162,-14.5453970341812,6.24673591306311e-48,3.92216498142195e-46,"ENSG00000100505","downregulated",FALSE,FALSE,"Neither_bound","Neither_bound_downregulated"
"ENSG00000164211.13","STARD4",302.347702494518,-2.67418225340664,0.184075790192239,-14.5276152318231,8.09912710483416e-48,5.05719024810674e-46,"ENSG00000164211","downregulated",FALSE,FALSE,"Neither_bound","Neither_bound_downregulated"
"ENSG00000102390.11","PBDC1",138.467729199856,-3.46479792452318,0.238777995970649,-14.5105411009023,1.03897735539358e-47,6.46373311501999e-46,"ENSG00000102390","downregulated",FALSE,FALSE,"Neither_bound","Neither_bound_downregulated"
"ENSG00000072422.17","RHOBTB1",261.125956128139,-2.64151379782251,0.182324451158712,-14.4879843654272,1.4431586344922e-47,8.94547673292538e-46,"ENSG00000072422","downregulated",FALSE,FALSE,"Neither_bound","Neither_bound_downregulated"
"ENSG00000154059.11","IMPACT",196.514663712162,-3.07781179758194,0.212784274500955,-14.464470200161,2.03163277717193e-47,1.25702189754055e-45,"ENSG00000154059","downregulated",FALSE,FALSE,"Neither_bound","Neither_bound_downregulated"
"ENSG00000173918.15","C1QTNF1",652.901276099967,-2.014040689139,0.139357399313015,-14.4523412396295,2.42307227930542e-47,1.49372774746366e-45,"ENSG00000173918","downregulated",FALSE,FALSE,"Neither_bound","Neither_bound_downregulated"
"ENSG00000072682.20","P4HA2",619.454556663773,-1.97605937628974,0.136913318756485,-14.4329229196786,3.21176247377626e-47,1.97282364754488e-45,"ENSG00000072682","downregulated",FALSE,FALSE,"Neither_bound","Neither_bound_downregulated"
"ENSG00000132563.17","REEP2",333.822434514578,-2.30448748485842,0.159710234225677,-14.4291785434494,3.39095692274853e-47,2.07913402079281e-45,"ENSG00000132563","downregulated",FALSE,FALSE,"Neither_bound","Neither_bound_downregulated"
"ENSG00000182240.16","BACE2",570.820516995252,-2.3538107554259,0.163364579052393,-14.4083299395703,4.58667520465475e-47,2.80216157107397e-45,"ENSG00000182240","downregulated",FALSE,FALSE,"Neither_bound","Neither_bound_downregulated"
"ENSG00000250993.1","ENSG00000250993.1",170.653727476068,-2.92488262329154,0.203654010383416,-14.3620182965458,8.95798638786034e-47,5.42397293445348e-45,"ENSG00000250993","downregulated",FALSE,FALSE,"Neither_bound","Neither_bound_downregulated"
"ENSG00000163430.13","FSTL1",1699.87763275036,-1.99637869073096,0.139143303277072,-14.3476447929056,1.10217049042899e-46,6.66165964748965e-45,"ENSG00000163430","downregulated",FALSE,FALSE,"Neither_bound","Neither_bound_downregulated"
"ENSG00000143476.18","DTL",309.081171667139,-2.57281866136346,0.179358630734369,-14.3445489677819,1.15247080504789e-46,6.95330875770279e-45,"ENSG00000143476","downregulated",FALSE,FALSE,"Neither_bound","Neither_bound_downregulated"
"ENSG00000106714.18","CNTNAP3",880.812311349206,-2.0816719966785,0.145452364218454,-14.311709595535,1.84911118597189e-46,1.10777087769124e-44,"ENSG00000106714","downregulated",FALSE,FALSE,"Neither_bound","Neither_bound_downregulated"
"ENSG00000146918.20","NCAPG2",888.588247134102,-2.11572688373204,0.147977781902116,-14.2975983052074,2.26491963396719e-46,1.35448574166545e-44,"ENSG00000146918","downregulated",FALSE,FALSE,"Neither_bound","Neither_bound_downregulated"
"ENSG00000182481.10","KPNA2",1296.16289606408,-2.36083832355753,0.165404066244281,-14.2731577110739,3.21676730899174e-46,1.9169675781023e-44,"ENSG00000182481","downregulated",FALSE,FALSE,"Neither_bound","Neither_bound_downregulated"
"ENSG00000145868.17","FBXO38",755.139063497269,-1.86707307590934,0.130836543685574,-14.2702720762503,3.35268033423503e-46,1.9944631452416e-44,"ENSG00000145868","downregulated",FALSE,FALSE,"Neither_bound","Neither_bound_downregulated"
"ENSG00000166165.14","CKB",1123.33456227996,-1.9250122271215,0.135125823179155,-14.2460721557954,4.7421362633873e-46,2.81118472242129e-44,"ENSG00000166165","downregulated",FALSE,FALSE,"Neither_bound","Neither_bound_downregulated"
"ENSG00000235437.10","LINC01278",373.701292707764,-2.39178376532478,0.16791695248295,-14.2438492954882,4.89545304537124e-46,2.89197824426383e-44,"ENSG00000235437","downregulated",FALSE,FALSE,"Neither_bound","Neither_bound_downregulated"
"ENSG00000085449.15","WDFY1",481.412275526621,-2.41466743581837,0.169631115104875,-14.2348143754493,5.57106614283667e-46,3.28538150590062e-44,"ENSG00000085449","downregulated",FALSE,FALSE,"Neither_bound","Neither_bound_downregulated"
"ENSG00000024422.12","EHD2",1611.57512733348,-1.95769212990214,0.137663144748982,-14.2208877580985,6.79849775223345e-46,4.00227680498901e-44,"ENSG00000024422","downregulated",FALSE,FALSE,"Neither_bound","Neither_bound_downregulated"
"ENSG00000135451.13","TROAP",130.011046576767,-3.85574437762701,0.27159086577766,-14.1968853281817,9.57755550893584e-46,5.59949062870108e-44,"ENSG00000135451","downregulated",FALSE,FALSE,"Neither_bound","Neither_bound_downregulated"
"ENSG00000166851.15","PLK1",297.391324158534,-2.64948695503318,0.187051786774985,-14.1644568101367,1.52037963239522e-45,8.85836283931403e-44,"ENSG00000166851","downregulated",FALSE,FALSE,"Neither_bound","Neither_bound_downregulated"
"ENSG00000137040.10","RANBP6",550.836415661977,-2.2728778457678,0.160942997100704,-14.1222537588611,2.76989010539923e-45,1.60833550598634e-43,"ENSG00000137040","downregulated",FALSE,FALSE,"Neither_bound","Neither_bound_downregulated"
"ENSG00000162433.15","AK4",2396.22254635989,-1.77991758949482,0.126215954250245,-14.1021600642169,3.68320730273439e-45,2.13500316824713e-43,"ENSG00000162433","downregulated",FALSE,FALSE,"Neither_bound","Neither_bound_downregulated"
"ENSG00000075702.19","WDR62",406.462445922712,-2.21194879872612,0.157018063274687,-14.0872250784074,4.55095529063166e-45,2.62456450445121e-43,"ENSG00000075702","downregulated",FALSE,FALSE,"Neither_bound","Neither_bound_downregulated"
"ENSG00000052723.12","SIKE1",1066.41722579419,-2.059733578828,0.146306574522051,-14.0782024700985,5.17083589901958e-45,2.97699921725249e-43,"ENSG00000052723","downregulated",FALSE,FALSE,"Neither_bound","Neither_bound_downregulated"
"ENSG00000146670.10","CDCA5",283.250229242294,-2.73089830352664,0.194011382574475,-14.0759694987397,5.3367942790221e-45,3.06734734466705e-43,"ENSG00000146670","downregulated",FALSE,FALSE,"Neither_bound","Neither_bound_downregulated"
"ENSG00000280077.1","ENSG00000280077.1",601.643181612314,-2.232810311731,0.158790507277217,-14.0613588936583,6.56140744780287e-45,3.75848040787467e-43,"ENSG00000280077","downregulated",FALSE,FALSE,"Neither_bound","Neither_bound_downregulated"
"ENSG00000145386.11","CCNA2",238.081185396405,-2.64788466146263,0.188386632688667,-14.0555867668095,7.11894076126229e-45,4.07097945755147e-43,"ENSG00000145386","downregulated",FALSE,FALSE,"Neither_bound","Neither_bound_downregulated"
"ENSG00000280109.3","PLAC4",212.949219239552,-3.46631560654892,0.246998391496907,-14.033757813327,9.68790616955085e-45,5.52145632159905e-43,"ENSG00000280109","downregulated",FALSE,FALSE,"Neither_bound","Neither_bound_downregulated"
"ENSG00000129195.16","PIMREG",150.216306536713,-3.56862122380479,0.254523294419969,-14.0208039972816,1.16289706443008e-44,6.61663106944071e-43,"ENSG00000129195","downregulated",FALSE,FALSE,"Neither_bound","Neither_bound_downregulated"
"ENSG00000076382.17","SPAG5",491.316370621883,-2.33231546518912,0.166404028796999,-14.0159795532017,1.24468942702118e-44,7.07016897275175e-43,"ENSG00000076382","downregulated",FALSE,FALSE,"Neither_bound","Neither_bound_downregulated"
"ENSG00000290923.1","PGM5P2",446.411862952315,-2.22452633213343,0.159978506636162,-13.9051575046431,5.89369807889943e-44,3.28730929957399e-42,"ENSG00000290923","downregulated",FALSE,FALSE,"Neither_bound","Neither_bound_downregulated"
"ENSG00000123095.6","BHLHE41",1441.88777690445,-1.90536572318487,0.137639089066947,-13.8432020736356,1.39835933392825e-43,7.73607000893726e-42,"ENSG00000123095","downregulated",FALSE,FALSE,"Neither_bound","Neither_bound_downregulated"
"ENSG00000154639.19","CXADR",818.205024145947,-1.99937877141413,0.144454076449531,-13.8409300765747,1.44326981659435e-43,7.97154294798e-42,"ENSG00000154639","downregulated",FALSE,FALSE,"Neither_bound","Neither_bound_downregulated"
"ENSG00000230438.9","ENSG00000230438.9",110.718586958976,-3.5074780734714,0.253430116343319,-13.8400207681705,1.46164357161398e-43,8.05992026632849e-42,"ENSG00000230438","downregulated",FALSE,FALSE,"Neither_bound","Neither_bound_downregulated"
"ENSG00000166073.12","GPR176",633.640168123954,-2.08100126257787,0.150386846705944,-13.8376547428175,1.5105499758149e-43,8.3161039835463e-42,"ENSG00000166073","downregulated",FALSE,FALSE,"Neither_bound","Neither_bound_downregulated"
"ENSG00000023445.17","BIRC3",413.076219993482,-2.49532715087877,0.180385819057538,-13.8332778259184,1.60535292883081e-43,8.8237262599555e-42,"ENSG00000023445","downregulated",FALSE,FALSE,"Neither_bound","Neither_bound_downregulated"
"ENSG00000212747.5","RTL8B",147.855805586349,-2.98510643250913,0.215851379614075,-13.8294526439732,1.69303851827298e-43,9.29065143597685e-42,"ENSG00000212747","downregulated",FALSE,FALSE,"Neither_bound","Neither_bound_downregulated"
"ENSG00000150782.12","IL18",539.758212507368,-2.86427104404979,0.207447588138724,-13.8072033989346,2.3061187282216e-43,1.25535642564473e-41,"ENSG00000150782","downregulated",FALSE,FALSE,"Neither_bound","Neither_bound_downregulated"
"ENSG00000265590.10","CFAP298-TCP10L",130.266362654494,-3.38292091450439,0.245401414970521,-13.7852543144903,3.12662814348014e-43,1.6938645100117e-41,"ENSG00000265590","downregulated",FALSE,FALSE,"Neither_bound","Neither_bound_downregulated"
"ENSG00000166004.15","CEP295",714.047689616995,-1.96345459482397,0.142583026653307,-13.7706053862788,3.82990254658424e-43,2.06171362444332e-41,"ENSG00000166004","downregulated",FALSE,FALSE,"Neither_bound","Neither_bound_downregulated"
"ENSG00000101751.11","POLI",374.798047262235,-2.22364956908667,0.161514056392345,-13.7675297045667,3.9964629479839e-43,2.14797236419489e-41,"ENSG00000101751","downregulated",FALSE,FALSE,"Neither_bound","Neither_bound_downregulated"
"ENSG00000285971.1","ENSG00000285971.1",97.2884829815404,-4.3223215966003,0.313955820047223,-13.7672924679344,4.00960565351172e-43,2.151631672014e-41,"ENSG00000285971","downregulated",FALSE,FALSE,"Neither_bound","Neither_bound_downregulated"
"ENSG00000279289.1","ENSG00000279289.1",459.543347064836,-2.17139556928424,0.15775268424344,-13.7645554476487,4.16437951898215e-43,2.22764792914623e-41,"ENSG00000279289","downregulated",FALSE,FALSE,"Neither_bound","Neither_bound_downregulated"
"ENSG00000111674.9","ENO2",1114.06828814985,-1.98785866529188,0.145029436423073,-13.7065875336714,9.27169677367972e-43,4.89038813677566e-41,"ENSG00000111674","downregulated",FALSE,FALSE,"Neither_bound","Neither_bound_downregulated"
"ENSG00000115750.17","TAF1B",231.712134016999,-2.45688619468969,0.17929643271977,-13.7029284822954,9.75107013888574e-43,5.12731192689893e-41,"ENSG00000115750","downregulated",FALSE,FALSE,"Neither_bound","Neither_bound_downregulated"
"ENSG00000119669.5","IRF2BPL",979.844482007927,-1.78881245674108,0.130647055362356,-13.6919462270292,1.1342982119694e-42,5.95515327112465e-41,"ENSG00000119669","downregulated",FALSE,FALSE,"Neither_bound","Neither_bound_downregulated"
"ENSG00000128965.13","CHAC1",284.971266318885,-2.74624194541858,0.200670347097087,-13.6853400870927,1.2422457344614e-42,6.51182146731248e-41,"ENSG00000128965","downregulated",FALSE,FALSE,"Neither_bound","Neither_bound_downregulated"
"ENSG00000109738.11","GLRB",151.856540389294,-3.56248663577429,0.260605733552242,-13.6700240137278,1.53344574181256e-42,7.97673582816064e-41,"ENSG00000109738","downregulated",FALSE,FALSE,"Neither_bound","Neither_bound_downregulated"
"ENSG00000248483.7","POU5F2",134.648922970899,-3.69690074460708,0.270766411838647,-13.6534687574547,1.92493111131522e-42,9.96738719346879e-41,"ENSG00000248483","downregulated",FALSE,FALSE,"Neither_bound","Neither_bound_downregulated"
"ENSG00000287811.3","ENSG00000287811.3",110.269352158152,-3.77753620258933,0.277492966766948,-13.6130880958936,3.34792870285329e-42,1.73093519297596e-40,"ENSG00000287811","downregulated",FALSE,FALSE,"Neither_bound","Neither_bound_downregulated"
"ENSG00000158402.21","CDC25C",116.450573528942,-3.76718654510402,0.276861292739596,-13.6067649898871,3.65047966579813e-42,1.88449077945032e-40,"ENSG00000158402","downregulated",FALSE,FALSE,"Neither_bound","Neither_bound_downregulated"
"ENSG00000280650.1","KCNIP4-IT1",179.330461612543,-3.16502430223944,0.232909869058951,-13.5890519153499,4.65065583428247e-42,2.39353753604405e-40,"ENSG00000280650","downregulated",FALSE,FALSE,"Neither_bound","Neither_bound_downregulated"
"ENSG00000171150.9","SOCS5",1769.10970272683,-1.66725117076969,0.122956104136653,-13.5597267209826,6.93941412882678e-42,3.56069515299076e-40,"ENSG00000171150","downregulated",FALSE,FALSE,"Neither_bound","Neither_bound_downregulated"
"ENSG00000115415.21","STAT1",15614.4408821421,-1.62762922296933,0.120080275653722,-13.5545093822316,7.45086543918625e-42,3.81161140419094e-40,"ENSG00000115415","downregulated",FALSE,FALSE,"Neither_bound","Neither_bound_downregulated"
"ENSG00000149485.19","FADS1",872.051146631852,-2.06435321282137,0.152460374636211,-13.5402606595134,9.04673331465646e-42,4.62104416890602e-40,"ENSG00000149485","downregulated",FALSE,FALSE,"Neither_bound","Neither_bound_downregulated"
"ENSG00000138688.17","BLTP1",2292.1131946232,-1.60835725070765,0.118956088091025,-13.5205963521341,1.18213606261009e-41,6.02020956143021e-40,"ENSG00000138688","downregulated",FALSE,FALSE,"Neither_bound","Neither_bound_downregulated"
"ENSG00000110871.15","COQ5",98.7958954391191,-5.04324638657844,0.373598336258106,-13.4991136124713,1.58268838360819e-41,8.03598789452962e-40,"ENSG00000110871","downregulated",FALSE,FALSE,"Neither_bound","Neither_bound_downregulated"
"ENSG00000274964.1","ENSG00000274964.1",264.186939314612,-2.53616221998359,0.187886663605989,-13.4983621046255,1.59891359364834e-41,8.10625327597715e-40,"ENSG00000274964","downregulated",FALSE,FALSE,"Neither_bound","Neither_bound_downregulated"
"ENSG00000184500.16","PROS1",564.777572546055,-2.53227484551902,0.187820281175906,-13.4824356010168,1.98446078028639e-41,1.00309767536857e-39,"ENSG00000184500","downregulated",FALSE,FALSE,"Neither_bound","Neither_bound_downregulated"
"ENSG00000168874.13","ATOH8",87.8075412679052,-4.85107270898167,0.360021936553446,-13.4743809097353,2.21334034361836e-41,1.11712845159032e-39,"ENSG00000168874","downregulated",FALSE,FALSE,"Neither_bound","Neither_bound_downregulated"
"ENSG00000258754.8","ENSG00000258754.8",113.781980547914,-4.14764498730161,0.308580777594409,-13.4410348552339,3.47542059986569e-41,1.74119597251088e-39,"ENSG00000258754","downregulated",FALSE,FALSE,"Neither_bound","Neither_bound_downregulated"
"ENSG00000180592.17","SKIDA1",189.041770714085,-2.60586825103036,0.193883146224536,-13.4404062538396,3.50507047661945e-41,1.75346441752297e-39,"ENSG00000180592","downregulated",FALSE,FALSE,"Neither_bound","Neither_bound_downregulated"
"ENSG00000168209.6","DDIT4",2964.9469236696,-1.99970182712165,0.148859476312174,-13.433486914384,3.84854370708761e-41,1.92246077415223e-39,"ENSG00000168209","downregulated",FALSE,FALSE,"Neither_bound","Neither_bound_downregulated"
"ENSG00000162654.9","GBP4",231.245397187615,-2.32578440914852,0.173249033029211,-13.4245159611158,4.3441346559592e-41,2.16683650504585e-39,"ENSG00000162654","downregulated",FALSE,FALSE,"Neither_bound","Neither_bound_downregulated"
"ENSG00000130772.14","MED18",146.671793611872,-3.19495871396272,0.238000032209833,-13.4241944603851,4.36302755911608e-41,2.17306921008878e-39,"ENSG00000130772","downregulated",FALSE,FALSE,"Neither_bound","Neither_bound_downregulated"
"ENSG00000198753.12","PLXNB3",1460.44204721985,-1.72470888370923,0.128611581082225,-13.4102144549998,5.26862533195016e-41,2.60881436261928e-39,"ENSG00000198753","downregulated",FALSE,FALSE,"Neither_bound","Neither_bound_downregulated"
"ENSG00000117620.15","SLC35A3",398.064879463713,-1.98909752730907,0.148703465237599,-13.3762688322756,8.32213174544882e-41,4.10881062688089e-39,"ENSG00000117620","downregulated",FALSE,FALSE,"Neither_bound","Neither_bound_downregulated"
"ENSG00000184260.6","H2AC20",898.75766178096,-2.2456546262911,0.167991242824473,-13.3676886278977,9.3398241390598e-41,4.60457396742501e-39,"ENSG00000184260","downregulated",FALSE,FALSE,"Neither_bound","Neither_bound_downregulated"
"ENSG00000130224.15","LRCH2",541.020663602911,-1.99467566741095,0.149335167647914,-13.3570390607105,1.07766214809342e-40,5.29754382727023e-39,"ENSG00000130224","downregulated",FALSE,FALSE,"Neither_bound","Neither_bound_downregulated"
"ENSG00000129534.14","MIS18BP1",309.187454188802,-2.31877766675825,0.173759072105484,-13.3447861953969,1.27034521482912e-40,6.19986871513156e-39,"ENSG00000129534","downregulated",FALSE,FALSE,"Neither_bound","Neither_bound_downregulated"
"ENSG00000184083.12","FAM120C",963.993829675878,-1.70262048405621,0.12770264379255,-13.3326956552448,1.49400103271954e-40,7.28095080049032e-39,"ENSG00000184083","downregulated",FALSE,FALSE,"Neither_bound","Neither_bound_downregulated"
"ENSG00000164466.13","SFXN1",1161.06357741621,-1.82451859100154,0.137127438068256,-13.3052773150577,2.15691355650878e-40,1.04071079101549e-38,"ENSG00000164466","downregulated",FALSE,FALSE,"Neither_bound","Neither_bound_downregulated"
"ENSG00000101347.11","SAMHD1",3446.75781261174,-1.52803575634843,0.114944476522752,-13.2936858087824,2.51859524330301e-40,1.21349848545414e-38,"ENSG00000101347","downregulated",FALSE,FALSE,"Neither_bound","Neither_bound_downregulated"
"ENSG00000178401.16","DNAJC22",154.594065900497,-2.81053105276115,0.211615106592644,-13.2813346741421,2.97051820549215e-40,1.42316731176527e-38,"ENSG00000178401","downregulated",FALSE,FALSE,"Neither_bound","Neither_bound_downregulated"
"ENSG00000135334.9","AKIRIN2",1056.1518526297,-1.756776168316,0.132342440183604,-13.2744731461711,3.25552706388716e-40,1.55751751135379e-38,"ENSG00000135334","downregulated",FALSE,FALSE,"Neither_bound","Neither_bound_downregulated"
"ENSG00000164244.21","PRRC1",736.80649396929,-1.99911844916936,0.150702463720329,-13.2653335573816,3.6778074875194e-40,1.75707123398114e-38,"ENSG00000164244","downregulated",FALSE,FALSE,"Neither_bound","Neither_bound_downregulated"
"ENSG00000114268.12","PFKFB4",1585.17860870753,-1.58500283897294,0.119492995397155,-13.2643995884857,3.72391445070658e-40,1.77660008513485e-38,"ENSG00000114268","downregulated",FALSE,FALSE,"Neither_bound","Neither_bound_downregulated"
"ENSG00000183337.18","BCOR",1049.45003368332,-1.78864380210564,0.135425692427276,-13.207566230951,7.93486958388992e-40,3.76967342693109e-38,"ENSG00000183337","downregulated",FALSE,FALSE,"Neither_bound","Neither_bound_downregulated"
"ENSG00000160131.14","VMA21",1405.205177483,-1.66973876059055,0.126631923707147,-13.1857647874958,1.05973807095235e-39,5.02052758634719e-38,"ENSG00000160131","downregulated",FALSE,FALSE,"Neither_bound","Neither_bound_downregulated"
"ENSG00000164896.21","FASTK",1008.7693823705,-1.97761761093742,0.150023787407823,-13.1820269645739,1.11358126318979e-39,5.2682630011185e-38,"ENSG00000164896","downregulated",FALSE,FALSE,"Neither_bound","Neither_bound_downregulated"
"ENSG00000147041.12","SYTL5",306.671929357937,-2.54768950704895,0.193663672358837,-13.155226667025,1.58806555393059e-39,7.47138652851999e-38,"ENSG00000147041","downregulated",FALSE,FALSE,"Neither_bound","Neither_bound_downregulated"
"ENSG00000129173.13","E2F8",164.276324713605,-2.66326998010108,0.202631946130338,-13.143386474648,1.85725070394041e-39,8.72573885358889e-38,"ENSG00000129173","downregulated",FALSE,FALSE,"Neither_bound","Neither_bound_downregulated"
"ENSG00000012048.25","BRCA1",661.878214126219,-1.71462839822444,0.130487287849764,-13.140194929935,1.93727047577792e-39,9.08911650845642e-38,"ENSG00000012048","downregulated",FALSE,FALSE,"Neither_bound","Neither_bound_downregulated"
"ENSG00000156970.13","BUB1B",250.292604928006,-2.36381656843305,0.179948322976809,-13.1360855679532,2.04536987857461e-39,9.58305159109273e-38,"ENSG00000156970","downregulated",FALSE,FALSE,"Neither_bound","Neither_bound_downregulated"
"ENSG00000100116.17","GCAT",89.1782935186268,-4.01990334286125,0.306387005768953,-13.1203454035928,2.51784743375189e-39,1.17481101139676e-37,"ENSG00000100116","downregulated",FALSE,FALSE,"Neither_bound","Neither_bound_downregulated"
"ENSG00000205403.15","CFI",154.45660515381,-2.92164362133812,0.222746763440535,-13.116435795567,2.65113212743321e-39,1.23530392461799e-37,"ENSG00000205403","downregulated",FALSE,FALSE,"Neither_bound","Neither_bound_downregulated"
"ENSG00000204054.14","LOC124900275",1110.31464812607,-1.60349571109709,0.122270226474774,-13.1143595405698,2.72474322408223e-39,1.26786407994007e-37,"ENSG00000204054","downregulated",FALSE,FALSE,"Neither_bound","Neither_bound_downregulated"
"ENSG00000179820.16","MYADM",697.815064927495,-1.77170868554818,0.135508191409436,-13.0745504542599,4.60276939430135e-39,2.13297231631144e-37,"ENSG00000179820","downregulated",FALSE,FALSE,"Neither_bound","Neither_bound_downregulated"
"ENSG00000278893.1","ENSG00000278893.1",114.366754818166,-3.77625771067702,0.289052006478305,-13.0642847170841,5.267742535708e-39,2.43117769637132e-37,"ENSG00000278893","downregulated",FALSE,FALSE,"Neither_bound","Neither_bound_downregulated"
"ENSG00000139292.13","LGR5",101.631932758059,-3.33533259645537,0.255562115855119,-13.0509664364581,6.27463530958924e-39,2.88412465759306e-37,"ENSG00000139292","downregulated",FALSE,FALSE,"Neither_bound","Neither_bound_downregulated"
"ENSG00000111640.15","GAPDH",11006.5321694849,-1.92756563955889,0.147852042120823,-13.0371255743881,7.52405463197225e-39,3.43979929661956e-37,"ENSG00000111640","downregulated",FALSE,FALSE,"Neither_bound","Neither_bound_downregulated"
"ENSG00000137968.17","SLC44A5",251.04914995238,-2.43748947204972,0.187194189663231,-13.0211812473178,9.27252742520866e-39,4.22777465207366e-37,"ENSG00000137968","downregulated",FALSE,FALSE,"Neither_bound","Neither_bound_downregulated"
"ENSG00000143847.16","PPFIA4",686.849321821765,-1.95309136986228,0.150020973751329,-13.0187887801587,9.5676490927893e-39,4.3506546771602e-37,"ENSG00000143847","downregulated",FALSE,FALSE,"Neither_bound","Neither_bound_downregulated"
"ENSG00000182809.11","CRIP2",354.405546616768,-2.14114521790765,0.164646748074854,-13.0044792438549,1.15382210774225e-38,5.2257372474385e-37,"ENSG00000182809","downregulated",FALSE,FALSE,"Neither_bound","Neither_bound_downregulated"
"ENSG00000087586.18","AURKA",458.818217137951,-2.89250604107382,0.222705719984204,-12.9880186340925,1.43083498569011e-38,6.46311207365979e-37,"ENSG00000087586","downregulated",FALSE,FALSE,"Neither_bound","Neither_bound_downregulated"
"ENSG00000285780.2","ENSG00000285780.2",108.185621616415,-3.45629979939623,0.266634429505131,-12.9626912991359,1.99136188901181e-38,8.97116454190361e-37,"ENSG00000285780","downregulated",FALSE,FALSE,"Neither_bound","Neither_bound_downregulated"
"ENSG00000115486.13","GGCX",713.995182296517,-1.73144364401165,0.134170825709489,-12.9047699815206,4.23076913117835e-38,1.87857210258649e-36,"ENSG00000115486","downregulated",FALSE,FALSE,"Neither_bound","Neither_bound_downregulated"
"ENSG00000187229.3","ENSG00000187229.3",177.72626335419,-3.18650907711806,0.247721736739556,-12.8632598780309,7.24553003567466e-38,3.19631382145191e-36,"ENSG00000187229","downregulated",FALSE,FALSE,"Neither_bound","Neither_bound_downregulated"
"ENSG00000122952.17","ZWINT",144.716232103598,-3.18725982689757,0.247912934886428,-12.856367612919,7.92123903395232e-38,3.48083631960275e-36,"ENSG00000122952","downregulated",FALSE,FALSE,"Neither_bound","Neither_bound_downregulated"
"ENSG00000174371.17","EXO1",166.010731362601,-2.52605929210598,0.196914535178754,-12.8282012793666,1.13979684105068e-37,4.97642918982127e-36,"ENSG00000174371","downregulated",FALSE,FALSE,"Neither_bound","Neither_bound_downregulated"
"ENSG00000011143.19","MKS1",188.930218641539,-2.68761001405496,0.209627661472994,-12.8208748557795,1.25278938352124e-37,5.46274066488438e-36,"ENSG00000011143","downregulated",FALSE,FALSE,"Neither_bound","Neither_bound_downregulated"
"ENSG00000259194.1","ENSG00000259194.1",87.7519017294248,-4.16950601078106,0.325249192280828,-12.8194200315831,1.27651763352176e-37,5.55907063788042e-36,"ENSG00000259194","downregulated",FALSE,FALSE,"Neither_bound","Neither_bound_downregulated"
"ENSG00000141526.18","SLC16A3",3033.93740399884,-1.56881778291624,0.122480520842375,-12.8087125375243,1.4654583109263e-37,6.37371163963439e-36,"ENSG00000141526","downregulated",FALSE,FALSE,"Neither_bound","Neither_bound_downregulated"
"ENSG00000144559.11","TAMM41",213.63700349317,-2.29430760363573,0.179185295205366,-12.8041065033054,1.55505389238737e-37,6.72892619319925e-36,"ENSG00000144559","downregulated",FALSE,FALSE,"Neither_bound","Neither_bound_downregulated"
"ENSG00000102699.6","PARP4",1847.96576025306,-1.60742883719511,0.125703191643378,-12.7874942249312,1.92583659055698e-37,8.32275029364371e-36,"ENSG00000102699","downregulated",FALSE,FALSE,"Neither_bound","Neither_bound_downregulated"
"ENSG00000184661.14","CDCA2",381.215800959311,-2.07518391369397,0.162389058725073,-12.779087027084,2.14573462589501e-37,9.2495322046195e-36,"ENSG00000184661","downregulated",FALSE,FALSE,"Neither_bound","Neither_bound_downregulated"
"ENSG00000286458.1","ENSG00000286458.1",110.301829732316,-3.39001743061883,0.265567653639078,-12.7651744637021,2.56575140900636e-37,1.10320815014086e-35,"ENSG00000286458","downregulated",FALSE,FALSE,"Neither_bound","Neither_bound_downregulated"
"ENSG00000108797.12","CNTNAP1",471.320529860279,-1.8190372078276,0.142585320641135,-12.7575349246914,2.83016145182167e-37,1.21382480044796e-35,"ENSG00000108797","downregulated",FALSE,FALSE,"Neither_bound","Neither_bound_downregulated"
"ENSG00000144802.11","NFKBIZ",526.360405006481,-1.80093190972821,0.141287946017463,-12.7465361376661,3.25907332709231e-37,1.39425948078931e-35,"ENSG00000144802","downregulated",FALSE,FALSE,"Neither_bound","Neither_bound_downregulated"
"ENSG00000170522.10","ELOVL6",400.947062544685,-2.20915623920225,0.173616643912292,-12.7243344268207,4.33149951709839e-37,1.84839667835173e-35,"ENSG00000170522","downregulated",FALSE,FALSE,"Neither_bound","Neither_bound_downregulated"
"ENSG00000119906.13","SLF2",1535.77723429472,-1.48884368463142,0.117110721330596,-12.7131288042237,4.99933828056161e-37,2.12537575361848e-35,"ENSG00000119906","downregulated",FALSE,FALSE,"Neither_bound","Neither_bound_downregulated"
"ENSG00000127329.16","PTPRB",2309.87419204227,-1.61822671808289,0.127472965029642,-12.6946660235493,6.32993945694387e-37,2.68302004789551e-35,"ENSG00000127329","downregulated",FALSE,FALSE,"Neither_bound","Neither_bound_downregulated"
"ENSG00000107679.15","PLEKHA1",468.964739441712,-1.7933296419244,0.141324800411492,-12.6894192434931,6.76858083245875e-37,2.86320241241543e-35,"ENSG00000107679","downregulated",FALSE,FALSE,"Neither_bound","Neither_bound_downregulated"
"ENSG00000270069.3","ENSG00000270069.3",789.86435113293,-1.94674411140374,0.153504626069947,-12.681989860792,7.44183144742181e-37,3.14017553547856e-35,"ENSG00000270069","downregulated",FALSE,FALSE,"Neither_bound","Neither_bound_downregulated"
"ENSG00000198826.11","ARHGAP11A",175.678221359294,-2.45343200735917,0.19361500498698,-12.671703866775,8.48510738331357e-37,3.57595691806942e-35,"ENSG00000198826","downregulated",FALSE,FALSE,"Neither_bound","Neither_bound_downregulated"
"ENSG00000128710.6","HOXD10",567.702555700972,-1.699709926323,0.13429175753292,-12.6568447501801,1.02538331104702e-36,4.31601242994366e-35,"ENSG00000128710","downregulated",FALSE,FALSE,"Neither_bound","Neither_bound_downregulated"
"ENSG00000134575.13","ACP2",464.859146836365,-2.03748746162975,0.16099441916078,-12.6556403150533,1.04123149278803e-36,4.37188520976808e-35,"ENSG00000134575","downregulated",FALSE,FALSE,"Neither_bound","Neither_bound_downregulated"
"ENSG00000168453.16","HR",273.506172422697,-2.11185928334703,0.166911884768136,-12.6525399091904,1.0831559965486e-36,4.5423015914522e-35,"ENSG00000168453","downregulated",FALSE,FALSE,"Neither_bound","Neither_bound_downregulated"
"ENSG00000169499.15","PLEKHA2",1397.07475738446,-1.58706625670174,0.125831832932129,-12.6125974621841,1.79962467544245e-36,7.45483548480844e-35,"ENSG00000169499","downregulated",FALSE,FALSE,"Neither_bound","Neither_bound_downregulated"
"ENSG00000126773.13","PCNX4",1108.21789705763,-1.6672709710292,0.132539712255571,-12.579406901188,2.74079850183496e-36,1.12438941437597e-34,"ENSG00000126773","downregulated",FALSE,FALSE,"Neither_bound","Neither_bound_downregulated"
"ENSG00000089775.12","ZBTB25",506.213521352746,-1.69326470843736,0.134652803747586,-12.5750423408299,2.89645079591723e-36,1.18681110537655e-34,"ENSG00000089775","downregulated",FALSE,FALSE,"Neither_bound","Neither_bound_downregulated"
"ENSG00000173085.15","COQ2",125.930998699432,-2.94824384258116,0.234519468153774,-12.5714247341206,3.03209964236164e-36,1.23909104196234e-34,"ENSG00000173085","downregulated",FALSE,FALSE,"Neither_bound","Neither_bound_downregulated"
"ENSG00000157240.4","FZD1",277.619705924592,-2.34109067520493,0.186224292595335,-12.5713495408041,3.03498512397746e-36,1.23909104196234e-34,"ENSG00000157240","downregulated",FALSE,FALSE,"Neither_bound","Neither_bound_downregulated"
"ENSG00000279659.1","ENSG00000279659.1",86.6498948140622,-4.15524704079656,0.330797209781056,-12.5613122418619,3.44570138242979e-36,1.40508504871999e-34,"ENSG00000279659","downregulated",FALSE,FALSE,"Neither_bound","Neither_bound_downregulated"
"ENSG00000198146.4","ZNF770",842.287025949477,-1.82148738585876,0.14504286994051,-12.5582690593881,3.58080820175796e-36,1.4584279735889e-34,"ENSG00000198146","downregulated",FALSE,FALSE,"Neither_bound","Neither_bound_downregulated"
"ENSG00000274997.2","H2AC12",267.778642340046,-2.2341389078797,0.178077359976206,-12.5458896525545,4.18685531416974e-36,1.70118542238897e-34,"ENSG00000274997","downregulated",FALSE,FALSE,"Neither_bound","Neither_bound_downregulated"
"ENSG00000197837.4","H4C16",101.422051791467,-3.23291730031938,0.25801319481745,-12.5300463900954,5.11327594318549e-36,2.07264626775805e-34,"ENSG00000197837","downregulated",FALSE,FALSE,"Neither_bound","Neither_bound_downregulated"
"ENSG00000280432.1","ENSG00000280432.1",205.935466201613,-2.8764763706149,0.229589411036984,-12.5287850063413,5.19524671995089e-36,2.10336281982469e-34,"ENSG00000280432","downregulated",FALSE,FALSE,"Neither_bound","Neither_bound_downregulated"
"ENSG00000291126.1","ENSG00000291126.1",207.008258223061,-2.16645708430136,0.173116498806298,-12.5144460478342,6.22405743730336e-36,2.51689027417048e-34,"ENSG00000291126","downregulated",FALSE,FALSE,"Neither_bound","Neither_bound_downregulated"
"ENSG00000187498.16","COL4A1",433.269341354848,-1.76638971877568,0.141186907238926,-12.5110022828566,6.49988646020553e-36,2.62218697482496e-34,"ENSG00000187498","downregulated",FALSE,FALSE,"Neither_bound","Neither_bound_downregulated"
"ENSG00000061656.11","SPAG4",513.3026501701,-2.04102310844989,0.16347610988329,-12.485146055329,8.99780714499965e-36,3.59573544825115e-34,"ENSG00000061656","downregulated",FALSE,FALSE,"Neither_bound","Neither_bound_downregulated"
"ENSG00000105849.6","POLR1F",311.049009619365,-2.53007283880339,0.202854325684806,-12.4723632600007,1.05645692153794e-35,4.21193998953061e-34,"ENSG00000105849","downregulated",FALSE,FALSE,"Neither_bound","Neither_bound_downregulated"
"ENSG00000138050.15","THUMPD2",311.214882518171,-2.79155834937589,0.224222266546442,-12.4499604449306,1.39914488711903e-35,5.55861444744552e-34,"ENSG00000138050","downregulated",FALSE,FALSE,"Neither_bound","Neither_bound_downregulated"
"ENSG00000137038.8","DMAC1",102.380573343461,-4.31474961750186,0.346743052565783,-12.4436512442691,1.51420598885069e-35,6.00169766969431e-34,"ENSG00000137038","downregulated",FALSE,FALSE,"Neither_bound","Neither_bound_downregulated"
"ENSG00000170312.17","CDK1",421.712829322962,-2.8300305371471,0.22762699794307,-12.4327542985692,1.73549857079264e-35,6.86279574536491e-34,"ENSG00000170312","downregulated",FALSE,FALSE,"Neither_bound","Neither_bound_downregulated"
"ENSG00000116005.12","PCYOX1",1075.6909188167,-1.85328346506566,0.149122778354112,-12.4279032721935,1.84407896618979e-35,7.27522349866839e-34,"ENSG00000116005","downregulated",FALSE,FALSE,"Neither_bound","Neither_bound_downregulated"
"ENSG00000163808.17","KIF15",192.334263122138,-2.57531523762078,0.207710709949827,-12.3985674029175,2.66037355511139e-35,1.04713289594465e-33,"ENSG00000163808","downregulated",FALSE,FALSE,"Neither_bound","Neither_bound_downregulated"
"ENSG00000249852.1","ENSG00000249852.1",100.773920116934,-4.75759746528193,0.383897931193342,-12.392870809418,2.85631886449328e-35,1.12165825652148e-33,"ENSG00000249852","downregulated",FALSE,FALSE,"Neither_bound","Neither_bound_downregulated"
"ENSG00000235501.8","ALG14-AS1",274.535412106468,-2.20705869286005,0.178178108002332,-12.3868118120952,3.08048347476085e-35,1.20828940728264e-33,"ENSG00000235501","downregulated",FALSE,FALSE,"Neither_bound","Neither_bound_downregulated"
"ENSG00000161692.18","DBF4B",276.714875617085,-2.00361769484927,0.161780551344911,-12.3847871588571,3.1592191950545e-35,1.23774345579713e-33,"ENSG00000161692","downregulated",FALSE,FALSE,"Neither_bound","Neither_bound_downregulated"
"ENSG00000197712.12","FAM114A1",707.926475597165,-1.5622218586119,0.126303124308867,-12.3688298857246,3.85394770446266e-35,1.50645449511148e-33,"ENSG00000197712","downregulated",FALSE,FALSE,"Neither_bound","Neither_bound_downregulated"
"ENSG00000072195.15","SPEG",921.166315501536,-1.70925510874487,0.138310625326592,-12.3580896602037,4.40500785474204e-35,1.71987708976871e-33,"ENSG00000072195","downregulated",FALSE,FALSE,"Neither_bound","Neither_bound_downregulated"
"ENSG00000136104.21","RNASEH2B",339.029745358215,-1.87828169972992,0.152214831161998,-12.3396760052305,5.5378275521946e-35,2.15227604454172e-33,"ENSG00000136104","downregulated",FALSE,FALSE,"Neither_bound","Neither_bound_downregulated"
"ENSG00000129680.16","MAP7D3",292.823517101146,-2.01574126483119,0.163370369352196,-12.3384752867004,5.62102546344698e-35,2.18211420505562e-33,"ENSG00000129680","downregulated",FALSE,FALSE,"Neither_bound","Neither_bound_downregulated"
"ENSG00000124145.6","SDC4",964.475141969825,-1.71931164630496,0.139540811217424,-12.3212100553581,6.96414008118169e-35,2.70043276572579e-33,"ENSG00000124145","downregulated",FALSE,FALSE,"Neither_bound","Neither_bound_downregulated"
"ENSG00000007350.18","TKTL1",150.28542342738,-3.10604713114262,0.252279582894068,-12.3119243163123,7.81376452404668e-35,3.01954440674423e-33,"ENSG00000007350","downregulated",FALSE,FALSE,"Neither_bound","Neither_bound_downregulated"
"ENSG00000068784.13","SRBD1",240.695540119463,-2.16246949870818,0.175677032451785,-12.3093466944899,8.06735546662277e-35,3.10693798741771e-33,"ENSG00000068784","downregulated",FALSE,FALSE,"Neither_bound","Neither_bound_downregulated"
"ENSG00000197013.11","ZNF429",163.067043675834,-2.40567586246266,0.195481101524619,-12.3064370095116,8.36345151419391e-35,3.21368462708302e-33,"ENSG00000197013","downregulated",FALSE,FALSE,"Neither_bound","Neither_bound_downregulated"
"ENSG00000005448.17","WDR54",217.497956152881,-2.42538326143441,0.197173833901646,-12.3007359214014,8.97526510287108e-35,3.44487915270424e-33,"ENSG00000005448","downregulated",FALSE,FALSE,"Neither_bound","Neither_bound_downregulated"
"ENSG00000291120.1","ENSG00000291120.1",105.816779050884,-3.26414540296251,0.265640237622844,-12.2878425052343,1.05278397434381e-34,4.02260585382571e-33,"ENSG00000291120","downregulated",FALSE,FALSE,"Neither_bound","Neither_bound_downregulated"
"ENSG00000103876.14","FAH",281.830049523942,-1.97914391517985,0.161536259727583,-12.2520102825057,1.63882506218869e-34,6.22680198125566e-33,"ENSG00000103876","downregulated",FALSE,FALSE,"Neither_bound","Neither_bound_downregulated"
"ENSG00000178694.10","NSUN3",256.483178642815,-2.0985998009829,0.171677967153216,-12.2240485240018,2.31273699272702e-34,8.72878335210571e-33,"ENSG00000178694","downregulated",FALSE,FALSE,"Neither_bound","Neither_bound_downregulated"
"ENSG00000291232.1","PDE4DIPP6",138.327646662308,-2.64981001426132,0.217178327433804,-12.2010793874862,3.06730732055638e-34,1.15510304949733e-32,"ENSG00000291232","downregulated",FALSE,FALSE,"Neither_bound","Neither_bound_downregulated"
"ENSG00000179604.10","CDC42EP4",1381.73954035764,-1.50225099443049,0.123166683807028,-12.1968940625547,3.22907406965595e-34,1.21065328916196e-32,"ENSG00000179604","downregulated",FALSE,FALSE,"Neither_bound","Neither_bound_downregulated"
"ENSG00000076555.16","ACACB",231.092394674742,-2.15986403949835,0.177128123521618,-12.1937950708023,3.35428793392451e-34,1.25621226614716e-32,"ENSG00000076555","downregulated",FALSE,FALSE,"Neither_bound","Neither_bound_downregulated"
"ENSG00000287414.1","ENSG00000287414.1",77.9788316540106,-4.40151871856756,0.362092186292276,-12.155795913847,5.34387929252539e-34,1.98600538083701e-32,"ENSG00000287414","downregulated",FALSE,FALSE,"Neither_bound","Neither_bound_downregulated"
"ENSG00000182195.9","LDOC1",665.343860176109,-1.70951173981812,0.140702257509016,-12.1498529595986,5.74688597153807e-34,2.13111596813543e-32,"ENSG00000182195","downregulated",FALSE,FALSE,"Neither_bound","Neither_bound_downregulated"
"ENSG00000135318.12","NT5E",854.193021189268,-2.20855223945623,0.181910824813919,-12.1408511105121,6.41552103372788e-34,2.3738825541794e-32,"ENSG00000135318","downregulated",FALSE,FALSE,"Neither_bound","Neither_bound_downregulated"
"ENSG00000138376.11","BARD1",621.198105709881,-1.62204376078449,0.133758706210185,-12.126640625812,7.63163711660022e-34,2.82079923369615e-32,"ENSG00000138376","downregulated",FALSE,FALSE,"Neither_bound","Neither_bound_downregulated"
"ENSG00000165480.16","SKA3",130.039434747812,-2.87022032276183,0.236996286556991,-12.1108240321378,9.25595742040426e-34,3.41004730646738e-32,"ENSG00000165480","downregulated",FALSE,FALSE,"Neither_bound","Neither_bound_downregulated"
"ENSG00000291087.1","CRYBB2P1",148.655082784599,-2.63528988661696,0.217616050285912,-12.109813973531,9.37064401934021e-34,3.44855943715004e-32,"ENSG00000291087","downregulated",FALSE,FALSE,"Neither_bound","Neither_bound_downregulated"
"ENSG00000138778.14","CENPE",470.729768082814,-1.95269629495494,0.161301920475059,-12.1058465342752,9.8349489125926e-34,3.61348560655205e-32,"ENSG00000138778","downregulated",FALSE,FALSE,"Neither_bound","Neither_bound_downregulated"
"ENSG00000140534.14","TICRR",607.251330104187,-1.73535829956323,0.143363679084031,-12.1045882098636,9.98692886227682e-34,3.66345571915571e-32,"ENSG00000140534","downregulated",FALSE,FALSE,"Neither_bound","Neither_bound_downregulated"
"ENSG00000197565.17","COL4A6",299.388425009186,-1.98289613985716,0.16405897433354,-12.0864838263943,1.2450195599074e-33,4.55229541560113e-32,"ENSG00000197565","downregulated",FALSE,FALSE,"Neither_bound","Neither_bound_downregulated"
"ENSG00000111962.8","UST",635.591694076288,-1.65815471161581,0.137218921923946,-12.0840091757524,1.28307566282061e-33,4.68136564067567e-32,"ENSG00000111962","downregulated",FALSE,FALSE,"Neither_bound","Neither_bound_downregulated"
"ENSG00000170275.15","CRTAP",1750.74571432823,-2.0088937564378,0.166249289550211,-12.0836231052348,1.28911609836967e-33,4.69835790015245e-32,"ENSG00000170275","downregulated",FALSE,FALSE,"Neither_bound","Neither_bound_downregulated"
"ENSG00000177707.11","NECTIN3",1320.20077441501,-1.53153647310892,0.126876278174364,-12.0711018257026,1.50110848422368e-33,5.45343882268556e-32,"ENSG00000177707","downregulated",FALSE,FALSE,"Neither_bound","Neither_bound_downregulated"
"ENSG00000120008.16","WDR11",870.65796393795,-1.59318854456873,0.13210364887529,-12.0601403377794,1.71490451210909e-33,6.21684914272375e-32,"ENSG00000120008","downregulated",FALSE,FALSE,"Neither_bound","Neither_bound_downregulated"
"ENSG00000001036.14","FUCA2",574.460661586156,-2.11866129706355,0.175884059424788,-12.0457834780049,2.04127654952364e-33,7.3685527985355e-32,"ENSG00000001036","downregulated",FALSE,FALSE,"Neither_bound","Neither_bound_downregulated"
"ENSG00000124164.16","VAPB",1705.47631237964,-1.39989295498348,0.116371961860789,-12.0294694065407,2.48754240072607e-33,8.9604284483418e-32,"ENSG00000124164","downregulated",FALSE,FALSE,"Neither_bound","Neither_bound_downregulated"
"ENSG00000188185.13","ENSG00000188185.13",136.231562773056,-2.56776638587717,0.213494754370933,-12.0273043403017,2.55362796607323e-33,9.17900896842069e-32,"ENSG00000188185","downregulated",FALSE,FALSE,"Neither_bound","Neither_bound_downregulated"
"ENSG00000137601.18","NEK1",455.099078446897,-1.77154852296657,0.147541798515381,-12.0070958927744,3.26096493385058e-33,1.16353421085122e-31,"ENSG00000137601","downregulated",FALSE,FALSE,"Neither_bound","Neither_bound_downregulated"
"ENSG00000074935.14","TUBE1",217.204751257539,-2.78045418827167,0.231590837696931,-12.0058902844433,3.30883888414026e-33,1.17937711664718e-31,"ENSG00000074935","downregulated",FALSE,FALSE,"Neither_bound","Neither_bound_downregulated"
"ENSG00000135069.14","PSAT1",469.602485040695,-2.18684795017568,0.182281291437416,-11.9971058627622,3.67938520248175e-33,1.30733636566841e-31,"ENSG00000135069","downregulated",FALSE,FALSE,"Neither_bound","Neither_bound_downregulated"
"ENSG00000287066.1","ENSG00000287066.1",193.379666673669,-2.80713330092619,0.234300018635198,-11.9809350305553,4.47250551231572e-33,1.58582533655888e-31,"ENSG00000287066","downregulated",FALSE,FALSE,"Neither_bound","Neither_bound_downregulated"
"ENSG00000015676.18","NUDCD3",1267.93983335344,-1.50834249532048,0.125963169329721,-11.9744724060749,4.83503540939118e-33,1.71079669568958e-31,"ENSG00000015676","downregulated",FALSE,FALSE,"Neither_bound","Neither_bound_downregulated"
"ENSG00000109046.15","WSB1",2612.1490097378,-1.58887085246479,0.132940863655303,-11.9517115262957,6.36017465449329e-33,2.23878147838164e-31,"ENSG00000109046","downregulated",FALSE,FALSE,"Neither_bound","Neither_bound_downregulated"
"ENSG00000088280.20","ASAP3",451.503337184919,-1.78007273878493,0.148978272110088,-11.9485392975262,6.60763786239335e-33,2.32107800320349e-31,"ENSG00000088280","downregulated",FALSE,FALSE,"Neither_bound","Neither_bound_downregulated"
"ENSG00000249835.2","VCAN-AS1",104.136023766456,-3.29115447966955,0.275587622773734,-11.9423160102211,7.12122654382975e-33,2.49890313265299e-31,"ENSG00000249835","downregulated",FALSE,FALSE,"Neither_bound","Neither_bound_downregulated"
"ENSG00000163171.8","CDC42EP3",3202.62084865724,-1.65464718905816,0.138799175806139,-11.9211600461461,9.18210431057712e-33,3.21212893122228e-31,"ENSG00000163171","downregulated",FALSE,FALSE,"Neither_bound","Neither_bound_downregulated"
"ENSG00000102007.11","PLP2",626.891459154938,-1.93708590007464,0.162529613214927,-11.9183566721042,9.49631600660988e-33,3.31863026864737e-31,"ENSG00000102007","downregulated",FALSE,FALSE,"Neither_bound","Neither_bound_downregulated"
"ENSG00000197355.11","UAP1L1",976.868727284174,-1.65028804556074,0.138491815641845,-11.9161413106791,9.75215526595545e-33,3.40453453313437e-31,"ENSG00000197355","downregulated",FALSE,FALSE,"Neither_bound","Neither_bound_downregulated"
"ENSG00000226886.1","ENSG00000226886.1",70.0768724009344,-3.85819495675398,0.324403525181484,-11.8931967665751,1.28396313646156e-32,4.47319587890526e-31,"ENSG00000226886","downregulated",FALSE,FALSE,"Neither_bound","Neither_bound_downregulated"
"ENSG00000145536.15","ADAMTS16",158.421401223795,-2.31095151010707,0.194326311642568,-11.8921184196492,1.30065156134373e-32,4.52669387661104e-31,"ENSG00000145536","downregulated",FALSE,FALSE,"Neither_bound","Neither_bound_downregulated"
"ENSG00000212978.6","C2orf74-DT",121.95769205979,-2.68396826696216,0.225914453680068,-11.8804628178554,1.4953710772762e-32,5.19905473417788e-31,"ENSG00000212978","downregulated",FALSE,FALSE,"Neither_bound","Neither_bound_downregulated"
"ENSG00000136628.18","EPRS1",1321.0414737435,-1.84402796849081,0.155395445481951,-11.8666796364053,1.76327855449533e-32,6.11798222054112e-31,"ENSG00000136628","downregulated",FALSE,FALSE,"Neither_bound","Neither_bound_downregulated"
"ENSG00000248522.1","SBF1P1",102.613340575596,-4.48794044394715,0.378224048800791,-11.8658251853015,1.78137411689685e-32,6.17446081660737e-31,"ENSG00000248522","downregulated",FALSE,FALSE,"Neither_bound","Neither_bound_downregulated"
"ENSG00000250320.7","EDIL3-DT",125.0512573857,-2.5942862072647,0.218953612730252,-11.8485654331761,2.18906152102955e-32,7.57210201082809e-31,"ENSG00000250320","downregulated",FALSE,FALSE,"Neither_bound","Neither_bound_downregulated"
"ENSG00000075151.24","EIF4G3",1925.91416660978,-1.43744184656661,0.12132993278767,-11.8473802262972,2.22023684970241e-32,7.67212668470922e-31,"ENSG00000075151","downregulated",FALSE,FALSE,"Neither_bound","Neither_bound_downregulated"
"ENSG00000149503.13","INCENP",676.990789907717,-1.59295635655239,0.134513067426269,-11.8423911299588,2.35637531936699e-32,8.1177846702087e-31,"ENSG00000149503","downregulated",FALSE,FALSE,"Neither_bound","Neither_bound_downregulated"
"ENSG00000183098.12","GPC6",472.904212438828,-1.65121051912637,0.139512452664989,-11.8355780260807,2.55576690131842e-32,8.795774073352e-31,"ENSG00000183098","downregulated",FALSE,FALSE,"Neither_bound","Neither_bound_downregulated"
"ENSG00000014123.10","UFL1",411.017832039549,-2.23386480015823,0.188797778700319,-11.8320502260997,2.66550534813621e-32,9.15489238275942e-31,"ENSG00000014123","downregulated",FALSE,FALSE,"Neither_bound","Neither_bound_downregulated"
"ENSG00000159184.8","HOXB13",66.6378217302259,-4.69631816602711,0.397310914380319,-11.820259640619,3.06735054386862e-32,1.05138005322028e-30,"ENSG00000159184","downregulated",FALSE,FALSE,"Neither_bound","Neither_bound_downregulated"
"ENSG00000128739.23","SNRPN",88.1472488717728,-3.16394609486822,0.26784452940957,-11.8126216796092,3.35920764994727e-32,1.14794331442061e-30,"ENSG00000128739","downregulated",FALSE,FALSE,"Neither_bound","Neither_bound_downregulated"
"ENSG00000023608.5","SNAPC1",410.337562323683,-2.1500518320051,0.182037533855855,-11.8110358147766,3.42317845807968e-32,1.16862840064372e-30,"ENSG00000023608","downregulated",FALSE,FALSE,"Neither_bound","Neither_bound_downregulated"
"ENSG00000140538.17","NTRK3",407.212255103634,-1.72829138232878,0.146404259470121,-11.8049255437236,3.68116675733385e-32,1.25418126793497e-30,"ENSG00000140538","downregulated",FALSE,FALSE,"Neither_bound","Neither_bound_downregulated"
"ENSG00000183486.14","MX2",3140.88741386174,-1.40286891518983,0.118955495514656,-11.793224929377,4.2302626356345e-32,1.43693561207233e-30,"ENSG00000183486","downregulated",FALSE,FALSE,"Neither_bound","Neither_bound_downregulated"
"ENSG00000198363.18","ASPH",9665.8000977435,-1.38124698144562,0.117416653194156,-11.7636378134679,6.00883505952389e-32,2.03904205096811e-30,"ENSG00000198363","downregulated",FALSE,FALSE,"Neither_bound","Neither_bound_downregulated"
"ENSG00000135829.17","DHX9",2233.29758365925,-1.72211474496949,0.146984504303547,-11.7163013416233,1.05163924441297e-31,3.55090276880911e-30,"ENSG00000135829","downregulated",FALSE,FALSE,"Neither_bound","Neither_bound_downregulated"
"ENSG00000196576.16","PLXNB2",3356.62176323078,-1.42779384520689,0.121917676366535,-11.7111307216383,1.11778886976179e-31,3.7667710642925e-30,"ENSG00000196576","downregulated",FALSE,FALSE,"Neither_bound","Neither_bound_downregulated"
"ENSG00000135046.14","ANXA1",4312.74452033223,-2.46113953485952,0.210598858646175,-11.6863859124443,1.4961892588243e-31,5.01208646388006e-30,"ENSG00000135046","downregulated",FALSE,FALSE,"Neither_bound","Neither_bound_downregulated"
"ENSG00000176087.16","SLC35A4",622.623882048136,-1.60377777601696,0.137314329154014,-11.6796097384574,1.62037759804582e-31,5.42275726605128e-30,"ENSG00000176087","downregulated",FALSE,FALSE,"Neither_bound","Neither_bound_downregulated"
"ENSG00000274641.2","H2BC17",482.251297342867,-1.7530286916614,0.150133895804031,-11.6764351066306,1.68202870547934e-31,5.61800895454497e-30,"ENSG00000274641","downregulated",FALSE,FALSE,"Neither_bound","Neither_bound_downregulated"
"ENSG00000137135.18","ARHGEF39",90.9812749981366,-3.02114377421861,0.258986687250639,-11.6652473773482,1.91844672294969e-31,6.39507343328312e-30,"ENSG00000137135","downregulated",FALSE,FALSE,"Neither_bound","Neither_bound_downregulated"
"ENSG00000163104.18","SMARCAD1",495.561000041338,-1.77013545947651,0.152464607139282,-11.6101401675435,3.66015120356052e-31,1.21532762544031e-29,"ENSG00000163104","downregulated",FALSE,FALSE,"Neither_bound","Neither_bound_downregulated"
"ENSG00000139163.16","ETNK1",1111.77121008943,-1.60422098260957,0.138362856022631,-11.5943037656521,4.40432621918771e-31,1.46099758802117e-29,"ENSG00000139163","downregulated",FALSE,FALSE,"Neither_bound","Neither_bound_downregulated"
"ENSG00000170961.7","HAS2",616.616949164968,-1.64387235215349,0.141928678141069,-11.5823833046594,5.06188815728316e-31,1.67585006751067e-29,"ENSG00000170961","downregulated",FALSE,FALSE,"Neither_bound","Neither_bound_downregulated"
"ENSG00000174684.7","B4GAT1",250.494111435379,-2.44398589147578,0.211431105967946,-11.5592541612411,6.6281969312059e-31,2.18376909174784e-29,"ENSG00000174684","downregulated",FALSE,FALSE,"Neither_bound","Neither_bound_downregulated"
"ENSG00000231890.10","ENSG00000231890.10",135.509435958242,-2.43479495007352,0.211374192254592,-11.5188847044341,1.05973778997364e-30,3.48135137812618e-29,"ENSG00000231890","downregulated",FALSE,FALSE,"Neither_bound","Neither_bound_downregulated"
"ENSG00000184898.7","RBM43",303.45872891104,-1.96850252753916,0.17103504464208,-11.509351967362,1.18364474651383e-30,3.88464200479052e-29,"ENSG00000184898","downregulated",FALSE,FALSE,"Neither_bound","Neither_bound_downregulated"
"ENSG00000125868.16","DSTN",2253.04879908885,-2.43665593810999,0.212026242716437,-11.4922375027358,1.44324609234553e-30,4.69580299471198e-29,"ENSG00000125868","downregulated",FALSE,FALSE,"Neither_bound","Neither_bound_downregulated"
"ENSG00000101447.15","FAM83D",381.888514873819,-2.14751831180428,0.186901515900743,-11.4901064416446,1.47929547027594e-30,4.8084888549601e-29,"ENSG00000101447","downregulated",FALSE,FALSE,"Neither_bound","Neither_bound_downregulated"
"ENSG00000100413.17","POLR3H",285.009800293459,-2.00175272399189,0.174403732705591,-11.477694272582,1.70774038361891e-30,5.53516463270677e-29,"ENSG00000100413","downregulated",FALSE,FALSE,"Neither_bound","Neither_bound_downregulated"
"ENSG00000175426.11","PCSK1",175.46986686498,-2.32549878964955,0.202798753291731,-11.4670270497386,1.93182569150594e-30,6.24954810372131e-29,"ENSG00000175426","downregulated",FALSE,FALSE,"Neither_bound","Neither_bound_downregulated"
"ENSG00000106211.10","HSPB1",2483.99874251881,-1.60640320987021,0.140116486250124,-11.4647694419242,1.98286946739978e-30,6.40857374582644e-29,"ENSG00000106211","downregulated",FALSE,FALSE,"Neither_bound","Neither_bound_downregulated"
"ENSG00000037757.14","MRI1",155.399021566199,-2.55287985929549,0.222990596584239,-11.448374498299,2.39596220465303e-30,7.72896905675729e-29,"ENSG00000037757","downregulated",FALSE,FALSE,"Neither_bound","Neither_bound_downregulated"
"ENSG00000162613.18","FUBP1",1924.33177015115,-1.62820480391384,0.142440984002822,-11.4307326315689,2.93620946124097e-30,9.45375952411691e-29,"ENSG00000162613","downregulated",FALSE,FALSE,"Neither_bound","Neither_bound_downregulated"
"ENSG00000178202.14","POGLUT3",316.533016904462,-2.18259605567608,0.191046780667761,-11.4244063576853,3.15806283134619e-30,1.01584354408302e-28,"ENSG00000178202","downregulated",FALSE,FALSE,"Neither_bound","Neither_bound_downregulated"
"ENSG00000236526.1","BTBD3-AS1",218.85970060576,-2.3629976033915,0.206889091708867,-11.4215669075327,3.26297290650842e-30,1.04859662902818e-28,"ENSG00000236526","downregulated",FALSE,FALSE,"Neither_bound","Neither_bound_downregulated"
"ENSG00000270071.5","ENSG00000270071.5",391.658443100444,-2.40325947253324,0.210632513914122,-11.4097269594052,3.73901127348566e-30,1.19592029131601e-28,"ENSG00000270071","downregulated",FALSE,FALSE,"Neither_bound","Neither_bound_downregulated"
"ENSG00000120802.14","TMPO",596.477638266701,-1.8602412243701,0.163576278117801,-11.3723166083436,5.74424658234182e-30,1.83039932372408e-28,"ENSG00000120802","downregulated",FALSE,FALSE,"Neither_bound","Neither_bound_downregulated"
"ENSG00000010292.13","NCAPD2",1201.67196653632,-1.5117299607105,0.133031027121635,-11.3637396735144,6.33724940185928e-30,2.01181016525567e-28,"ENSG00000010292","downregulated",FALSE,FALSE,"Neither_bound","Neither_bound_downregulated"
"ENSG00000137628.18","DDX60",2401.93723963393,-1.29960180698909,0.114504033768053,-11.3498342741501,7.43033992321249e-30,2.35441965029554e-28,"ENSG00000137628","downregulated",FALSE,FALSE,"Neither_bound","Neither_bound_downregulated"
"ENSG00000206712.1","RNU6-26P",76.6052208918299,-3.23669976722202,0.28551108289605,-11.3365118243079,8.65249196321508e-30,2.72894936867679e-28,"ENSG00000206712","downregulated",FALSE,FALSE,"Neither_bound","Neither_bound_downregulated"
"ENSG00000111371.16","SLC38A1",1931.83055064454,-1.4071524956317,0.12412817958345,-11.3362856069737,8.67488017818387e-30,2.73347244798284e-28,"ENSG00000111371","downregulated",FALSE,FALSE,"Neither_bound","Neither_bound_downregulated"
"ENSG00000225470.9","JPX",638.834039210823,-2.21704822091099,0.195635622655135,-11.3325384754656,9.05419952977553e-30,2.85035263788151e-28,"ENSG00000225470","downregulated",FALSE,FALSE,"Neither_bound","Neither_bound_downregulated"
"ENSG00000128923.11","MINDY2",848.630270024514,-1.39411785500187,0.123133800010945,-11.3219754030003,1.02143935530735e-29,3.20964403525253e-28,"ENSG00000128923","downregulated",FALSE,FALSE,"Neither_bound","Neither_bound_downregulated"
"ENSG00000198846.6","TOX",311.617613346961,-1.79298808750509,0.158924803868117,-11.2819902486272,1.61060332064311e-29,5.03302424982567e-28,"ENSG00000198846","downregulated",FALSE,FALSE,"Neither_bound","Neither_bound_downregulated"
"ENSG00000271943.4","ENSG00000271943.4",131.688923673779,-2.46186387880778,0.218264749377624,-11.2792555180244,1.66146055084286e-29,5.18717757270499e-28,"ENSG00000271943","downregulated",FALSE,FALSE,"Neither_bound","Neither_bound_downregulated"
"ENSG00000029993.15","HMGB3",178.546554063208,-2.65985591393227,0.236057744090546,-11.267818915155,1.89198610757659e-29,5.90146777797629e-28,"ENSG00000029993","downregulated",FALSE,FALSE,"Neither_bound","Neither_bound_downregulated"
"ENSG00000005884.18","ITGA3",26609.0989655979,-1.27930839790344,0.113575738187074,-11.2639232491384,1.97754415004845e-29,6.1626807053987e-28,"ENSG00000005884","downregulated",FALSE,FALSE,"Neither_bound","Neither_bound_downregulated"
"ENSG00000234567.1","ENSG00000234567.1",98.4944355349103,-2.95704149602852,0.262675975108334,-11.2573732516229,2.13013594954965e-29,6.62604926138302e-28,"ENSG00000234567","downregulated",FALSE,FALSE,"Neither_bound","Neither_bound_downregulated"
"ENSG00000157214.14","STEAP2",117.488101984428,-2.66171719876403,0.236629982119458,-11.2484359544105,2.35735093237066e-29,7.32612044563282e-28,"ENSG00000157214","downregulated",FALSE,FALSE,"Neither_bound","Neither_bound_downregulated"
"ENSG00000168653.11","NDUFS5",145.245984049515,-3.09302850874191,0.275184021033628,-11.2398550509004,2.59808582660493e-29,8.04482947658306e-28,"ENSG00000168653","downregulated",FALSE,FALSE,"Neither_bound","Neither_bound_downregulated"
"ENSG00000135837.17","CEP350",2581.78296323517,-1.27410467936746,0.113423172073723,-11.233195616671,2.80159102184073e-29,8.667071387057e-28,"ENSG00000135837","downregulated",FALSE,FALSE,"Neither_bound","Neither_bound_downregulated"
"ENSG00000275342.6","PRAG1",266.229392344887,-1.85020925204203,0.164863240684182,-11.2226912704352,3.15519705359709e-29,9.74324850150781e-28,"ENSG00000275342","downregulated",FALSE,FALSE,"Neither_bound","Neither_bound_downregulated"
"ENSG00000232490.6","OSBPL10-AS1",92.0904258260568,-3.78838204834249,0.337785485584864,-11.215348823479,3.42832041588869e-29,1.05674399171422e-27,"ENSG00000232490","downregulated",FALSE,FALSE,"Neither_bound","Neither_bound_downregulated"
"ENSG00000086848.15","ALG9",179.953158351824,-2.06692944308422,0.184828856293854,-11.1829369316557,4.94266967001987e-29,1.51254597613725e-27,"ENSG00000086848","downregulated",FALSE,FALSE,"Neither_bound","Neither_bound_downregulated"
"ENSG00000154529.15","CNTNAP3B",168.812664499897,-2.13386347574431,0.190954587439303,-11.1747170065897,5.42229258943139e-29,1.65782569466972e-27,"ENSG00000154529","downregulated",FALSE,FALSE,"Neither_bound","Neither_bound_downregulated"
"ENSG00000287105.1","ENSG00000287105.1",81.9202960497403,-3.54145951200075,0.316929556602306,-11.1742797041952,5.44906415234586e-29,1.66451268998997e-27,"ENSG00000287105","downregulated",FALSE,FALSE,"Neither_bound","Neither_bound_downregulated"
"ENSG00000170854.18","RIOX2",388.822352253684,-1.76281046756291,0.157824357006692,-11.1694449513148,5.75393035740868e-29,1.75448389928598e-27,"ENSG00000170854","downregulated",FALSE,FALSE,"Neither_bound","Neither_bound_downregulated"
"ENSG00000249304.1","ENSG00000249304.1",95.5345787679327,-3.04642734952518,0.273091093139162,-11.1553522837626,6.74252275086782e-29,2.04856898749086e-27,"ENSG00000249304","downregulated",FALSE,FALSE,"Neither_bound","Neither_bound_downregulated"
"ENSG00000024526.17","DEPDC1",380.759750019443,-2.15688275894632,0.193352310530416,-11.1551951617719,6.75444465977159e-29,2.05035724935765e-27,"ENSG00000024526","downregulated",FALSE,FALSE,"Neither_bound","Neither_bound_downregulated"
"ENSG00000164951.16","PDP1",2224.17685337926,-1.56893114485004,0.140704744794121,-11.1505205254144,7.11886975176039e-29,2.15712549266545e-27,"ENSG00000164951","downregulated",FALSE,FALSE,"Neither_bound","Neither_bound_downregulated"
"ENSG00000121940.17","CLCC1",672.707061364465,-1.50972966742706,0.135397016349422,-11.1503909623154,7.12924328329745e-29,2.15834345674731e-27,"ENSG00000121940","downregulated",FALSE,FALSE,"Neither_bound","Neither_bound_downregulated"
"ENSG00000276115.1","ENSG00000276115.1",232.313369343924,-2.31162181722321,0.207621349848891,-11.1338348339688,8.58604514072727e-29,2.59014903499311e-27,"ENSG00000276115","downregulated",FALSE,FALSE,"Neither_bound","Neither_bound_downregulated"
"ENSG00000164543.7","STK17A",1775.97535474353,-1.75961710096971,0.158202390891888,-11.1225695834913,9.74249068652758e-29,2.93120392949485e-27,"ENSG00000164543","downregulated",FALSE,FALSE,"Neither_bound","Neither_bound_downregulated"
"ENSG00000230590.13","FTX",3635.03536489274,-1.89810023800385,0.170802135514548,-11.1128601073151,1.08623614125229e-28,3.26235802352412e-27,"ENSG00000230590","downregulated",FALSE,FALSE,"Neither_bound","Neither_bound_downregulated"
"ENSG00000138061.12","CYP1B1",75.1228590454113,-3.25290937184554,0.292808390268838,-11.1093448137156,1.1298545119109e-28,3.38736964347657e-27,"ENSG00000138061","downregulated",FALSE,FALSE,"Neither_bound","Neither_bound_downregulated"
"ENSG00000170153.11","RNF150",954.468982431888,-1.42350940255068,0.128164949002922,-11.1068542033144,1.16180582762255e-28,3.48008997819072e-27,"ENSG00000170153","downregulated",FALSE,FALSE,"Neither_bound","Neither_bound_downregulated"
"ENSG00000214976.2","ENSG00000214976.2",68.0176668380795,-5.76077793203498,0.519817858363848,-11.0823009239569,1.52892108596535e-28,4.56766855304056e-27,"ENSG00000214976","downregulated",FALSE,FALSE,"Neither_bound","Neither_bound_downregulated"
"ENSG00000146414.17","SHPRH",772.976438904848,-1.5489546136074,0.140007009450533,-11.0634076085646,1.8878615890197e-28,5.62023509691685e-27,"ENSG00000146414","downregulated",FALSE,FALSE,"Neither_bound","Neither_bound_downregulated"
"ENSG00000135316.20","SYNCRIP",1057.29932008031,-1.48469251943508,0.134445851602599,-11.0430519182072,2.36849208092056e-28,7.04491584979943e-27,"ENSG00000135316","downregulated",FALSE,FALSE,"Neither_bound","Neither_bound_downregulated"
"ENSG00000129675.16","ARHGEF6",597.555160796723,-1.56968460084192,0.142178364173994,-11.040249407575,2.44353962327425e-28,7.2617807457025e-27,"ENSG00000129675","downregulated",FALSE,FALSE,"Neither_bound","Neither_bound_downregulated"
"ENSG00000271811.1","ENSG00000271811.1",166.459999756039,-2.15040254877206,0.195117391982433,-11.0210705817842,3.02440377435938e-28,8.9644805765654e-27,"ENSG00000271811","downregulated",FALSE,FALSE,"Neither_bound","Neither_bound_downregulated"
"ENSG00000151849.16","CENPJ",140.625588057187,-2.40112515487382,0.218100667335633,-11.0092517561111,3.4485581070943e-28,1.02038869147891e-26,"ENSG00000151849","downregulated",FALSE,FALSE,"Neither_bound","Neither_bound_downregulated"
"ENSG00000197892.13","KIF13B",733.553050537389,-1.42937901367014,0.129960798142479,-10.9985398220091,3.88369579625258e-28,1.14714242440963e-26,"ENSG00000197892","downregulated",FALSE,FALSE,"Neither_bound","Neither_bound_downregulated"
"ENSG00000114978.18","MOB1A",2712.31326390497,-1.44813223744893,0.131716800472523,-10.9942864710795,4.07120683678763e-28,1.20148352590793e-26,"ENSG00000114978","downregulated",FALSE,FALSE,"Neither_bound","Neither_bound_downregulated"
"ENSG00000072818.12","ACAP1",207.745851640799,-2.1427227956982,0.194967401777397,-10.9901592582366,4.26173439892756e-28,1.25661974012822e-26,"ENSG00000072818","downregulated",FALSE,FALSE,"Neither_bound","Neither_bound_downregulated"
"ENSG00000258711.2","ENSG00000258711.2",72.7110769478213,-3.25348464346868,0.296379804505225,-10.9774167943056,4.90756735209729e-28,1.44329218888347e-26,"ENSG00000258711","downregulated",FALSE,FALSE,"Neither_bound","Neither_bound_downregulated"
"ENSG00000113212.7","PCDHB7",64.8565455606647,-3.77511388830226,0.3439556836414,-10.9755822271514,5.00821701700525e-28,1.47161864734978e-26,"ENSG00000113212","downregulated",FALSE,FALSE,"Neither_bound","Neither_bound_downregulated"
"ENSG00000162302.13","RPS6KA4",382.246754593088,-1.61368085400755,0.147131027762106,-10.9676448166779,5.46780943727028e-28,1.60527701784959e-26,"ENSG00000162302","downregulated",FALSE,FALSE,"Neither_bound","Neither_bound_downregulated"
"ENSG00000261324.2","ENSG00000261324.2",79.8591898797627,-3.00070684758689,0.273741156113816,-10.9618403391972,5.83015498812256e-28,1.71017879651595e-26,"ENSG00000261324","downregulated",FALSE,FALSE,"Neither_bound","Neither_bound_downregulated"
"ENSG00000203727.4","SAMD5",226.218715096419,-1.89368530540597,0.172837971198932,-10.9564194272241,6.19002296840007e-28,1.8110482359226e-26,"ENSG00000203727","downregulated",FALSE,FALSE,"Neither_bound","Neither_bound_downregulated"
"ENSG00000160712.13","IL6R",110.227543651684,-2.4805735332659,0.226719336481841,-10.941164400702,7.32529834378086e-28,2.13401144203729e-26,"ENSG00000160712","downregulated",FALSE,FALSE,"Neither_bound","Neither_bound_downregulated"
"ENSG00000276107.1","ENSG00000276107.1",63.9493811726215,-3.7987033961518,0.347753587344259,-10.923549129031,8.89505687219822e-28,2.58245548576777e-26,"ENSG00000276107","downregulated",FALSE,FALSE,"Neither_bound","Neither_bound_downregulated"
"ENSG00000170456.16","DENND5B",1177.62444765981,-1.34801547961826,0.123687045590124,-10.8985987431969,1.17045894833719e-27,3.38367230273343e-26,"ENSG00000170456","downregulated",FALSE,FALSE,"Neither_bound","Neither_bound_downregulated"
"ENSG00000151090.20","THRB",280.174139608359,-1.84406465109746,0.169274745408985,-10.8939147812157,1.23226815890638e-27,3.55630287355412e-26,"ENSG00000151090","downregulated",FALSE,FALSE,"Neither_bound","Neither_bound_downregulated"
"ENSG00000176890.16","TYMS",162.603374113114,-2.18124332242283,0.200478245877673,-10.880199559177,1.43249011700156e-27,4.12712674251985e-26,"ENSG00000176890","downregulated",FALSE,FALSE,"Neither_bound","Neither_bound_downregulated"
"ENSG00000065328.17","MCM10",120.515116787968,-2.34300654352069,0.215605658231938,-10.867092091805,1.65388337777901e-27,4.76094157427097e-26,"ENSG00000065328","downregulated",FALSE,FALSE,"Neither_bound","Neither_bound_downregulated"
"ENSG00000289417.1","ENSG00000289417.1",93.2284265072608,-2.81252692943916,0.258892653833645,-10.863679937579,1.71688119944883e-27,4.9381050451209e-26,"ENSG00000289417","downregulated",FALSE,FALSE,"Neither_bound","Neither_bound_downregulated"
"ENSG00000068489.13","PRR11",375.885705095254,-1.89817888966518,0.174914675396467,-10.8520276263996,1.95049691867153e-27,5.60528589961376e-26,"ENSG00000068489","downregulated",FALSE,FALSE,"Neither_bound","Neither_bound_downregulated"
"ENSG00000084207.18","GSTP1",943.879954622208,-1.94230762638385,0.179080764419733,-10.8459869080714,2.08374693400588e-27,5.97305619023728e-26,"ENSG00000084207","downregulated",FALSE,FALSE,"Neither_bound","Neither_bound_downregulated"
"ENSG00000198380.13","GFPT1",1687.63429989954,-1.28089019468678,0.118200085386522,-10.8366266445425,2.30826107082768e-27,6.59991683955174e-26,"ENSG00000198380","downregulated",FALSE,FALSE,"Neither_bound","Neither_bound_downregulated"
"ENSG00000108474.17","PIGL",257.912958667516,-1.93566497963319,0.178720471552552,-10.8306841562021,2.46308068584263e-27,7.01895341750859e-26,"ENSG00000108474","downregulated",FALSE,FALSE,"Neither_bound","Neither_bound_downregulated"
"ENSG00000155961.5","RAB39B",132.101469192152,-2.50996085857669,0.23177917131986,-10.8291044630274,2.50594087937257e-27,7.13510476031244e-26,"ENSG00000155961","downregulated",FALSE,FALSE,"Neither_bound","Neither_bound_downregulated"
"ENSG00000124006.15","OBSL1",1335.94748511919,-1.51031004322427,0.139480218396562,-10.8281307599494,2.53272695517978e-27,7.20533242994528e-26,"ENSG00000124006","downregulated",FALSE,FALSE,"Neither_bound","Neither_bound_downregulated"
"ENSG00000152078.10","TLCD4",287.094091205856,-1.75794132509858,0.162480347785462,-10.8194089258091,2.78568079949034e-27,7.91170613688026e-26,"ENSG00000152078","downregulated",FALSE,FALSE,"Neither_bound","Neither_bound_downregulated"
"ENSG00000119865.9","CNRIP1",205.181310405973,-2.12552655218753,0.19665910385392,-10.8081777580274,3.14862349475888e-27,8.92758287729296e-26,"ENSG00000119865","downregulated",FALSE,FALSE,"Neither_bound","Neither_bound_downregulated"
"ENSG00000163683.12","SMIM14",474.010261701999,-1.70153240070145,0.157438577285898,-10.8075951271561,3.16868096512514e-27,8.97696038560222e-26,"ENSG00000163683","downregulated",FALSE,FALSE,"Neither_bound","Neither_bound_downregulated"
"ENSG00000197102.14","DYNC1H1",10018.9884323361,-1.25642828542211,0.116272555909039,-10.8058885916727,3.22816159327822e-27,9.13784941670623e-26,"ENSG00000197102","downregulated",FALSE,FALSE,"Neither_bound","Neither_bound_downregulated"
"ENSG00000272168.10","ENSG00000272168.10",299.926060617666,-1.82499741023171,0.16895203104648,-10.8018672455594,3.3727385288804e-27,9.5391492380524e-26,"ENSG00000272168","downregulated",FALSE,FALSE,"Neither_bound","Neither_bound_downregulated"
"ENSG00000188021.9","UBQLN2",850.359504102965,-1.42350806360421,0.131836493912507,-10.7975267041682,3.53600254815496e-27,9.97599124217008e-26,"ENSG00000188021","downregulated",FALSE,FALSE,"Neither_bound","Neither_bound_downregulated"
"ENSG00000272620.2","AFAP1-AS1",227.448654968731,-2.16802036567238,0.200810971870784,-10.7963242519808,3.58260141352836e-27,1.00990709389818e-25,"ENSG00000272620","downregulated",FALSE,FALSE,"Neither_bound","Neither_bound_downregulated"
"ENSG00000065060.18","BLTP3A",1347.50743795027,-1.29732824406093,0.12017813209858,-10.7950441682414,3.63287806390712e-27,1.02238278438109e-25,"ENSG00000065060","downregulated",FALSE,FALSE,"Neither_bound","Neither_bound_downregulated"
"ENSG00000276851.1","ENSG00000276851.1",66.5184075107649,-3.342958525425,0.309711444767628,-10.7937842850243,3.683044368704e-27,1.03564280725279e-25,"ENSG00000276851","downregulated",FALSE,FALSE,"Neither_bound","Neither_bound_downregulated"
"ENSG00000119431.10","HDHD3",102.93965928047,-2.59605756633745,0.240583866610962,-10.7906552625801,3.81062774454458e-27,1.07063195390149e-25,"ENSG00000119431","downregulated",FALSE,FALSE,"Neither_bound","Neither_bound_downregulated"
"ENSG00000132436.13","FIGNL1",221.9449405178,-2.09745097599897,0.19447180056046,-10.7853733546673,4.03601077134123e-27,1.12928512257759e-25,"ENSG00000132436","downregulated",FALSE,FALSE,"Neither_bound","Neither_bound_downregulated"
"ENSG00000168386.19","FILIP1L",873.213911220377,-1.99699331311721,0.18517076037889,-10.7846039462766,4.06992672537362e-27,1.13783762146083e-25,"ENSG00000168386","downregulated",FALSE,FALSE,"Neither_bound","Neither_bound_downregulated"
"ENSG00000173548.9","SNX33",508.803292104509,-1.6187505119336,0.150173021294993,-10.7792364965062,4.314519714936e-27,1.2032479940636e-25,"ENSG00000173548","downregulated",FALSE,FALSE,"Neither_bound","Neither_bound_downregulated"
"ENSG00000165102.15","HGSNAT",421.699939682172,-1.64336250244227,0.152717844172232,-10.7607759351875,5.27243385794849e-27,1.46558128712598e-25,"ENSG00000165102","downregulated",FALSE,FALSE,"Neither_bound","Neither_bound_downregulated"
"ENSG00000165416.15","SUGT1",561.248537840107,-1.44326871968197,0.134181493901023,-10.7560936886467,5.54720243227275e-27,1.53943931551831e-25,"ENSG00000165416","downregulated",FALSE,FALSE,"Neither_bound","Neither_bound_downregulated"
"ENSG00000237810.3","ENSG00000237810.3",202.234963923712,-2.25660710487519,0.210414866971206,-10.7245611365664,7.80567275304206e-27,2.1556348949214e-25,"ENSG00000237810","downregulated",FALSE,FALSE,"Neither_bound","Neither_bound_downregulated"
"ENSG00000117650.13","NEK2",205.941440215473,-2.70865056505202,0.252595504755768,-10.7232730355633,7.9151792902893e-27,2.18232800432262e-25,"ENSG00000117650","downregulated",FALSE,FALSE,"Neither_bound","Neither_bound_downregulated"
"ENSG00000113448.21","PDE4D",491.252805941385,-1.68722279225556,0.157342057639247,-10.723279062004,7.91466342888725e-27,2.18232800432262e-25,"ENSG00000113448","downregulated",FALSE,FALSE,"Neither_bound","Neither_bound_downregulated"
"ENSG00000164045.12","CDC25A",157.383888320856,-2.01223757117963,0.187697223800844,-10.7206570796951,8.14228165621159e-27,2.24312265448658e-25,"ENSG00000164045","downregulated",FALSE,FALSE,"Neither_bound","Neither_bound_downregulated"
"ENSG00000236276.2","NDP-AS1",51.7546352640713,-4.49378126207358,0.419399209752303,-10.7148062218038,8.67387085125202e-27,2.38763407678548e-25,"ENSG00000236276","downregulated",FALSE,FALSE,"Neither_bound","Neither_bound_downregulated"
"ENSG00000197256.11","KANK2",1319.67867692361,-1.3301596794621,0.124161515525455,-10.7131398471807,8.83147092005284e-27,2.42708255835238e-25,"ENSG00000197256","downregulated",FALSE,FALSE,"Neither_bound","Neither_bound_downregulated"
"ENSG00000261051.1","ENSG00000261051.1",119.471480220731,-2.45549893075847,0.229434037494319,-10.7024178172311,9.9156596355526e-27,2.71625102016492e-25,"ENSG00000261051","downregulated",FALSE,FALSE,"Neither_bound","Neither_bound_downregulated"
"ENSG00000196428.13","TSC22D2",2499.02161841151,-1.24933085672307,0.116918590341606,-10.6854765617071,1.19036110745829e-26,3.25819388381492e-25,"ENSG00000196428","downregulated",FALSE,FALSE,"Neither_bound","Neither_bound_downregulated"
"ENSG00000111331.14","OAS3",8324.33176363098,-1.18004846137714,0.110457952279147,-10.6832368066624,1.21944173826002e-26,3.33510442554076e-25,"ENSG00000111331","downregulated",FALSE,FALSE,"Neither_bound","Neither_bound_downregulated"
"ENSG00000008710.20","PKD1",2656.76688302917,-1.27443571186585,0.119471959330101,-10.6672370572293,1.4487017818495e-26,3.94939824445136e-25,"ENSG00000008710","downregulated",FALSE,FALSE,"Neither_bound","Neither_bound_downregulated"
"ENSG00000169188.5","APEX2",189.20703599032,-2.12611416759337,0.199334271915815,-10.6660743642282,1.46693771978959e-26,3.99590541024963e-25,"ENSG00000169188","downregulated",FALSE,FALSE,"Neither_bound","Neither_bound_downregulated"
"ENSG00000203778.8","FAM229B",85.5156004103578,-3.21217877375074,0.301295519825719,-10.6612231592716,1.54551292938781e-26,4.20656916550042e-25,"ENSG00000203778","downregulated",FALSE,FALSE,"Neither_bound","Neither_bound_downregulated"
"ENSG00000136868.11","SLC31A1",620.762679153852,-1.55990572448158,0.14636445391043,-10.6576814438579,1.60550002304143e-26,4.36634305705936e-25,"ENSG00000136868","downregulated",FALSE,FALSE,"Neither_bound","Neither_bound_downregulated"
"ENSG00000122884.13","P4HA1",2093.87992354802,-1.59122932021361,0.149322280205138,-10.6563422285515,1.6287792796392e-26,4.42610996566275e-25,"ENSG00000122884","downregulated",FALSE,FALSE,"Neither_bound","Neither_bound_downregulated"
"ENSG00000253976.1","ENSG00000253976.1",70.2290147092258,-3.38563328765851,0.317746646106206,-10.6551346147864,1.65005770287971e-26,4.48034852529321e-25,"ENSG00000253976","downregulated",FALSE,FALSE,"Neither_bound","Neither_bound_downregulated"
"ENSG00000283563.1","ENSG00000283563.1",70.3424637370177,-3.17320975840094,0.297870167381986,-10.6529961905572,1.68841546525869e-26,4.5771824839511e-25,"ENSG00000283563","downregulated",FALSE,FALSE,"Neither_bound","Neither_bound_downregulated"
"ENSG00000253335.1","ENSG00000253335.1",72.3653920031257,-3.30310097022103,0.310146212026202,-10.6501412628634,1.74100660200612e-26,4.71598981315342e-25,"ENSG00000253335","downregulated",FALSE,FALSE,"Neither_bound","Neither_bound_downregulated"
"ENSG00000115232.14","ITGA4",341.829743248763,-1.73776555889135,0.163475724812513,-10.630113803651,2.15848925733817e-26,5.8236348763513e-25,"ENSG00000115232","downregulated",FALSE,FALSE,"Neither_bound","Neither_bound_downregulated"
"ENSG00000146416.19","AIG1",415.168313016815,-1.70813790919073,0.160765573237449,-10.6250229747125,2.27956032231095e-26,6.14540516097287e-25,"ENSG00000146416","downregulated",FALSE,FALSE,"Neither_bound","Neither_bound_downregulated"
"ENSG00000164236.12","ANKRD33B",406.163498903614,-1.71407647839702,0.161734248941782,-10.5981045425575,3.04080649714325e-26,8.17168632080395e-25,"ENSG00000164236","downregulated",FALSE,FALSE,"Neither_bound","Neither_bound_downregulated"
"ENSG00000171314.9","PGAM1",1798.19629502397,-1.99379749870757,0.188192152439837,-10.5944773618813,3.16101728513637e-26,8.48801858826184e-25,"ENSG00000171314","downregulated",FALSE,FALSE,"Neither_bound","Neither_bound_downregulated"
"ENSG00000282834.1","ENSG00000282834.1",77.4410751733518,-3.16480762293624,0.299377594475508,-10.5712908425254,4.04882862077035e-26,1.08462626648523e-24,"ENSG00000282834","downregulated",FALSE,FALSE,"Neither_bound","Neither_bound_downregulated"
"ENSG00000132341.12","RAN",977.17494265828,-2.04633237294468,0.193666328991733,-10.566278524503,4.27108477995839e-26,1.14326404890171e-24,"ENSG00000132341","downregulated",FALSE,FALSE,"Neither_bound","Neither_bound_downregulated"
"ENSG00000104332.12","SFRP1",923.59907918396,-1.35636149456363,0.128496747294505,-10.5556095630572,4.78523445631408e-26,1.27386241388775e-24,"ENSG00000104332","downregulated",FALSE,FALSE,"Neither_bound","Neither_bound_downregulated"
"ENSG00000100304.13","TTLL12",356.52632103047,-1.7289583830972,0.163808921149266,-10.5547266349537,4.83043577892543e-26,1.28488835190712e-24,"ENSG00000100304","downregulated",FALSE,FALSE,"Neither_bound","Neither_bound_downregulated"
"ENSG00000159167.12","STC1",1840.98092018832,-1.42424235240511,0.135018735739792,-10.548479398814,5.16258240586296e-26,1.37109147116773e-24,"ENSG00000159167","downregulated",FALSE,FALSE,"Neither_bound","Neither_bound_downregulated"
"ENSG00000168404.13","MLKL",195.067850994234,-1.81864441028907,0.172687650987498,-10.5314097440629,6.19004112873544e-26,1.64139982092807e-24,"ENSG00000168404","downregulated",FALSE,FALSE,"Neither_bound","Neither_bound_downregulated"
"ENSG00000111247.15","RAD51AP1",82.2808930052905,-2.93636365074263,0.278944076325406,-10.5267109071611,6.50684455376426e-26,1.72406002965885e-24,"ENSG00000111247","downregulated",FALSE,FALSE,"Neither_bound","Neither_bound_downregulated"
"ENSG00000138182.15","KIF20B",584.380093499777,-1.97760644364573,0.187979203646111,-10.5203469601285,6.96167487548731e-26,1.84313462330907e-24,"ENSG00000138182","downregulated",FALSE,FALSE,"Neither_bound","Neither_bound_downregulated"
"ENSG00000276386.1","ENSG00000276386.1",133.163346071716,-2.22765921200617,0.21213190442273,-10.5012926653737,8.5205232213219e-26,2.25408981917338e-24,"ENSG00000276386","downregulated",FALSE,FALSE,"Neither_bound","Neither_bound_downregulated"
"ENSG00000095015.6","MAP3K1",1454.76779017285,-1.22395635413786,0.116626849747383,-10.4946361561595,9.14292728181421e-26,2.41686345454214e-24,"ENSG00000095015","downregulated",FALSE,FALSE,"Neither_bound","Neither_bound_downregulated"
"ENSG00000145242.14","EPHA5",555.396627512637,-1.40379898460043,0.133801891728093,-10.4916228497962,9.43929971852911e-26,2.49326697386467e-24,"ENSG00000145242","downregulated",FALSE,FALSE,"Neither_bound","Neither_bound_downregulated"
"ENSG00000079616.14","KIF22",227.248427845896,-2.05301364635557,0.195742983922563,-10.4883128131313,9.7758399015268e-26,2.57614995946519e-24,"ENSG00000079616","downregulated",FALSE,FALSE,"Neither_bound","Neither_bound_downregulated"
"ENSG00000131475.7","VPS25",253.29098573432,-2.2980406275784,0.219651175369022,-10.4622277741861,1.28791350998663e-25,3.38867901682618e-24,"ENSG00000131475","downregulated",FALSE,FALSE,"Neither_bound","Neither_bound_downregulated"
"ENSG00000084774.14","CAD",937.378278962449,-1.35796695231623,0.129836768962687,-10.4590322384446,1.33209238767437e-25,3.50220698332221e-24,"ENSG00000084774","downregulated",FALSE,FALSE,"Neither_bound","Neither_bound_downregulated"
"ENSG00000081019.14","RSBN1",763.121510209168,-1.34192019026286,0.128327224853814,-10.457018701928,1.36069787456135e-25,3.57464697626448e-24,"ENSG00000081019","downregulated",FALSE,FALSE,"Neither_bound","Neither_bound_downregulated"
"ENSG00000196204.12","RNF216P1",122.744854381406,-2.2553232502216,0.215919413853526,-10.4452082838255,1.54116710581253e-25,4.03315595148228e-24,"ENSG00000196204","downregulated",FALSE,FALSE,"Neither_bound","Neither_bound_downregulated"
"ENSG00000198642.7","KLHL9",942.215625378871,-1.58240276580446,0.151542098598385,-10.4420011365827,1.59414233595224e-25,4.16857789589113e-24,"ENSG00000198642","downregulated",FALSE,FALSE,"Neither_bound","Neither_bound_downregulated"
"ENSG00000168461.13","RAB31",1431.91422390827,-1.27786891359816,0.122492998070851,-10.4321792569648,1.76786434941374e-25,4.60512394331946e-24,"ENSG00000168461","downregulated",FALSE,FALSE,"Neither_bound","Neither_bound_downregulated"
"ENSG00000178662.16","CSRNP3",52.7085290381902,-3.83522369121125,0.367972909103657,-10.4225707825977,1.95593560394282e-25,5.08333745942844e-24,"ENSG00000178662","downregulated",FALSE,FALSE,"Neither_bound","Neither_bound_downregulated"
"ENSG00000188042.8","ARL4C",1524.00132888754,-1.50598171086885,0.144492009481477,-10.4225951059384,1.9554353305307e-25,5.08333745942844e-24,"ENSG00000188042","downregulated",FALSE,FALSE,"Neither_bound","Neither_bound_downregulated"
"ENSG00000239887.6","C1orf226",359.047213306054,-1.55515314642295,0.149244798270558,-10.4201497435354,2.00637054441603e-25,5.2104277257434e-24,"ENSG00000239887","downregulated",FALSE,FALSE,"Neither_bound","Neither_bound_downregulated"
"ENSG00000170271.11","FAXDC2",318.509451848293,-1.56503751722239,0.150408355864972,-10.4052564647897,2.34623457945015e-25,6.08373253395134e-24,"ENSG00000170271","downregulated",FALSE,FALSE,"Neither_bound","Neither_bound_downregulated"
"ENSG00000013583.10","HEBP1",91.5406441319794,-2.69702329847115,0.259239622554885,-10.4035921356896,2.38759183779591e-25,6.18153350200088e-24,"ENSG00000013583","downregulated",FALSE,FALSE,"Neither_bound","Neither_bound_downregulated"
"ENSG00000142731.11","PLK4",184.73890510875,-2.34023697802424,0.22510806845654,-10.396059963866,2.58397776819614e-25,6.67471915057692e-24,"ENSG00000142731","downregulated",FALSE,FALSE,"Neither_bound","Neither_bound_downregulated"
"ENSG00000203950.7","RTL8A",283.203884614622,-1.82709260460072,0.176135216281996,-10.3732384878417,3.28209401063682e-25,8.44592192070542e-24,"ENSG00000203950","downregulated",FALSE,FALSE,"Neither_bound","Neither_bound_downregulated"
"ENSG00000141198.16","TOM1L1",621.61183574257,-1.48509556124372,0.143186926598566,-10.3717259426014,3.33446989700066e-25,8.57420692364258e-24,"ENSG00000141198","downregulated",FALSE,FALSE,"Neither_bound","Neither_bound_downregulated"
"ENSG00000118246.14","FASTKD2",510.012513423347,-1.40201750230495,0.135183782134293,-10.3711960130852,3.35301534823007e-25,8.61537256797875e-24,"ENSG00000118246","downregulated",FALSE,FALSE,"Neither_bound","Neither_bound_downregulated"
"ENSG00000253789.1","NARS1P2",139.548231096731,-2.16273672300356,0.208878388988497,-10.3540473166071,4.01160288139512e-25,1.0284235975489e-23,"ENSG00000253789","downregulated",FALSE,FALSE,"Neither_bound","Neither_bound_downregulated"
"ENSG00000118922.19","KLF12",396.716070171707,-1.56437495064467,0.151349601165535,-10.336168305681,4.83484249120422e-25,1.23388376965608e-23,"ENSG00000118922","downregulated",FALSE,FALSE,"Neither_bound","Neither_bound_downregulated"
"ENSG00000126858.19","RHOT1",701.285596611446,-1.5612234694187,0.151121288053375,-10.3309301391561,5.10630082952398e-25,1.30218338271224e-23,"ENSG00000126858","downregulated",FALSE,FALSE,"Neither_bound","Neither_bound_downregulated"
"ENSG00000184271.18","POU6F1",193.663655313971,-1.8206343441757,0.17640376707829,-10.3208359681326,5.67270735832795e-25,1.44554031168555e-23,"ENSG00000184271","downregulated",FALSE,FALSE,"Neither_bound","Neither_bound_downregulated"
"ENSG00000101400.6","SNTA1",239.809301168331,-1.84803243428281,0.179517738302692,-10.2944280144995,7.46619754306044e-25,1.89403882108048e-23,"ENSG00000101400","downregulated",FALSE,FALSE,"Neither_bound","Neither_bound_downregulated"
"ENSG00000177822.10","ENSG00000177822.10",156.315084485067,-1.94557352533932,0.189156037780048,-10.2855481018356,8.18749033758781e-25,2.07237460348124e-23,"ENSG00000177822","downregulated",FALSE,FALSE,"Neither_bound","Neither_bound_downregulated"
"ENSG00000269950.1","ENSG00000269950.1",188.68710331845,-2.28320343784953,0.222380349844556,-10.2671096589491,9.91301670340546e-25,2.50726248236245e-23,"ENSG00000269950","downregulated",FALSE,FALSE,"Neither_bound","Neither_bound_downregulated"
"ENSG00000160298.18","C21orf58",243.206246005357,-1.67290193126455,0.163152343300767,-10.2536187799681,1.13994034881991e-24,2.87464690190903e-23,"ENSG00000160298","downregulated",FALSE,FALSE,"Neither_bound","Neither_bound_downregulated"
"ENSG00000143479.18","DYRK3",495.861561564833,-1.40336400265066,0.136917859054831,-10.2496782548189,1.1873811938131e-24,2.98762699195877e-23,"ENSG00000143479","downregulated",FALSE,FALSE,"Neither_bound","Neither_bound_downregulated"
"ENSG00000179832.18","MROH1",1008.37303767374,-1.25974644105498,0.122958410398497,-10.2453051968732,1.24232181257893e-24,3.12124166639654e-23,"ENSG00000179832","downregulated",FALSE,FALSE,"Neither_bound","Neither_bound_downregulated"
"ENSG00000129810.15","SGO1",95.0692036773112,-2.48074933319394,0.242203868051295,-10.2424017962775,1.28018210331708e-24,3.21398563824646e-23,"ENSG00000129810","downregulated",FALSE,FALSE,"Neither_bound","Neither_bound_downregulated"
"ENSG00000163535.18","SGO2",254.508314983115,-2.38851931822485,0.233405119438289,-10.233363021227,1.40551956656605e-24,3.52084724462505e-23,"ENSG00000163535","downregulated",FALSE,FALSE,"Neither_bound","Neither_bound_downregulated"
"ENSG00000075624.17","ACTB",47015.297835152,-1.13291750837987,0.110955909670512,-10.2105197618055,1.77909242318647e-24,4.43051403451598e-23,"ENSG00000075624","downregulated",FALSE,FALSE,"Neither_bound","Neither_bound_downregulated"
"ENSG00000141448.11","GATA6",142.303664513215,-2.18997305838749,0.214483900528644,-10.2104309600385,1.78072147581164e-24,4.43132213116263e-23,"ENSG00000141448","downregulated",FALSE,FALSE,"Neither_bound","Neither_bound_downregulated"
"ENSG00000172936.18","MYD88",598.6136982073,-1.68487307385529,0.165226667393788,-10.1973434460171,2.03769892308651e-24,5.05968984059961e-23,"ENSG00000172936","downregulated",FALSE,FALSE,"Neither_bound","Neither_bound_downregulated"
"ENSG00000235703.7","EOLA2-DT",248.678624227254,-2.11441499075326,0.207363999369455,-10.1966348892899,2.05261491372099e-24,5.09300389987396e-23,"ENSG00000235703","downregulated",FALSE,FALSE,"Neither_bound","Neither_bound_downregulated"
"ENSG00000286854.1","ENSG00000286854.1",46.4076403271488,-4.73621340315779,0.465448837385369,-10.1755832708987,2.54868435139264e-24,6.30085225968742e-23,"ENSG00000286854","downregulated",FALSE,FALSE,"Neither_bound","Neither_bound_downregulated"
"ENSG00000155093.20","PTPRN2",150.570640381567,-2.38450139082921,0.234651243498169,-10.1618953954012,2.93317935381149e-24,7.24086019551371e-23,"ENSG00000155093","downregulated",FALSE,FALSE,"Neither_bound","Neither_bound_downregulated"
"ENSG00000110090.13","CPT1A",1335.90911955687,-1.33492774858715,0.131497508702857,-10.1517341412427,3.25526874000547e-24,8.01267888119608e-23,"ENSG00000110090","downregulated",FALSE,FALSE,"Neither_bound","Neither_bound_downregulated"
"ENSG00000145687.17","SSBP2",788.807896861832,-1.28956978729986,0.127062330396847,-10.149111725499,3.34393089939447e-24,8.22495617600516e-23,"ENSG00000145687","downregulated",FALSE,FALSE,"Neither_bound","Neither_bound_downregulated"
"ENSG00000248429.5","GASK1B-AS1",45.4385892063218,-4.40999082480433,0.435037025899181,-10.1370471069429,3.78364104632863e-24,9.29976259491251e-23,"ENSG00000248429","downregulated",FALSE,FALSE,"Neither_bound","Neither_bound_downregulated"
"ENSG00000196923.14","PDLIM7",406.565734344554,-1.64653303603519,0.162711375877421,-10.1193479998326,4.53425969428914e-24,1.11125348698134e-22,"ENSG00000196923","downregulated",FALSE,FALSE,"Neither_bound","Neither_bound_downregulated"
"ENSG00000270378.1","ENSG00000270378.1",51.5704453583599,-4.94562167989763,0.489615583541586,-10.1010299633928,5.46650047750698e-24,1.33779602463946e-22,"ENSG00000270378","downregulated",FALSE,FALSE,"Neither_bound","Neither_bound_downregulated"
"ENSG00000006756.16","ARSD",355.209981785107,-1.51160711593323,0.149651006577322,-10.1008817147662,5.47477128408885e-24,1.33885551459993e-22,"ENSG00000006756","downregulated",FALSE,FALSE,"Neither_bound","Neither_bound_downregulated"
"ENSG00000253857.2","LOC105375844",61.8269840910385,-3.85269166672517,0.38157671342802,-10.0967683067272,5.70926778507667e-24,1.39519718074449e-22,"ENSG00000253857","downregulated",FALSE,FALSE,"Neither_bound","Neither_bound_downregulated"
"ENSG00000138002.16","IFT172",568.377649037767,-1.48117082295062,0.146899087684901,-10.0829136946564,6.57470033602323e-24,1.60437802452613e-22,"ENSG00000138002","downregulated",FALSE,FALSE,"Neither_bound","Neither_bound_downregulated"
"ENSG00000272977.1","ENSG00000272977.1",64.6239162927932,-3.16541969511162,0.313969442879381,-10.0819355733535,6.64049179692331e-24,1.61926938519663e-22,"ENSG00000272977","downregulated",FALSE,FALSE,"Neither_bound","Neither_bound_downregulated"
"ENSG00000270139.1","ENSG00000270139.1",61.2773649664603,-3.33894057455772,0.331437896355809,-10.0741062240308,7.19116113256858e-24,1.75229097095473e-22,"ENSG00000270139","downregulated",FALSE,FALSE,"Neither_bound","Neither_bound_downregulated"
"ENSG00000214413.9","BBIP1",275.251849202863,-1.71373289499872,0.170323964690669,-10.0616075847641,8.16539608545442e-24,1.98683505895928e-22,"ENSG00000214413","downregulated",FALSE,FALSE,"Neither_bound","Neither_bound_downregulated"
"ENSG00000149295.14","DRD2",374.515025052936,-1.64828754845511,0.163896033063929,-10.0569093567517,8.56448648298304e-24,2.07798912038548e-22,"ENSG00000149295","downregulated",FALSE,FALSE,"Neither_bound","Neither_bound_downregulated"
"ENSG00000198707.17","CEP290",488.424098579139,-1.46795910513194,0.146318818725286,-10.0326063176333,1.09585070172322e-23,2.65127184018051e-22,"ENSG00000198707","downregulated",FALSE,FALSE,"Neither_bound","Neither_bound_downregulated"
"ENSG00000136193.17","SCRN1",2959.29019511034,-1.3539146855205,0.135073950486367,-10.0235069800313,1.20161899458169e-23,2.9030294458002e-22,"ENSG00000136193","downregulated",FALSE,FALSE,"Neither_bound","Neither_bound_downregulated"
"ENSG00000022567.10","SLC45A4",452.252377097437,-1.56557074364473,0.156270115546507,-10.0183630003064,1.26582093291139e-23,3.05379300064874e-22,"ENSG00000022567","downregulated",FALSE,FALSE,"Neither_bound","Neither_bound_downregulated"
"ENSG00000291093.1","SVIL-AS1",358.450355668774,-1.51344748994125,0.15127883555282,-10.0043570828043,1.45835857282342e-23,3.51080963867228e-22,"ENSG00000291093","downregulated",FALSE,FALSE,"Neither_bound","Neither_bound_downregulated"
"ENSG00000271533.1","ENSG00000271533.1",564.176526432647,-1.94948366443921,0.195002106108501,-9.99724414952983,1.56697066453191e-23,3.7669398112399e-22,"ENSG00000271533","downregulated",FALSE,FALSE,"Neither_bound","Neither_bound_downregulated"
"ENSG00000149636.16","DSN1",145.846161960397,-2.18734765344876,0.218835493734038,-9.99539707259351,1.59646125733563e-23,3.83240961054252e-22,"ENSG00000149636","downregulated",FALSE,FALSE,"Neither_bound","Neither_bound_downregulated"
"ENSG00000155016.18","CYP2U1",207.726107625526,-1.90764317982325,0.191000277348539,-9.98764612441982,1.7263237863146e-23,4.14122643880892e-22,"ENSG00000155016","downregulated",FALSE,FALSE,"Neither_bound","Neither_bound_downregulated"
"ENSG00000185432.12","TMT1A",222.430243600691,-1.70705207790457,0.170986589999775,-9.98354360951239,1.79923793938358e-23,4.31005037552761e-22,"ENSG00000185432","downregulated",FALSE,FALSE,"Neither_bound","Neither_bound_downregulated"
"ENSG00000118193.12","KIF14",546.183406578447,-1.54676235355272,0.155086464385484,-9.97354836659421,1.98989862397274e-23,4.75671192534173e-22,"ENSG00000118193","downregulated",FALSE,FALSE,"Neither_bound","Neither_bound_downregulated"
"ENSG00000188158.17","NHS",896.805163832716,-1.21501984083147,0.121846732597587,-9.97170638004886,2.0271569700144e-23,4.8389647194272e-22,"ENSG00000188158","downregulated",FALSE,FALSE,"Neither_bound","Neither_bound_downregulated"
"ENSG00000100097.12","LGALS1",1901.18411404305,-1.89058585175024,0.189969460299395,-9.95205149696504,2.47037258695783e-23,5.88042158610956e-22,"ENSG00000100097","downregulated",FALSE,FALSE,"Neither_bound","Neither_bound_downregulated"
"ENSG00000104177.20","MYEF2",1313.02637285478,-1.19760056640441,0.120342911598478,-9.9515671550327,2.48242720906869e-23,5.90497811187993e-22,"ENSG00000104177","downregulated",FALSE,FALSE,"Neither_bound","Neither_bound_downregulated"
"ENSG00000122335.17","SERAC1",662.018118039843,-1.42728732737514,0.143463610742455,-9.9487759996324,2.55303892100775e-23,6.06869321685034e-22,"ENSG00000122335","downregulated",FALSE,FALSE,"Neither_bound","Neither_bound_downregulated"
"ENSG00000272137.1","ENSG00000272137.1",47.7404156928074,-3.83608376743291,0.38583278775155,-9.94234779731339,2.72331626567708e-23,6.46892356031603e-22,"ENSG00000272137","downregulated",FALSE,FALSE,"Neither_bound","Neither_bound_downregulated"
"ENSG00000164342.14","TLR3",177.646934730039,-1.92397266231653,0.193517370820228,-9.94211865406049,2.72958928212316e-23,6.47929341265964e-22,"ENSG00000164342","downregulated",FALSE,FALSE,"Neither_bound","Neither_bound_downregulated"
"ENSG00000143653.10","SCCPDH",420.871810699006,-1.8696334251321,0.188252974172872,-9.93149475245592,3.03668761415993e-23,7.19819992168769e-22,"ENSG00000143653","downregulated",FALSE,FALSE,"Neither_bound","Neither_bound_downregulated"
"ENSG00000172216.6","CEBPB",826.386923525273,-1.55788939359448,0.156890469976533,-9.92978983253415,3.08905937764503e-23,7.31723632774381e-22,"ENSG00000172216","downregulated",FALSE,FALSE,"Neither_bound","Neither_bound_downregulated"
"ENSG00000164902.14","PHAX",448.817071361088,-1.61428212191141,0.162582353350577,-9.92901190469621,3.11325195656294e-23,7.36940365578606e-22,"ENSG00000164902","downregulated",FALSE,FALSE,"Neither_bound","Neither_bound_downregulated"
"ENSG00000165259.14","HDX",260.291539285125,-1.70694744036714,0.172104479294836,-9.91808840398007,3.47344605010913e-23,8.21057866597821e-22,"ENSG00000165259","downregulated",FALSE,FALSE,"Neither_bound","Neither_bound_downregulated"
"ENSG00000163072.16","NOSTRIN",74.7120949369783,-2.76085252478867,0.278440349473473,-9.91541825748101,3.56759044614087e-23,8.4272539829286e-22,"ENSG00000163072","downregulated",FALSE,FALSE,"Neither_bound","Neither_bound_downregulated"
"ENSG00000225937.3","PCA3",148.98143494807,-2.56020364241109,0.258381662150753,-9.90861201642607,3.81914790881067e-23,9.00894556711671e-22,"ENSG00000225937","downregulated",FALSE,FALSE,"Neither_bound","Neither_bound_downregulated"
"ENSG00000177181.15","RIMKLA",101.126747391551,-2.30114923360811,0.232241352863506,-9.90843880831402,3.82577367844473e-23,9.01831230460864e-22,"ENSG00000177181","downregulated",FALSE,FALSE,"Neither_bound","Neither_bound_downregulated"
"ENSG00000160310.19","PRMT2",926.102089323057,-1.3681849562251,0.138113839213947,-9.90621189021972,3.91198113548056e-23,9.2087439507972e-22,"ENSG00000160310","downregulated",FALSE,FALSE,"Neither_bound","Neither_bound_downregulated"
"ENSG00000121957.15","GPSM2",376.80515042935,-1.6075120046873,0.162405935157329,-9.89811119359669,4.24210885049999e-23,9.97203829991583e-22,"ENSG00000121957","downregulated",FALSE,FALSE,"Neither_bound","Neither_bound_downregulated"
"ENSG00000186918.14","ZNF395",560.819543922289,-1.36774396693456,0.138334073615663,-9.88725287404319,4.72824768698611e-23,1.10917898778691e-21,"ENSG00000186918","downregulated",FALSE,FALSE,"Neither_bound","Neither_bound_downregulated"
"ENSG00000138386.17","NAB1",505.007885465142,-1.37868179335532,0.139809549238178,-9.86114182377209,6.1347728248682e-23,1.43319094439562e-21,"ENSG00000138386","downregulated",FALSE,FALSE,"Neither_bound","Neither_bound_downregulated"
"ENSG00000090975.14","PITPNM2",382.936658219459,-1.58662923259585,0.161004824728642,-9.85454464032342,6.55129779250479e-23,1.52839617730634e-21,"ENSG00000090975","downregulated",FALSE,FALSE,"Neither_bound","Neither_bound_downregulated"
"ENSG00000106789.13","CORO2A",156.970759249323,-1.85381494279365,0.18834193863017,-9.84281544661076,7.36211904139398e-23,1.71520205485645e-21,"ENSG00000106789","downregulated",FALSE,FALSE,"Neither_bound","Neither_bound_downregulated"
"ENSG00000128928.10","IVD",875.963694179961,-1.35425036159315,0.137670809901372,-9.83687364491673,7.81000954970487e-23,1.81830297727467e-21,"ENSG00000128928","downregulated",FALSE,FALSE,"Neither_bound","Neither_bound_downregulated"
"ENSG00000250033.5","SLC7A11-AS1",160.004224138441,-2.07270411432386,0.211034497103193,-9.82163647543528,9.08564642452699e-23,2.11384409416666e-21,"ENSG00000250033","downregulated",FALSE,FALSE,"Neither_bound","Neither_bound_downregulated"
"ENSG00000151689.13","INPP1",127.336801403154,-2.23044793453229,0.227131018509817,-9.82009392273243,9.22575494429921e-23,2.14497223783679e-21,"ENSG00000151689","downregulated",FALSE,FALSE,"Neither_bound","Neither_bound_downregulated"
"ENSG00000101210.14","EEF1A2",1244.78811419352,-1.29683516376364,0.132182429810556,-9.81094965210025,1.01013392948892e-22,2.34533351448255e-21,"ENSG00000101210","downregulated",FALSE,FALSE,"Neither_bound","Neither_bound_downregulated"
"ENSG00000116560.12","SFPQ",4557.39222371097,-1.09805954060675,0.111966488671689,-9.80703738800374,1.05006204547065e-22,2.43637346725048e-21,"ENSG00000116560","downregulated",FALSE,FALSE,"Neither_bound","Neither_bound_downregulated"
"ENSG00000163661.4","PTX3",80.397488329238,-3.368551232106,0.343699370938851,-9.80086528207617,1.11625280533681e-22,2.5864171413152e-21,"ENSG00000163661","downregulated",FALSE,FALSE,"Neither_bound","Neither_bound_downregulated"
"ENSG00000165801.10","ARHGEF40",904.881806714532,-1.29555730668015,0.132323692262127,-9.79081889669243,1.23293241333108e-22,2.85482264594615e-21,"ENSG00000165801","downregulated",FALSE,FALSE,"Neither_bound","Neither_bound_downregulated"
"ENSG00000189369.9","GSPT2",222.46727401567,-1.92396329687957,0.196541853300086,-9.78907680259841,1.25435918449122e-22,2.90245727376005e-21,"ENSG00000189369","downregulated",FALSE,FALSE,"Neither_bound","Neither_bound_downregulated"
"ENSG00000114316.13","USP4",902.303278878442,-1.27083990723786,0.129912323402117,-9.78228911590039,1.34141742251737e-22,3.0954665087004e-21,"ENSG00000114316","downregulated",FALSE,FALSE,"Neither_bound","Neither_bound_downregulated"
"ENSG00000168476.12","REEP4",196.701131651229,-1.75258196386716,0.179170774965094,-9.78162852847293,1.35020287667434e-22,3.1136246649609e-21,"ENSG00000168476","downregulated",FALSE,FALSE,"Neither_bound","Neither_bound_downregulated"
"ENSG00000196739.15","COL27A1",425.176083896311,-1.41091461696814,0.144309667171236,-9.77699307762916,1.41347462980668e-22,3.25511228645922e-21,"ENSG00000196739","downregulated",FALSE,FALSE,"Neither_bound","Neither_bound_downregulated"
"ENSG00000235109.8","ZSCAN31",329.428872657257,-1.51649092330423,0.155112335374008,-9.77672678093368,1.41719730198924e-22,3.26147411612266e-21,"ENSG00000235109","downregulated",FALSE,FALSE,"Neither_bound","Neither_bound_downregulated"
"ENSG00000177602.5","HASPIN",150.270333931802,-2.05627964904866,0.21071254616775,-9.7586958462912,1.69318490867136e-22,3.8834642118669e-21,"ENSG00000177602","downregulated",FALSE,FALSE,"Neither_bound","Neither_bound_downregulated"
"ENSG00000157456.8","CCNB2",430.790866794957,-1.84127683863841,0.188740607903671,-9.75559451190365,1.74574777404251e-22,3.99592724991078e-21,"ENSG00000157456","downregulated",FALSE,FALSE,"Neither_bound","Neither_bound_downregulated"
"ENSG00000163644.15","PPM1K",591.52848880661,-1.32715154271739,0.136061715482105,-9.75404093660673,1.77268245371256e-22,4.05211827642721e-21,"ENSG00000163644","downregulated",FALSE,FALSE,"Neither_bound","Neither_bound_downregulated"
"ENSG00000152944.9","MED21",222.380337546068,-1.78611800533056,0.183222179321503,-9.74837223279845,1.87449692229906e-22,4.27334976219158e-21,"ENSG00000152944","downregulated",FALSE,FALSE,"Neither_bound","Neither_bound_downregulated"
"ENSG00000130413.16","STK33",277.832379142829,-1.50850093656468,0.154848919915898,-9.74175949941385,2.00059936553872e-22,4.55166505349091e-21,"ENSG00000130413","downregulated",FALSE,FALSE,"Neither_bound","Neither_bound_downregulated"
"ENSG00000060138.13","YBX3",1229.50859420788,-1.28066880382769,0.131523998861711,-9.73714922684363,2.09344749555029e-22,4.75018199925533e-21,"ENSG00000060138","downregulated",FALSE,FALSE,"Neither_bound","Neither_bound_downregulated"
"ENSG00000184922.15","FMNL1",280.958164765414,-1.60542443142567,0.164930163037396,-9.7339649816611,2.16005381885926e-22,4.89477705930695e-21,"ENSG00000184922","downregulated",FALSE,FALSE,"Neither_bound","Neither_bound_downregulated"
"ENSG00000177688.7","SUMO4",93.4163222516225,-2.4205593549038,0.249583288404821,-9.69840316783424,3.0625398983176e-22,6.91218307415629e-21,"ENSG00000177688","downregulated",FALSE,FALSE,"Neither_bound","Neither_bound_downregulated"
"ENSG00000133739.16","LRRCC1",319.303249821993,-1.82513910303211,0.188226361563006,-9.69651162502637,3.11983111826776e-22,7.03681430447006e-21,"ENSG00000133739","downregulated",FALSE,FALSE,"Neither_bound","Neither_bound_downregulated"
"ENSG00000291237.1","SOD2",2365.06131834681,-1.17574716281745,0.121338226162666,-9.6898331218494,3.3307243508977e-22,7.49755101068875e-21,"ENSG00000291237","downregulated",FALSE,FALSE,"Neither_bound","Neither_bound_downregulated"
"ENSG00000251003.9","ENSG00000251003.9",104.877000225299,-2.2888082786506,0.236411420988855,-9.6814623806119,3.61507492864814e-22,8.126860699955e-21,"ENSG00000251003","downregulated",FALSE,FALSE,"Neither_bound","Neither_bound_downregulated"
"ENSG00000204186.10","ZDBF2",1003.24535887567,-1.18025127585619,0.121925917878212,-9.68006881879787,3.6646922415472e-22,8.23295410455525e-21,"ENSG00000204186","downregulated",FALSE,FALSE,"Neither_bound","Neither_bound_downregulated"
"ENSG00000287153.1","ENSG00000287153.1",56.1222794410406,-3.28111279791025,0.339099792813538,-9.67595046486639,3.81529782910483e-22,8.56563361923548e-21,"ENSG00000287153","downregulated",FALSE,FALSE,"Neither_bound","Neither_bound_downregulated"
"ENSG00000152253.9","SPC25",54.9538394880083,-3.41676284092777,0.353270957741159,-9.67179091871806,3.97362543246192e-22,8.90931410494168e-21,"ENSG00000152253","downregulated",FALSE,FALSE,"Neither_bound","Neither_bound_downregulated"
"ENSG00000113108.20","APBB3",124.666834968617,-2.19558487415601,0.227181812426006,-9.66443946683069,4.26950752974206e-22,9.56640051255133e-21,"ENSG00000113108","downregulated",FALSE,FALSE,"Neither_bound","Neither_bound_downregulated"
"ENSG00000187109.15","NAP1L1",2661.19505066764,-1.34106331292309,0.138938544714977,-9.65220497792166,4.81099559179767e-22,1.07583869823689e-20,"ENSG00000187109","downregulated",FALSE,FALSE,"Neither_bound","Neither_bound_downregulated"
"ENSG00000226053.1","LINC01776",51.1515722458998,-3.69329580591422,0.383016856307394,-9.64264560447994,5.28090787753318e-22,1.17781929602132e-20,"ENSG00000226053","downregulated",FALSE,FALSE,"Neither_bound","Neither_bound_downregulated"
"ENSG00000267102.1","ENSG00000267102.1",44.0577738276073,-4.78182372176574,0.496103179161546,-9.6387685518311,5.48419045795148e-22,1.22235552149407e-20,"ENSG00000267102","downregulated",FALSE,FALSE,"Neither_bound","Neither_bound_downregulated"
"ENSG00000176697.20","BDNF",105.733504997077,-2.0899292559598,0.216906676750989,-9.63515410066911,5.68067011942306e-22,1.26531804994467e-20,"ENSG00000176697","downregulated",FALSE,FALSE,"Neither_bound","Neither_bound_downregulated"
"ENSG00000114302.17","PRKAR2A",1248.7090400155,-1.18042105309201,0.122657541045967,-9.62371365858075,6.34963868697079e-22,1.41247234393598e-20,"ENSG00000114302","downregulated",FALSE,FALSE,"Neither_bound","Neither_bound_downregulated"
"ENSG00000141232.5","TOB1",1539.79894790553,-1.23143887782062,0.12807672911428,-9.61485264604027,6.9208372986726e-22,1.53651634876674e-20,"ENSG00000141232","downregulated",FALSE,FALSE,"Neither_bound","Neither_bound_downregulated"
"ENSG00000260916.8","CCPG1",284.951426484993,-1.47991151786773,0.154051578167728,-9.60659757900328,7.49859160890997e-22,1.661527461001e-20,"ENSG00000260916","downregulated",FALSE,FALSE,"Neither_bound","Neither_bound_downregulated"
"ENSG00000149089.13","APIP",277.493740211314,-1.5960121217631,0.166150247802764,-9.60583654174093,7.55419848327022e-22,1.67275758852492e-20,"ENSG00000149089","downregulated",FALSE,FALSE,"Neither_bound","Neither_bound_downregulated"
"ENSG00000198740.9","ZNF652",1318.39409103652,-1.19453399826383,0.124409469297813,-9.60163245616243,7.86881249383567e-22,1.74015509629303e-20,"ENSG00000198740","downregulated",FALSE,FALSE,"Neither_bound","Neither_bound_downregulated"
"ENSG00000263956.8","NBPF11",303.275797639492,-1.48001400110362,0.154269920625662,-9.59366540866314,8.50101079573492e-22,1.87751843114125e-20,"ENSG00000263956","downregulated",FALSE,FALSE,"Neither_bound","Neither_bound_downregulated"
"ENSG00000004864.14","SLC25A13",710.087634938255,-1.31420962140884,0.137152457218753,-9.58210773659513,9.50843466347779e-22,2.09728901720139e-20,"ENSG00000004864","downregulated",FALSE,FALSE,"Neither_bound","Neither_bound_downregulated"
"ENSG00000108379.11","WNT3",171.638335913268,-1.8824256422316,0.196595136281772,-9.57513841814274,1.01720958476863e-21,2.24221772715255e-20,"ENSG00000108379","downregulated",FALSE,FALSE,"Neither_bound","Neither_bound_downregulated"
"ENSG00000249106.1","GPM6A-DT",312.794662623006,-1.95330987194755,0.204373234976668,-9.55756203678308,1.20563233699657e-21,2.65239114139244e-20,"ENSG00000249106","downregulated",FALSE,FALSE,"Neither_bound","Neither_bound_downregulated"
"ENSG00000286742.1","ENSG00000286742.1",215.784372452633,-2.18949156633887,0.229418432119861,-9.54366022863827,1.37878165779271e-21,3.02743732074356e-20,"ENSG00000286742","downregulated",FALSE,FALSE,"Neither_bound","Neither_bound_downregulated"
"ENSG00000112294.14","ALDH5A1",331.542422457272,-1.46231029238793,0.153310348433594,-9.53823605078643,1.45282322118404e-21,3.18383865659223e-20,"ENSG00000112294","downregulated",FALSE,FALSE,"Neither_bound","Neither_bound_downregulated"
"ENSG00000104884.17","ERCC2",781.396142956555,-1.27837973689293,0.134229600148652,-9.52382883862574,1.66913302703475e-21,3.65081201946661e-20,"ENSG00000104884","downregulated",FALSE,FALSE,"Neither_bound","Neither_bound_downregulated"
"ENSG00000154096.14","THY1",1630.15807610434,-1.39209380592993,0.146222820203547,-9.52035943495066,1.72581095882866e-21,3.76750299803932e-20,"ENSG00000154096","downregulated",FALSE,FALSE,"Neither_bound","Neither_bound_downregulated"
"ENSG00000214357.9","NEURL1B",244.576424074085,-1.62695209505802,0.171060413412078,-9.51097955748975,1.88875511980236e-21,4.11792258725588e-20,"ENSG00000214357","downregulated",FALSE,FALSE,"Neither_bound","Neither_bound_downregulated"
"ENSG00000134247.10","PTGFRN",3290.25213293738,-1.10368577213394,0.116169369659384,-9.50066076255744,2.08562648491745e-21,4.53840874053017e-20,"ENSG00000134247","downregulated",FALSE,FALSE,"Neither_bound","Neither_bound_downregulated"
"ENSG00000173848.19","NET1",416.563388258292,-1.71071750802142,0.180149573100423,-9.49609526450446,2.17908412174948e-21,4.73874068166366e-20,"ENSG00000173848","downregulated",FALSE,FALSE,"Neither_bound","Neither_bound_downregulated"
"ENSG00000162627.17","SNX7",844.665992650706,-1.72491996701066,0.181832318552858,-9.48632223764577,2.39329362981982e-21,5.19459412253799e-20,"ENSG00000162627","downregulated",FALSE,FALSE,"Neither_bound","Neither_bound_downregulated"
"ENSG00000276180.2","H4C9",244.174688862439,-1.70980450336479,0.18032809150034,-9.48163144820712,2.5033804863438e-21,5.43006566795187e-20,"ENSG00000276180","downregulated",FALSE,FALSE,"Neither_bound","Neither_bound_downregulated"
"ENSG00000236460.1","SNX2P2",42.2578285040278,-4.53119269039234,0.478554705836191,-9.46849468855369,2.83905372341428e-21,6.15031740286583e-20,"ENSG00000236460","downregulated",FALSE,FALSE,"Neither_bound","Neither_bound_downregulated"
"ENSG00000094804.12","CDC6",384.993048365055,-1.52402289085875,0.161034170442124,-9.4639720667638,2.96462528456849e-21,6.41825313360245e-20,"ENSG00000094804","downregulated",FALSE,FALSE,"Neither_bound","Neither_bound_downregulated"
"ENSG00000159921.20","GNE",560.052408496926,-1.31079451067524,0.138532337703534,-9.46201105391293,3.02076627726837e-21,6.53562986664026e-20,"ENSG00000159921","downregulated",FALSE,FALSE,"Neither_bound","Neither_bound_downregulated"
"ENSG00000238025.1","ZDHHC4P1",44.2842435641121,-4.71156810679829,0.498317520175317,-9.45495174470421,3.2317099805172e-21,6.98756999479366e-20,"ENSG00000238025","downregulated",FALSE,FALSE,"Neither_bound","Neither_bound_downregulated"
"ENSG00000225206.12","MIR137HG",57.1044209075022,-3.04228617720097,0.321846493572984,-9.45260003744949,3.30516830424618e-21,7.13731449196658e-20,"ENSG00000225206","downregulated",FALSE,FALSE,"Neither_bound","Neither_bound_downregulated"
"ENSG00000146263.12","MMS22L",589.927818686223,-1.37956415194893,0.145944758077724,-9.45264612528416,3.30371295224735e-21,7.13731449196658e-20,"ENSG00000146263","downregulated",FALSE,FALSE,"Neither_bound","Neither_bound_downregulated"
"ENSG00000130702.15","LAMA5",3300.34397538663,-1.29112079023563,0.136770548596746,-9.44004980225942,3.72602262773177e-21,8.0257157018892e-20,"ENSG00000130702","downregulated",FALSE,FALSE,"Neither_bound","Neither_bound_downregulated"
"ENSG00000270629.7","NBPF14",339.220330950138,-1.46817045898068,0.155858607309517,-9.41988693678666,4.51574016959732e-21,9.68987126221616e-20,"ENSG00000270629","downregulated",FALSE,FALSE,"Neither_bound","Neither_bound_downregulated"
"ENSG00000107821.15","KAZALD1",107.956516082606,-2.04679836710875,0.217568633855121,-9.40759856253782,5.07601317305094e-21,1.08783605969839e-19,"ENSG00000107821","downregulated",FALSE,FALSE,"Neither_bound","Neither_bound_downregulated"
"ENSG00000162998.5","FRZB",254.459970952718,-2.06961088292325,0.220164048135936,-9.40031263253939,5.44011866400316e-21,1.16366467744874e-19,"ENSG00000162998","downregulated",FALSE,FALSE,"Neither_bound","Neither_bound_downregulated"
"ENSG00000046604.14","DSG2",353.142976390297,-1.62183982925114,0.172587098187759,-9.39722520559866,5.60209329589869e-21,1.19755761532465e-19,"ENSG00000046604","downregulated",FALSE,FALSE,"Neither_bound","Neither_bound_downregulated"
"ENSG00000177875.5","CCDC184",42.7972233225278,-3.80747041619751,0.406302776502674,-9.37101746872373,7.18366422009134e-21,1.52700066475634e-19,"ENSG00000177875","downregulated",FALSE,FALSE,"Neither_bound","Neither_bound_downregulated"
"ENSG00000289357.1","ENSG00000289357.1",43.6971083172599,-3.58282510047114,0.382725270833065,-9.36134970307167,7.8724518955459e-21,1.67236676665355e-19,"ENSG00000289357","downregulated",FALSE,FALSE,"Neither_bound","Neither_bound_downregulated"
"ENSG00000138356.14","AOX1",39.5418103038474,-4.84771888357875,0.51794153087756,-9.35958712437126,8.00488799460086e-21,1.69943772125376e-19,"ENSG00000138356","downregulated",FALSE,FALSE,"Neither_bound","Neither_bound_downregulated"
"ENSG00000064393.16","HIPK2",9729.30967024631,-1.17688338833364,0.125865214841438,-9.35034663720432,8.73609406345504e-21,1.85351432321949e-19,"ENSG00000064393","downregulated",FALSE,FALSE,"Neither_bound","Neither_bound_downregulated"
"ENSG00000152749.8","GPR180",417.913747817868,-1.40349259517896,0.150123974064346,-9.34889050150908,8.85719273507922e-21,1.87686289972034e-19,"ENSG00000152749","downregulated",FALSE,FALSE,"Neither_bound","Neither_bound_downregulated"
"ENSG00000107554.17","DNMBP",1034.0624969756,-1.20103133590294,0.128675396233084,-9.33380716953362,1.02134774598671e-20,2.15887618143601e-19,"ENSG00000107554","downregulated",FALSE,FALSE,"Neither_bound","Neither_bound_downregulated"
"ENSG00000186187.12","ZNRF1",279.666988428438,-1.51839030074408,0.162685262308532,-9.33329964372838,1.02625195644165e-20,2.16789343634391e-19,"ENSG00000186187","downregulated",FALSE,FALSE,"Neither_bound","Neither_bound_downregulated"
"ENSG00000117676.14","RPS6KA1",284.104112563644,-1.51392469262709,0.162293234622715,-9.32832903445747,1.07553072901924e-20,2.26916942877799e-19,"ENSG00000117676","downregulated",FALSE,FALSE,"Neither_bound","Neither_bound_downregulated"
"ENSG00000145414.9","NAF1",182.925007557455,-1.72264133404931,0.184741848808244,-9.32458641700265,1.11417270147524e-20,2.34923763648113e-19,"ENSG00000145414","downregulated",FALSE,FALSE,"Neither_bound","Neither_bound_downregulated"
"ENSG00000106341.11","PPP1R17",47.9107613255485,-3.67220085237467,0.394170408932836,-9.31627734896858,1.20493824409214e-20,2.53746697305157e-19,"ENSG00000106341","downregulated",FALSE,FALSE,"Neither_bound","Neither_bound_downregulated"
"ENSG00000184371.14","CSF1",4494.10602714128,-1.10585592740607,0.118790708624485,-9.30927965841036,1.28702230521956e-20,2.70529539998132e-19,"ENSG00000184371","downregulated",FALSE,FALSE,"Neither_bound","Neither_bound_downregulated"
"ENSG00000114021.12","NIT2",486.242658499535,-1.50027052241846,0.16135579473918,-9.29790296557703,1.43242876377299e-20,3.00721509566384e-19,"ENSG00000114021","downregulated",FALSE,FALSE,"Neither_bound","Neither_bound_downregulated"
"ENSG00000270640.1","ENSG00000270640.1",82.5137928086871,-2.3877952993331,0.256937697177919,-9.29328520322048,1.49598098493987e-20,3.13289038818974e-19,"ENSG00000270640","downregulated",FALSE,FALSE,"Neither_bound","Neither_bound_downregulated"
"ENSG00000121753.13","ADGRB2",576.655036501403,-1.26097405532766,0.135816986572582,-9.28436189867736,1.62678999162817e-20,3.40263561795724e-19,"ENSG00000121753","downregulated",FALSE,FALSE,"Neither_bound","Neither_bound_downregulated"
"ENSG00000116251.11","RPL22",286.961229547559,-1.92767252175952,0.207847878538222,-9.27443924526288,1.7855577522818e-20,3.73012458361059e-19,"ENSG00000116251","downregulated",FALSE,FALSE,"Neither_bound","Neither_bound_downregulated"
"ENSG00000087077.14","TRIP6",1389.00929480657,-1.56810853381815,0.169170293759239,-9.26940835162147,1.87181311928933e-20,3.90311528766236e-19,"ENSG00000087077","downregulated",FALSE,FALSE,"Neither_bound","Neither_bound_downregulated"
"ENSG00000125319.15","HROB",228.93811285051,-1.59743567574015,0.172341803552167,-9.26899709075292,1.87904373369991e-20,3.9157888065226e-19,"ENSG00000125319","downregulated",FALSE,FALSE,"Neither_bound","Neither_bound_downregulated"
"ENSG00000176396.11","EID2",90.5179961705073,-2.83706509479536,0.306174174987731,-9.2661802547816,1.92931596821285e-20,4.01562529462342e-19,"ENSG00000176396","downregulated",FALSE,FALSE,"Neither_bound","Neither_bound_downregulated"
"ENSG00000287862.1","ENSG00000287862.1",51.4995605138723,-3.3315757225565,0.359577901152495,-9.26524047189317,1.94638239112911e-20,4.04866607849808e-19,"ENSG00000287862","downregulated",FALSE,FALSE,"Neither_bound","Neither_bound_downregulated"
"ENSG00000140451.13","PIF1",70.5131195684806,-2.63253291187788,0.284924104460889,-9.23941804382945,2.47841512287402e-20,5.13647375801005e-19,"ENSG00000140451","downregulated",FALSE,FALSE,"Neither_bound","Neither_bound_downregulated"
"ENSG00000183077.16","AFMID",191.55700685846,-1.63906396811789,0.177410282609003,-9.23883296962128,2.49200295992013e-20,5.16148515503457e-19,"ENSG00000183077","downregulated",FALSE,FALSE,"Neither_bound","Neither_bound_downregulated"
"ENSG00000164171.11","ITGA2",1250.28955849568,-1.14247579466725,0.123729002654789,-9.23369436553871,2.61455079669621e-20,5.40213269234652e-19,"ENSG00000164171","downregulated",FALSE,FALSE,"Neither_bound","Neither_bound_downregulated"
"ENSG00000168497.5","CAVIN2",75.3776805652508,-2.36620841150529,0.256325106220494,-9.23127838078354,2.67420923782353e-20,5.5220388687167e-19,"ENSG00000168497","downregulated",FALSE,FALSE,"Neither_bound","Neither_bound_downregulated"
"ENSG00000279166.1","ENSG00000279166.1",83.3619315282696,-2.4886410128631,0.269876244654817,-9.22141560123668,2.93203398569616e-20,6.04340597245917e-19,"ENSG00000279166","downregulated",FALSE,FALSE,"Neither_bound","Neither_bound_downregulated"
"ENSG00000164930.12","FZD6",1967.80472319307,-1.32359746751695,0.143582345506316,-9.21838588755137,3.01605995337672e-20,6.20530130201699e-19,"ENSG00000164930","downregulated",FALSE,FALSE,"Neither_bound","Neither_bound_downregulated"
"ENSG00000279425.1","ENSG00000279425.1",112.719240439691,-2.14360536980496,0.232622209308922,-9.21496436721678,3.11381709414946e-20,6.39867749873375e-19,"ENSG00000279425","downregulated",FALSE,FALSE,"Neither_bound","Neither_bound_downregulated"
"ENSG00000239306.5","RBM14",884.764282710574,-1.29752572977507,0.140814727610681,-9.21441777995283,3.12972131370252e-20,6.42747119612134e-19,"ENSG00000239306","downregulated",FALSE,FALSE,"Neither_bound","Neither_bound_downregulated"
"ENSG00000136492.10","BRIP1",613.393620243681,-1.39129335311271,0.151031041462587,-9.21196953711903,3.20194971354919e-20,6.57183249968815e-19,"ENSG00000136492","downregulated",FALSE,FALSE,"Neither_bound","Neither_bound_downregulated"
"ENSG00000143458.12","GABPB2",435.598525579243,-1.52991382153203,0.166188999262033,-9.20586698473221,3.38924002548902e-20,6.94364928744336e-19,"ENSG00000143458","downregulated",FALSE,FALSE,"Neither_bound","Neither_bound_downregulated"
"ENSG00000110047.18","EHD1",1036.08472486938,-1.1718127564713,0.12733707269701,-9.20244773695677,3.49887051280392e-20,7.16393210240648e-19,"ENSG00000110047","downregulated",FALSE,FALSE,"Neither_bound","Neither_bound_downregulated"
"ENSG00000099810.21","MTAP",849.792268585473,-1.12666747485859,0.122474517735577,-9.19919911251316,3.60627512280568e-20,7.37495203922115e-19,"ENSG00000099810","downregulated",FALSE,FALSE,"Neither_bound","Neither_bound_downregulated"
"ENSG00000138399.18","FASTKD1",152.745068249697,-1.78751140070633,0.194336515797571,-9.19802124356429,3.64601708323113e-20,7.45173936721991e-19,"ENSG00000138399","downregulated",FALSE,FALSE,"Neither_bound","Neither_bound_downregulated"
"ENSG00000139291.14","TMEM19",110.65530986975,-2.02793943344352,0.220655267239832,-9.19053262952175,3.90900950995067e-20,7.96528104583109e-19,"ENSG00000139291","downregulated",FALSE,FALSE,"Neither_bound","Neither_bound_downregulated"
"ENSG00000160211.20","G6PD",2155.09923448437,-1.19018949674831,0.129631833323878,-9.18130575053037,4.25895291364172e-20,8.65757705389479e-19,"ENSG00000160211","downregulated",FALSE,FALSE,"Neither_bound","Neither_bound_downregulated"
"ENSG00000243415.2","ENSG00000243415.2",92.6323088108206,-2.24715788654037,0.245438223506726,-9.15569651064879,5.40082673999108e-20,1.09320562990698e-18,"ENSG00000243415","downregulated",FALSE,FALSE,"Neither_bound","Neither_bound_downregulated"
"ENSG00000250746.1","LOC100288073",48.8522010927588,-3.41884491218918,0.373414032140925,-9.15564123979927,5.40359235931999e-20,1.09320562990698e-18,"ENSG00000250746","downregulated",FALSE,FALSE,"Neither_bound","Neither_bound_downregulated"
"ENSG00000236857.3","ENSG00000236857.3",43.1557253759104,-5.61762299830837,0.613682672499383,-9.15395407113114,5.48869108426201e-20,1.10976106398936e-18,"ENSG00000236857","downregulated",FALSE,FALSE,"Neither_bound","Neither_bound_downregulated"
"ENSG00000134779.15","TPGS2",976.37762623949,-1.23373506995116,0.134833985293938,-9.1500304412246,5.69175071551983e-20,1.14876641892322e-18,"ENSG00000134779","downregulated",FALSE,FALSE,"Neither_bound","Neither_bound_downregulated"
"ENSG00000103021.10","CFAP263",398.354230997005,-1.37170555479249,0.150106183260266,-9.13823484815493,6.34799590719186e-20,1.28045561149343e-18,"ENSG00000103021","downregulated",FALSE,FALSE,"Neither_bound","Neither_bound_downregulated"
"ENSG00000141759.15","TXNL4A",289.911254389995,-1.70420662551312,0.18688907225971,-9.11881366260338,7.59511445645585e-20,1.52657306424197e-18,"ENSG00000141759","downregulated",FALSE,FALSE,"Neither_bound","Neither_bound_downregulated"
"ENSG00000110172.12","CHORDC1",628.050266018091,-1.29026670509715,0.141631044614052,-9.11005569868634,8.23396878781403e-20,1.65302276468361e-18,"ENSG00000110172","downregulated",FALSE,FALSE,"Neither_bound","Neither_bound_downregulated"
"ENSG00000289429.1","ENSG00000289429.1",40.416904024193,-3.81709037646856,0.419052905028823,-9.10885076958484,8.32592082282168e-20,1.66950931823853e-18,"ENSG00000289429","downregulated",FALSE,FALSE,"Neither_bound","Neither_bound_downregulated"
"ENSG00000275832.5","ARHGAP23",2000.76192632631,-1.16341282452654,0.127869179304187,-9.09846165320971,9.16203003799488e-20,1.83608163026909e-18,"ENSG00000275832","downregulated",FALSE,FALSE,"Neither_bound","Neither_bound_downregulated"
"ENSG00000223965.2","ENSG00000223965.2",39.4630771658211,-3.99748648865362,0.439417734145621,-9.09723522293907,9.26605181397883e-20,1.85583283029029e-18,"ENSG00000223965","downregulated",FALSE,FALSE,"Neither_bound","Neither_bound_downregulated"
"ENSG00000197056.11","ZMYM1",430.792588189573,-1.33064973697067,0.146597120862707,-9.07691589807465,1.11694854367207e-19,2.22524974378023e-18,"ENSG00000197056","downregulated",FALSE,FALSE,"Neither_bound","Neither_bound_downregulated"
"ENSG00000162409.12","PRKAA2",606.867772998434,-1.18932681484696,0.131177277967204,-9.06656117032938,1.22832453259799e-19,2.44427227435786e-18,"ENSG00000162409","downregulated",FALSE,FALSE,"Neither_bound","Neither_bound_downregulated"
"ENSG00000228492.2","ENSG00000228492.2",83.8946481059055,-2.28823536806703,0.252758143148145,-9.05306289865353,1.39013172903634e-19,2.76140319133956e-18,"ENSG00000228492","downregulated",FALSE,FALSE,"Neither_bound","Neither_bound_downregulated"
"ENSG00000286019.2","NOTCH2NLB",278.583177181272,-1.68774264840641,0.186473765292186,-9.05083160498146,1.41883609452202e-19,2.81677524598036e-18,"ENSG00000286019","downregulated",FALSE,FALSE,"Neither_bound","Neither_bound_downregulated"
"ENSG00000149313.11","AASDHPPT",493.561566108416,-1.57488689410613,0.174225185900844,-9.03937559867169,1.57569267175047e-19,3.12088213842681e-18,"ENSG00000149313","downregulated",FALSE,FALSE,"Neither_bound","Neither_bound_downregulated"
"ENSG00000271425.9","NBPF10",219.900779154696,-1.58065714602035,0.174907830214669,-9.03708624182444,1.60903423875047e-19,3.18506264696247e-18,"ENSG00000271425","downregulated",FALSE,FALSE,"Neither_bound","Neither_bound_downregulated"
"ENSG00000287762.1","ENSG00000287762.1",46.1010681759087,-3.13410933006885,0.347075052371333,-9.03006225499517,1.71574160981659e-19,3.39431048353232e-18,"ENSG00000287762","downregulated",FALSE,FALSE,"Neither_bound","Neither_bound_downregulated"
"ENSG00000233117.4","ENSG00000233117.4",57.4702100256326,-2.86938625848726,0.318397073893095,-9.01197433570224,2.02379700654188e-19,3.99350626308565e-18,"ENSG00000233117","downregulated",FALSE,FALSE,"Neither_bound","Neither_bound_downregulated"
"ENSG00000198417.7","MT1F",84.7909007158372,-2.62020607852813,0.290909685784347,-9.00693997679577,2.11885975091135e-19,4.1723726387801e-18,"ENSG00000198417","downregulated",FALSE,FALSE,"Neither_bound","Neither_bound_downregulated"
"ENSG00000110446.12","SLC15A3",746.614565086075,-1.15529554989233,0.128326298341804,-9.00279650251527,2.20039955799556e-19,4.32791964018489e-18,"ENSG00000110446","downregulated",FALSE,FALSE,"Neither_bound","Neither_bound_downregulated"
"ENSG00000265727.2","RN7SL648P",132.293891547264,-2.21503282166182,0.246067909972154,-9.00171347784634,2.22221874276317e-19,4.36830591748723e-18,"ENSG00000265727","downregulated",FALSE,FALSE,"Neither_bound","Neither_bound_downregulated"
"ENSG00000196586.17","MYO6",1032.43726119638,-1.10228721112114,0.122692880948573,-8.98411711094443,2.60819866648766e-19,5.10635690508661e-18,"ENSG00000196586","downregulated",FALSE,FALSE,"Neither_bound","Neither_bound_downregulated"
"ENSG00000126216.15","TUBGCP3",271.746644916667,-1.47218643160391,0.163962090816723,-8.97882202081405,2.73681074137689e-19,5.3519854498037e-18,"ENSG00000126216","downregulated",FALSE,FALSE,"Neither_bound","Neither_bound_downregulated"
"ENSG00000201025.1","SNORD74B",52.2720070249601,-2.79841712851122,0.311721215059198,-8.97730726469731,2.77474160434412e-19,5.42303928747762e-18,"ENSG00000201025","downregulated",FALSE,FALSE,"Neither_bound","Neither_bound_downregulated"
"ENSG00000283402.1","ENSG00000283402.1",48.4907750249701,-3.49167254614594,0.38908794118357,-8.97399321995072,2.85954898781479e-19,5.5823655182812e-18,"ENSG00000283402","downregulated",FALSE,FALSE,"Neither_bound","Neither_bound_downregulated"
"ENSG00000132561.14","MATN2",702.234018409985,-1.44580219362787,0.161113176442363,-8.97382961191316,2.86380146094103e-19,5.58745594630931e-18,"ENSG00000132561","downregulated",FALSE,FALSE,"Neither_bound","Neither_bound_downregulated"
"ENSG00000196230.14","TUBB",4229.30232949241,-1.29184412938779,0.144021457192238,-8.96980321247166,2.97044659108558e-19,5.7855579017199e-18,"ENSG00000196230","downregulated",FALSE,FALSE,"Neither_bound","Neither_bound_downregulated"
"ENSG00000153066.13","TXNDC11",326.276231808036,-1.45274692048918,0.161976140788536,-8.96889451382704,2.99505226023101e-19,5.83013955160614e-18,"ENSG00000153066","downregulated",FALSE,FALSE,"Neither_bound","Neither_bound_downregulated"
"ENSG00000091157.15","WDR7",412.878411764422,-1.31642153252905,0.146919487738058,-8.96015602011957,3.24219328136155e-19,6.29678795776382e-18,"ENSG00000091157","downregulated",FALSE,FALSE,"Neither_bound","Neither_bound_downregulated"
"ENSG00000147274.14","RBMX",1689.3081174265,-1.40719660053582,0.157055252584716,-8.95988244504444,3.25024732386986e-19,6.30882291984066e-18,"ENSG00000147274","downregulated",FALSE,FALSE,"Neither_bound","Neither_bound_downregulated"
"ENSG00000231731.7","ENSG00000231731.7",107.30013884326,-1.99551192964654,0.222720154485672,-8.95972766476737,3.25481280291544e-19,6.31407660133819e-18,"ENSG00000231731","downregulated",FALSE,FALSE,"Neither_bound","Neither_bound_downregulated"
"ENSG00000134480.16","CCNH",722.709050683329,-1.38606923456609,0.154781757554027,-8.95499092703017,3.39763569787789e-19,6.58362175616179e-18,"ENSG00000134480","downregulated",FALSE,FALSE,"Neither_bound","Neither_bound_downregulated"
"ENSG00000269902.1","ENSG00000269902.1",191.127651700529,-1.89603577949306,0.211755410247964,-8.95389533269927,3.43154198558934e-19,6.64553125236595e-18,"ENSG00000269902","downregulated",FALSE,FALSE,"Neither_bound","Neither_bound_downregulated"
"ENSG00000182218.10","HHIPL1",65.4695414692294,-2.44179780447112,0.273204693927108,-8.93761292813878,3.9766722524947e-19,7.69246031165945e-18,"ENSG00000182218","downregulated",FALSE,FALSE,"Neither_bound","Neither_bound_downregulated"
"ENSG00000066032.19","CTNNA2",249.571720241352,-1.52794508049653,0.171120403998093,-8.92906424247082,4.29627338902565e-19,8.30124086907982e-18,"ENSG00000066032","downregulated",FALSE,FALSE,"Neither_bound","Neither_bound_downregulated"
"ENSG00000279390.1","ENSG00000279390.1",115.210893534934,-1.93910465879351,0.217280626417025,-8.92442502016636,4.48020387006761e-19,8.64679346923049e-18,"ENSG00000279390","downregulated",FALSE,FALSE,"Neither_bound","Neither_bound_downregulated"
"ENSG00000197372.10","ZNF675",263.01262108338,-1.39844456185531,0.156972985431549,-8.90882312017399,5.15771218200364e-19,9.93181221078797e-18,"ENSG00000197372","downregulated",FALSE,FALSE,"Neither_bound","Neither_bound_downregulated"
"ENSG00000164070.12","HSPA4L",573.182443661782,-1.3731674190302,0.154167880567186,-8.90696177425734,5.24501324475804e-19,1.00941988610731e-17,"ENSG00000164070","downregulated",FALSE,FALSE,"Neither_bound","Neither_bound_downregulated"
"ENSG00000270255.1","ENSG00000270255.1",50.0873835391346,-3.31039199164326,0.372098228410722,-8.89655402494757,5.76074270365966e-19,1.1074188350759e-17,"ENSG00000270255","downregulated",FALSE,FALSE,"Neither_bound","Neither_bound_downregulated"
"ENSG00000163597.17","SNHG16",1367.12837344989,-1.11673244415689,0.125623620996525,-8.8895100722163,6.13789414733713e-19,1.17725572217249e-17,"ENSG00000163597","downregulated",FALSE,FALSE,"Neither_bound","Neither_bound_downregulated"
"ENSG00000144827.9","ABHD10",196.185302781999,-1.79180933239586,0.20164779082943,-8.88583666116886,6.34415074194648e-19,1.21612930249683e-17,"ENSG00000144827","downregulated",FALSE,FALSE,"Neither_bound","Neither_bound_downregulated"
"ENSG00000269973.1","ENSG00000269973.1",47.1214741023811,-3.15073620093486,0.35461058135778,-8.88505974320029,6.38864285724341e-19,1.22396740312941e-17,"ENSG00000269973","downregulated",FALSE,FALSE,"Neither_bound","Neither_bound_downregulated"
"ENSG00000253975.1","ENSG00000253975.1",44.2351798544828,-3.98764374817268,0.448905150749736,-8.88304298026598,6.50558134371155e-19,1.24566847284777e-17,"ENSG00000253975","downregulated",FALSE,FALSE,"Neither_bound","Neither_bound_downregulated"
"ENSG00000178425.14","NT5DC1",208.735071536715,-1.66456620709783,0.18751632281053,-8.87691365822985,6.87411201884973e-19,1.31549203975373e-17,"ENSG00000178425","downregulated",FALSE,FALSE,"Neither_bound","Neither_bound_downregulated"
"ENSG00000021776.11","AQR",1079.57589445308,-1.09908857577166,0.123815883078178,-8.87679793938626,6.88126442789336e-19,1.31611931355114e-17,"ENSG00000021776","downregulated",FALSE,FALSE,"Neither_bound","Neither_bound_downregulated"
"ENSG00000165304.8","MELK",391.793779032177,-1.81023772279854,0.203943708386221,-8.8761636096681,6.9206021869808e-19,1.3228982278411e-17,"ENSG00000165304","downregulated",FALSE,FALSE,"Neither_bound","Neither_bound_downregulated"
"ENSG00000260785.2","CASC17",39.1741397726242,-3.44481818774935,0.388110465154997,-8.87587039523299,6.93886077784955e-19,1.32564242352077e-17,"ENSG00000260785","downregulated",FALSE,FALSE,"Neither_bound","Neither_bound_downregulated"
"ENSG00000253519.1","ENSG00000253519.1",61.9127526156558,-2.80084179286603,0.315591492620534,-8.87489637191758,6.99985586656291e-19,1.33654358670831e-17,"ENSG00000253519","downregulated",FALSE,FALSE,"Neither_bound","Neither_bound_downregulated"
"ENSG00000169255.15","B3GALNT1",111.252077291067,-2.27472942590055,0.25682213366858,-8.85721722425999,8.20365784623932e-19,1.56025671736314e-17,"ENSG00000169255","downregulated",FALSE,FALSE,"Neither_bound","Neither_bound_downregulated"
"ENSG00000274020.4","LINC01138",166.513560320871,-1.60480993601433,0.181521931755484,-8.84085972694508,9.49848498098563e-19,1.80449965231611e-17,"ENSG00000274020","downregulated",FALSE,FALSE,"Neither_bound","Neither_bound_downregulated"
"ENSG00000124532.15","MRS2",429.94250620175,-1.42484045488907,0.161210910261522,-8.8383624444378,9.71317313508314e-19,1.84425413668253e-17,"ENSG00000124532","downregulated",FALSE,FALSE,"Neither_bound","Neither_bound_downregulated"
"ENSG00000277342.1","ENSG00000277342.1",52.633372201927,-2.71795523119011,0.307533963293956,-8.83790265659913,9.75321968346436e-19,1.85082327490457e-17,"ENSG00000277342","downregulated",FALSE,FALSE,"Neither_bound","Neither_bound_downregulated"
"ENSG00000164104.12","HMGB2",466.63902961204,-1.88305598317502,0.21348685636591,-8.82047735972802,1.13972790900031e-18,2.15798648901463e-17,"ENSG00000164104","downregulated",FALSE,FALSE,"Neither_bound","Neither_bound_downregulated"
"ENSG00000085999.13","RAD54L",137.079852300008,-1.73210209187934,0.196479006664998,-8.81571075342731,1.18928157162561e-18,2.25055801810466e-17,"ENSG00000085999","downregulated",FALSE,FALSE,"Neither_bound","Neither_bound_downregulated"
"ENSG00000232119.8","MCTS1",508.268648341687,-1.4919955277596,0.169306375254357,-8.81240015633259,1.22494469246863e-18,2.31417804859702e-17,"ENSG00000232119","downregulated",FALSE,FALSE,"Neither_bound","Neither_bound_downregulated"
"ENSG00000273329.2","ENSG00000273329.2",547.132844512351,-1.29302438439948,0.146790344196156,-8.80864740443427,1.26664923483162e-18,2.39030784493115e-17,"ENSG00000273329","downregulated",FALSE,FALSE,"Neither_bound","Neither_bound_downregulated"
"ENSG00000234997.3","ENSG00000234997.3",42.7426354367429,-3.21004756919159,0.364588098604103,-8.80458682409516,1.31335493989923e-18,2.47707054961117e-17,"ENSG00000234997","downregulated",FALSE,FALSE,"Neither_bound","Neither_bound_downregulated"
"ENSG00000183763.9","TRAIP",84.4271473253351,-2.15334016645367,0.244968999660781,-8.79025578516258,1.49219840131088e-18,2.81125875184293e-17,"ENSG00000183763","downregulated",FALSE,FALSE,"Neither_bound","Neither_bound_downregulated"
"ENSG00000069399.15","BCL3",452.163968755171,-1.20234773720633,0.136827352767402,-8.78733464390154,1.53150062698046e-18,2.88370361958271e-17,"ENSG00000069399","downregulated",FALSE,FALSE,"Neither_bound","Neither_bound_downregulated"
"ENSG00000251301.8","ENSG00000251301.8",61.1017281046778,-2.6278229472557,0.299204105880754,-8.78271018213568,1.59581986573212e-18,3.00148445178232e-17,"ENSG00000251301","downregulated",FALSE,FALSE,"Neither_bound","Neither_bound_downregulated"
"ENSG00000261970.1","ENSG00000261970.1",40.984530728874,-3.66773595320202,0.418405903682204,-8.76597562540087,1.85166082159378e-18,3.46923413060659e-17,"ENSG00000261970","downregulated",FALSE,FALSE,"Neither_bound","Neither_bound_downregulated"
"ENSG00000197670.6","ENSG00000197670.6",193.096136393579,-1.52199576547773,0.173713204369506,-8.76154332079608,1.92595124066645e-18,3.60444692798666e-17,"ENSG00000197670","downregulated",FALSE,FALSE,"Neither_bound","Neither_bound_downregulated"
"ENSG00000140406.4","TLNRD1",181.20526639909,-1.71959968936797,0.196309265717174,-8.75964607725355,1.95864368553256e-18,3.66361281443668e-17,"ENSG00000140406","downregulated",FALSE,FALSE,"Neither_bound","Neither_bound_downregulated"
"ENSG00000026103.25","FAS",558.128385391209,-1.25938895929983,0.143773728322769,-8.75952076913891,1.96082212730813e-18,3.66566901598253e-17,"ENSG00000026103","downregulated",FALSE,FALSE,"Neither_bound","Neither_bound_downregulated"
"ENSG00000012211.13","PRICKLE3",157.697193952677,-1.6147133887952,0.184462632409526,-8.75360699185062,2.06639799941883e-18,3.85879094251011e-17,"ENSG00000012211","downregulated",FALSE,FALSE,"Neither_bound","Neither_bound_downregulated"
"ENSG00000234444.10","ZNF736",402.789184471492,-1.33180995084051,0.152233487068139,-8.7484690555922,2.16266655114516e-18,4.03412726025802e-17,"ENSG00000234444","downregulated",FALSE,FALSE,"Neither_bound","Neither_bound_downregulated"
"ENSG00000184887.14","BTBD6",147.260975267204,-1.7204036922259,0.196708164682499,-8.74596992454663,2.2110800491151e-18,4.11991042832374e-17,"ENSG00000184887","downregulated",FALSE,FALSE,"Neither_bound","Neither_bound_downregulated"
"ENSG00000016391.11","CHDH",87.5566851342556,-2.07472049889483,0.237276253439055,-8.7439028087475,2.25193189602125e-18,4.19143137775615e-17,"ENSG00000016391","downregulated",FALSE,FALSE,"Neither_bound","Neither_bound_downregulated"
"ENSG00000149554.15","CHEK1",366.881054861898,-1.54135615398307,0.176529744178141,-8.73142461718882,2.51484615384413e-18,4.67054642721583e-17,"ENSG00000149554","downregulated",FALSE,FALSE,"Neither_bound","Neither_bound_downregulated"
"ENSG00000135047.16","CTSL",498.276277068818,-1.84505177312833,0.21144501992949,-8.7259173743775,2.64031415608036e-18,4.90046062752456e-17,"ENSG00000135047","downregulated",FALSE,FALSE,"Neither_bound","Neither_bound_downregulated"
"ENSG00000151702.18","FLI1",205.172040096751,-1.49117544807505,0.170891411662732,-8.72586535254332,2.6415283234213e-18,4.90046062752456e-17,"ENSG00000151702","downregulated",FALSE,FALSE,"Neither_bound","Neither_bound_downregulated"
"ENSG00000117054.15","ACADM",353.687888517535,-1.51514955855171,0.173657785846793,-8.72491579437981,2.6637877218468e-18,4.93636341165805e-17,"ENSG00000117054","downregulated",FALSE,FALSE,"Neither_bound","Neither_bound_downregulated"
"ENSG00000265491.5","RNF115",1026.88485047748,-1.09023964363765,0.124963518658331,-8.72446339013972,2.67445795118546e-18,4.95343444306803e-17,"ENSG00000265491","downregulated",FALSE,FALSE,"Neither_bound","Neither_bound_downregulated"
"ENSG00000149115.14","TNKS1BP1",2751.20976851117,-1.09554069908249,0.125678560083472,-8.71700549683947,2.85656279832688e-18,5.27346332247649e-17,"ENSG00000149115","downregulated",FALSE,FALSE,"Neither_bound","Neither_bound_downregulated"
"ENSG00000167513.9","CDT1",242.966041999945,-1.50462695361708,0.172707151932864,-8.71201300454521,2.98525424508042e-18,5.50505516812659e-17,"ENSG00000167513","downregulated",FALSE,FALSE,"Neither_bound","Neither_bound_downregulated"
"ENSG00000127564.17","PKMYT1",163.469999822387,-1.73418822266587,0.199081517215379,-8.71094538017669,3.01350852597771e-18,5.55414311505213e-17,"ENSG00000127564","downregulated",FALSE,FALSE,"Neither_bound","Neither_bound_downregulated"
"ENSG00000105968.19","H2AZ2",1480.09386085701,-1.17650060526557,0.135178213485744,-8.70333003320568,3.22284923740822e-18,5.93353620034051e-17,"ENSG00000105968","downregulated",FALSE,FALSE,"Neither_bound","Neither_bound_downregulated"
"ENSG00000043143.22","JADE2",2644.18826130602,-1.06188016161049,0.122160401948009,-8.69250710277149,3.54527664439259e-18,6.52008430193436e-17,"ENSG00000043143","downregulated",FALSE,FALSE,"Neither_bound","Neither_bound_downregulated"
"ENSG00000092470.12","WDR76",403.570646347608,-1.32760340628561,0.152734078850746,-8.69225398990994,3.55318627390197e-18,6.52756253931326e-17,"ENSG00000092470","downregulated",FALSE,FALSE,"Neither_bound","Neither_bound_downregulated"
"ENSG00000073050.12","XRCC1",197.569748429621,-1.52380521596746,0.175336324711867,-8.69075599977106,3.60035551721235e-18,6.61064195722535e-17,"ENSG00000073050","downregulated",FALSE,FALSE,"Neither_bound","Neither_bound_downregulated"
"ENSG00000088179.9","PTPN4",491.005594376147,-1.25707091834755,0.144690883542528,-8.68797596344805,3.68953827529792e-18,6.76707538527645e-17,"ENSG00000088179","downregulated",FALSE,FALSE,"Neither_bound","Neither_bound_downregulated"
"ENSG00000197894.12","ADH5",422.535438584345,-1.61114682039859,0.185557813400843,-8.68272152419787,3.86409641036738e-18,7.07577503328082e-17,"ENSG00000197894","downregulated",FALSE,FALSE,"Neither_bound","Neither_bound_downregulated"
"ENSG00000104765.16","BNIP3L",2032.45700770394,-1.15077874664267,0.132625214356823,-8.67692280252644,4.06620913205114e-18,7.43385316455937e-17,"ENSG00000104765","downregulated",FALSE,FALSE,"Neither_bound","Neither_bound_downregulated"
"ENSG00000183598.4","H3C13",467.606159922801,-1.56415378569577,0.180510815062733,-8.66515275083199,4.50908023259618e-18,8.22580222023775e-17,"ENSG00000183598","downregulated",FALSE,FALSE,"Neither_bound","Neither_bound_downregulated"
"ENSG00000268223.7","ARL14EPL",45.4682610731867,-2.92742402535462,0.337842528170802,-8.66505481475266,4.51295811139452e-18,8.22845738743151e-17,"ENSG00000268223","downregulated",FALSE,FALSE,"Neither_bound","Neither_bound_downregulated"
"ENSG00000102384.14","CENPI",263.822597273729,-1.46666342829849,0.169316733964214,-8.66224733940637,4.62553374298329e-18,8.42919153335066e-17,"ENSG00000102384","downregulated",FALSE,FALSE,"Neither_bound","Neither_bound_downregulated"
"ENSG00000264914.1","ENSG00000264914.1",47.8056108268719,-3.24636606204951,0.374776984355495,-8.66212760538723,4.63039604483865e-18,8.43352776681391e-17,"ENSG00000264914","downregulated",FALSE,FALSE,"Neither_bound","Neither_bound_downregulated"
"ENSG00000189057.11","FAM111B",303.094882494183,-1.73581542534299,0.200573671365205,-8.65425363921477,4.96147631566758e-18,9.01719783256268e-17,"ENSG00000189057","downregulated",FALSE,FALSE,"Neither_bound","Neither_bound_downregulated"
"ENSG00000164106.8","SCRG1",184.328070830487,-1.63956593650831,0.189508518424177,-8.65167407851538,5.07494060370186e-18,9.20863153987953e-17,"ENSG00000164106","downregulated",FALSE,FALSE,"Neither_bound","Neither_bound_downregulated"
"ENSG00000184347.16","SLIT3",160.165328049135,-1.61830933481107,0.187645231164173,-8.62430302529344,6.44841656470218e-18,1.16510539292449e-16,"ENSG00000184347","downregulated",FALSE,FALSE,"Neither_bound","Neither_bound_downregulated"
"ENSG00000113083.15","LOX",179.38852628394,-1.64185285649426,0.190588078531529,-8.61466713524081,7.01450879568824e-18,1.2660405673323e-16,"ENSG00000113083","downregulated",FALSE,FALSE,"Neither_bound","Neither_bound_downregulated"
"ENSG00000169933.17","FRMPD4",128.493444756052,-1.93404393564,0.224595543462833,-8.61123024001613,7.22806548153751e-18,1.30320025624664e-16,"ENSG00000169933","downregulated",FALSE,FALSE,"Neither_bound","Neither_bound_downregulated"
"ENSG00000150687.12","PRSS23",3674.74511873751,-1.417878885823,0.164690180745174,-8.60937111980518,7.34624624259511e-18,1.32310335296114e-16,"ENSG00000150687","downregulated",FALSE,FALSE,"Neither_bound","Neither_bound_downregulated"
"ENSG00000126705.15","AHDC1",1031.33536441543,-1.18301176046592,0.137532928153975,-8.60166198993075,7.85699048196908e-18,1.41359244010342e-16,"ENSG00000126705","downregulated",FALSE,FALSE,"Neither_bound","Neither_bound_downregulated"
"ENSG00000137404.15","NRM",110.070255195521,-1.90690842360408,0.22171200013934,-8.60083541894729,7.91379030897434e-18,1.42230491648275e-16,"ENSG00000137404","downregulated",FALSE,FALSE,"Neither_bound","Neither_bound_downregulated"
"ENSG00000176018.13","LYSMD3",655.857318720522,-1.74279561423477,0.202915584318899,-8.58877163173342,8.79040409698147e-18,1.5765176682485e-16,"ENSG00000176018","downregulated",FALSE,FALSE,"Neither_bound","Neither_bound_downregulated"
"ENSG00000163584.18","RPL22L1",77.8100949855874,-2.52722294143097,0.294356251251125,-8.58559290210187,9.03691418874004e-18,1.61816500349563e-16,"ENSG00000163584","downregulated",FALSE,FALSE,"Neither_bound","Neither_bound_downregulated"
"ENSG00000180425.11","C11orf71",45.4939136238726,-3.65279220717139,0.425514928128704,-8.58440436681119,9.13082687907868e-18,1.63325922816506e-16,"ENSG00000180425","downregulated",FALSE,FALSE,"Neither_bound","Neither_bound_downregulated"
"ENSG00000107338.10","SHB",1033.97981120406,-1.16003290405774,0.135188643008495,-8.58084583321728,9.41780340003583e-18,1.68281928402113e-16,"ENSG00000107338","downregulated",FALSE,FALSE,"Neither_bound","Neither_bound_downregulated"
"ENSG00000164093.18","PITX2",119.766506620006,-1.88699079931176,0.220226486818973,-8.56840985191245,1.04923781519001e-17,1.87089291896978e-16,"ENSG00000164093","downregulated",FALSE,FALSE,"Neither_bound","Neither_bound_downregulated"
"ENSG00000167604.15","NFKBID",39.3671899457578,-3.19325108068514,0.372717240291434,-8.56748960200576,1.05765408330559e-17,1.88392207140663e-16,"ENSG00000167604","downregulated",FALSE,FALSE,"Neither_bound","Neither_bound_downregulated"
"ENSG00000180694.14","TMEM64",674.1105600861,-1.24242174269371,0.145034242686485,-8.56640280033322,1.06767940760402e-17,1.90078271056045e-16,"ENSG00000180694","downregulated",FALSE,FALSE,"Neither_bound","Neither_bound_downregulated"
"ENSG00000250802.7","ZBED3-AS1",135.167012381269,-1.84060943255069,0.215262997549381,-8.5505147354852,1.22540786698949e-17,2.17588366052791e-16,"ENSG00000250802","downregulated",FALSE,FALSE,"Neither_bound","Neither_bound_downregulated"
"ENSG00000081760.17","AACS",618.780309124594,-1.13596188020162,0.132894850887516,-8.54782463440293,1.25430101817069e-17,2.22602387592592e-16,"ENSG00000081760","downregulated",FALSE,FALSE,"Neither_bound","Neither_bound_downregulated"
"ENSG00000136603.15","SKIL",1771.5259697641,-1.14235236705913,0.133895992170073,-8.53163973428066,1.44287793629759e-17,2.55269154896648e-16,"ENSG00000136603","downregulated",FALSE,FALSE,"Neither_bound","Neither_bound_downregulated"
"ENSG00000241684.8","ADAMTS9-AS2",35.3823548288713,-3.76663995371081,0.441584002454135,-8.52983788537953,1.46552943283016e-17,2.59006783425467e-16,"ENSG00000241684","downregulated",FALSE,FALSE,"Neither_bound","Neither_bound_downregulated"
"ENSG00000106628.13","POLD2",678.901264200394,-1.26825480910712,0.148738967581661,-8.52671515560182,1.50562002575434e-17,2.65953723530022e-16,"ENSG00000106628","downregulated",FALSE,FALSE,"Neither_bound","Neither_bound_downregulated"
"ENSG00000169169.15","CPT1C",379.788849959058,-1.3214080464464,0.155078157114273,-8.52091662059596,1.58295468789639e-17,2.79178633636888e-16,"ENSG00000169169","downregulated",FALSE,FALSE,"Neither_bound","Neither_bound_downregulated"
"ENSG00000162961.14","DPY30",130.415830081041,-2.19388943504528,0.257819569999222,-8.50939839459007,1.74838126343319e-17,3.0739655670962e-16,"ENSG00000162961","downregulated",FALSE,FALSE,"Neither_bound","Neither_bound_downregulated"
"ENSG00000116489.13","CAPZA1",1859.84795926735,-1.20860507741075,0.142124055334941,-8.50387412998073,1.83366347179875e-17,3.22057294777974e-16,"ENSG00000116489","downregulated",FALSE,FALSE,"Neither_bound","Neither_bound_downregulated"
"ENSG00000279044.1","ENSG00000279044.1",47.8634088580265,-2.92222291449359,0.343727409251073,-8.50157082573266,1.8704220251238e-17,3.28174046226267e-16,"ENSG00000279044","downregulated",FALSE,FALSE,"Neither_bound","Neither_bound_downregulated"
"ENSG00000286502.1","LOC124902301",67.9733433088763,-2.35652084406813,0.277317631382325,-8.49755146227723,1.9363166523547e-17,3.39560165447518e-16,"ENSG00000286502","downregulated",FALSE,FALSE,"Neither_bound","Neither_bound_downregulated"
"ENSG00000142082.15","SIRT3",153.524893194931,-1.60480845277879,0.189073562744652,-8.48774640665186,2.10682688220162e-17,3.68700131553966e-16,"ENSG00000142082","downregulated",FALSE,FALSE,"Neither_bound","Neither_bound_downregulated"
"ENSG00000288876.1","ENSG00000288876.1",65.4336781575012,-2.62919067602761,0.309840446633898,-8.48562769835605,2.14557361965118e-17,3.75287562885227e-16,"ENSG00000288876","downregulated",FALSE,FALSE,"Neither_bound","Neither_bound_downregulated"
"ENSG00000162631.20","NTNG1",48.3381070798179,-2.97010179810551,0.350138989263213,-8.48263657913507,2.20147450696922e-17,3.84867143863771e-16,"ENSG00000162631","downregulated",FALSE,FALSE,"Neither_bound","Neither_bound_downregulated"
"ENSG00000106991.14","ENG",88.4205214503323,-1.95597012862561,0.230750263909438,-8.47656724411488,2.31935705944458e-17,4.0505871771318e-16,"ENSG00000106991","downregulated",FALSE,FALSE,"Neither_bound","Neither_bound_downregulated"
"ENSG00000196422.11","PPP1R26",541.72618732225,-1.20121639853086,0.141890387381249,-8.46580533537681,2.54388744215913e-17,4.43132146847495e-16,"ENSG00000196422","downregulated",FALSE,FALSE,"Neither_bound","Neither_bound_downregulated"
"ENSG00000129480.14","DTD2",32.293081476923,-4.6743119552586,0.552312554390261,-8.46316441316262,2.60218451274652e-17,4.53054861757939e-16,"ENSG00000129480","downregulated",FALSE,FALSE,"Neither_bound","Neither_bound_downregulated"
"ENSG00000287932.1","ENSG00000287932.1",63.6905226260052,-2.43605905441444,0.288022751034572,-8.45787023998684,2.72304873096347e-17,4.73127975925152e-16,"ENSG00000287932","downregulated",FALSE,FALSE,"Neither_bound","Neither_bound_downregulated"
"ENSG00000119777.20","TMEM214",1109.73304402394,-1.25360497472147,0.148220202892151,-8.45772000213509,2.72655822043527e-17,4.73495550264546e-16,"ENSG00000119777","downregulated",FALSE,FALSE,"Neither_bound","Neither_bound_downregulated"
"ENSG00000181007.9","ZFP82",223.68419533118,-1.46492602405984,0.173345194037752,-8.45091802049498,2.89021150985217e-17,5.0140298552941e-16,"ENSG00000181007","downregulated",FALSE,FALSE,"Neither_bound","Neither_bound_downregulated"
"ENSG00000179981.11","TSHZ1",645.508167215541,-1.13503570824723,0.13440928333653,-8.44462287180987,3.05028578758451e-17,5.28633202207503e-16,"ENSG00000179981","downregulated",FALSE,FALSE,"Neither_bound","Neither_bound_downregulated"
"ENSG00000196498.15","NCOR2",5002.41937390084,-1.26221231878258,0.149529932271295,-8.44120170196108,3.14091604418457e-17,5.43508080432306e-16,"ENSG00000196498","downregulated",FALSE,FALSE,"Neither_bound","Neither_bound_downregulated"
"ENSG00000106976.22","DNM1",1509.62314162337,-1.09214766963097,0.129436412026264,-8.43771588329688,3.23599059725985e-17,5.59389967469325e-16,"ENSG00000106976","downregulated",FALSE,FALSE,"Neither_bound","Neither_bound_downregulated"
"ENSG00000172716.17","SLFN11",1322.45205146969,-1.16185754445686,0.137820333555046,-8.43023314838232,3.44977202487196e-17,5.95436260878307e-16,"ENSG00000172716","downregulated",FALSE,FALSE,"Neither_bound","Neither_bound_downregulated"
"ENSG00000136877.15","FPGS",729.940708638424,-1.16776230462663,0.138696906454545,-8.41952668215665,3.78008364767811e-17,6.49807091823533e-16,"ENSG00000136877","downregulated",FALSE,FALSE,"Neither_bound","Neither_bound_downregulated"
"ENSG00000092445.12","TYRO3",349.585892124665,-1.3346447701548,0.158962890594682,-8.3959518171938,4.62135137148349e-17,7.90821478017891e-16,"ENSG00000092445","downregulated",FALSE,FALSE,"Neither_bound","Neither_bound_downregulated"
"ENSG00000128652.12","HOXD3",243.457076076983,-1.40776386777714,0.167732647071024,-8.39290318467958,4.74282154282462e-17,8.11199205270224e-16,"ENSG00000128652","downregulated",FALSE,FALSE,"Neither_bound","Neither_bound_downregulated"
"ENSG00000136108.15","CKAP2",713.824040417082,-1.48143237241204,0.176875252503667,-8.37557742783337,5.49537592026838e-17,9.36612791067116e-16,"ENSG00000136108","downregulated",FALSE,FALSE,"Neither_bound","Neither_bound_downregulated"
"ENSG00000170166.6","HOXD4",135.158145035017,-1.67543781978945,0.200169073838976,-8.37011326303701,5.75628784278963e-17,9.79607141502395e-16,"ENSG00000170166","downregulated",FALSE,FALSE,"Neither_bound","Neither_bound_downregulated"
"ENSG00000145439.12","CBR4",217.26430346501,-1.41481123710813,0.169094982466715,-8.36696167129988,5.91229186126903e-17,1.0056521279098e-15,"ENSG00000145439","downregulated",FALSE,FALSE,"Neither_bound","Neither_bound_downregulated"
"ENSG00000246334.3","ENSG00000246334.3",181.235678540134,-1.50945341640588,0.180464551268472,-8.3642654792647,6.04905784229279e-17,1.02840038431933e-15,"ENSG00000246334","downregulated",FALSE,FALSE,"Neither_bound","Neither_bound_downregulated"
"ENSG00000206538.9","VGLL3",47.3828313464806,-2.85351056071232,0.3412144808927,-8.36280615420203,6.12437965049853e-17,1.04068498233184e-15,"ENSG00000206538","downregulated",FALSE,FALSE,"Neither_bound","Neither_bound_downregulated"
"ENSG00000244509.4","APOBEC3C",398.588854124095,-1.22058797088376,0.145997338284823,-8.36034399820725,6.25356408977595e-17,1.06210532500755e-15,"ENSG00000244509","downregulated",FALSE,FALSE,"Neither_bound","Neither_bound_downregulated"
"ENSG00000247081.8","LOC105369147",342.623711724904,-1.54876963873287,0.185345017811087,-8.35614389328478,6.48016591892753e-17,1.10004135899116e-15,"ENSG00000247081","downregulated",FALSE,FALSE,"Neither_bound","Neither_bound_downregulated"
"ENSG00000258134.1","LOC100420186",63.924850903778,-2.76127959381887,0.330614060831979,-8.35197265013533,6.71322090181185e-17,1.13789764267837e-15,"ENSG00000258134","downregulated",FALSE,FALSE,"Neither_bound","Neither_bound_downregulated"
"ENSG00000184897.7","H1-10",595.882369266531,-1.47402533314908,0.17654575948304,-8.3492536862132,6.86956465898209e-17,1.16381731838555e-15,"ENSG00000184897","downregulated",FALSE,FALSE,"Neither_bound","Neither_bound_downregulated"
"ENSG00000255281.1","LOC100421558",36.2139321037454,-4.20698932659906,0.504092092259071,-8.34567610006652,7.0807624507358e-17,1.19899969554633e-15,"ENSG00000255281","downregulated",FALSE,FALSE,"Neither_bound","Neither_bound_downregulated"
"ENSG00000150961.15","SEC24D",853.908398409641,-1.07077166293145,0.128312679788508,-8.34501831538669,7.12028489902302e-17,1.20449122236063e-15,"ENSG00000150961","downregulated",FALSE,FALSE,"Neither_bound","Neither_bound_downregulated"
"ENSG00000114744.9","COMMD2",300.866788515468,-1.44756809646067,0.173466650501224,-8.34493599938656,7.12524607890049e-17,1.20473050676004e-15,"ENSG00000114744","downregulated",FALSE,FALSE,"Neither_bound","Neither_bound_downregulated"
"ENSG00000186575.19","NF2",3727.65070624246,-1.01685496864315,0.122162517249376,-8.32378860176398,8.51954911377639e-17,1.43618880544296e-15,"ENSG00000186575","downregulated",FALSE,FALSE,"Neither_bound","Neither_bound_downregulated"
"ENSG00000173376.14","NDNF",40.7798760199618,-3.05974949648088,0.367879849435659,-8.31725222562379,9.00260367759908e-17,1.51311450628741e-15,"ENSG00000173376","downregulated",FALSE,FALSE,"Neither_bound","Neither_bound_downregulated"
"ENSG00000101224.18","CDC25B",1428.62541196182,-1.02141543983194,0.122828047439527,-8.31581598115707,9.11231175959172e-17,1.53079627027602e-15,"ENSG00000101224","downregulated",FALSE,FALSE,"Neither_bound","Neither_bound_downregulated"
"ENSG00000141580.16","WDR45B",1445.6414089318,-1.46028972249801,0.17566770769497,-8.31279545716883,9.3473555063575e-17,1.56950554542734e-15,"ENSG00000141580","downregulated",FALSE,FALSE,"Neither_bound","Neither_bound_downregulated"
"ENSG00000125629.16","INSIG2",378.57194040363,-1.32692052807119,0.159655830523762,-8.31113103554152,9.4794178716546e-17,1.59089360802551e-15,"ENSG00000125629","downregulated",FALSE,FALSE,"Neither_bound","Neither_bound_downregulated"
"ENSG00000053371.13","AKR7A2",312.170440388953,-1.66509940433914,0.200472993057275,-8.30585396539384,9.91040636680321e-17,1.65994419855805e-15,"ENSG00000053371","downregulated",FALSE,FALSE,"Neither_bound","Neither_bound_downregulated"
"ENSG00000227954.7","TARID",137.275398717346,-1.80964716459383,0.217936265344759,-8.30356141843167,1.01036107480152e-16,1.6906376841802e-15,"ENSG00000227954","downregulated",FALSE,FALSE,"Neither_bound","Neither_bound_downregulated"
"ENSG00000127423.11","AUNIP",69.1778059280494,-2.4663592385436,0.297105368701124,-8.30129475386445,1.02982841133934e-16,1.71982357307644e-15,"ENSG00000127423","downregulated",FALSE,FALSE,"Neither_bound","Neither_bound_downregulated"
"ENSG00000291293.1","ENSG00000291293.1",31.1509285728033,-5.18931756949058,0.625655146419702,-8.29421383199089,1.09305676531844e-16,1.82183278725892e-15,"ENSG00000291293","downregulated",FALSE,FALSE,"Neither_bound","Neither_bound_downregulated"
"ENSG00000116747.13","RO60",1962.84519544913,-1.04184902418,0.12571787607963,-8.28719873950213,1.15946808782532e-16,1.927793049792e-15,"ENSG00000116747","downregulated",FALSE,FALSE,"Neither_bound","Neither_bound_downregulated"
"ENSG00000289175.1","ENSG00000289175.1",32.8780845135513,-3.78946733905494,0.457487721767017,-8.28321102131085,1.19897691757937e-16,1.9915329064223e-15,"ENSG00000289175","downregulated",FALSE,FALSE,"Neither_bound","Neither_bound_downregulated"
"ENSG00000115318.12","LOXL3",492.169813184966,-1.24280403419749,0.150317986004505,-8.2678331930302,1.36415573912933e-16,2.26146696318932e-15,"ENSG00000115318","downregulated",FALSE,FALSE,"Neither_bound","Neither_bound_downregulated"
"ENSG00000278897.1","ENSG00000278897.1",137.405218839257,-1.73957018700321,0.210403655887193,-8.26777547979428,1.36481608411979e-16,2.26146696318932e-15,"ENSG00000278897","downregulated",FALSE,FALSE,"Neither_bound","Neither_bound_downregulated"
"ENSG00000021300.14","PLEKHB1",644.867464342678,-1.34140485189436,0.162457489999498,-8.25695910910914,1.49430588965581e-16,2.46760245307869e-15,"ENSG00000021300","downregulated",FALSE,FALSE,"Neither_bound","Neither_bound_downregulated"
"ENSG00000071794.16","HLTF",808.721688467542,-1.15640199906714,0.140177902148945,-8.24953135508058,1.59016883470809e-16,2.62208033870701e-15,"ENSG00000071794","downregulated",FALSE,FALSE,"Neither_bound","Neither_bound_downregulated"
"ENSG00000286387.1","ENSG00000286387.1",35.4147248248223,-5.88440716589103,0.713625938230954,-8.24578655377663,1.64077324552764e-16,2.7028993988401e-15,"ENSG00000286387","downregulated",FALSE,FALSE,"Neither_bound","Neither_bound_downregulated"
"ENSG00000168496.4","FEN1",263.185628039868,-1.54699411542903,0.187782679014226,-8.23821517272012,1.74798612357418e-16,2.87393962466446e-15,"ENSG00000168496","downregulated",FALSE,FALSE,"Neither_bound","Neither_bound_downregulated"
"ENSG00000106853.20","PTGR1",205.512012434974,-1.67940431152143,0.203873877427319,-8.23746687272447,1.75895002315828e-16,2.89056673375136e-15,"ENSG00000106853","downregulated",FALSE,FALSE,"Neither_bound","Neither_bound_downregulated"
"ENSG00000180347.15","ITPRID1",79.7725041309722,-2.42731809961164,0.294747250958062,-8.23525271812293,1.79178988603955e-16,2.94311019579262e-15,"ENSG00000180347","downregulated",FALSE,FALSE,"Neither_bound","Neither_bound_downregulated"
"ENSG00000197620.11","EOLA1",117.731947736801,-1.94335099622337,0.236460389631378,-8.21850543024519,2.06054912096313e-16,3.37965874171296e-15,"ENSG00000197620","downregulated",FALSE,FALSE,"Neither_bound","Neither_bound_downregulated"
"ENSG00000090447.12","TFAP4",133.564112797905,-1.65608844976419,0.201626673167437,-8.2136377283224,2.14586338265216e-16,3.51449794512674e-15,"ENSG00000090447","downregulated",FALSE,FALSE,"Neither_bound","Neither_bound_downregulated"
"ENSG00000182095.15","TNRC18",1890.96788591914,-1.17419536366364,0.143006377373302,-8.21079021251291,2.1973751566231e-16,3.59539688440141e-15,"ENSG00000182095","downregulated",FALSE,FALSE,"Neither_bound","Neither_bound_downregulated"
"ENSG00000223542.1","ENSG00000223542.1",55.2127499786385,-2.81591717243538,0.343316104516527,-8.20211209258849,2.36199897130276e-16,3.85362060793526e-15,"ENSG00000223542","downregulated",FALSE,FALSE,"Neither_bound","Neither_bound_downregulated"
"ENSG00000154856.13","APCDD1",219.499450992053,-1.60245125895949,0.195400654240777,-8.20084899503413,2.38695212127289e-16,3.89246229742667e-15,"ENSG00000154856","downregulated",FALSE,FALSE,"Neither_bound","Neither_bound_downregulated"
"ENSG00000169621.11","APLF",125.623532512286,-1.66305703751317,0.202816116162786,-8.19982686276448,2.40733495068047e-16,3.92193542468653e-15,"ENSG00000169621","downregulated",FALSE,FALSE,"Neither_bound","Neither_bound_downregulated"
"ENSG00000161714.12","PLCD3",1376.51961716953,-1.15253507735338,0.140659740554567,-8.19378077059845,2.53145964770178e-16,4.12217743591247e-15,"ENSG00000161714","downregulated",FALSE,FALSE,"Neither_bound","Neither_bound_downregulated"
"ENSG00000131759.18","RARA",994.437085379203,-1.11158432472782,0.135759921880066,-8.18786803449858,2.65894135646772e-16,4.32769142292744e-15,"ENSG00000131759","downregulated",FALSE,FALSE,"Neither_bound","Neither_bound_downregulated"
"ENSG00000279456.1","ENSG00000279456.1",60.7506816696421,-2.43386911764404,0.297313878752476,-8.18619409176765,2.69616785338329e-16,4.38407992550137e-15,"ENSG00000279456","downregulated",FALSE,FALSE,"Neither_bound","Neither_bound_downregulated"
"ENSG00000127995.17","CASD1",534.33720043499,-1.17039735244491,0.142989674865644,-8.1851878713945,2.71879172473493e-16,4.41875202420077e-15,"ENSG00000127995","downregulated",FALSE,FALSE,"Neither_bound","Neither_bound_downregulated"
"ENSG00000196549.13","MME",43.3974786191534,-3.19104258143625,0.389979297423166,-8.1825948262419,2.77795983591144e-16,4.50844432423506e-15,"ENSG00000196549","downregulated",FALSE,FALSE,"Neither_bound","Neither_bound_downregulated"
"ENSG00000134291.12","TMEM106C",360.696791117917,-2.0804532254932,0.254483409921342,-8.17520177891458,2.9537114093212e-16,4.78910115283162e-15,"ENSG00000134291","downregulated",FALSE,FALSE,"Neither_bound","Neither_bound_downregulated"
"ENSG00000095485.18","CWF19L1",220.657418912269,-1.45297434257178,0.177824525683429,-8.17083209972073,3.06269628671397e-16,4.96107140997139e-15,"ENSG00000095485","downregulated",FALSE,FALSE,"Neither_bound","Neither_bound_downregulated"
"ENSG00000273024.7","INTS4P2",42.7302689204428,-2.898483286318,0.354745160709901,-8.17060698028321,3.06841713553268e-16,4.96796917348779e-15,"ENSG00000273024","downregulated",FALSE,FALSE,"Neither_bound","Neither_bound_downregulated"
"ENSG00000174606.14","ANGEL2",647.35750010001,-1.12460199218282,0.137650286921065,-8.16999381067558,3.08405277973105e-16,4.99090542267291e-15,"ENSG00000174606","downregulated",FALSE,FALSE,"Neither_bound","Neither_bound_downregulated"
"ENSG00000231999.8","LRRC8C-DT",77.6566936939853,-2.0765622646977,0.254390107104908,-8.16290495070767,3.2706186682399e-16,5.28526997729652e-15,"ENSG00000231999","downregulated",FALSE,FALSE,"Neither_bound","Neither_bound_downregulated"
"ENSG00000136010.14","ALDH1L2",112.367784006453,-1.79047502272446,0.219447792934751,-8.1590021880823,3.37803528144766e-16,5.45366456464896e-15,"ENSG00000136010","downregulated",FALSE,FALSE,"Neither_bound","Neither_bound_downregulated"
"ENSG00000074695.6","LMAN1",1396.63482210228,-1.15780305173185,0.141934458995808,-8.15730767512943,3.42574940237999e-16,5.52806915439637e-15,"ENSG00000074695","downregulated",FALSE,FALSE,"Neither_bound","Neither_bound_downregulated"
"ENSG00000260597.1","ENSG00000260597.1",126.954228006216,-1.83127198957863,0.224616978460418,-8.15286538947606,3.55401137741853e-16,5.72177812347991e-15,"ENSG00000260597","downregulated",FALSE,FALSE,"Neither_bound","Neither_bound_downregulated"
"ENSG00000177432.8","NAP1L5",99.6299648629735,-1.86191656116191,0.228399323227902,-8.15202310956086,3.57885883832277e-16,5.75872463382984e-15,"ENSG00000177432","downregulated",FALSE,FALSE,"Neither_bound","Neither_bound_downregulated"
"ENSG00000100139.14","MICALL1",889.484774217138,-1.09182708934645,0.134038299934972,-8.14563516454732,3.77296122852382e-16,6.05957196267126e-15,"ENSG00000100139","downregulated",FALSE,FALSE,"Neither_bound","Neither_bound_downregulated"
"ENSG00000142945.13","KIF2C",424.555810900667,-1.49602945674464,0.183821135359917,-8.13850623768287,4.00184434303172e-16,6.42109818819562e-15,"ENSG00000142945","downregulated",FALSE,FALSE,"Neither_bound","Neither_bound_downregulated"
"ENSG00000147130.14","ZMYM3",1021.13561047674,-1.05588562305945,0.129816893731814,-8.13365343066048,4.16542298708017e-16,6.67096124588115e-15,"ENSG00000147130","downregulated",FALSE,FALSE,"Neither_bound","Neither_bound_downregulated"
"ENSG00000174130.13","TLR6",207.22390411556,-1.36519984489674,0.167851788024309,-8.13336492250544,4.17535290956692e-16,6.68371289501269e-15,"ENSG00000174130","downregulated",FALSE,FALSE,"Neither_bound","Neither_bound_downregulated"
"ENSG00000133687.16","TMTC1",501.361296798698,-1.13292041669658,0.139330656135667,-8.13116401026236,4.25187600039499e-16,6.79979868085767e-15,"ENSG00000133687","downregulated",FALSE,FALSE,"Neither_bound","Neither_bound_downregulated"
"ENSG00000125355.16","TMEM255A",184.528198959904,-1.53704026826373,0.189098402327344,-8.1282562377391,4.35509852067096e-16,6.96159936706593e-15,"ENSG00000125355","downregulated",FALSE,FALSE,"Neither_bound","Neither_bound_downregulated"
"ENSG00000250644.3","ENSG00000250644.3",209.902433272982,-1.50550890999437,0.185331887458046,-8.12331288826472,4.53627871711071e-16,7.24439658969519e-15,"ENSG00000250644","downregulated",FALSE,FALSE,"Neither_bound","Neither_bound_downregulated"
"ENSG00000100196.11","KDELR3",156.884062725227,-1.75003776744076,0.215613334843518,-8.11655628215603,4.79598349603818e-16,7.65194774041451e-15,"ENSG00000100196","downregulated",FALSE,FALSE,"Neither_bound","Neither_bound_downregulated"
"ENSG00000169242.12","EFNA1",175.021283721803,-1.62768617892529,0.2005764198167,-8.11504253796521,4.85614679258753e-16,7.74066608402689e-15,"ENSG00000169242","downregulated",FALSE,FALSE,"Neither_bound","Neither_bound_downregulated"
"ENSG00000265241.8","RBM8A",392.626974479721,-1.32418250222132,0.163270434064186,-8.11036309060554,5.04687240530081e-16,8.03713839021368e-15,"ENSG00000265241","downregulated",FALSE,FALSE,"Neither_bound","Neither_bound_downregulated"
"ENSG00000221890.6","NPTXR",53.7922989216117,-2.53219860690726,0.312528124773106,-8.10230634041538,5.39269439627019e-16,8.5717848971692e-15,"ENSG00000221890","downregulated",FALSE,FALSE,"Neither_bound","Neither_bound_downregulated"
"ENSG00000178764.8","ZHX2",537.202917195103,-1.09761461671088,0.135731736388393,-8.08664683674334,6.13297673602315e-16,9.7257214644834e-15,"ENSG00000178764","downregulated",FALSE,FALSE,"Neither_bound","Neither_bound_downregulated"
"ENSG00000131462.9","TUBG1",448.974797850194,-1.29230162361293,0.159822530367227,-8.08585385704747,6.17301725132494e-16,9.78465002300538e-15,"ENSG00000131462","downregulated",FALSE,FALSE,"Neither_bound","Neither_bound_downregulated"
"ENSG00000287777.1","ENSG00000287777.1",40.3392160452465,-3.39426756484079,0.419842734122942,-8.08461666469344,6.23600273050251e-16,9.87066825487927e-15,"ENSG00000287777","downregulated",FALSE,FALSE,"Neither_bound","Neither_bound_downregulated"
"ENSG00000274349.5","ZNF658",118.853750366535,-1.72395700018249,0.213329105410188,-8.08120859489695,6.41280094799626e-16,1.0141062504727e-14,"ENSG00000274349","downregulated",FALSE,FALSE,"Neither_bound","Neither_bound_downregulated"
"ENSG00000076003.5","MCM6",375.378499558193,-1.44993500631712,0.179482461279273,-8.07842167965948,6.5610390749716e-16,1.03706549696899e-14,"ENSG00000076003","downregulated",FALSE,FALSE,"Neither_bound","Neither_bound_downregulated"
"ENSG00000132855.5","ANGPTL3",111.56864435466,-2.21727597619546,0.274488602385079,-8.07784351309733,6.59221245810099e-16,1.04150824547337e-14,"ENSG00000132855","downregulated",FALSE,FALSE,"Neither_bound","Neither_bound_downregulated"
"ENSG00000223396.4","ENSG00000223396.4",120.04900088945,-1.69826036428531,0.210275112191358,-8.0763735973653,6.6721255494536e-16,1.05364370369056e-14,"ENSG00000223396","downregulated",FALSE,FALSE,"Neither_bound","Neither_bound_downregulated"
"ENSG00000226823.1","ENSG00000226823.1",28.3219270765825,-4.52126338556206,0.561032128878315,-8.05883148724751,7.70271952176621e-16,1.21357132057215e-14,"ENSG00000226823","downregulated",FALSE,FALSE,"Neither_bound","Neither_bound_downregulated"
"ENSG00000073712.15","FERMT2",452.518252105726,-1.28471017781155,0.15956499263595,-8.05132853133166,8.19000983160141e-16,1.28974619360147e-14,"ENSG00000073712","downregulated",FALSE,FALSE,"Neither_bound","Neither_bound_downregulated"
"ENSG00000151876.13","FBXO4",78.2641233095266,-2.3043923961961,0.286238432845639,-8.05060443242017,8.23861420942297e-16,1.29635075705897e-14,"ENSG00000151876","downregulated",FALSE,FALSE,"Neither_bound","Neither_bound_downregulated"
"ENSG00000152700.14","SAR1B",1167.21423943038,-1.05883127934467,0.131613401720307,-8.04501111212674,8.6237597802563e-16,1.35365929859402e-14,"ENSG00000152700","downregulated",FALSE,FALSE,"Neither_bound","Neither_bound_downregulated"
"ENSG00000227466.1","PDE4B-AS1",123.301235204568,-1.94291116668781,0.241597654810237,-8.04192891778635,8.84351893581363e-16,1.38623281592855e-14,"ENSG00000227466","downregulated",FALSE,FALSE,"Neither_bound","Neither_bound_downregulated"
"ENSG00000232349.2","ENSG00000232349.2",33.589353844422,-3.51642709117593,0.437293890496369,-8.04133597015147,8.88642425019885e-16,1.3923157699758e-14,"ENSG00000232349","downregulated",FALSE,FALSE,"Neither_bound","Neither_bound_downregulated"
"ENSG00000078043.16","PIAS2",1397.36066026098,-1.03512760820688,0.128743578573371,-8.04022709075905,8.96721314659557e-16,1.40432593897445e-14,"ENSG00000078043","downregulated",FALSE,FALSE,"Neither_bound","Neither_bound_downregulated"
"ENSG00000290867.1","LINC01145",93.7145109054989,-1.9546216684486,0.243351698416737,-8.0320855829875,9.58294821248891e-16,1.4979916469481e-14,"ENSG00000290867","downregulated",FALSE,FALSE,"Neither_bound","Neither_bound_downregulated"
"ENSG00000133884.11","DPF2",1011.23897380805,-1.02075319863315,0.127200104507823,-8.02478270424987,1.01705810689424e-15,1.58619971418658e-14,"ENSG00000133884","downregulated",FALSE,FALSE,"Neither_bound","Neither_bound_downregulated"
"ENSG00000168765.19","GSTM4",239.248430825354,-1.49889888639209,0.186852283666799,-8.02183873259463,1.04173852298922e-15,1.6217128390879e-14,"ENSG00000168765","downregulated",FALSE,FALSE,"Neither_bound","Neither_bound_downregulated"
"ENSG00000158042.9","MRPL17",281.02755628639,-1.54814017852093,0.193034594048422,-8.02001416457292,1.05732972122385e-15,1.64523023227356e-14,"ENSG00000158042","downregulated",FALSE,FALSE,"Neither_bound","Neither_bound_downregulated"
"ENSG00000203814.7","H2BC18",1187.65734746952,-1.16713598499257,0.145551691492679,-8.01870437246879,1.06866360104661e-15,1.66210463371571e-14,"ENSG00000203814","downregulated",FALSE,FALSE,"Neither_bound","Neither_bound_downregulated"
"ENSG00000256564.1","ENSG00000256564.1",43.3604388115776,-2.76608541501015,0.345017324976294,-8.01723627994684,1.08150957696048e-15,1.68054516515066e-14,"ENSG00000256564","downregulated",FALSE,FALSE,"Neither_bound","Neither_bound_downregulated"
"ENSG00000287164.1","LOC124900656",48.1360931000514,-2.92211901107513,0.364788050466361,-8.01045705126406,1.14282922076702e-15,1.7709682012324e-14,"ENSG00000287164","downregulated",FALSE,FALSE,"Neither_bound","Neither_bound_downregulated"
"ENSG00000118503.18","TNFAIP3",1537.68632949193,-1.16453814426981,0.145479330820268,-8.00483572273603,1.19626261172575e-15,1.85123682893395e-14,"ENSG00000118503","downregulated",FALSE,FALSE,"Neither_bound","Neither_bound_downregulated"
"ENSG00000289579.1","ENSG00000289579.1",51.215168283593,-2.41288397768466,0.30148971623577,-8.00320491130032,1.21221963586735e-15,1.8742228762468e-14,"ENSG00000289579","downregulated",FALSE,FALSE,"Neither_bound","Neither_bound_downregulated"
"ENSG00000130589.16","HELZ2",16139.2630675241,-1.04970894918053,0.13124779339439,-7.99791693279165,1.26541689943681e-15,1.95025776951314e-14,"ENSG00000130589","downregulated",FALSE,FALSE,"Neither_bound","Neither_bound_downregulated"
"ENSG00000119125.17","GDA",38.1117342200156,-2.94710057927279,0.368613085572156,-7.99510569381534,1.29462758190876e-15,1.99263729367363e-14,"ENSG00000119125","downregulated",FALSE,FALSE,"Neither_bound","Neither_bound_downregulated"
"ENSG00000129493.15","HEATR5A",192.961788639138,-1.46767515145632,0.183657809042291,-7.99135718273954,1.33461265313461e-15,2.05224638305462e-14,"ENSG00000129493","downregulated",FALSE,FALSE,"Neither_bound","Neither_bound_downregulated"
"ENSG00000232913.8","PLCE1-AS2",54.2774846798826,-2.67138004877031,0.334829838671029,-7.97832134487557,1.4833679490057e-15,2.27481004477768e-14,"ENSG00000232913","downregulated",FALSE,FALSE,"Neither_bound","Neither_bound_downregulated"
"ENSG00000164124.11","TMEM144",61.9807525195255,-2.15538415661477,0.270173029564756,-7.97779171402513,1.48974507648263e-15,2.28149958331659e-14,"ENSG00000164124","downregulated",FALSE,FALSE,"Neither_bound","Neither_bound_downregulated"
"ENSG00000255227.1","ENSG00000255227.1",28.3093762843293,-4.20284178923086,0.527212451665002,-7.97181814647542,1.56356772697989e-15,2.39024610936332e-14,"ENSG00000255227","downregulated",FALSE,FALSE,"Neither_bound","Neither_bound_downregulated"
"ENSG00000108352.13","RAPGEFL1",200.120967632611,-1.54580721250068,0.194098739904062,-7.96402497648739,1.66531620524363e-15,2.54007457834376e-14,"ENSG00000108352","downregulated",FALSE,FALSE,"Neither_bound","Neither_bound_downregulated"
"ENSG00000140044.13","JDP2",30.3981054246455,-5.33520151712033,0.670870384941729,-7.95265618646102,1.82554458893465e-15,2.77823022387688e-14,"ENSG00000140044","downregulated",FALSE,FALSE,"Neither_bound","Neither_bound_downregulated"
"ENSG00000131153.9","GINS2",81.2997001336614,-2.0072477893751,0.252433848131598,-7.95157941073213,1.84148520700073e-15,2.801234640009e-14,"ENSG00000131153","downregulated",FALSE,FALSE,"Neither_bound","Neither_bound_downregulated"
"ENSG00000131094.4","C1QL1",440.823747527879,-1.38638153529632,0.174379030380912,-7.95039135306532,1.8592323437088e-15,2.82696527534021e-14,"ENSG00000131094","downregulated",FALSE,FALSE,"Neither_bound","Neither_bound_downregulated"
"ENSG00000125962.16","ARMCX5",114.667752832492,-1.73295801364808,0.218017091784622,-7.94872548506453,1.88440098972721e-15,2.86395225141181e-14,"ENSG00000125962","downregulated",FALSE,FALSE,"Neither_bound","Neither_bound_downregulated"
"ENSG00000100147.14","CCDC134",228.83442708125,-1.32769775638542,0.167139760789109,-7.94363800759928,1.96336024833355e-15,2.97995625180492e-14,"ENSG00000100147","downregulated",FALSE,FALSE,"Neither_bound","Neither_bound_downregulated"
"ENSG00000261824.8","LINC00662",807.505949855611,-1.03204764779595,0.129928735012543,-7.94318245072055,1.97058756512504e-15,2.98958992461667e-14,"ENSG00000261824","downregulated",FALSE,FALSE,"Neither_bound","Neither_bound_downregulated"
"ENSG00000240032.1","LNCSRLR",70.2841076482129,-2.12523713065989,0.267728450806725,-7.93803245137406,2.0541360281069e-15,3.1149505626221e-14,"ENSG00000240032","downregulated",FALSE,FALSE,"Neither_bound","Neither_bound_downregulated"
"ENSG00000111817.19","DSE",362.284125317761,-1.15172761122153,0.14518591605881,-7.93277779612596,2.14297660525129e-15,3.2453245353177e-14,"ENSG00000111817","downregulated",FALSE,FALSE,"Neither_bound","Neither_bound_downregulated"
"ENSG00000123374.11","CDK2",128.367023100168,-1.68873255612585,0.212879258953766,-7.93281865234517,2.14227146249883e-15,3.2453245353177e-14,"ENSG00000123374","downregulated",FALSE,FALSE,"Neither_bound","Neither_bound_downregulated"
"ENSG00000124588.22","NQO2",227.830955265729,-1.29055092133051,0.162718182026961,-7.93120292553835,2.17033241698127e-15,3.28382412204989e-14,"ENSG00000124588","downregulated",FALSE,FALSE,"Neither_bound","Neither_bound_downregulated"
"ENSG00000178404.11","CEP295NL",99.8575321594474,-1.88401855166831,0.237598127564976,-7.92943349754762,2.20147811010219e-15,3.32798435442596e-14,"ENSG00000178404","downregulated",FALSE,FALSE,"Neither_bound","Neither_bound_downregulated"
"ENSG00000172594.13","SMPDL3A",79.9033014571502,-2.07091276619665,0.261394805161021,-7.92254752316502,2.32693109154868e-15,3.5113814001655e-14,"ENSG00000172594","downregulated",FALSE,FALSE,"Neither_bound","Neither_bound_downregulated"
"ENSG00000260400.1","ENSG00000260400.1",158.17964929166,-1.61117211030305,0.203552721046669,-7.91525704995935,2.46742771329242e-15,3.72008808544682e-14,"ENSG00000260400","downregulated",FALSE,FALSE,"Neither_bound","Neither_bound_downregulated"
"ENSG00000138777.20","PPA2",340.236566862934,-1.22425377639174,0.154759038317163,-7.91070938217355,2.55926340080284e-15,3.85683492451069e-14,"ENSG00000138777","downregulated",FALSE,FALSE,"Neither_bound","Neither_bound_downregulated"
"ENSG00000269506.2","ENSG00000269506.2",495.341634425273,-1.29650510659006,0.164017229859919,-7.90468847509104,2.68604485048882e-15,4.04430724651614e-14,"ENSG00000269506","downregulated",FALSE,FALSE,"Neither_bound","Neither_bound_downregulated"
"ENSG00000139304.16","PTPRQ",38.2970609152841,-2.91323937529386,0.368845972337227,-7.89825453924262,2.82836106854563e-15,4.2472930493527e-14,"ENSG00000139304","downregulated",FALSE,FALSE,"Neither_bound","Neither_bound_downregulated"
"ENSG00000133401.16","PDZD2",1303.26934040621,-1.03876420462604,0.131715602534569,-7.88641728570775,3.10985514397397e-15,4.65354887799595e-14,"ENSG00000133401","downregulated",FALSE,FALSE,"Neither_bound","Neither_bound_downregulated"
"ENSG00000196227.11","FAM217B",271.298026324693,-1.33316811581104,0.169063722770825,-7.88559540723128,3.13039312659225e-15,4.6801581744756e-14,"ENSG00000196227","downregulated",FALSE,FALSE,"Neither_bound","Neither_bound_downregulated"
"ENSG00000145354.12","CISD2",157.964197916812,-1.71804607325627,0.217935578011802,-7.88327490595976,3.18910389297206e-15,4.76583726513308e-14,"ENSG00000145354","downregulated",FALSE,FALSE,"Neither_bound","Neither_bound_downregulated"
"ENSG00000119684.16","MLH3",329.923841483411,-1.17866754058712,0.149562890276613,-7.88074861623226,3.25425428438838e-15,4.86106022568622e-14,"ENSG00000119684","downregulated",FALSE,FALSE,"Neither_bound","Neither_bound_downregulated"
"ENSG00000173124.15","ACSM6",60.4425620730058,-2.2400896477555,0.28462153587864,-7.87041514915673,3.53466332596341e-15,5.27065161792472e-14,"ENSG00000173124","downregulated",FALSE,FALSE,"Neither_bound","Neither_bound_downregulated"
"ENSG00000100292.18","HMOX1",470.349155783744,-1.39156728134048,0.176864575989349,-7.86798189267865,3.60407727665416e-15,5.36708886161283e-14,"ENSG00000100292","downregulated",FALSE,FALSE,"Neither_bound","Neither_bound_downregulated"
"ENSG00000142611.17","PRDM16",412.916089426814,-1.2620412372427,0.16040600390875,-7.8677930157816,3.6095211935646e-15,5.37284031126215e-14,"ENSG00000142611","downregulated",FALSE,FALSE,"Neither_bound","Neither_bound_downregulated"
"ENSG00000100987.15","VSX1",29.410924244866,-3.60626686358205,0.458546600906831,-7.86455914502522,3.70399553716332e-15,5.51105214219726e-14,"ENSG00000100987","downregulated",FALSE,FALSE,"Neither_bound","Neither_bound_downregulated"
"ENSG00000132846.6","ZBED3",251.508523962618,-1.37559197083255,0.174951727373092,-7.86269442141057,3.75957388009706e-15,5.58884925860555e-14,"ENSG00000132846","downregulated",FALSE,FALSE,"Neither_bound","Neither_bound_downregulated"
"ENSG00000278886.1","ENSG00000278886.1",37.5940592605552,-2.99582766336816,0.381051293185894,-7.86200628876141,3.78029049505944e-15,5.6171875562633e-14,"ENSG00000278886","downregulated",FALSE,FALSE,"Neither_bound","Neither_bound_downregulated"
"ENSG00000263528.8","IKBKE",451.995712869618,-1.20485946409574,0.153305183434155,-7.85922195914031,3.86526783307603e-15,5.74094524503396e-14,"ENSG00000263528","downregulated",FALSE,FALSE,"Neither_bound","Neither_bound_downregulated"
"ENSG00000229023.1","ENSG00000229023.1",127.16662192806,-1.92913155872321,0.245476108293784,-7.85873449001577,3.88033756090285e-15,5.7608088404173e-14,"ENSG00000229023","downregulated",FALSE,FALSE,"Neither_bound","Neither_bound_downregulated"
"ENSG00000136122.18","BORA",91.7210453748002,-1.87598382770116,0.238838520449867,-7.85461166049609,4.01012679386052e-15,5.94829637265739e-14,"ENSG00000136122","downregulated",FALSE,FALSE,"Neither_bound","Neither_bound_downregulated"
"ENSG00000067992.17","PDK3",1840.48452185131,-1.00353345462592,0.127933084421112,-7.84420589221961,4.35701748446975e-15,6.4543903145429e-14,"ENSG00000067992","downregulated",FALSE,FALSE,"Neither_bound","Neither_bound_downregulated"
"ENSG00000272668.2","LOC107985216",41.8999544179796,-2.68868721262503,0.342928784250123,-7.84036609380673,4.49234762528507e-15,6.64906597541103e-14,"ENSG00000272668","downregulated",FALSE,FALSE,"Neither_bound","Neither_bound_downregulated"
"ENSG00000204706.14","MAMDC2-AS1",102.228816463578,-1.79819145702914,0.229806109852351,-7.8248200545428,5.08383565297319e-15,7.50816215044318e-14,"ENSG00000204706","downregulated",FALSE,FALSE,"Neither_bound","Neither_bound_downregulated"
"ENSG00000258289.10","CHURC1",316.665878617726,-1.49470211270689,0.191130317074421,-7.82032979166199,5.26851252201167e-15,7.77077001075521e-14,"ENSG00000258289","downregulated",FALSE,FALSE,"Neither_bound","Neither_bound_downregulated"
"ENSG00000163755.9","HPS3",556.534296537534,-1.20654439212879,0.154354331722038,-7.81671870603248,5.42180771872146e-15,7.98646854247748e-14,"ENSG00000163755","downregulated",FALSE,FALSE,"Neither_bound","Neither_bound_downregulated"
"ENSG00000177453.7","NIM1K",229.436437572912,-1.36855093634403,0.175251455703108,-7.80907029190379,5.7611364956279e-15,8.47528300058417e-14,"ENSG00000177453","downregulated",FALSE,FALSE,"Neither_bound","Neither_bound_downregulated"
"ENSG00000140525.20","FANCI",979.156875740338,-1.08441166792919,0.1389329573847,-7.80528744469536,5.93660802487813e-15,8.72586332276331e-14,"ENSG00000140525","downregulated",FALSE,FALSE,"Neither_bound","Neither_bound_downregulated"
"ENSG00000230001.1","ENSG00000230001.1",96.022892626052,-1.99628547730808,0.255977340184111,-7.79868044519978,6.25578534606428e-15,9.18308196348796e-14,"ENSG00000230001","downregulated",FALSE,FALSE,"Neither_bound","Neither_bound_downregulated"
"ENSG00000235121.1","ENSG00000235121.1",80.0771356868853,-1.98959774773657,0.255286301200584,-7.79359385278294,6.51296642000254e-15,9.54822802566449e-14,"ENSG00000235121","downregulated",FALSE,FALSE,"Neither_bound","Neither_bound_downregulated"
"ENSG00000115392.13","FANCL",1339.6631574933,-1.21071253906337,0.155442158010598,-7.78882997095822,6.7632545601048e-15,9.90660762818627e-14,"ENSG00000115392","downregulated",FALSE,FALSE,"Neither_bound","Neither_bound_downregulated"
"ENSG00000177239.16","MAN1B1",1359.53475388785,-1.06137303047088,0.136416305453067,-7.78039712295269,7.22972383358245e-15,1.05761954857506e-13,"ENSG00000177239","downregulated",FALSE,FALSE,"Neither_bound","Neither_bound_downregulated"
"ENSG00000151725.12","CENPU",166.295978422913,-1.97185313187641,0.253640586429712,-7.77420191158106,7.59245534190278e-15,1.10972686339825e-13,"ENSG00000151725","downregulated",FALSE,FALSE,"Neither_bound","Neither_bound_downregulated"
"ENSG00000235904.3","ENSG00000235904.3",29.3734778661801,-3.53536830910142,0.454900495142136,-7.77173985707967,7.74153160829949e-15,1.13102944374502e-13,"ENSG00000235904","downregulated",FALSE,FALSE,"Neither_bound","Neither_bound_downregulated"
"ENSG00000120539.15","MASTL",299.793115374634,-1.3888990821611,0.178735607410924,-7.77069047561372,7.80594336005095e-15,1.13994963049962e-13,"ENSG00000120539","downregulated",FALSE,FALSE,"Neither_bound","Neither_bound_downregulated"
"ENSG00000128245.15","YWHAH",375.63646223397,-1.44367893830924,0.185825315620257,-7.76901109243624,7.91012417406705e-15,1.1540712936795e-13,"ENSG00000128245","downregulated",FALSE,FALSE,"Neither_bound","Neither_bound_downregulated"
"ENSG00000185760.18","KCNQ5",180.373502839418,-1.4214768038164,0.183113409773063,-7.76282198872312,8.30601565011749e-15,1.20882064954238e-13,"ENSG00000185760","downregulated",FALSE,FALSE,"Neither_bound","Neither_bound_downregulated"
"ENSG00000176014.13","TUBB6",881.005887912727,-1.2489367649932,0.160957064312489,-7.7594405087338,8.5304868950486e-15,1.24042627932796e-13,"ENSG00000176014","downregulated",FALSE,FALSE,"Neither_bound","Neither_bound_downregulated"
"ENSG00000161800.13","RACGAP1",666.157108234683,-1.21355950600788,0.156817097290155,-7.73869384766419,1.00443318747379e-14,1.45371054589305e-13,"ENSG00000161800","downregulated",FALSE,FALSE,"Neither_bound","Neither_bound_downregulated"
"ENSG00000251320.1","ENSG00000251320.1",65.6135990785907,-8.10551700942488,1.04786705057339,-7.73525325086761,1.03197469067092e-14,1.49166452309403e-13,"ENSG00000251320","downregulated",FALSE,FALSE,"Neither_bound","Neither_bound_downregulated"
"ENSG00000182013.18","PNMA8A",236.588155952174,-1.45412351869758,0.188138361979757,-7.72901126275373,1.08385085916401e-14,1.56531658095592e-13,"ENSG00000182013","downregulated",FALSE,FALSE,"Neither_bound","Neither_bound_downregulated"
"ENSG00000206527.10","HACD2",1636.89588107821,-1.01061635323756,0.130807749020762,-7.72596700733042,1.1100738044595e-14,1.60182612531352e-13,"ENSG00000206527","downregulated",FALSE,FALSE,"Neither_bound","Neither_bound_downregulated"
"ENSG00000165572.8","KBTBD6",295.264114737464,-1.16513053761728,0.150942326731905,-7.71904450424117,1.17204978354057e-14,1.68910424468843e-13,"ENSG00000165572","downregulated",FALSE,FALSE,"Neither_bound","Neither_bound_downregulated"
"ENSG00000121989.15","ACVR2A",530.872744283585,-1.05017888546114,0.136333562356729,-7.70301066961967,1.32897258998221e-14,1.91039106798627e-13,"ENSG00000121989","downregulated",FALSE,FALSE,"Neither_bound","Neither_bound_downregulated"
"ENSG00000274578.1","ENSG00000274578.1",56.6676205496243,-2.24999902435122,0.292280652415243,-7.69807719313094,1.38128923396064e-14,1.98391681603278e-13,"ENSG00000274578","downregulated",FALSE,FALSE,"Neither_bound","Neither_bound_downregulated"
"ENSG00000179841.8","AKAP5",134.705684278837,-1.48528843197759,0.193544530773972,-7.67414313407883,1.66528050256078e-14,2.38550139959443e-13,"ENSG00000179841","downregulated",FALSE,FALSE,"Neither_bound","Neither_bound_downregulated"
"ENSG00000107819.15","SFXN3",835.665949041085,-1.13038436426665,0.147337357310114,-7.6720825247831,1.69226011958743e-14,2.42236374808874e-13,"ENSG00000107819","downregulated",FALSE,FALSE,"Neither_bound","Neither_bound_downregulated"
"ENSG00000162745.11","OLFML2B",310.13941349431,-1.24681028522393,0.162544932627231,-7.6705577040859,1.71250103825423e-14,2.44927306389136e-13,"ENSG00000162745","downregulated",FALSE,FALSE,"Neither_bound","Neither_bound_downregulated"
"ENSG00000105708.9","ZNF14",175.459458522521,-1.44187195145326,0.188012973409829,-7.66900243798752,1.73339142864994e-14,2.47810774614399e-13,"ENSG00000105708","downregulated",FALSE,FALSE,"Neither_bound","Neither_bound_downregulated"
"ENSG00000081041.9","CXCL2",76.3675210493774,-2.29449958299936,0.299232203167712,-7.66795671959596,1.74757830254036e-14,2.49733865295292e-13,"ENSG00000081041","downregulated",FALSE,FALSE,"Neither_bound","Neither_bound_downregulated"
"ENSG00000173207.13","CKS1B",122.799338775949,-2.01814909464088,0.26331680493524,-7.66433838181055,1.79755401186534e-14,2.56443992755321e-13,"ENSG00000173207","downregulated",FALSE,FALSE,"Neither_bound","Neither_bound_downregulated"
"ENSG00000279801.1","LOC112268198",141.187577926954,-1.78144903382314,0.232441090621035,-7.66408826022748,1.80106012844592e-14,2.56836315881826e-13,"ENSG00000279801","downregulated",FALSE,FALSE,"Neither_bound","Neither_bound_downregulated"
"ENSG00000131351.15","HAUS8",114.58589378082,-1.77242179134549,0.231311648415102,-7.66248394099367,1.82370942339334e-14,2.59847993682152e-13,"ENSG00000131351","downregulated",FALSE,FALSE,"Neither_bound","Neither_bound_downregulated"
"ENSG00000139144.11","PIK3C2G",29.5396815326872,-3.76055269609927,0.490980084946963,-7.65927745624446,1.86982050795654e-14,2.66194731828449e-13,"ENSG00000139144","downregulated",FALSE,FALSE,"Neither_bound","Neither_bound_downregulated"
"ENSG00000139973.18","SYT16",53.75750335654,-2.38276513609918,0.311265453406285,-7.65509024539588,1.93176536781506e-14,2.74438335482819e-13,"ENSG00000139973","downregulated",FALSE,FALSE,"Neither_bound","Neither_bound_downregulated"
"ENSG00000067177.15","PHKA1",438.604228220148,-1.12053404985211,0.146414055604031,-7.65318633671711,1.96059492436193e-14,2.78417593606714e-13,"ENSG00000067177","downregulated",FALSE,FALSE,"Neither_bound","Neither_bound_downregulated"
"ENSG00000176444.19","CLK2",312.981066215377,-1.24582964036202,0.163110992835554,-7.63792567689202,2.20749219375331e-14,3.12433728489219e-13,"ENSG00000176444","downregulated",FALSE,FALSE,"Neither_bound","Neither_bound_downregulated"
"ENSG00000280649.2","ENSG00000280649.2",39.4138806131579,-2.61459915369803,0.342473526922638,-7.63445623722225,2.26775503180235e-14,3.20562226051862e-13,"ENSG00000280649","downregulated",FALSE,FALSE,"Neither_bound","Neither_bound_downregulated"
"ENSG00000091622.16","PITPNM3",304.814056831582,-1.29451547924539,0.169787481566671,-7.62432817367086,2.45308574598325e-14,3.46039936127737e-13,"ENSG00000091622","downregulated",FALSE,FALSE,"Neither_bound","Neither_bound_downregulated"
"ENSG00000250453.2","ENSG00000250453.2",29.451969653138,-3.37654839069291,0.443837122542722,-7.60762950910647,2.79168729358127e-14,3.92500140680334e-13,"ENSG00000250453","downregulated",FALSE,FALSE,"Neither_bound","Neither_bound_downregulated"
"ENSG00000115163.15","CENPA",88.4507388228297,-2.0846206531223,0.274063591727837,-7.60633924404109,2.81968565297657e-14,3.96272578652495e-13,"ENSG00000115163","downregulated",FALSE,FALSE,"Neither_bound","Neither_bound_downregulated"
"ENSG00000197182.16","MIRLET7BHG",2155.31411494103,-1.20710682015077,0.158824705995268,-7.60024589742819,2.95568584986035e-14,4.14870813834943e-13,"ENSG00000197182","downregulated",FALSE,FALSE,"Neither_bound","Neither_bound_downregulated"
"ENSG00000196787.4","H2AC11",576.536645569264,-1.04300969772707,0.137244121514678,-7.59966755745911,2.9689244419786e-14,4.16556899814659e-13,"ENSG00000196787","downregulated",FALSE,FALSE,"Neither_bound","Neither_bound_downregulated"
"ENSG00000111554.15","MDM1",176.217557951527,-1.57286252589504,0.206997152960676,-7.59847419830861,2.99642582675458e-14,4.20241917767133e-13,"ENSG00000111554","downregulated",FALSE,FALSE,"Neither_bound","Neither_bound_downregulated"
"ENSG00000286044.1","ENSG00000286044.1",25.2828693581008,-4.49338280925997,0.592318932284938,-7.58608675891251,3.29711697452847e-14,4.60701231554024e-13,"ENSG00000286044","downregulated",FALSE,FALSE,"Neither_bound","Neither_bound_downregulated"
"ENSG00000111328.7","CDK2AP1",957.480665186624,-1.31808593510448,0.173770738023349,-7.58520076566272,3.31972624923433e-14,4.63513916549161e-13,"ENSG00000111328","downregulated",FALSE,FALSE,"Neither_bound","Neither_bound_downregulated"
"ENSG00000177839.7","PCDHB9",232.739279851968,-1.30551962919892,0.172185360901558,-7.5820593711524,3.40112561580509e-14,4.74453531489394e-13,"ENSG00000177839","downregulated",FALSE,FALSE,"Neither_bound","Neither_bound_downregulated"
"ENSG00000078618.23","NRDC",1517.78880949024,-1.01994514723912,0.134940436980013,-7.55848409910064,4.07793852152507e-14,5.6635502734186e-13,"ENSG00000078618","downregulated",FALSE,FALSE,"Neither_bound","Neither_bound_downregulated"
"ENSG00000158301.20","GPRASP2",198.692204386486,-1.27908763608168,0.169225650456734,-7.5584737457322,4.07826306193532e-14,5.6635502734186e-13,"ENSG00000158301","downregulated",FALSE,FALSE,"Neither_bound","Neither_bound_downregulated"
"ENSG00000105835.13","NAMPT",2444.75801757668,-1.1237518851038,0.148763751332443,-7.55393619103182,4.22297130026177e-14,5.85971769310832e-13,"ENSG00000105835","downregulated",FALSE,FALSE,"Neither_bound","Neither_bound_downregulated"
"ENSG00000291106.1","SNHG33",122.134900400631,-1.95341914259642,0.258629045441322,-7.55297665528299,4.25421270921732e-14,5.89824886966097e-13,"ENSG00000291106","downregulated",FALSE,FALSE,"Neither_bound","Neither_bound_downregulated"
"ENSG00000239789.6","MRPS17",97.2117692656498,-1.67828514687075,0.222305737996615,-7.54944592071799,4.37113844902264e-14,6.05048210417282e-13,"ENSG00000239789","downregulated",FALSE,FALSE,"Neither_bound","Neither_bound_downregulated"
"ENSG00000287072.1","ENSG00000287072.1",33.2381165322463,-3.18094870016062,0.421663600871727,-7.54380670654162,4.56447538560358e-14,6.30781529284713e-13,"ENSG00000287072","downregulated",FALSE,FALSE,"Neither_bound","Neither_bound_downregulated"
"ENSG00000196911.12","KPNA5",465.018825516743,-1.14953115055866,0.152402366931091,-7.54273817202865,4.60204558465385e-14,6.35714861405132e-13,"ENSG00000196911","downregulated",FALSE,FALSE,"Neither_bound","Neither_bound_downregulated"
"ENSG00000248431.2","ENSG00000248431.2",99.2740583324696,-1.76025149036264,0.233659880785525,-7.53339205876923,4.9438883328762e-14,6.82658532077799e-13,"ENSG00000248431","downregulated",FALSE,FALSE,"Neither_bound","Neither_bound_downregulated"
"ENSG00000273136.8","NBPF26",361.524458291278,-1.16506678307876,0.154657083891271,-7.53322611396083,4.95017811915652e-14,6.83249290335265e-13,"ENSG00000273136","downregulated",FALSE,FALSE,"Neither_bound","Neither_bound_downregulated"
"ENSG00000166803.14","PCLAF",57.78984057352,-2.30271483762851,0.305679813900312,-7.53309421465256,4.95518309454559e-14,6.83662304449734e-13,"ENSG00000166803","downregulated",FALSE,FALSE,"Neither_bound","Neither_bound_downregulated"
"ENSG00000102753.10","KPNA3",776.933772798315,-1.10542768700411,0.146953132284546,-7.52231456260264,5.3814915079211e-14,7.39775408907583e-13,"ENSG00000102753","downregulated",FALSE,FALSE,"Neither_bound","Neither_bound_downregulated"
"ENSG00000128833.13","MYO5C",312.659733131995,-1.16208557304377,0.154828216908006,-7.50564461860492,6.11270443587453e-14,8.37919064882106e-13,"ENSG00000128833","downregulated",FALSE,FALSE,"Neither_bound","Neither_bound_downregulated"
"ENSG00000215012.9","RTL10",280.270871706902,-1.19154934755517,0.158832587819797,-7.5019198762098,6.28898125683755e-14,8.61735035628309e-13,"ENSG00000215012","downregulated",FALSE,FALSE,"Neither_bound","Neither_bound_downregulated"
"ENSG00000244486.9","SCARF2",181.478913257067,-1.32926213694798,0.177253430024355,-7.49921813510368,6.41996136566179e-14,8.7932761156774e-13,"ENSG00000244486","downregulated",FALSE,FALSE,"Neither_bound","Neither_bound_downregulated"
"ENSG00000111665.12","CDCA3",68.4700089695128,-2.24866449094708,0.300031404481106,-7.49476373926946,6.64178895798545e-14,9.09344164953043e-13,"ENSG00000111665","downregulated",FALSE,FALSE,"Neither_bound","Neither_bound_downregulated"
"ENSG00000146350.14","TBC1D32",303.863115282275,-1.28277054196141,0.171225044592442,-7.4917226333024,6.7975457445785e-14,9.30294254036432e-13,"ENSG00000146350","downregulated",FALSE,FALSE,"Neither_bound","Neither_bound_downregulated"
"ENSG00000074964.17","ARHGEF10L",792.191700769696,-1.08875150006673,0.145346199248792,-7.49074627127397,6.84830954439039e-14,9.36487031416477e-13,"ENSG00000074964","downregulated",FALSE,FALSE,"Neither_bound","Neither_bound_downregulated"
"ENSG00000171488.15","LRRC8C",290.680169814629,-1.24657248393079,0.166446007207136,-7.48935047975934,6.9215284555467e-14,9.45357774740693e-13,"ENSG00000171488","downregulated",FALSE,FALSE,"Neither_bound","Neither_bound_downregulated"
"ENSG00000144451.20","SPAG16",211.355326909795,-1.32728389718736,0.177378566694017,-7.4827749593724,7.27694316654593e-14,9.9190692408199e-13,"ENSG00000144451","downregulated",FALSE,FALSE,"Neither_bound","Neither_bound_downregulated"
"ENSG00000025772.8","TOMM34",470.8465016171,-1.25016969426675,0.167080541400485,-7.48243741484023,7.29566414438116e-14,9.93661265662948e-13,"ENSG00000025772","downregulated",FALSE,FALSE,"Neither_bound","Neither_bound_downregulated"
"ENSG00000280385.1","ENSG00000280385.1",160.358623208084,-1.42224937137349,0.190083692950951,-7.48222716685374,7.30734889047248e-14,9.94853816078433e-13,"ENSG00000280385","downregulated",FALSE,FALSE,"Neither_bound","Neither_bound_downregulated"
"ENSG00000176974.21","SHMT1",908.671536439584,-1.0065566261077,0.134534469948364,-7.48177494209501,7.33254411715664e-14,9.9788404876433e-13,"ENSG00000176974","downregulated",FALSE,FALSE,"Neither_bound","Neither_bound_downregulated"
"ENSG00000207971.1","MIR125B1",43.3811805428264,-2.54482263523716,0.340382462972313,-7.47636236313431,7.64080878771256e-14,1.0390031741434e-12,"ENSG00000207971","downregulated",FALSE,FALSE,"Neither_bound","Neither_bound_downregulated"
"ENSG00000178127.13","NDUFV2",190.890855854956,-1.32600995372972,0.177385462261064,-7.47530229832579,7.70265791861468e-14,1.04657553671801e-12,"ENSG00000178127","downregulated",FALSE,FALSE,"Neither_bound","Neither_bound_downregulated"
"ENSG00000166432.16","ZMAT1",47.2312189550013,-2.37802150574253,0.318366520767844,-7.46944590783966,8.05332048076912e-14,1.09160091815948e-12,"ENSG00000166432","downregulated",FALSE,FALSE,"Neither_bound","Neither_bound_downregulated"
"ENSG00000254050.1","ENSG00000254050.1",29.3203452978439,-3.29758647980331,0.441548609353005,-7.46822979385035,8.12808133616431e-14,1.10129504119198e-12,"ENSG00000254050","downregulated",FALSE,FALSE,"Neither_bound","Neither_bound_downregulated"
"ENSG00000258044.1","ENSG00000258044.1",65.2603054093301,-2.08988505860741,0.280002816649873,-7.46380012748477,8.40620873463426e-14,1.13807133638125e-12,"ENSG00000258044","downregulated",FALSE,FALSE,"Neither_bound","Neither_bound_downregulated"
"ENSG00000117448.14","AKR1A1",370.839898137672,-1.34656514963765,0.180457166794326,-7.46196548221543,8.52412194985499e-14,1.15311578810304e-12,"ENSG00000117448","downregulated",FALSE,FALSE,"Neither_bound","Neither_bound_downregulated"
"ENSG00000289462.1","ENSG00000289462.1",31.9965438537457,-3.37930736963081,0.453034398455223,-7.45927324978793,8.7001012795111e-14,1.17598503884772e-12,"ENSG00000289462","downregulated",FALSE,FALSE,"Neither_bound","Neither_bound_downregulated"
"ENSG00000226767.1","ENSG00000226767.1",26.1890021224579,-3.46951041098716,0.466553616650855,-7.43646665069916,1.03414058747943e-13,1.39174673040814e-12,"ENSG00000226767","downregulated",FALSE,FALSE,"Neither_bound","Neither_bound_downregulated"
"ENSG00000282057.1","ENSG00000282057.1",27.2248734348514,-3.51048161661805,0.472631099975439,-7.4275298785892,1.10644395373333e-13,1.48610866826468e-12,"ENSG00000282057","downregulated",FALSE,FALSE,"Neither_bound","Neither_bound_downregulated"
"ENSG00000135828.11","RNASEL",113.504334624702,-1.68769756230808,0.227360107031186,-7.42301534049061,1.14483510673403e-13,1.534639262255e-12,"ENSG00000135828","downregulated",FALSE,FALSE,"Neither_bound","Neither_bound_downregulated"
"ENSG00000113369.9","ARRDC3",5421.34171829883,-1.00270942748704,0.135206909704462,-7.41611083101287,1.20609582151587e-13,1.614846782233e-12,"ENSG00000113369","downregulated",FALSE,FALSE,"Neither_bound","Neither_bound_downregulated"
"ENSG00000070367.16","EXOC5",974.838769742456,-1.0686997634132,0.14420836217971,-7.41080300240431,1.25536946364874e-13,1.67817355140576e-12,"ENSG00000070367","downregulated",FALSE,FALSE,"Neither_bound","Neither_bound_downregulated"
"ENSG00000206052.11","DOK6",42.7279718743294,-2.42784259207377,0.328353520548087,-7.39398983151214,1.42487313696973e-13,1.89655527886316e-12,"ENSG00000206052","downregulated",FALSE,FALSE,"Neither_bound","Neither_bound_downregulated"
"ENSG00000160767.23","ENTREP3",296.377041886799,-1.18495575556081,0.160267484674667,-7.3936129837328,1.42891922948674e-13,1.90119578484942e-12,"ENSG00000160767","downregulated",FALSE,FALSE,"Neither_bound","Neither_bound_downregulated"
"ENSG00000154319.16","FAM167A",121.915495623012,-1.53722789647883,0.208128091814904,-7.38597026030464,1.51345622261427e-13,2.00895197224546e-12,"ENSG00000154319","downregulated",FALSE,FALSE,"Neither_bound","Neither_bound_downregulated"
"ENSG00000236383.9","CCDC200",91.4495349122238,-1.70665862811033,0.231084210765231,-7.38544023608866,1.51949778041975e-13,2.01618361739445e-12,"ENSG00000236383","downregulated",FALSE,FALSE,"Neither_bound","Neither_bound_downregulated"
"ENSG00000014138.10","POLA2",87.6828749043667,-1.75715023438011,0.237992063356204,-7.38323038844442,1.54494344352167e-13,2.04914638381663e-12,"ENSG00000014138","downregulated",FALSE,FALSE,"Neither_bound","Neither_bound_downregulated"
"ENSG00000278921.2","EPB41L4A-DT",48.4169007446176,-2.31507234099246,0.313638684348892,-7.38133545547325,1.56709606314631e-13,2.07609668771271e-12,"ENSG00000278921","downregulated",FALSE,FALSE,"Neither_bound","Neither_bound_downregulated"
"ENSG00000233058.3","ENSG00000233058.3",53.3173169694535,-2.24522989286969,0.304668917468934,-7.36940909995726,1.71385977239094e-13,2.2661108893957e-12,"ENSG00000233058","downregulated",FALSE,FALSE,"Neither_bound","Neither_bound_downregulated"
"ENSG00000168116.14","KIAA1586",306.65953057741,-1.26831380729355,0.172194382867477,-7.36559338448142,1.76360617200923e-13,2.32916696931608e-12,"ENSG00000168116","downregulated",FALSE,FALSE,"Neither_bound","Neither_bound_downregulated"
"ENSG00000141447.19","OSBPL1A",229.288842880223,-1.31069543335941,0.178151413535864,-7.35719917875114,1.87809017261828e-13,2.47459142682303e-12,"ENSG00000141447","downregulated",FALSE,FALSE,"Neither_bound","Neither_bound_downregulated"
"ENSG00000040275.17","SPDL1",449.834932037909,-1.49755916607554,0.204057628692317,-7.33890311120687,2.15351430625001e-13,2.82980943731917e-12,"ENSG00000040275","downregulated",FALSE,FALSE,"Neither_bound","Neither_bound_downregulated"
"ENSG00000162144.10","CYB561A3",242.833496987433,-1.18126628214893,0.161046245854103,-7.33495075209064,2.21803032124333e-13,2.9123329706994e-12,"ENSG00000162144","downregulated",FALSE,FALSE,"Neither_bound","Neither_bound_downregulated"
"ENSG00000066583.12","ISOC1",82.3983153923903,-1.99233545994356,0.271624996756006,-7.33487522775095,2.21928144266848e-13,2.91284976988264e-12,"ENSG00000066583","downregulated",FALSE,FALSE,"Neither_bound","Neither_bound_downregulated"
"ENSG00000213445.10","SIPA1",106.220503041294,-1.64449827011143,0.224397324565642,-7.32851103859917,2.32723796936146e-13,3.04983099318172e-12,"ENSG00000213445","downregulated",FALSE,FALSE,"Neither_bound","Neither_bound_downregulated"
"ENSG00000109323.11","MANBA",324.155969430163,-1.232784121818,0.1684820820087,-7.3170043195118,2.53567693549439e-13,3.3165912262177e-12,"ENSG00000109323","downregulated",FALSE,FALSE,"Neither_bound","Neither_bound_downregulated"
"ENSG00000263327.6","TAPT1-AS1",58.6431313465334,-2.18536918752013,0.298695072353538,-7.31638848374943,2.54733522647544e-13,3.32927598972366e-12,"ENSG00000263327","downregulated",FALSE,FALSE,"Neither_bound","Neither_bound_downregulated"
"ENSG00000204147.11","ASAH2B",176.735803735039,-1.52719803828274,0.208782560439798,-7.31477780072107,2.57807632606118e-13,3.36686261605714e-12,"ENSG00000204147","downregulated",FALSE,FALSE,"Neither_bound","Neither_bound_downregulated"
"ENSG00000151092.18","NGLY1",459.805759615344,-1.20274668336231,0.164450559928199,-7.31372811310244,2.59830622633362e-13,3.39067483273532e-12,"ENSG00000151092","downregulated",FALSE,FALSE,"Neither_bound","Neither_bound_downregulated"
"ENSG00000248362.1","ENSG00000248362.1",32.2346158320895,-8.91155672422791,1.21877980135874,-7.31186775026384,2.63454346100103e-13,3.43400507610448e-12,"ENSG00000248362","downregulated",FALSE,FALSE,"Neither_bound","Neither_bound_downregulated"
"ENSG00000102221.14","JADE3",441.128125990727,-1.06018905486019,0.145021754985672,-7.31055182006959,2.66047521309019e-13,3.4651465505463e-12,"ENSG00000102221","downregulated",FALSE,FALSE,"Neither_bound","Neither_bound_downregulated"
"ENSG00000152977.10","ZIC1",168.810349180961,-1.30148175448081,0.178041662750783,-7.30998427206657,2.67173655917197e-13,3.47848016258924e-12,"ENSG00000152977","downregulated",FALSE,FALSE,"Neither_bound","Neither_bound_downregulated"
"ENSG00000289194.1","ENSG00000289194.1",63.2086717508828,-1.97255983256072,0.269935813338354,-7.30751436115739,2.72129249133698e-13,3.54164227378293e-12,"ENSG00000289194","downregulated",FALSE,FALSE,"Neither_bound","Neither_bound_downregulated"
"ENSG00000261336.1","EIF4BP5",41.743658643921,-2.70134431913648,0.369813717249449,-7.30460822066897,2.78075781834147e-13,3.61626269423519e-12,"ENSG00000261336","downregulated",FALSE,FALSE,"Neither_bound","Neither_bound_downregulated"
"ENSG00000221340.1","RNU6ATAC18P",23.2032528026407,-4.73982364150685,0.649183766865401,-7.30120481045483,2.85202217238441e-13,3.70751967667637e-12,"ENSG00000221340","downregulated",FALSE,FALSE,"Neither_bound","Neither_bound_downregulated"
"ENSG00000104518.11","GSDMD",717.190353019373,-1.07706539295703,0.147548792068573,-7.29972355487985,2.88359576472264e-13,3.74713010467095e-12,"ENSG00000104518","downregulated",FALSE,FALSE,"Neither_bound","Neither_bound_downregulated"
"ENSG00000236197.5","PPP1R9A-AS1",78.3116601102439,-1.83575501240904,0.251527363451461,-7.29843062487829,2.91143555430547e-13,3.7818601494703e-12,"ENSG00000236197","downregulated",FALSE,FALSE,"Neither_bound","Neither_bound_downregulated"
"ENSG00000236390.1","ENSG00000236390.1",34.0042221171825,-2.87262229075499,0.394303264244238,-7.28531196986398,3.20926788837677e-13,4.16395766357457e-12,"ENSG00000236390","downregulated",FALSE,FALSE,"Neither_bound","Neither_bound_downregulated"
"ENSG00000175581.14","MRPL48",102.210396791776,-1.73885052262979,0.238809508786494,-7.28132866846771,3.30548265075464e-13,4.28225151338038e-12,"ENSG00000175581","downregulated",FALSE,FALSE,"Neither_bound","Neither_bound_downregulated"
"ENSG00000250159.7","ENSG00000250159.7",27.2098924695465,-3.39015590245297,0.465713900882606,-7.27948187938572,3.35104675732932e-13,4.33631833344619e-12,"ENSG00000250159","downregulated",FALSE,FALSE,"Neither_bound","Neither_bound_downregulated"
"ENSG00000253517.1","XRCC6P4",30.0338570951286,-3.35815759926644,0.461327447752955,-7.27933621904233,3.35466663077919e-13,4.33934943314195e-12,"ENSG00000253517","downregulated",FALSE,FALSE,"Neither_bound","Neither_bound_downregulated"
"ENSG00000234500.1","ENSG00000234500.1",86.1616469277795,-1.86786314841837,0.256782802827767,-7.27409751684663,3.48744002443337e-13,4.50937810239638e-12,"ENSG00000234500","downregulated",FALSE,FALSE,"Neither_bound","Neither_bound_downregulated"
"ENSG00000179029.15","TMEM107",102.439609859878,-1.63228069826918,0.224454984819807,-7.27219624718773,3.53689248393374e-13,4.57158157892927e-12,"ENSG00000179029","downregulated",FALSE,FALSE,"Neither_bound","Neither_bound_downregulated"
"ENSG00000133639.6","BTG1",1194.49617908299,-1.17085342811991,0.161051533533536,-7.27005451255823,3.59342458855409e-13,4.63935562234912e-12,"ENSG00000133639","downregulated",FALSE,FALSE,"Neither_bound","Neither_bound_downregulated"
"ENSG00000146267.12","FAXC",434.250860489428,-1.1368693942705,0.156380666841193,-7.26988455308872,3.59794856399474e-13,4.64343149018896e-12,"ENSG00000146267","downregulated",FALSE,FALSE,"Neither_bound","Neither_bound_downregulated"
"ENSG00000182854.8","OR4F15",30.6895294535234,-2.94840160495916,0.406150459053183,-7.25938267269834,3.88860918360104e-13,5.00334381623334e-12,"ENSG00000182854","downregulated",FALSE,FALSE,"Neither_bound","Neither_bound_downregulated"
"ENSG00000119938.9","PPP1R3C",428.137324405896,-1.20504947591693,0.166032972550696,-7.25789255835308,3.93167641779116e-13,5.05492750036072e-12,"ENSG00000119938","downregulated",FALSE,FALSE,"Neither_bound","Neither_bound_downregulated"
"ENSG00000128394.17","APOBEC3F",314.330590203015,-1.07616824958478,0.148299736185274,-7.25671047883926,3.96617369453182e-13,5.09735104259768e-12,"ENSG00000128394","downregulated",FALSE,FALSE,"Neither_bound","Neither_bound_downregulated"
"ENSG00000164128.7","NPY1R",410.069260285236,-1.14851900015245,0.158380682659263,-7.25163562164553,4.11768425305034e-13,5.29007181193698e-12,"ENSG00000164128","downregulated",FALSE,FALSE,"Neither_bound","Neither_bound_downregulated"
"ENSG00000135378.4","PRRG4",122.571944219603,-1.50173366873233,0.207100643285478,-7.25122648055838,4.13014388339512e-13,5.30407287074349e-12,"ENSG00000135378","downregulated",FALSE,FALSE,"Neither_bound","Neither_bound_downregulated"
"ENSG00000103148.17","NPRL3",388.728553572453,-1.12851868840677,0.155712272135346,-7.24746144238305,4.24655282735983e-13,5.44533433143672e-12,"ENSG00000103148","downregulated",FALSE,FALSE,"Neither_bound","Neither_bound_downregulated"
"ENSG00000117308.15","GALE",353.162562174036,-1.36587547181725,0.188562853988766,-7.24360839329802,4.36901759700146e-13,5.58970959453656e-12,"ENSG00000117308","downregulated",FALSE,FALSE,"Neither_bound","Neither_bound_downregulated"
"ENSG00000128609.16","NDUFA5",588.829089524189,-1.3855479795696,0.191502786096347,-7.23513222868996,4.65075784950434e-13,5.94345156628906e-12,"ENSG00000128609","downregulated",FALSE,FALSE,"Neither_bound","Neither_bound_downregulated"
"ENSG00000151575.15","TEX9",164.824177626334,-1.37136236269798,0.189625670350048,-7.23194470541069,4.76126071145482e-13,6.07552606486467e-12,"ENSG00000151575","downregulated",FALSE,FALSE,"Neither_bound","Neither_bound_downregulated"
"ENSG00000073060.17","SCARB1",317.094923014203,-1.09817694481834,0.151909101320132,-7.22917149318164,4.85949471003436e-13,6.19854736426763e-12,"ENSG00000073060","downregulated",FALSE,FALSE,"Neither_bound","Neither_bound_downregulated"
"ENSG00000253357.1","ENSG00000253357.1",40.9478661454197,-2.73961498515094,0.379355953110293,-7.22175298078011,5.1321636975581e-13,6.53408307641131e-12,"ENSG00000253357","downregulated",FALSE,FALSE,"Neither_bound","Neither_bound_downregulated"
"ENSG00000287180.1","ENSG00000287180.1",29.7765439336635,-3.71607822526055,0.514894925890047,-7.21715837233574,5.30851415090173e-13,6.7535433961734e-12,"ENSG00000287180","downregulated",FALSE,FALSE,"Neither_bound","Neither_bound_downregulated"
"ENSG00000075303.13","SLC25A40",259.017971473607,-1.41019354999398,0.195460164762979,-7.21473632084589,5.40385841643793e-13,6.86455731823349e-12,"ENSG00000075303","downregulated",FALSE,FALSE,"Neither_bound","Neither_bound_downregulated"
"ENSG00000263680.2","ENSG00000263680.2",115.705298414276,-1.7228476571944,0.238861216140355,-7.21275594687609,5.48306364034753e-13,6.95736666923141e-12,"ENSG00000263680","downregulated",FALSE,FALSE,"Neither_bound","Neither_bound_downregulated"
"ENSG00000093009.11","CDC45",84.5188771066851,-2.18086245601557,0.302508633518011,-7.20925690831804,5.62580327814002e-13,7.13315736289139e-12,"ENSG00000093009","downregulated",FALSE,FALSE,"Neither_bound","Neither_bound_downregulated"
"ENSG00000196890.5","H2BC26",233.725247465888,-1.30100310998802,0.180536533571682,-7.20631488956475,5.74863808829268e-13,7.28346656408525e-12,"ENSG00000196890","downregulated",FALSE,FALSE,"Neither_bound","Neither_bound_downregulated"
"ENSG00000251131.3","ENSG00000251131.3",51.8939854067147,-2.14270646120662,0.29737657193965,-7.20536405148105,5.78889750964047e-13,7.32900747698351e-12,"ENSG00000251131","downregulated",FALSE,FALSE,"Neither_bound","Neither_bound_downregulated"
"ENSG00000286334.1","ENSG00000286334.1",24.3896442528772,-3.77520810205758,0.523967477010692,-7.20504280837367,5.80256171605305e-13,7.34356990949664e-12,"ENSG00000286334","downregulated",FALSE,FALSE,"Neither_bound","Neither_bound_downregulated"
"ENSG00000276291.8","ENSG00000276291.8",54.8223379601545,-2.35281526694847,0.326615589422607,-7.2036220656454,5.86337425429998e-13,7.41776896350322e-12,"ENSG00000276291","downregulated",FALSE,FALSE,"Neither_bound","Neither_bound_downregulated"
"ENSG00000228801.8","ENSG00000228801.8",208.418520211594,-1.26930673775798,0.176224599030853,-7.20277841310765,5.89978103232585e-13,7.46104847751469e-12,"ENSG00000228801","downregulated",FALSE,FALSE,"Neither_bound","Neither_bound_downregulated"
"ENSG00000267547.1","ENSG00000267547.1",21.9930099409853,-4.48406434675947,0.623217349437791,-7.19502489910554,6.24493679250216e-13,7.87701496352445e-12,"ENSG00000267547","downregulated",FALSE,FALSE,"Neither_bound","Neither_bound_downregulated"
"ENSG00000254530.2","LINC02755",22.9833450312193,-3.89659433995069,0.541632234304178,-7.19416994255624,6.28418853144522e-13,7.92358262940353e-12,"ENSG00000254530","downregulated",FALSE,FALSE,"Neither_bound","Neither_bound_downregulated"
"ENSG00000155254.13","MARVELD1",327.371110569604,-1.18520182777478,0.16480464236342,-7.19155607984161,6.40570128753313e-13,8.07379819424584e-12,"ENSG00000155254","downregulated",FALSE,FALSE,"Neither_bound","Neither_bound_downregulated"
"ENSG00000198176.13","TFDP1",776.746417122823,-1.03012386969603,0.143322635170567,-7.18744717797077,6.6013927965639e-13,8.31427921815656e-12,"ENSG00000198176","downregulated",FALSE,FALSE,"Neither_bound","Neither_bound_downregulated"
"ENSG00000119729.12","RHOQ",651.799898129299,-1.05605554863645,0.147005998591548,-7.18375820547755,6.7820765901147e-13,8.52919576501355e-12,"ENSG00000119729","downregulated",FALSE,FALSE,"Neither_bound","Neither_bound_downregulated"
"ENSG00000284428.1","ENSG00000284428.1",137.005833398268,-1.42748851995371,0.198872212628197,-7.1779184285664,7.07807670232997e-13,8.89157209411037e-12,"ENSG00000284428","downregulated",FALSE,FALSE,"Neither_bound","Neither_bound_downregulated"
"ENSG00000175701.11","MTLN",80.3362863551549,-2.26825535257716,0.316324447741011,-7.17066091089578,7.46365617922607e-13,9.34538001219637e-12,"ENSG00000175701","downregulated",FALSE,FALSE,"Neither_bound","Neither_bound_downregulated"
"ENSG00000184785.6","SMIM10",35.5183330301272,-3.10769523670647,0.433545203781168,-7.16809968050085,7.60459268649511e-13,9.51778940216897e-12,"ENSG00000184785","downregulated",FALSE,FALSE,"Neither_bound","Neither_bound_downregulated"
"ENSG00000174307.7","PHLDA3",395.354040542662,-1.22838695964636,0.171400408757576,-7.16676797068645,7.67890141695577e-13,9.60725316136845e-12,"ENSG00000174307","downregulated",FALSE,FALSE,"Neither_bound","Neither_bound_downregulated"
"ENSG00000277575.1","ENSG00000277575.1",28.3670624849306,-3.21605705379323,0.448934197056057,-7.16376046842262,7.84935074940815e-13,9.80966689683208e-12,"ENSG00000277575","downregulated",FALSE,FALSE,"Neither_bound","Neither_bound_downregulated"
"ENSG00000169946.14","ZFPM2",58.6896238875159,-2.02612041267472,0.282859464364473,-7.1629931748156,7.89342812363233e-13,9.86112418181474e-12,"ENSG00000169946","downregulated",FALSE,FALSE,"Neither_bound","Neither_bound_downregulated"
"ENSG00000136240.10","KDELR2",2003.1814309281,-1.02660566070957,0.143365471869558,-7.16075947243162,8.02313142500158e-13,1.00084365862818e-11,"ENSG00000136240","downregulated",FALSE,FALSE,"Neither_bound","Neither_bound_downregulated"
"ENSG00000254187.1","ENSG00000254187.1",66.1325063085009,-2.16967851751016,0.303086295106149,-7.15861638267173,8.14953850154299e-13,1.01586614246023e-11,"ENSG00000254187","downregulated",FALSE,FALSE,"Neither_bound","Neither_bound_downregulated"
"ENSG00000139146.14","SINHCAF",353.116621046401,-1.23468294456706,0.172628019458395,-7.15227428572008,8.53518050413282e-13,1.06237820214138e-11,"ENSG00000139146","downregulated",FALSE,FALSE,"Neither_bound","Neither_bound_downregulated"
"ENSG00000105662.16","CRTC1",662.033763538371,-1.00916687451307,0.141159208066099,-7.14913953073839,8.73235355113057e-13,1.0857268866208e-11,"ENSG00000105662","downregulated",FALSE,FALSE,"Neither_bound","Neither_bound_downregulated"
"ENSG00000227200.1","ENSG00000227200.1",39.6475673882463,-2.40542889452959,0.33658643099261,-7.14654149139603,8.89914996994204e-13,1.1044440123456e-11,"ENSG00000227200","downregulated",FALSE,FALSE,"Neither_bound","Neither_bound_downregulated"
"ENSG00000127920.6","GNG11",102.883893834446,-1.86768999789953,0.261395331896224,-7.14507785717084,8.99448944201277e-13,1.11464727240529e-11,"ENSG00000127920","downregulated",FALSE,FALSE,"Neither_bound","Neither_bound_downregulated"
"ENSG00000188486.4","H2AX",932.512859671881,-1.0918822003352,0.152864978185876,-7.14278844829673,9.14563283202163e-13,1.13255142558553e-11,"ENSG00000188486","downregulated",FALSE,FALSE,"Neither_bound","Neither_bound_downregulated"
"ENSG00000111843.14","TMEM14C",358.023733384756,-3.11510653479784,0.436517595011624,-7.13626797727338,9.58989659560587e-13,1.18583766858224e-11,"ENSG00000111843","downregulated",FALSE,FALSE,"Neither_bound","Neither_bound_downregulated"
"ENSG00000181904.9","C5orf24",726.72676261785,-1.12953380711899,0.158601423133046,-7.12183904031844,1.06496385897751e-12,1.31067725948363e-11,"ENSG00000181904","downregulated",FALSE,FALSE,"Neither_bound","Neither_bound_downregulated"
"ENSG00000170779.11","CDCA4",181.448793490854,-1.35788400367517,0.190685072127417,-7.12108183679859,1.07083182664826e-12,1.31694480404012e-11,"ENSG00000170779","downregulated",FALSE,FALSE,"Neither_bound","Neither_bound_downregulated"
"ENSG00000065485.20","PDIA5",799.111043932865,-1.05240079852838,0.14782259451287,-7.11935006956433,1.0843717251768e-12,1.33263164836489e-11,"ENSG00000065485","downregulated",FALSE,FALSE,"Neither_bound","Neither_bound_downregulated"
"ENSG00000198756.12","COLGALT2",286.611868676029,-1.12757091045533,0.158470589358043,-7.11533234667119,1.11643481512363e-12,1.36955788371685e-11,"ENSG00000198756","downregulated",FALSE,FALSE,"Neither_bound","Neither_bound_downregulated"
"ENSG00000226216.1","RPS12P5",26.0825308083118,-3.4604339744869,0.487274860589619,-7.10160579657169,1.23315555344202e-12,1.51001542319101e-11,"ENSG00000226216","downregulated",FALSE,FALSE,"Neither_bound","Neither_bound_downregulated"
"ENSG00000141441.16","GAREM1",125.971726882034,-1.49661853777856,0.211225308421293,-7.08541296004891,1.386302794218e-12,1.69197976772152e-11,"ENSG00000141441","downregulated",FALSE,FALSE,"Neither_bound","Neither_bound_downregulated"
"ENSG00000197776.8","KLHDC1",41.156956973573,-2.36984557306746,0.335229379915118,-7.06932540837415,1.55688674650484e-12,1.89278199732557e-11,"ENSG00000197776","downregulated",FALSE,FALSE,"Neither_bound","Neither_bound_downregulated"
"ENSG00000113396.13","SLC27A6",23.4778011594789,-3.6617752935878,0.518089900669427,-7.06783762597264,1.57366525207637e-12,1.91181191997604e-11,"ENSG00000113396","downregulated",FALSE,FALSE,"Neither_bound","Neither_bound_downregulated"
"ENSG00000196937.11","FAM3C",2225.91998116023,-1.04849572966869,0.148349594731096,-7.06773571959694,1.57482097353207e-12,1.91253195670138e-11,"ENSG00000196937","downregulated",FALSE,FALSE,"Neither_bound","Neither_bound_downregulated"
"ENSG00000239926.1","ENSG00000239926.1",65.9489149536455,-1.8806046910652,0.266122367106367,-7.06669158069505,1.58671064556247e-12,1.92559439830175e-11,"ENSG00000239926","downregulated",FALSE,FALSE,"Neither_bound","Neither_bound_downregulated"
"ENSG00000236751.4","ENSG00000236751.4",27.0640840457413,-8.62879863010873,1.22106384862559,-7.06662361662839,1.58748760185599e-12,1.92584924499444e-11,"ENSG00000236751","downregulated",FALSE,FALSE,"Neither_bound","Neither_bound_downregulated"
"ENSG00000123975.5","CKS2",128.997292013206,-1.94283991402398,0.275277261713537,-7.0577566121163,1.69212094756958e-12,2.0498560751442e-11,"ENSG00000123975","downregulated",FALSE,FALSE,"Neither_bound","Neither_bound_downregulated"
"ENSG00000036530.9","CYP46A1",178.720947853277,-1.28706418042219,0.182427600684664,-7.05520532853438,1.72346039960798e-12,2.08558969910523e-11,"ENSG00000036530","downregulated",FALSE,FALSE,"Neither_bound","Neither_bound_downregulated"
"ENSG00000230575.1","ENSG00000230575.1",22.2658836094798,-4.85736425171518,0.688898914981881,-7.05091000447132,1.77751437091607e-12,2.14870491641555e-11,"ENSG00000230575","downregulated",FALSE,FALSE,"Neither_bound","Neither_bound_downregulated"
"ENSG00000272674.4","PCDHB16",130.145382521681,-1.52778924302975,0.216727916561666,-7.04934217643829,1.79765596529654e-12,2.17073508102356e-11,"ENSG00000272674","downregulated",FALSE,FALSE,"Neither_bound","Neither_bound_downregulated"
"ENSG00000163660.12","CCNL1",2039.17151338778,-1.20303962398311,0.170691447382956,-7.04803692527152,1.81459492902414e-12,2.18963270156633e-11,"ENSG00000163660","downregulated",FALSE,FALSE,"Neither_bound","Neither_bound_downregulated"
"ENSG00000115540.15","MOB4",183.435418538101,-1.3754488156309,0.195754876350769,-7.02638341006768,2.11955530380174e-12,2.55037387741897e-11,"ENSG00000115540","downregulated",FALSE,FALSE,"Neither_bound","Neither_bound_downregulated"
"ENSG00000147027.4","TMEM47",591.282680340609,-1.04262294865277,0.148428119815728,-7.02443007394539,2.14941788549699e-12,2.58539046510487e-11,"ENSG00000147027","downregulated",FALSE,FALSE,"Neither_bound","Neither_bound_downregulated"
"ENSG00000185201.18","IFITM2",40.3252019571871,-2.36569037725443,0.336793664228979,-7.0241534462063,2.15368018998329e-12,2.58960030772929e-11,"ENSG00000185201","downregulated",FALSE,FALSE,"Neither_bound","Neither_bound_downregulated"
"ENSG00000175106.17","TVP23C",360.332276463209,-1.14849000548692,0.163585393254709,-7.02073689243559,2.20701117835173e-12,2.65091073925925e-11,"ENSG00000175106","downregulated",FALSE,FALSE,"Neither_bound","Neither_bound_downregulated"
"ENSG00000241769.7","EOLA1-DT",32.5736505107933,-3.36315575870341,0.479181230998305,-7.01854651463866,2.24188124003957e-12,2.69089123539449e-11,"ENSG00000241769","downregulated",FALSE,FALSE,"Neither_bound","Neither_bound_downregulated"
"ENSG00000271474.1","ENSG00000271474.1",26.2020981140884,-3.09440874201063,0.441066760173512,-7.01573780076584,2.28738660687022e-12,2.74154579406774e-11,"ENSG00000271474","downregulated",FALSE,FALSE,"Neither_bound","Neither_bound_downregulated"
"ENSG00000168906.13","MAT2A",1537.74228716052,-1.25582177640067,0.179050560609721,-7.01378299025828,2.31959087509112e-12,2.77729513024657e-11,"ENSG00000168906","downregulated",FALSE,FALSE,"Neither_bound","Neither_bound_downregulated"
"ENSG00000166275.16","BORCS7",81.2003950985252,-2.28391903341735,0.325658108033469,-7.01324173136394,2.32858610986064e-12,2.78708290978669e-11,"ENSG00000166275","downregulated",FALSE,FALSE,"Neither_bound","Neither_bound_downregulated"
"ENSG00000291142.1","ENSG00000291142.1",188.997342990801,-1.3995505317904,0.199687765808139,-7.00869442915744,2.40552170733663e-12,2.87511475562317e-11,"ENSG00000291142","downregulated",FALSE,FALSE,"Neither_bound","Neither_bound_downregulated"
"ENSG00000155592.16","ZKSCAN2",274.804989627563,-1.13976270866111,0.162621065637363,-7.00870274213262,2.4053788110069e-12,2.87511475562317e-11,"ENSG00000155592","downregulated",FALSE,FALSE,"Neither_bound","Neither_bound_downregulated"
"ENSG00000237380.7","ENSG00000237380.7",109.194797566785,-1.51560694203677,0.21630051126284,-7.00695034509219,2.43568657977095e-12,2.91014427511993e-11,"ENSG00000237380","downregulated",FALSE,FALSE,"Neither_bound","Neither_bound_downregulated"
"ENSG00000128951.14","DUT",304.525530527456,-1.52967467758552,0.218327339225259,-7.00633591291686,2.44640163540799e-12,2.92021517129249e-11,"ENSG00000128951","downregulated",FALSE,FALSE,"Neither_bound","Neither_bound_downregulated"
"ENSG00000164136.17","IL15",121.269910243073,-1.39724078599341,0.199442122800927,-7.00574565879479,2.45673858272818e-12,2.93117303049213e-11,"ENSG00000164136","downregulated",FALSE,FALSE,"Neither_bound","Neither_bound_downregulated"
"ENSG00000109113.20","RAB34",722.284422894755,-1.20401283771691,0.172141911139416,-6.9943038842051,2.66579188886653e-12,3.17724978529889e-11,"ENSG00000109113","downregulated",FALSE,FALSE,"Neither_bound","Neither_bound_downregulated"
"ENSG00000049541.11","RFC2",354.778314738921,-1.27077861760282,0.181876510861902,-6.98704088604229,2.80744447620822e-12,3.33905020895802e-11,"ENSG00000049541","downregulated",FALSE,FALSE,"Neither_bound","Neither_bound_downregulated"
"ENSG00000253925.1","ENSG00000253925.1",44.328047547367,-2.41959414321108,0.346886341551791,-6.97517847600185,3.05482754518975e-12,3.61681359550385e-11,"ENSG00000253925","downregulated",FALSE,FALSE,"Neither_bound","Neither_bound_downregulated"
"ENSG00000254526.1","ENSG00000254526.1",21.3376055957283,-4.21401273735249,0.604166098343239,-6.97492419536328,3.06035784803618e-12,3.62209879380114e-11,"ENSG00000254526","downregulated",FALSE,FALSE,"Neither_bound","Neither_bound_downregulated"
"ENSG00000204899.6","MZT1",140.18448328734,-1.79621405829099,0.25757664150079,-6.97351300112158,3.09122854804011e-12,3.65608813787697e-11,"ENSG00000204899","downregulated",FALSE,FALSE,"Neither_bound","Neither_bound_downregulated"
"ENSG00000197771.13","MCMBP",845.919218068558,-1.06904082560744,0.153304158705792,-6.97333219550196,3.09520577849446e-12,3.65951792147233e-11,"ENSG00000197771","downregulated",FALSE,FALSE,"Neither_bound","Neither_bound_downregulated"
"ENSG00000133138.20","TBC1D8B",197.970852012141,-1.23601520561678,0.177271003934541,-6.97246124963106,3.11443462294135e-12,3.6796909659851e-11,"ENSG00000133138","downregulated",FALSE,FALSE,"Neither_bound","Neither_bound_downregulated"
"ENSG00000154957.14","ZNF18",170.134226061999,-1.2325148580539,0.17685449368308,-6.96908985678668,3.18997915883221e-12,3.76632645350061e-11,"ENSG00000154957","downregulated",FALSE,FALSE,"Neither_bound","Neither_bound_downregulated"
"ENSG00000115526.11","CHST10",134.685343167066,-1.36023249220194,0.195212553350892,-6.96795605022872,3.21578644446489e-12,3.79284145644387e-11,"ENSG00000115526","downregulated",FALSE,FALSE,"Neither_bound","Neither_bound_downregulated"
"ENSG00000077713.19","SLC25A43",312.925586430345,-1.12047381624648,0.16084965949743,-6.96596946333219,3.26149889000475e-12,3.84408724134911e-11,"ENSG00000077713","downregulated",FALSE,FALSE,"Neither_bound","Neither_bound_downregulated"
"ENSG00000287001.3","LOC105372436",70.1997055747051,-1.802917972048,0.25905415297739,-6.95961810041068,3.41196387014678e-12,4.01585546573617e-11,"ENSG00000287001","downregulated",FALSE,FALSE,"Neither_bound","Neither_bound_downregulated"
"ENSG00000131941.8","RHPN2",685.641904522044,-1.00181760573557,0.143955418817517,-6.95922122254747,3.42158866308778e-12,4.02578883643109e-11,"ENSG00000131941","downregulated",FALSE,FALSE,"Neither_bound","Neither_bound_downregulated"
"ENSG00000174791.11","RIN1",199.429510981525,-1.4153878691844,0.203450956846974,-6.95689954532375,3.47842797086138e-12,4.09124796794388e-11,"ENSG00000174791","downregulated",FALSE,FALSE,"Neither_bound","Neither_bound_downregulated"
"ENSG00000059145.19","UNKL",147.603808080824,-1.28595216914285,0.185078644793119,-6.94813910367826,3.70135956494814e-12,4.34292855620582e-11,"ENSG00000059145","downregulated",FALSE,FALSE,"Neither_bound","Neither_bound_downregulated"
"ENSG00000266998.2","ENSG00000266998.2",116.55187244658,-1.68496630335367,0.242551625725617,-6.94683574399029,3.73570220261462e-12,4.381710373564e-11,"ENSG00000266998","downregulated",FALSE,FALSE,"Neither_bound","Neither_bound_downregulated"
"ENSG00000218313.1","ENSG00000218313.1",96.8938349421832,-1.73175446241276,0.249396315968465,-6.94378525876753,3.81730632380972e-12,4.47433613551306e-11,"ENSG00000218313","downregulated",FALSE,FALSE,"Neither_bound","Neither_bound_downregulated"
"ENSG00000188483.8","IER5L",981.571874948379,-1.05223994753338,0.151631196117665,-6.93946875362538,3.93577158096297e-12,4.60842085702e-11,"ENSG00000188483","downregulated",FALSE,FALSE,"Neither_bound","Neither_bound_downregulated"
"ENSG00000255450.1","EEF1A1P47",20.6367282255749,-4.54427122544277,0.65685946324435,-6.91817881864377,4.57486604842827e-12,5.33101371982887e-11,"ENSG00000255450","downregulated",FALSE,FALSE,"Neither_bound","Neither_bound_downregulated"
"ENSG00000287023.2","ENSG00000287023.2",32.2727753622772,-2.86267315052613,0.41397134177516,-6.91514813139151,4.673747362768e-12,5.44063915073692e-11,"ENSG00000287023","downregulated",FALSE,FALSE,"Neither_bound","Neither_bound_downregulated"
"ENSG00000235427.1","ENSG00000235427.1",22.148734827358,-3.60106406115951,0.521942801067204,-6.89934616167999,5.22424282848558e-12,6.06069263654366e-11,"ENSG00000235427","downregulated",FALSE,FALSE,"Neither_bound","Neither_bound_downregulated"
"ENSG00000285090.1","ENSG00000285090.1",45.6336050682791,-2.27892397724259,0.330645674096955,-6.89234475384168,5.4880171261705e-12,6.35801383839562e-11,"ENSG00000285090","downregulated",FALSE,FALSE,"Neither_bound","Neither_bound_downregulated"
"ENSG00000257252.7","ENSG00000257252.7",32.6985465167386,-2.76710424518147,0.401615330231713,-6.88993680491474,5.58171782910932e-12,6.46216057325104e-11,"ENSG00000257252","downregulated",FALSE,FALSE,"Neither_bound","Neither_bound_downregulated"
"ENSG00000163516.14","ANKZF1",607.611988566484,-1.04524999914447,0.151708597901035,-6.88985340057205,5.58499128938288e-12,6.46374732939549e-11,"ENSG00000163516","downregulated",FALSE,FALSE,"Neither_bound","Neither_bound_downregulated"
"ENSG00000158552.13","ZFAND2B",125.793458853581,-1.5355499347744,0.223101242236125,-6.88274937146793,5.87082668020828e-12,6.78530931178342e-11,"ENSG00000158552","downregulated",FALSE,FALSE,"Neither_bound","Neither_bound_downregulated"
"ENSG00000171792.11","RHNO1",190.54917305236,-1.46563240351285,0.21309121305795,-6.87795795274897,6.07165840811517e-12,7.01026828031462e-11,"ENSG00000171792","downregulated",FALSE,FALSE,"Neither_bound","Neither_bound_downregulated"
"ENSG00000167034.10","NKX3-1",166.882064794374,-1.49947846452009,0.218130008025612,-6.87424200866496,6.23203322667475e-12,7.17592219131146e-11,"ENSG00000167034","downregulated",FALSE,FALSE,"Neither_bound","Neither_bound_downregulated"
"ENSG00000244300.3","ENSG00000244300.3",170.943930403513,-1.21061331442667,0.176163717432712,-6.87209223368643,6.32670242625e-12,7.27752888638198e-11,"ENSG00000244300","downregulated",FALSE,FALSE,"Neither_bound","Neither_bound_downregulated"
"ENSG00000172164.15","SNTB1",58.0742482977078,-1.95209714283878,0.28417179143768,-6.86942617690074,6.44606646122438e-12,7.4098133859516e-11,"ENSG00000172164","downregulated",FALSE,FALSE,"Neither_bound","Neither_bound_downregulated"
"ENSG00000073464.13","CLCN4",234.045911260115,-1.1056900283991,0.161091241601199,-6.86375011706949,6.70759217866031e-12,7.70261971347983e-11,"ENSG00000073464","downregulated",FALSE,FALSE,"Neither_bound","Neither_bound_downregulated"
"ENSG00000278967.1","ENSG00000278967.1",49.4943104070419,-2.08922780514821,0.304426047093658,-6.86284181361606,6.75039649034536e-12,7.74653608054227e-11,"ENSG00000278967","downregulated",FALSE,FALSE,"Neither_bound","Neither_bound_downregulated"
"ENSG00000225920.2","ENSG00000225920.2",74.0512833849083,-1.68300961079627,0.245824336328024,-6.84639135382629,7.57361148414785e-12,8.66780441015951e-11,"ENSG00000225920","downregulated",FALSE,FALSE,"Neither_bound","Neither_bound_downregulated"
"ENSG00000165868.16","HSPA12A",324.819394677793,-1.01056572014951,0.147762063724386,-6.83914189256641,7.96689459312144e-12,9.1056351123536e-11,"ENSG00000165868","downregulated",FALSE,FALSE,"Neither_bound","Neither_bound_downregulated"
"ENSG00000148225.17","WDR31",147.630167100197,-1.4184856984461,0.20759320487198,-6.83300640462129,8.31532419972681e-12,9.49428344256539e-11,"ENSG00000148225","downregulated",FALSE,FALSE,"Neither_bound","Neither_bound_downregulated"
"ENSG00000196372.13","ASB13",114.091773675418,-1.57659356574374,0.230849971626244,-6.82951596067902,8.52016174527403e-12,9.72162761718066e-11,"ENSG00000196372","downregulated",FALSE,FALSE,"Neither_bound","Neither_bound_downregulated"
"ENSG00000077152.12","UBE2T",84.9680910123115,-1.92903248156625,0.28270261889357,-6.8235394815797,8.88243141581273e-12,1.01145970610904e-10,"ENSG00000077152","downregulated",FALSE,FALSE,"Neither_bound","Neither_bound_downregulated"
"ENSG00000188906.17","LRRK2",73.3161826441059,-1.69946446121972,0.249225443202175,-6.81898460840973,9.16862225669119e-12,1.04265068903678e-10,"ENSG00000188906","downregulated",FALSE,FALSE,"Neither_bound","Neither_bound_downregulated"
"ENSG00000238059.1","ENSG00000238059.1",33.3904416242613,-2.70228722456145,0.39659909076345,-6.81364957080352,9.51533280559271e-12,1.08135438186809e-10,"ENSG00000238059","downregulated",FALSE,FALSE,"Neither_bound","Neither_bound_downregulated"
"ENSG00000100908.14","EMC9",189.000832262465,-1.51306850719777,0.222391195870314,-6.80363492482907,1.02011857848178e-11,1.15697455338461e-10,"ENSG00000100908","downregulated",FALSE,FALSE,"Neither_bound","Neither_bound_downregulated"
"ENSG00000242715.8","CCDC169",53.8871123663367,-1.98719494617198,0.292416609999443,-6.79576630813059,1.07738299386819e-11,1.22029161506217e-10,"ENSG00000242715","downregulated",FALSE,FALSE,"Neither_bound","Neither_bound_downregulated"
"ENSG00000107537.14","PHYH",106.543628780312,-1.7947032020453,0.264393483812407,-6.78800088476719,1.13697954123779e-11,1.28650636431596e-10,"ENSG00000107537","downregulated",FALSE,FALSE,"Neither_bound","Neither_bound_downregulated"
"ENSG00000241319.1","SETP6",23.2755084872069,-3.40969887009151,0.502809088796057,-6.78129919698907,1.19099931995289e-11,1.34404866777939e-10,"ENSG00000241319","downregulated",FALSE,FALSE,"Neither_bound","Neither_bound_downregulated"
"ENSG00000275221.2","H2AC15",186.805609101087,-1.20897549617624,0.178457237403217,-6.77459493248015,1.24755295297501e-11,1.40479326720201e-10,"ENSG00000275221","downregulated",FALSE,FALSE,"Neither_bound","Neither_bound_downregulated"
"ENSG00000165895.19","ARHGAP42",179.467121099973,-1.23108269328785,0.182078853198696,-6.76126124292101,1.36795603523048e-11,1.53456838192566e-10,"ENSG00000165895","downregulated",FALSE,FALSE,"Neither_bound","Neither_bound_downregulated"
"ENSG00000237645.1","ENSG00000237645.1",23.8667414336454,-3.09437838793088,0.458402862675214,-6.75034699799268,1.47491982687184e-11,1.65074387740306e-10,"ENSG00000237645","downregulated",FALSE,FALSE,"Neither_bound","Neither_bound_downregulated"
"ENSG00000279339.1","ENSG00000279339.1",96.3621707604709,-1.67997330070748,0.248952327267616,-6.74817270899244,1.49718671807784e-11,1.67456168718038e-10,"ENSG00000279339","downregulated",FALSE,FALSE,"Neither_bound","Neither_bound_downregulated"
"ENSG00000225649.7","LOC100506474",65.147901354462,-1.77750900700899,0.263517540891587,-6.74531570458251,1.52694640774399e-11,1.70616169665289e-10,"ENSG00000225649","downregulated",FALSE,FALSE,"Neither_bound","Neither_bound_downregulated"
"ENSG00000138449.11","SLC40A1",70.1410706909764,-1.70906165973481,0.253471325760137,-6.74262327152586,1.55552166306339e-11,1.73637725438506e-10,"ENSG00000138449","downregulated",FALSE,FALSE,"Neither_bound","Neither_bound_downregulated"
"ENSG00000124795.17","DEK",2230.80229586432,-1.09868092623494,0.163014196698198,-6.73978677003836,1.58619238220728e-11,1.77003228774037e-10,"ENSG00000124795","downregulated",FALSE,FALSE,"Neither_bound","Neither_bound_downregulated"
"ENSG00000113583.8","C5orf15",657.501772520946,-1.38535488673544,0.206043982641221,-6.7235881823723,1.77303096348853e-11,1.97398609530575e-10,"ENSG00000113583","downregulated",FALSE,FALSE,"Neither_bound","Neither_bound_downregulated"
"ENSG00000267610.2","ENSG00000267610.2",37.9906376119673,-2.54026193579335,0.378225060427688,-6.7162708174886,1.86434159398561e-11,2.07428612068467e-10,"ENSG00000267610","downregulated",FALSE,FALSE,"Neither_bound","Neither_bound_downregulated"
"ENSG00000167005.14","NUDT21",489.263053482434,-1.09884630765135,0.163973070027994,-6.70138277867062,2.06456438434362e-11,2.29180140547007e-10,"ENSG00000167005","downregulated",FALSE,FALSE,"Neither_bound","Neither_bound_downregulated"
"ENSG00000269825.3","LOC122539214",306.560062400567,-1.03808923577206,0.1549210566382,-6.70076268713034,2.07334520016653e-11,2.30079679056703e-10,"ENSG00000269825","downregulated",FALSE,FALSE,"Neither_bound","Neither_bound_downregulated"
"ENSG00000180818.5","HOXC10",222.002440053019,-1.28970735781991,0.192704827225447,-6.69265724366663,2.19154050478618e-11,2.42684030239998e-10,"ENSG00000180818","downregulated",FALSE,FALSE,"Neither_bound","Neither_bound_downregulated"
"ENSG00000138398.17","PPIG",933.771419440189,-1.05106872162153,0.157151959885706,-6.68823171143364,2.25883290313498e-11,2.49765742362269e-10,"ENSG00000138398","downregulated",FALSE,FALSE,"Neither_bound","Neither_bound_downregulated"
"ENSG00000284946.1","ENSG00000284946.1",62.1868439458865,-1.85657786788887,0.277889053312662,-6.68100396815552,2.37310801199616e-11,2.61719912180148e-10,"ENSG00000284946","downregulated",FALSE,FALSE,"Neither_bound","Neither_bound_downregulated"
"ENSG00000172819.17","RARG",278.662319290971,-1.07618388305577,0.161284714163661,-6.67257209485911,2.5135849763715e-11,2.76673540108188e-10,"ENSG00000172819","downregulated",FALSE,FALSE,"Neither_bound","Neither_bound_downregulated"
"ENSG00000230300.1","ENSG00000230300.1",25.7014478836674,-3.23954026081384,0.485823321713525,-6.66814480907958,2.59057115889114e-11,2.84778385518492e-10,"ENSG00000230300","downregulated",FALSE,FALSE,"Neither_bound","Neither_bound_downregulated"
"ENSG00000185262.9","UBALD2",470.929931389721,-1.18112298342834,0.177218663950264,-6.66477760920158,2.65066420734938e-11,2.90913608385279e-10,"ENSG00000185262","downregulated",FALSE,FALSE,"Neither_bound","Neither_bound_downregulated"
"ENSG00000172315.6","TP53RK",331.590592101981,-1.16067646699401,0.174461337204526,-6.6529151134117,2.87343939791994e-11,3.1455040112325e-10,"ENSG00000172315","downregulated",FALSE,FALSE,"Neither_bound","Neither_bound_downregulated"
"ENSG00000202260.1","ENSG00000202260.1",21.9757184409969,-3.36669444246122,0.506108780766693,-6.65211624536741,2.88908365500667e-11,3.15957480982829e-10,"ENSG00000202260","downregulated",FALSE,FALSE,"Neither_bound","Neither_bound_downregulated"
"ENSG00000235865.2","GSN-AS1",418.740234623299,-1.14255458707863,0.171783329825384,-6.65113773402821,2.90835949863744e-11,3.17758621581591e-10,"ENSG00000235865","downregulated",FALSE,FALSE,"Neither_bound","Neither_bound_downregulated"
"ENSG00000170502.13","NUDT9",118.31036953138,-1.53550350944327,0.230981137520245,-6.64774416616028,2.97619019008396e-11,3.24960554087984e-10,"ENSG00000170502","downregulated",FALSE,FALSE,"Neither_bound","Neither_bound_downregulated"
"ENSG00000107566.14","ERLIN1",766.099201338445,-1.07392348556545,0.161702842040481,-6.64133958323751,3.1084494214358e-11,3.38965682013905e-10,"ENSG00000107566","downregulated",FALSE,FALSE,"Neither_bound","Neither_bound_downregulated"
"ENSG00000072832.15","CRMP1",251.930218264671,-1.09269765507856,0.164569503798793,-6.63973354634721,3.14250711490856e-11,3.42569581768979e-10,"ENSG00000072832","downregulated",FALSE,FALSE,"Neither_bound","Neither_bound_downregulated"
"ENSG00000156172.6","CFAP418",72.6936767750462,-1.6933641619447,0.25519570320567,-6.6355512286191,3.2329205968877e-11,3.52199637059273e-10,"ENSG00000156172","downregulated",FALSE,FALSE,"Neither_bound","Neither_bound_downregulated"
"ENSG00000139826.6","ABHD13",209.779061546122,-1.17255336155721,0.176967073067142,-6.62582785167239,3.453074093109e-11,3.75581238535788e-10,"ENSG00000139826","downregulated",FALSE,FALSE,"Neither_bound","Neither_bound_downregulated"
"ENSG00000253837.1","LOXL2-AS1",52.0913717560898,-2.05470109201122,0.310207603587706,-6.62363226512687,3.50478032640545e-11,3.81083156617607e-10,"ENSG00000253837","downregulated",FALSE,FALSE,"Neither_bound","Neither_bound_downregulated"
"ENSG00000198721.13","ECI2",78.8806094880673,-1.72579365493979,0.260729549434979,-6.61909499203187,3.61404569092288e-11,3.92712424917685e-10,"ENSG00000198721","downregulated",FALSE,FALSE,"Neither_bound","Neither_bound_downregulated"
"ENSG00000108654.16","DDX5",6787.50469866751,-1.16268258847462,0.175849251849353,-6.61181424570785,3.79638195538543e-11,4.12130080730369e-10,"ENSG00000108654","downregulated",FALSE,FALSE,"Neither_bound","Neither_bound_downregulated"
"ENSG00000231609.7","EHBP1-AS1",97.6506089599845,-1.75597640597005,0.265628737711011,-6.61064168395984,3.82657677576145e-11,4.15142637876285e-10,"ENSG00000231609","downregulated",FALSE,FALSE,"Neither_bound","Neither_bound_downregulated"
"ENSG00000131080.15","EDA2R",47.9637378566737,-1.97094466236096,0.298161575451559,-6.61032414849571,3.83479403631856e-11,4.15768540777749e-10,"ENSG00000131080","downregulated",FALSE,FALSE,"Neither_bound","Neither_bound_downregulated"
"ENSG00000158019.21","BABAM2",309.182574549415,-1.06552946228522,0.161458034815979,-6.59942048408834,4.12768065579359e-11,4.4709520572703e-10,"ENSG00000158019","downregulated",FALSE,FALSE,"Neither_bound","Neither_bound_downregulated"
"ENSG00000288722.1","F8A1",18.9068448787335,-4.02862534123278,0.611443497156119,-6.58871238302524,4.43657278574728e-11,4.79330484689134e-10,"ENSG00000288722","downregulated",FALSE,FALSE,"Neither_bound","Neither_bound_downregulated"
"ENSG00000258667.3","HIF1A-AS3",991.859062324192,-1.18433863014333,0.179951408272933,-6.58143574151443,4.65926872797167e-11,5.02910836198735e-10,"ENSG00000258667","downregulated",FALSE,FALSE,"Neither_bound","Neither_bound_downregulated"
"ENSG00000270571.2","LOC105374811",65.2425226784621,-1.94002782690129,0.294977635874941,-6.57686411089072,4.80473504605708e-11,5.17953792587962e-10,"ENSG00000270571","downregulated",FALSE,FALSE,"Neither_bound","Neither_bound_downregulated"
"ENSG00000228716.7","DHFR",360.767826820349,-1.19476659015576,0.182109480285549,-6.56070506753606,5.35539504476724e-11,5.76035651933672e-10,"ENSG00000228716","downregulated",FALSE,FALSE,"Neither_bound","Neither_bound_downregulated"
"ENSG00000273213.4","H3-7",110.055845146932,-1.35552447315045,0.206714608587247,-6.55746820418031,5.47289747631187e-11,5.87558095686983e-10,"ENSG00000273213","downregulated",FALSE,FALSE,"Neither_bound","Neither_bound_downregulated"
"ENSG00000112246.10","SIM1",32.4404261698811,-2.49858880475138,0.381283650863177,-6.55309714721544,5.63558274256571e-11,6.04641423245332e-10,"ENSG00000112246","downregulated",FALSE,FALSE,"Neither_bound","Neither_bound_downregulated"
"ENSG00000237892.1","ENSG00000237892.1",60.1953464202339,-2.14505513055012,0.327538022789547,-6.54902631542228,5.79134269557676e-11,6.20568860199846e-10,"ENSG00000237892","downregulated",FALSE,FALSE,"Neither_bound","Neither_bound_downregulated"
"ENSG00000229321.2","ENSG00000229321.2",71.2877506062561,-1.86521026017216,0.284907954366581,-6.5467117768578,5.88177213194659e-11,6.29662892461272e-10,"ENSG00000229321","downregulated",FALSE,FALSE,"Neither_bound","Neither_bound_downregulated"
"ENSG00000241111.1","PRICKLE2-AS1",50.6946290650607,-2.12498670519357,0.32506151934703,-6.53718320600407,6.26882412733691e-11,6.68359755045136e-10,"ENSG00000241111","downregulated",FALSE,FALSE,"Neither_bound","Neither_bound_downregulated"
"ENSG00000104231.11","ZFAND1",393.30491069139,-1.09918576864523,0.168502553147581,-6.52325883562442,6.87959894871433e-11,7.3095469843581e-10,"ENSG00000104231","downregulated",FALSE,FALSE,"Neither_bound","Neither_bound_downregulated"
"ENSG00000103260.9","METRN",719.135670457411,-1.13562612082206,0.174300022007157,-6.51535271048576,7.2519051612298e-11,7.69549248724316e-10,"ENSG00000103260","downregulated",FALSE,FALSE,"Neither_bound","Neither_bound_downregulated"
"ENSG00000228212.1","OFD1P17",42.8981059803526,-2.29440386254668,0.352373802500205,-6.51127821156725,7.45139872036811e-11,7.90471929211317e-10,"ENSG00000228212","downregulated",FALSE,FALSE,"Neither_bound","Neither_bound_downregulated"
"ENSG00000278864.1","ENSG00000278864.1",222.981743699478,-1.14347035462566,0.176097388275221,-6.49339757860882,8.39218278421154e-11,8.86398211486622e-10,"ENSG00000278864","downregulated",FALSE,FALSE,"Neither_bound","Neither_bound_downregulated"
"ENSG00000080824.19","HSP90AA1",5212.63268322454,-1.0938022282059,0.168535939397783,-6.49002362412611,8.5822915599271e-11,9.05070722470052e-10,"ENSG00000080824","downregulated",FALSE,FALSE,"Neither_bound","Neither_bound_downregulated"
"ENSG00000157150.5","TIMP4",48.0512393626222,-2.01342269047141,0.310259270884776,-6.48948437456734,8.61306385795256e-11,9.08033994807363e-10,"ENSG00000157150","downregulated",FALSE,FALSE,"Neither_bound","Neither_bound_downregulated"
"ENSG00000234740.1","ENSG00000234740.1",31.6358269786882,-2.60577093038489,0.40195783097384,-6.48269726222718,9.00971692567723e-11,9.46938182851663e-10,"ENSG00000234740","downregulated",FALSE,FALSE,"Neither_bound","Neither_bound_downregulated"
"ENSG00000139970.18","RTN1",123.481969812809,-1.36410792746645,0.210422432435092,-6.48271152310352,9.00886505356157e-11,9.46938182851663e-10,"ENSG00000139970","downregulated",FALSE,FALSE,"Neither_bound","Neither_bound_downregulated"
"ENSG00000184988.8","TMEM106A",166.487989430839,-1.20914467269038,0.186518881240163,-6.48269314425855,9.00996292680339e-11,9.46938182851663e-10,"ENSG00000184988","downregulated",FALSE,FALSE,"Neither_bound","Neither_bound_downregulated"
"ENSG00000100629.17","CEP128",106.996597884072,-1.3971926955267,0.215671006814753,-6.47835198695388,9.27298329464346e-11,9.72775468043388e-10,"ENSG00000100629","downregulated",FALSE,FALSE,"Neither_bound","Neither_bound_downregulated"
"ENSG00000149925.22","ALDOA",189.936828652589,-1.18362160509134,0.182718258634429,-6.47785073006554,9.30383246741591e-11,9.75710346567408e-10,"ENSG00000149925","downregulated",FALSE,FALSE,"Neither_bound","Neither_bound_downregulated"
"ENSG00000066405.13","CLDN18",71.0159052093914,-1.73808162559153,0.268353013623164,-6.47684779881861,9.36585802996334e-11,9.81306186186905e-10,"ENSG00000066405","downregulated",FALSE,FALSE,"Neither_bound","Neither_bound_downregulated"
"ENSG00000239381.7","ENSG00000239381.7",830.268433417569,-1.06597539599223,0.16462829343787,-6.4750437104818,9.47844983133457e-11,9.918791862932e-10,"ENSG00000239381","downregulated",FALSE,FALSE,"Neither_bound","Neither_bound_downregulated"
"ENSG00000186567.14","CEACAM19",244.712896917096,-1.12452401787138,0.173760813727307,-6.47167789877048,9.69205580656405e-11,1.01329563446404e-09,"ENSG00000186567","downregulated",FALSE,FALSE,"Neither_bound","Neither_bound_downregulated"
"ENSG00000188825.16","LINC00910",54.4598557386405,-1.85472924667156,0.286657956059101,-6.47018234613088,9.78847217186567e-11,1.02306099302749e-09,"ENSG00000188825","downregulated",FALSE,FALSE,"Neither_bound","Neither_bound_downregulated"
"ENSG00000176728.10","TTTY14",168.767058601716,-1.28949334561408,0.199300264142267,-6.47010354533998,9.79357828035663e-11,1.02327981244895e-09,"ENSG00000176728","downregulated",FALSE,FALSE,"Neither_bound","Neither_bound_downregulated"
"ENSG00000279739.1","ENSG00000279739.1",37.1853589284941,-2.29095963195233,0.354293596255517,-6.46627445758316,1.00448567412635e-10,1.04888931382489e-09,"ENSG00000279739","downregulated",FALSE,FALSE,"Neither_bound","Neither_bound_downregulated"
"ENSG00000229421.1","ENSG00000229421.1",18.9223043271979,-3.90083680291036,0.60352750508168,-6.46339523893352,1.02379422050693e-10,1.06806640301534e-09,"ENSG00000229421","downregulated",FALSE,FALSE,"Neither_bound","Neither_bound_downregulated"
"ENSG00000281571.2","ENSG00000281571.2",27.0213492561689,-2.66014491303477,0.411592174977199,-6.46305997722657,1.02606599302998e-10,1.07010775717662e-09,"ENSG00000281571","downregulated",FALSE,FALSE,"Neither_bound","Neither_bound_downregulated"
"ENSG00000134202.12","GSTM3",293.925562026614,-1.35266140996878,0.209294525376079,-6.46295648459128,1.02676826612501e-10,1.07051149366894e-09,"ENSG00000134202","downregulated",FALSE,FALSE,"Neither_bound","Neither_bound_downregulated"
"ENSG00000264343.7","NOTCH2NLA",176.737752593611,-1.26264801132953,0.195692421922473,-6.4522069834148,1.1023287882295e-10,1.14682708357058e-09,"ENSG00000264343","downregulated",FALSE,FALSE,"Neither_bound","Neither_bound_downregulated"
"ENSG00000127337.7","YEATS4",81.9180753424205,-1.72064242037067,0.266721946687813,-6.4510717687008,1.11061885685869e-10,1.15509801989516e-09,"ENSG00000127337","downregulated",FALSE,FALSE,"Neither_bound","Neither_bound_downregulated"
"ENSG00000228459.5","ENSG00000228459.5",31.7778763724197,-7.8882979685368,1.22296978493329,-6.45011681050413,1.11763974736877e-10,1.16204428952012e-09,"ENSG00000228459","downregulated",FALSE,FALSE,"Neither_bound","Neither_bound_downregulated"
"ENSG00000113522.14","RAD50",167.33771818346,-1.19821883245102,0.185902975457476,-6.44539889424796,1.15296767408811e-10,1.19804239686218e-09,"ENSG00000113522","downregulated",FALSE,FALSE,"Neither_bound","Neither_bound_downregulated"
"ENSG00000004139.14","SARM1",436.586292895902,-1.04073345956136,0.161471412673165,-6.44531092118399,1.15363667827832e-10,1.19837096904459e-09,"ENSG00000004139","downregulated",FALSE,FALSE,"Neither_bound","Neither_bound_downregulated"
"ENSG00000188916.9","INSYN2A",107.248675067482,-1.45796316205229,0.226232002862236,-6.4445487093182,1.15944893940727e-10,1.20367241973674e-09,"ENSG00000188916","downregulated",FALSE,FALSE,"Neither_bound","Neither_bound_downregulated"
"ENSG00000258168.6","ENSG00000258168.6",141.459951080914,-1.3108010200287,0.203486716297903,-6.44170314346073,1.18140184134689e-10,1.22533916784339e-09,"ENSG00000258168","downregulated",FALSE,FALSE,"Neither_bound","Neither_bound_downregulated"
"ENSG00000285922.1","ENSG00000285922.1",19.220699000534,-3.74023142836116,0.58063832118399,-6.44158556523516,1.18231761796503e-10,1.22591467787046e-09,"ENSG00000285922","downregulated",FALSE,FALSE,"Neither_bound","Neither_bound_downregulated"
"ENSG00000131591.18","C1orf159",104.158021558531,-1.40487735663505,0.218146859371575,-6.44005309396678,1.19431715850779e-10,1.23760113606444e-09,"ENSG00000131591","downregulated",FALSE,FALSE,"Neither_bound","Neither_bound_downregulated"
"ENSG00000137285.11","TUBB2B",111.236562347892,-1.49601346912428,0.232302629785897,-6.43993342005249,1.19525922295674e-10,1.23819961224137e-09,"ENSG00000137285","downregulated",FALSE,FALSE,"Neither_bound","Neither_bound_downregulated"
"ENSG00000249216.1","ENSG00000249216.1",18.9280021139075,-3.58048215405627,0.556153700360384,-6.43793640451577,1.21108719461011e-10,1.25383144853753e-09,"ENSG00000249216","downregulated",FALSE,FALSE,"Neither_bound","Neither_bound_downregulated"
"ENSG00000164252.13","AGGF1",252.154685642038,-1.04858646949692,0.162906038422521,-6.43675630228789,1.2205365729533e-10,1.26284454188479e-09,"ENSG00000164252","downregulated",FALSE,FALSE,"Neither_bound","Neither_bound_downregulated"
"ENSG00000290100.1","ENSG00000290100.1",38.6469415917011,-2.36851014044856,0.368258452972767,-6.43165179598392,1.26224638084156e-10,1.30361766690258e-09,"ENSG00000290100","downregulated",FALSE,FALSE,"Neither_bound","Neither_bound_downregulated"
"ENSG00000252982.1","RN7SKP234",22.1830135853023,-3.6180772037878,0.563258688614902,-6.42347340026824,1.33199429093092e-10,1.37437757958994e-09,"ENSG00000252982","downregulated",FALSE,FALSE,"Neither_bound","Neither_bound_downregulated"
"ENSG00000158458.21","NRG2",247.908073929659,-1.01680505405405,0.158296290501523,-6.42342944886805,1.33237911257351e-10,1.37437757958994e-09,"ENSG00000158458","downregulated",FALSE,FALSE,"Neither_bound","Neither_bound_downregulated"
"ENSG00000203805.11","PLPP4",41.4186245320749,-2.07621563923357,0.323936480356083,-6.40932949864529,1.46161002183817e-10,1.50357265965472e-09,"ENSG00000203805","downregulated",FALSE,FALSE,"Neither_bound","Neither_bound_downregulated"
"ENSG00000163297.18","ANTXR2",136.357394293845,-1.33531869166757,0.208726947009764,-6.39744273941356,1.58000701095327e-10,1.6194833478594e-09,"ENSG00000163297","downregulated",FALSE,FALSE,"Neither_bound","Neither_bound_downregulated"
"ENSG00000274265.5","ENSG00000274265.5",135.744147010716,-1.46273313530075,0.228695218138493,-6.39599352888503,1.59506758850474e-10,1.63393413288085e-09,"ENSG00000274265","downregulated",FALSE,FALSE,"Neither_bound","Neither_bound_downregulated"
"ENSG00000013441.17","CLK1",898.058446343883,-1.10459654627999,0.172778101067745,-6.39315132793878,1.62501292090237e-10,1.66360575338191e-09,"ENSG00000013441","downregulated",FALSE,FALSE,"Neither_bound","Neither_bound_downregulated"
"ENSG00000163006.12","CCDC138",129.608490934117,-1.49385354345012,0.23366855420921,-6.39304483440519,1.62614554488046e-10,1.66426368992164e-09,"ENSG00000163006","downregulated",FALSE,FALSE,"Neither_bound","Neither_bound_downregulated"
"ENSG00000247095.5","MIR210HG",153.62390642625,-1.22324488488844,0.191390268826396,-6.39136405622588,1.64412414776184e-10,1.68114416168495e-09,"ENSG00000247095","downregulated",FALSE,FALSE,"Neither_bound","Neither_bound_downregulated"
"ENSG00000168062.10","BATF2",217.664017724842,-1.18150924733672,0.184886947544123,-6.39044163490642,1.65407330852156e-10,1.69080837026363e-09,"ENSG00000168062","downregulated",FALSE,FALSE,"Neither_bound","Neither_bound_downregulated"
"ENSG00000169750.9","RAC3",50.370027634474,-2.00030859160283,0.313037480452119,-6.38999709783568,1.65888903205907e-10,1.69522089774315e-09,"ENSG00000169750","downregulated",FALSE,FALSE,"Neither_bound","Neither_bound_downregulated"
"ENSG00000289050.2","ENSG00000289050.2",25.5160330163355,-2.76654755935635,0.433060820079441,-6.38835801135013,1.67676412322173e-10,1.712457117787e-09,"ENSG00000289050","downregulated",FALSE,FALSE,"Neither_bound","Neither_bound_downregulated"
"ENSG00000075234.17","TTC38",356.424833223679,-1.03950079251818,0.162802214025324,-6.38505316860427,1.71337928569825e-10,1.7488001074699e-09,"ENSG00000075234","downregulated",FALSE,FALSE,"Neither_bound","Neither_bound_downregulated"
"ENSG00000273999.1","RBM17P2",18.2168079026578,-3.77305164803516,0.591552210481204,-6.37822254939412,1.79155048249288e-10,1.82639216054376e-09,"ENSG00000273999","downregulated",FALSE,FALSE,"Neither_bound","Neither_bound_downregulated"
"ENSG00000177803.7","ENSG00000177803.7",27.3427865871217,-3.28819958477806,0.515905819110784,-6.3736431398382,1.84589830113676e-10,1.88010415271405e-09,"ENSG00000177803","downregulated",FALSE,FALSE,"Neither_bound","Neither_bound_downregulated"
"ENSG00000254428.1","ENSG00000254428.1",139.107709148121,-1.23884821010515,0.194473935418026,-6.37025320355767,1.88716384706616e-10,1.92098236611158e-09,"ENSG00000254428","downregulated",FALSE,FALSE,"Neither_bound","Neither_bound_downregulated"
"ENSG00000241468.8","ATP5MF",181.381508009594,-1.1106024259959,0.174354809094583,-6.36978372872654,1.8929493293298e-10,1.92629427257863e-09,"ENSG00000241468","downregulated",FALSE,FALSE,"Neither_bound","Neither_bound_downregulated"
"ENSG00000089041.17","P2RX7",48.5853650806092,-1.86463587492936,0.29304699976215,-6.36292429693113,1.97948268691141e-10,2.01133915372441e-09,"ENSG00000089041","downregulated",FALSE,FALSE,"Neither_bound","Neither_bound_downregulated"
"ENSG00000104903.5","LYL1",26.3206063331327,-3.27070175782337,0.514323623696439,-6.35922910621307,2.02768783372978e-10,2.0584728133931e-09,"ENSG00000104903","downregulated",FALSE,FALSE,"Neither_bound","Neither_bound_downregulated"
"ENSG00000279891.1","FLJ42393",100.451108900138,-1.6427741544003,0.258331735411146,-6.35916509361791,2.02853292579094e-10,2.05852919227117e-09,"ENSG00000279891","downregulated",FALSE,FALSE,"Neither_bound","Neither_bound_downregulated"
"ENSG00000267579.1","LOC105372145",28.6331999525495,-2.53822423040915,0.39914626565908,-6.35913310179156,2.02895540971616e-10,2.05852919227117e-09,"ENSG00000267579","downregulated",FALSE,FALSE,"Neither_bound","Neither_bound_downregulated"
"ENSG00000255443.1","ENSG00000255443.1",246.547491098285,-1.11211734538828,0.174900751197109,-6.35856242912849,2.03650616923684e-10,2.06557305334837e-09,"ENSG00000255443","downregulated",FALSE,FALSE,"Neither_bound","Neither_bound_downregulated"
"ENSG00000019485.14","PRDM11",207.573365645792,-1.15188199457146,0.181265532329746,-6.3546664375003,2.08879376717249e-10,2.11671081990797e-09,"ENSG00000019485","downregulated",FALSE,FALSE,"Neither_bound","Neither_bound_downregulated"
"ENSG00000246859.3","STARD4-AS1",278.92825121531,-1.04878272132878,0.165109802220812,-6.35203184318626,2.12489321328882e-10,2.15200872596883e-09,"ENSG00000246859","downregulated",FALSE,FALSE,"Neither_bound","Neither_bound_downregulated"
"ENSG00000183155.5","RABIF",124.567105589629,-1.48480304024172,0.234024476167604,-6.34464849385383,2.2293386472763e-10,2.25310323846127e-09,"ENSG00000183155","downregulated",FALSE,FALSE,"Neither_bound","Neither_bound_downregulated"
"ENSG00000232949.2","ENSG00000232949.2",39.0770004424143,-2.0939739625379,0.330037886845873,-6.34464722383762,2.22935703734937e-10,2.25310323846127e-09,"ENSG00000232949","downregulated",FALSE,FALSE,"Neither_bound","Neither_bound_downregulated"
"ENSG00000254901.8","BORCS8",195.21489682563,-1.18500712919137,0.186967334477295,-6.33804366149997,2.32700893241773e-10,2.34830182460979e-09,"ENSG00000254901","downregulated",FALSE,FALSE,"Neither_bound","Neither_bound_downregulated"
"ENSG00000073734.10","ABCB11",27.2624373843547,-3.28044390335751,0.518304292965117,-6.32918528339933,2.46459023172028e-10,2.48271651812202e-09,"ENSG00000073734","downregulated",FALSE,FALSE,"Neither_bound","Neither_bound_downregulated"
"ENSG00000127324.9","TSPAN8",20.4778020798677,-3.86912205925759,0.611401402967075,-6.32828456146993,2.47901662426748e-10,2.49650864788372e-09,"ENSG00000127324","downregulated",FALSE,FALSE,"Neither_bound","Neither_bound_downregulated"
"ENSG00000183346.9","CABCOCO1",19.320109921347,-4.15677178242205,0.657021327829186,-6.3266923102118,2.50472090770142e-10,2.52164670399532e-09,"ENSG00000183346","downregulated",FALSE,FALSE,"Neither_bound","Neither_bound_downregulated"
"ENSG00000135776.5","ABCB10",267.227947719172,-1.16905315122759,0.184813126120089,-6.3255958912137,2.52257194026557e-10,2.53811385269374e-09,"ENSG00000135776","downregulated",FALSE,FALSE,"Neither_bound","Neither_bound_downregulated"
"ENSG00000142227.11","EMP3",290.303349866646,-1.10151377734355,0.17436513646493,-6.31728222553879,2.66203175863607e-10,2.67052258645452e-09,"ENSG00000142227","downregulated",FALSE,FALSE,"Neither_bound","Neither_bound_downregulated"
"ENSG00000035141.9","FAM136A",272.683320821048,-1.33300539997014,0.211228701423665,-6.3107209909723,2.77738509634276e-10,2.77967639813114e-09,"ENSG00000035141","downregulated",FALSE,FALSE,"Neither_bound","Neither_bound_downregulated"
"ENSG00000226928.1","ENSG00000226928.1",19.3337600771817,-3.44844751397637,0.547150954583665,-6.30255231227795,2.9278367235585e-10,2.92336148811979e-09,"ENSG00000226928","downregulated",FALSE,FALSE,"Neither_bound","Neither_bound_downregulated"
"ENSG00000280381.1","ENSG00000280381.1",44.3454200954808,-2.24686274648646,0.356599852155169,-6.30079550764584,2.96121863336645e-10,2.95495518619834e-09,"ENSG00000280381","downregulated",FALSE,FALSE,"Neither_bound","Neither_bound_downregulated"
"ENSG00000224431.1","ENSG00000224431.1",51.9119180764116,-2.04373018939302,0.324492412900286,-6.29823721031359,3.01049570431819e-10,3.00324575871601e-09,"ENSG00000224431","downregulated",FALSE,FALSE,"Neither_bound","Neither_bound_downregulated"
"ENSG00000177173.5","ENSG00000177173.5",115.387019356069,-1.38309954796607,0.219649443041144,-6.29684978398506,3.03755379597035e-10,3.02934901178863e-09,"ENSG00000177173","downregulated",FALSE,FALSE,"Neither_bound","Neither_bound_downregulated"
"ENSG00000267745.1","ENSG00000267745.1",18.065872158583,-5.1607914632466,0.819756030346176,-6.29552119435735,3.06368694304945e-10,3.05451476611399e-09,"ENSG00000267745","downregulated",FALSE,FALSE,"Neither_bound","Neither_bound_downregulated"
"ENSG00000161647.19","MPP3",139.264205770331,-1.19586412006836,0.190056945263306,-6.29213585650132,3.13127240991856e-10,3.11640964606252e-09,"ENSG00000161647","downregulated",FALSE,FALSE,"Neither_bound","Neither_bound_downregulated"
"ENSG00000007384.15","RHBDF1",295.411667854072,-1.04483003609154,0.166092450123386,-6.29065340005135,3.16132474610422e-10,3.14539774386843e-09,"ENSG00000007384","downregulated",FALSE,FALSE,"Neither_bound","Neither_bound_downregulated"
"ENSG00000250092.2","LOC105374516",23.5455431726444,-2.94565313608334,0.468689791667246,-6.28486727992287,3.28133896837039e-10,3.25527225693941e-09,"ENSG00000250092","downregulated",FALSE,FALSE,"Neither_bound","Neither_bound_downregulated"
"ENSG00000154822.18","PLCL2",214.301555858631,-1.114037735627,0.177285544653409,-6.2838610886462,3.30265835416937e-10,3.27530669231201e-09,"ENSG00000154822","downregulated",FALSE,FALSE,"Neither_bound","Neither_bound_downregulated"
"ENSG00000129084.18","PSMA1",83.4800900518329,-1.62679590145118,0.259243855587334,-6.27515702451488,3.49281609737077e-10,3.45296790440892e-09,"ENSG00000129084","downregulated",FALSE,FALSE,"Neither_bound","Neither_bound_downregulated"
"ENSG00000165912.16","PACSIN3",176.802664809367,-1.11061279343166,0.17708205073109,-6.27174120045739,3.57032672907066e-10,3.52856730675217e-09,"ENSG00000165912","downregulated",FALSE,FALSE,"Neither_bound","Neither_bound_downregulated"
"ENSG00000205238.12","SPDYE2",149.51887345779,-1.40158884263625,0.223479003740646,-6.27168019892748,3.57172610405651e-10,3.52892356901081e-09,"ENSG00000205238","downregulated",FALSE,FALSE,"Neither_bound","Neither_bound_downregulated"
"ENSG00000200718.1","RN7SKP103",25.0200828149945,-3.37980108532364,0.538948280707487,-6.27110467981623,3.58495489648461e-10,3.54096388263417e-09,"ENSG00000200718","downregulated",FALSE,FALSE,"Neither_bound","Neither_bound_downregulated"
"ENSG00000281392.3","LINC00506",18.9117690614451,-3.65106399295402,0.582473037130555,-6.2682111620828,3.65219303938239e-10,3.60578898736859e-09,"ENSG00000281392","downregulated",FALSE,FALSE,"Neither_bound","Neither_bound_downregulated"
"ENSG00000128713.14","HOXD11",275.487065790576,-1.04601085316019,0.16692651934324,-6.26629523742331,3.69739020846788e-10,3.64671749713231e-09,"ENSG00000128713","downregulated",FALSE,FALSE,"Neither_bound","Neither_bound_downregulated"
"ENSG00000182199.11","SHMT2",746.687881427974,-1.19837735679289,0.191277335656629,-6.26512991034209,3.72514716561779e-10,3.6730275448971e-09,"ENSG00000182199","downregulated",FALSE,FALSE,"Neither_bound","Neither_bound_downregulated"
"ENSG00000162062.15","TEDC2",52.4375048649844,-1.79098167787037,0.286037608040672,-6.26135035227853,3.81657966132423e-10,3.75881640869415e-09,"ENSG00000162062","downregulated",FALSE,FALSE,"Neither_bound","Neither_bound_downregulated"
"ENSG00000271147.8","ENSG00000271147.8",81.5881830604654,-1.48782065991513,0.237747556402855,-6.25798507638108,3.89983128217193e-10,3.83747013304798e-09,"ENSG00000271147","downregulated",FALSE,FALSE,"Neither_bound","Neither_bound_downregulated"
"ENSG00000204682.9","MIR1915HG",104.394947556424,-1.33504132110611,0.213366167147509,-6.25704318052983,3.92344809537003e-10,3.8595912222279e-09,"ENSG00000204682","downregulated",FALSE,FALSE,"Neither_bound","Neither_bound_downregulated"
"ENSG00000236724.1","ENSG00000236724.1",25.7787321890887,-2.92656418982782,0.468536840846158,-6.2461773220278,4.20619641552876e-10,4.13056027298875e-09,"ENSG00000236724","downregulated",FALSE,FALSE,"Neither_bound","Neither_bound_downregulated"
"ENSG00000254705.1","ENSG00000254705.1",20.7981691707654,-3.19337869605594,0.511604735102872,-6.24188651305939,4.32324589078986e-10,4.24060110939504e-09,"ENSG00000254705","downregulated",FALSE,FALSE,"Neither_bound","Neither_bound_downregulated"
"ENSG00000092036.19","HAUS4",35.5313178260599,-2.17380265144251,0.34859191584506,-6.23595256411139,4.49037165886765e-10,4.39818179090012e-09,"ENSG00000092036","downregulated",FALSE,FALSE,"Neither_bound","Neither_bound_downregulated"
"ENSG00000235777.1","DPYD-AS2",66.1134472839088,-1.61252510834062,0.258705111687763,-6.23306241543,4.57403817781195e-10,4.47110586543644e-09,"ENSG00000235777","downregulated",FALSE,FALSE,"Neither_bound","Neither_bound_downregulated"
"ENSG00000207638.1","MIR99A",25.3062539811157,-2.85649796769079,0.458442477855795,-6.23087542204001,4.63835855795983e-10,4.53137082245555e-09,"ENSG00000207638","downregulated",FALSE,FALSE,"Neither_bound","Neither_bound_downregulated"
"ENSG00000224822.1","ENSG00000224822.1",20.7354673381171,-3.26263956364896,0.523945959993518,-6.22705357569572,4.75288627459658e-10,4.64192182218219e-09,"ENSG00000224822","downregulated",FALSE,FALSE,"Neither_bound","Neither_bound_downregulated"
"ENSG00000236556.1","ENSG00000236556.1",17.4100868467875,-4.28798825624784,0.689504510449909,-6.21894156058512,5.00519664460097e-10,4.88132413505041e-09,"ENSG00000236556","downregulated",FALSE,FALSE,"Neither_bound","Neither_bound_downregulated"
"ENSG00000171388.12","APLN",247.396377824821,-1.11333876169746,0.17938034242224,-6.20658176176738,5.41494546173745e-10,5.27034004138389e-09,"ENSG00000171388","downregulated",FALSE,FALSE,"Neither_bound","Neither_bound_downregulated"
"ENSG00000229951.6","FOSL2-AS1",59.1043422548553,-1.70609479435232,0.275188302649526,-6.19973588239746,5.65579923443772e-10,5.49688664936711e-09,"ENSG00000229951","downregulated",FALSE,FALSE,"Neither_bound","Neither_bound_downregulated"
"ENSG00000197757.8","HOXC6",147.154973224598,-1.26384964149268,0.204035057313079,-6.19427689602079,5.85532134355241e-10,5.68267301136538e-09,"ENSG00000197757","downregulated",FALSE,FALSE,"Neither_bound","Neither_bound_downregulated"
"ENSG00000169607.13","CKAP2L",316.945269928121,-1.181858321254,0.191047529470646,-6.1862004943413,6.1631612572937e-10,5.9660946590981e-09,"ENSG00000169607","downregulated",FALSE,FALSE,"Neither_bound","Neither_bound_downregulated"
"ENSG00000164197.12","RNF180",95.1623210363721,-1.34946067823143,0.218264521168011,-6.18268452889175,6.30205765654429e-10,6.09881180847568e-09,"ENSG00000164197","downregulated",FALSE,FALSE,"Neither_bound","Neither_bound_downregulated"
"ENSG00000213431.4","ABRAXAS1P1",18.0475937145122,-3.4996972829141,0.566121070960394,-6.18188840238194,6.33392973728968e-10,6.12616529943781e-09,"ENSG00000213431","downregulated",FALSE,FALSE,"Neither_bound","Neither_bound_downregulated"
"ENSG00000288748.1","ENSG00000288748.1",52.0487517820805,-1.77714568231936,0.287679943528186,-6.17750984140208,6.51205175225081e-10,6.29485981560773e-09,"ENSG00000288748","downregulated",FALSE,FALSE,"Neither_bound","Neither_bound_downregulated"
"ENSG00000236039.3","LINC02889",52.5731343848468,-1.83712609645791,0.297430313178991,-6.17666059932616,6.54716079696308e-10,6.32519789394886e-09,"ENSG00000236039","downregulated",FALSE,FALSE,"Neither_bound","Neither_bound_downregulated"
"ENSG00000277130.1","ENSG00000277130.1",57.268819019096,-1.75490063013685,0.284148861325572,-6.17599036628241,6.57499963889206e-10,6.34848174343052e-09,"ENSG00000277130","downregulated",FALSE,FALSE,"Neither_bound","Neither_bound_downregulated"
"ENSG00000265907.2","ENSG00000265907.2",66.8646091299864,-1.7161368047586,0.277973722609558,-6.17373753406571,6.66942249984423e-10,6.43416482461542e-09,"ENSG00000265907","downregulated",FALSE,FALSE,"Neither_bound","Neither_bound_downregulated"
"ENSG00000171867.18","PRNP",2494.30394996732,-1.07731937205294,0.174514331437185,-6.17324298343206,6.69032697437713e-10,6.45249933746856e-09,"ENSG00000171867","downregulated",FALSE,FALSE,"Neither_bound","Neither_bound_downregulated"
"ENSG00000105854.13","PON2",820.52225096797,-1.21804856180544,0.197507880824927,-6.1670884053742,6.95588727645092e-10,6.69721028929945e-09,"ENSG00000105854","downregulated",FALSE,FALSE,"Neither_bound","Neither_bound_downregulated"
"ENSG00000166289.6","PLEKHF1",298.878301462425,-1.04521380760006,0.169600419659037,-6.16280201252656,7.1468844718045e-10,6.86359546899223e-09,"ENSG00000166289","downregulated",FALSE,FALSE,"Neither_bound","Neither_bound_downregulated"
"ENSG00000105997.23","HOXA3",78.9667099626529,-1.57540144672676,0.25599931354484,-6.15392840282293,7.55868182865812e-10,7.24064592092101e-09,"ENSG00000105997","downregulated",FALSE,FALSE,"Neither_bound","Neither_bound_downregulated"
"ENSG00000109255.11","NMU",21.7849282001857,-3.37539491932285,0.548683015497463,-6.151812292317,7.66025093666121e-10,7.33587267596583e-09,"ENSG00000109255","downregulated",FALSE,FALSE,"Neither_bound","Neither_bound_downregulated"
"ENSG00000260097.3","SPDYE6",251.817467801649,-1.21084775213047,0.196878559617092,-6.15022658884464,7.73723292657479e-10,7.40333318450401e-09,"ENSG00000260097","downregulated",FALSE,FALSE,"Neither_bound","Neither_bound_downregulated"
"ENSG00000079150.19","FKBP7",42.4724775501754,-1.99268432125751,0.324100251357208,-6.14835783962806,7.82892508891464e-10,7.48474324290043e-09,"ENSG00000079150","downregulated",FALSE,FALSE,"Neither_bound","Neither_bound_downregulated"
"ENSG00000222389.1","RNU2-28P",16.7760547402235,-4.09667709087325,0.666569014915439,-6.14591587548208,7.95034144983671e-10,7.59440940292614e-09,"ENSG00000222389","downregulated",FALSE,FALSE,"Neither_bound","Neither_bound_downregulated"
"ENSG00000165060.15","FXN",84.2908029535542,-1.53641527345975,0.250011478495788,-6.1453789350141,7.97728384173536e-10,7.61800330435948e-09,"ENSG00000165060","downregulated",FALSE,FALSE,"Neither_bound","Neither_bound_downregulated"
"ENSG00000177990.12","DPY19L2",144.604194262496,-1.20292768941574,0.195910120906226,-6.14020186323873,8.24166801784077e-10,7.8660572978369e-09,"ENSG00000177990","downregulated",FALSE,FALSE,"Neither_bound","Neither_bound_downregulated"
"ENSG00000168917.9","SLC35G2",279.678652175362,-1.0408516301073,0.169552388305285,-6.13882022253329,8.31365867025094e-10,7.93031052263644e-09,"ENSG00000168917","downregulated",FALSE,FALSE,"Neither_bound","Neither_bound_downregulated"
"ENSG00000270575.1","ENSG00000270575.1",29.5574256606718,-2.42980852852631,0.395845326456367,-6.13827767092291,8.342095819933e-10,7.95520243715565e-09,"ENSG00000270575","downregulated",FALSE,FALSE,"Neither_bound","Neither_bound_downregulated"
"ENSG00000257261.7","ENSG00000257261.7",46.778321655213,-1.95820761990729,0.319226379513202,-6.13422870282031,8.55733396945558e-10,8.151304550602e-09,"ENSG00000257261","downregulated",FALSE,FALSE,"Neither_bound","Neither_bound_downregulated"
"ENSG00000225655.7","LOC124906859",27.2865174688658,-2.49161985547773,0.406540366762378,-6.12883752558349,8.85234669785204e-10,8.42051281525169e-09,"ENSG00000225655","downregulated",FALSE,FALSE,"Neither_bound","Neither_bound_downregulated"
"ENSG00000225014.1","ENSG00000225014.1",176.962066342129,-1.49243922965016,0.243577481002265,-6.12716423336473,8.94591199206897e-10,8.50713153825864e-09,"ENSG00000225014","downregulated",FALSE,FALSE,"Neither_bound","Neither_bound_downregulated"
"ENSG00000184867.14","ARMCX2",58.8314104832173,-1.61596172448767,0.263870230951982,-6.12407742494356,9.12105388987925e-10,8.66882928179682e-09,"ENSG00000184867","downregulated",FALSE,FALSE,"Neither_bound","Neither_bound_downregulated"
"ENSG00000213741.11","RPS29",338.117199858017,-1.0586650189748,0.173060719011414,-6.11730394408551,9.51717387865864e-10,9.0251078255242e-09,"ENSG00000213741","downregulated",FALSE,FALSE,"Neither_bound","Neither_bound_downregulated"
"ENSG00000251194.2","ENSG00000251194.2",388.305713336361,-1.17822988435386,0.192676299217603,-6.11507429371581,9.65119899770744e-10,9.1496491084043e-09,"ENSG00000251194","downregulated",FALSE,FALSE,"Neither_bound","Neither_bound_downregulated"
"ENSG00000138738.11","PRDM5",92.891373385179,-1.41973347533342,0.232291904486214,-6.11185085624747,9.8482201951558e-10,9.32082317049463e-09,"ENSG00000138738","downregulated",FALSE,FALSE,"Neither_bound","Neither_bound_downregulated"
"ENSG00000140015.20","KCNH5",51.5444873700685,-1.88701499049019,0.308851347337901,-6.10978390334067,9.97661334235546e-10,9.43182861155386e-09,"ENSG00000140015","downregulated",FALSE,FALSE,"Neither_bound","Neither_bound_downregulated"
"ENSG00000275764.1","ENSG00000275764.1",54.8880287680594,-1.69473648130153,0.277494945119269,-6.10726973989787,1.01349873380657e-09,9.5788884223544e-09,"ENSG00000275764","downregulated",FALSE,FALSE,"Neither_bound","Neither_bound_downregulated"
"ENSG00000253276.5","CCDC71L",195.328914625838,-1.03965167657725,0.170296587537274,-6.104947207763,1.02834666170899e-09,9.71651721973048e-09,"ENSG00000253276","downregulated",FALSE,FALSE,"Neither_bound","Neither_bound_downregulated"
"ENSG00000168078.10","PBK",142.165548890058,-1.60481097525375,0.263054928031063,-6.10066873586283,1.0562561153377e-09,9.96359559172205e-09,"ENSG00000168078","downregulated",FALSE,FALSE,"Neither_bound","Neither_bound_downregulated"
"ENSG00000099949.22","LZTR1",134.438039107829,-1.22831731025066,0.20157704142323,-6.09353774407122,1.10442279535847e-09,1.04063893239214e-08,"ENSG00000099949","downregulated",FALSE,FALSE,"Neither_bound","Neither_bound_downregulated"
"ENSG00000289044.2","ENSG00000289044.2",52.8502749538838,-2.13643518540755,0.350690383171823,-6.09208375229607,1.11450345783148e-09,1.04955512768561e-08,"ENSG00000289044","downregulated",FALSE,FALSE,"Neither_bound","Neither_bound_downregulated"
"ENSG00000162595.8","DIRAS3",76.3875449807916,-1.83659979284465,0.302117545558744,-6.07909014171288,1.2086640225333e-09,1.1363382097263e-08,"ENSG00000162595","downregulated",FALSE,FALSE,"Neither_bound","Neither_bound_downregulated"
"ENSG00000277152.1","ENSG00000277152.1",105.464150375072,-1.48937943241017,0.245077853747453,-6.07716857984624,1.22323147968397e-09,1.14939770129752e-08,"ENSG00000277152","downregulated",FALSE,FALSE,"Neither_bound","Neither_bound_downregulated"
"ENSG00000127125.9","PPCS",189.40716723175,-1.24223739386298,0.204638159778653,-6.0704093274033,1.27584636017342e-09,1.19751172043025e-08,"ENSG00000127125","downregulated",FALSE,FALSE,"Neither_bound","Neither_bound_downregulated"
"ENSG00000255302.5","EID1",1322.07866812775,-1.25448640314166,0.206743359400833,-6.067843759419,1.29638926674921e-09,1.21578549455928e-08,"ENSG00000255302","downregulated",FALSE,FALSE,"Neither_bound","Neither_bound_downregulated"
"ENSG00000133131.15","MORC4",260.26068420192,-1.04083484396923,0.171584678533579,-6.06601272831907,1.31124743224353e-09,1.22870214561236e-08,"ENSG00000133131","downregulated",FALSE,FALSE,"Neither_bound","Neither_bound_downregulated"
"ENSG00000181019.13","NQO1",1562.53224262403,-1.11777199184633,0.184498804271207,-6.05842404378537,1.37461629687375e-09,1.28630761355944e-08,"ENSG00000181019","downregulated",FALSE,FALSE,"Neither_bound","Neither_bound_downregulated"
"ENSG00000226067.7","ENSG00000226067.7",66.5514031713137,-1.57945243398826,0.260893416937233,-6.05401413546685,1.41280204892059e-09,1.31913304006967e-08,"ENSG00000226067","downregulated",FALSE,FALSE,"Neither_bound","Neither_bound_downregulated"
"ENSG00000235204.1","LOC613206",40.4127872835063,-2.09675981367405,0.346365636313269,-6.05360230302306,1.41642047467349e-09,1.3221481364031e-08,"ENSG00000235204","downregulated",FALSE,FALSE,"Neither_bound","Neither_bound_downregulated"
"ENSG00000171722.13","SPATA46",47.7869919154228,-1.83689639001364,0.303700967943092,-6.04837186543916,1.46316923211078e-09,1.36428582147513e-08,"ENSG00000171722","downregulated",FALSE,FALSE,"Neither_bound","Neither_bound_downregulated"
"ENSG00000233557.2","ENSG00000233557.2",17.2816845406514,-3.69836052997908,0.611765986421389,-6.04538436602722,1.49054222748925e-09,1.389046320531e-08,"ENSG00000233557","downregulated",FALSE,FALSE,"Neither_bound","Neither_bound_downregulated"
"ENSG00000198975.2","MIRLET7A2",28.7319841438662,-2.65789622431918,0.439954216977686,-6.041301848583,1.5287567271209e-09,1.42231740637751e-08,"ENSG00000198975","downregulated",FALSE,FALSE,"Neither_bound","Neither_bound_downregulated"
"ENSG00000250280.2","ENSG00000250280.2",38.4866588080375,-2.19654008479223,0.363872573687777,-6.03656401616294,1.5743031419728e-09,1.46389075079475e-08,"ENSG00000250280","downregulated",FALSE,FALSE,"Neither_bound","Neither_bound_downregulated"
"ENSG00000288526.1","ENSG00000288526.1",21.719551223552,-2.83734053007146,0.470254551340224,-6.03362694095154,1.60319941884129e-09,1.48953714056895e-08,"ENSG00000288526","downregulated",FALSE,FALSE,"Neither_bound","Neither_bound_downregulated"
"ENSG00000253947.1","ENSG00000253947.1",16.6502973043592,-3.86375271978198,0.640551344864904,-6.03191727057706,1.62025725579358e-09,1.50497398044289e-08,"ENSG00000253947","downregulated",FALSE,FALSE,"Neither_bound","Neither_bound_downregulated"
"ENSG00000258725.2","PRC1-AS1",34.8281119347162,-2.14326261525814,0.355554531925741,-6.02794345961472,1.6605911926546e-09,1.53949131091952e-08,"ENSG00000258725","downregulated",FALSE,FALSE,"Neither_bound","Neither_bound_downregulated"
"ENSG00000259055.1","ENSG00000259055.1",26.1299754446068,-2.85044841869221,0.473389676002892,-6.02135737889391,1.72960388119622e-09,1.59997779511093e-08,"ENSG00000259055","downregulated",FALSE,FALSE,"Neither_bound","Neither_bound_downregulated"
"ENSG00000290720.1","ZNF542P",36.8098359787016,-2.03146138426244,0.337424426517459,-6.02049295965042,1.73886669845962e-09,1.60810846755449e-08,"ENSG00000290720","downregulated",FALSE,FALSE,"Neither_bound","Neither_bound_downregulated"
"ENSG00000196369.12","SRGAP2B",195.668302725055,-1.06329312527438,0.176650284704297,-6.01919848051351,1.752828345891e-09,1.62057902159025e-08,"ENSG00000196369","downregulated",FALSE,FALSE,"Neither_bound","Neither_bound_downregulated"
"ENSG00000278918.1","ENSG00000278918.1",57.6558893745508,-1.67686035100764,0.278742696699251,-6.01580012988425,1.7900032044741e-09,1.65359882647746e-08,"ENSG00000278918","downregulated",FALSE,FALSE,"Neither_bound","Neither_bound_downregulated"
"ENSG00000163093.12","BBS5",115.855918482478,-1.27982373749216,0.212820747722767,-6.01362297232097,1.81422188035641e-09,1.67551628145586e-08,"ENSG00000163093","downregulated",FALSE,FALSE,"Neither_bound","Neither_bound_downregulated"
"ENSG00000229036.7","ENSG00000229036.7",86.6316364241356,-1.4435887295848,0.240095682176135,-6.01255597976884,1.82620738077402e-09,1.68566881277533e-08,"ENSG00000229036","downregulated",FALSE,FALSE,"Neither_bound","Neither_bound_downregulated"
"ENSG00000105011.9","ASF1B",324.94278161406,-1.13346989240436,0.188657960344465,-6.00806820096431,1.87746868317303e-09,1.73063381899651e-08,"ENSG00000105011","downregulated",FALSE,FALSE,"Neither_bound","Neither_bound_downregulated"
"ENSG00000285533.4","ENSG00000285533.4",41.6441912092773,-2.00209789981401,0.333660734033814,-6.00040009386036,1.96831927427437e-09,1.81142966969796e-08,"ENSG00000285533","downregulated",FALSE,FALSE,"Neither_bound","Neither_bound_downregulated"
"ENSG00000179058.8","C9orf50",39.9457950284248,-2.01402971153044,0.33572952733061,-5.99896508223158,1.98579049262438e-09,1.82651858796277e-08,"ENSG00000179058","downregulated",FALSE,FALSE,"Neither_bound","Neither_bound_downregulated"
"ENSG00000235609.7","ENSG00000235609.7",67.5621080154702,-1.61631185524395,0.269543697006566,-5.99647431267734,2.01647489503402e-09,1.85423982768044e-08,"ENSG00000235609","downregulated",FALSE,FALSE,"Neither_bound","Neither_bound_downregulated"
"ENSG00000196440.12","ARMCX4",108.546369921433,-1.30282876457634,0.217382898025051,-5.99324407031413,2.05695774719032e-09,1.89044212003681e-08,"ENSG00000196440","downregulated",FALSE,FALSE,"Neither_bound","Neither_bound_downregulated"
"ENSG00000235593.1","RBMS3-AS1",20.5934841555331,-3.26116464425589,0.544148017451807,-5.9931572654213,2.05805647731708e-09,1.89094028730069e-08,"ENSG00000235593","downregulated",FALSE,FALSE,"Neither_bound","Neither_bound_downregulated"
"ENSG00000260417.1","ENSG00000260417.1",40.1532223534301,-2.1709995488205,0.362690060629137,-5.98582587307354,2.15294601044976e-09,1.97545300062013e-08,"ENSG00000260417","downregulated",FALSE,FALSE,"Neither_bound","Neither_bound_downregulated"
"ENSG00000276790.1","ENSG00000276790.1",15.4745991142233,-4.08987244423883,0.683397100609086,-5.98462071406753,2.16894681760485e-09,1.98906008370415e-08,"ENSG00000276790","downregulated",FALSE,FALSE,"Neither_bound","Neither_bound_downregulated"
"ENSG00000241101.1","ENSG00000241101.1",31.6019786230843,-2.30303495499187,0.384877422917658,-5.98381411290157,2.17972065197496e-09,1.99840083957586e-08,"ENSG00000241101","downregulated",FALSE,FALSE,"Neither_bound","Neither_bound_downregulated"
"ENSG00000092096.19","SLC22A17",152.7110700093,-1.34302840264142,0.22450246952145,-5.98224333792063,2.20085143340673e-09,2.01668523037388e-08,"ENSG00000092096","downregulated",FALSE,FALSE,"Neither_bound","Neither_bound_downregulated"
"ENSG00000223784.2","ENSG00000223784.2",53.3083783438108,-1.80609381201373,0.302229556010707,-5.97590068904361,2.28822371995181e-09,2.09279438124187e-08,"ENSG00000223784","downregulated",FALSE,FALSE,"Neither_bound","Neither_bound_downregulated"
"ENSG00000139437.18","TCHP",168.875275584579,-1.13356896250109,0.189733845559343,-5.97452162084886,2.30766329834271e-09,2.1094377534474e-08,"ENSG00000139437","downregulated",FALSE,FALSE,"Neither_bound","Neither_bound_downregulated"
"ENSG00000240093.1","ENSG00000240093.1",17.2851820607065,-3.5604642212362,0.597012238505441,-5.96380441069257,2.46431698230846e-09,2.24779589836342e-08,"ENSG00000240093","downregulated",FALSE,FALSE,"Neither_bound","Neither_bound_downregulated"
"ENSG00000270728.1","ENSG00000270728.1",28.5057789481877,-2.52333401831007,0.423118774087854,-5.9636541152063,2.46658586871621e-09,2.24926144398798e-08,"ENSG00000270728","downregulated",FALSE,FALSE,"Neither_bound","Neither_bound_downregulated"
"ENSG00000178700.9","DHFR2",90.8387530889483,-1.37066030130464,0.230066358522438,-5.95767373425419,2.55853660866334e-09,2.32811067567845e-08,"ENSG00000178700","downregulated",FALSE,FALSE,"Neither_bound","Neither_bound_downregulated"
"ENSG00000163281.12","GNPDA2",323.543861517002,-1.065129537974,0.179044081982482,-5.94897930264019,2.6981975200357e-09,2.45059821819713e-08,"ENSG00000163281","downregulated",FALSE,FALSE,"Neither_bound","Neither_bound_downregulated"
"ENSG00000234520.8","HRAT17",14.9340173525734,-4.28462646425344,0.720611348279943,-5.94582152290633,2.75073737873613e-09,2.49564763036616e-08,"ENSG00000234520","downregulated",FALSE,FALSE,"Neither_bound","Neither_bound_downregulated"
"ENSG00000289396.1","ENSG00000289396.1",222.518955318332,-1.10629412105658,0.186114564605632,-5.94415661880502,2.77883819008183e-09,2.5184518580763e-08,"ENSG00000289396","downregulated",FALSE,FALSE,"Neither_bound","Neither_bound_downregulated"
"ENSG00000288928.1","ENSG00000288928.1",451.135723066284,-1.08667175478328,0.182825565423012,-5.94376258193973,2.78552967649393e-09,2.52384294614953e-08,"ENSG00000288928","downregulated",FALSE,FALSE,"Neither_bound","Neither_bound_downregulated"
"ENSG00000124098.10","FAM210B",703.909295927275,-1.13470926017257,0.191014519891544,-5.94043458485168,2.84267474965317e-09,2.572874391053e-08,"ENSG00000124098","downregulated",FALSE,FALSE,"Neither_bound","Neither_bound_downregulated"
"ENSG00000203739.6","PRDX6-AS1",143.40045654122,-1.23765317743706,0.208392522259578,-5.93904792752312,2.86682054325401e-09,2.59403729923421e-08,"ENSG00000203739","downregulated",FALSE,FALSE,"Neither_bound","Neither_bound_downregulated"
"ENSG00000224606.1","TGFA-IT1",15.2511947816259,-4.30036403616405,0.725409199443658,-5.92819065358166,3.06290761767371e-09,2.76557272613346e-08,"ENSG00000224606","downregulated",FALSE,FALSE,"Neither_bound","Neither_bound_downregulated"
"ENSG00000281091.3","ENSG00000281091.3",34.2604234966777,-2.14263999560635,0.361442574343722,-5.92802328142106,3.06603036440042e-09,2.76765664145505e-08,"ENSG00000281091","downregulated",FALSE,FALSE,"Neither_bound","Neither_bound_downregulated"
"ENSG00000287447.1","ENSG00000287447.1",20.46589819974,-3.26599874198969,0.551154226827259,-5.92574379913684,3.10886966724127e-09,2.804836251178e-08,"ENSG00000287447","downregulated",FALSE,FALSE,"Neither_bound","Neither_bound_downregulated"
"ENSG00000231317.1","LOC643348",22.789073966495,-2.61859513492989,0.442028634649987,-5.92403959757806,3.14127764111724e-09,2.83181844250187e-08,"ENSG00000231317","downregulated",FALSE,FALSE,"Neither_bound","Neither_bound_downregulated"
"ENSG00000254208.1","ENSG00000254208.1",20.126641393579,-3.03640584854762,0.512713186024819,-5.92223085208625,3.17603346636855e-09,2.8623906814966e-08,"ENSG00000254208","downregulated",FALSE,FALSE,"Neither_bound","Neither_bound_downregulated"
"ENSG00000270124.1","ENSG00000270124.1",20.9917375608714,-2.90147002349598,0.4900471848873,-5.9207972476431,3.20384650545249e-09,2.88669119621247e-08,"ENSG00000270124","downregulated",FALSE,FALSE,"Neither_bound","Neither_bound_downregulated"
"ENSG00000128654.14","MTX2",272.11637048417,-1.08728517463913,0.183770871327536,-5.91652619800258,3.28812120280223e-09,2.95931806696645e-08,"ENSG00000128654","downregulated",FALSE,FALSE,"Neither_bound","Neither_bound_downregulated"
"ENSG00000128311.14","TST",73.6612325182516,-1.50804283342263,0.255451040183207,-5.90345152770206,3.55974248371045e-09,3.19887123509726e-08,"ENSG00000128311","downregulated",FALSE,FALSE,"Neither_bound","Neither_bound_downregulated"
"ENSG00000228057.1","SEC63P1",59.935675166129,-1.64309953719757,0.278392078626497,-5.90210592666332,3.58890602865999e-09,3.22337281812592e-08,"ENSG00000228057","downregulated",FALSE,FALSE,"Neither_bound","Neither_bound_downregulated"
"ENSG00000230490.4","ENSG00000230490.4",64.0418825007425,-1.70534852205735,0.289022990805694,-5.90039054437655,3.62642134278587e-09,3.25620619010707e-08,"ENSG00000230490","downregulated",FALSE,FALSE,"Neither_bound","Neither_bound_downregulated"
"ENSG00000264186.1","ENSG00000264186.1",18.137693557005,-3.30952638855607,0.561026320573809,-5.89905725843867,3.65584363004328e-09,3.28175730510862e-08,"ENSG00000264186","downregulated",FALSE,FALSE,"Neither_bound","Neither_bound_downregulated"
"ENSG00000023697.13","DERA",138.230630364763,-1.25153211664175,0.212537445890899,-5.8885252497303,3.89657021767701e-09,3.49139269728443e-08,"ENSG00000023697","downregulated",FALSE,FALSE,"Neither_bound","Neither_bound_downregulated"
"ENSG00000265666.1","RARA-AS1",38.8129960475889,-1.88927346694462,0.321109237513833,-5.88358491824215,4.01473958433131e-09,3.59159005005441e-08,"ENSG00000265666","downregulated",FALSE,FALSE,"Neither_bound","Neither_bound_downregulated"
"ENSG00000154553.17","PDLIM3",130.130500079293,-1.15603949327954,0.196984607820581,-5.86867931494674,4.39280140460037e-09,3.91948195722262e-08,"ENSG00000154553","downregulated",FALSE,FALSE,"Neither_bound","Neither_bound_downregulated"
"ENSG00000100028.12","SNRPD3",226.94085305264,-1.00557635863398,0.171360985690998,-5.86817562106734,4.40616411185735e-09,3.92934057630796e-08,"ENSG00000100028","downregulated",FALSE,FALSE,"Neither_bound","Neither_bound_downregulated"
"ENSG00000200651.1","ENSG00000200651.1",33.5176376910496,-2.10934082680302,0.359585518110638,-5.86603386556302,4.46342670923523e-09,3.97518821340593e-08,"ENSG00000200651","downregulated",FALSE,FALSE,"Neither_bound","Neither_bound_downregulated"
"ENSG00000213376.4","ENSG00000213376.4",17.6141709653603,-3.26764021099582,0.557090099259824,-5.86555068082768,4.4764450486756e-09,3.98469301397832e-08,"ENSG00000213376","downregulated",FALSE,FALSE,"Neither_bound","Neither_bound_downregulated"
"ENSG00000241489.8","ENSG00000241489.8",24.4057819298401,-2.75511340663477,0.469738377006876,-5.86520825526343,4.48569330954621e-09,3.99187923339444e-08,"ENSG00000241489","downregulated",FALSE,FALSE,"Neither_bound","Neither_bound_downregulated"
"ENSG00000184612.8","ENSG00000184612.8",18.3994527139725,-3.02674040140755,0.516209837711958,-5.86339155182172,4.53507086409589e-09,4.03159610341819e-08,"ENSG00000184612","downregulated",FALSE,FALSE,"Neither_bound","Neither_bound_downregulated"
"ENSG00000178965.14","ERICH3",55.1805957507521,-1.68068249582722,0.28679148538207,-5.86029426078734,4.62047671069352e-09,4.10215245449131e-08,"ENSG00000178965","downregulated",FALSE,FALSE,"Neither_bound","Neither_bound_downregulated"
"ENSG00000226604.2","ENSG00000226604.2",28.8332805656381,-2.39857016162767,0.40937412645074,-5.85911518742817,4.65339852640612e-09,4.12922260044313e-08,"ENSG00000226604","downregulated",FALSE,FALSE,"Neither_bound","Neither_bound_downregulated"
"ENSG00000230612.3","ENSG00000230612.3",30.0565619744265,-2.32940568621187,0.397735673095346,-5.85666774137571,4.72246584412079e-09,4.18832166561606e-08,"ENSG00000230612","downregulated",FALSE,FALSE,"Neither_bound","Neither_bound_downregulated"
"ENSG00000239119.1","RNU7-119P",21.291471137094,-2.73594191382737,0.468245529344613,-5.84296430476714,5.12800088849841e-09,4.53260302317237e-08,"ENSG00000239119","downregulated",FALSE,FALSE,"Neither_bound","Neither_bound_downregulated"
"ENSG00000121542.12","SEC22A",200.667443765466,-1.11212101510447,0.190515623805771,-5.83742683612275,5.30131612393808e-09,4.68214004414791e-08,"ENSG00000121542","downregulated",FALSE,FALSE,"Neither_bound","Neither_bound_downregulated"
"ENSG00000258175.1","ENSG00000258175.1",31.8729586179562,-2.36993679881594,0.406148093793247,-5.83515430709463,5.37408083512522e-09,4.7402435161655e-08,"ENSG00000258175","downregulated",FALSE,FALSE,"Neither_bound","Neither_bound_downregulated"
"ENSG00000291149.1","LOC154761",48.616495204023,-1.83844913980034,0.315294658901653,-5.83089211280864,5.51318231189276e-09,4.85663321499931e-08,"ENSG00000291149","downregulated",FALSE,FALSE,"Neither_bound","Neither_bound_downregulated"
"ENSG00000227583.1","RPS3AP37",37.7482634622199,-2.13856959266358,0.367006046041648,-5.82706910616097,5.64092580421443e-09,4.96144401132978e-08,"ENSG00000227583","downregulated",FALSE,FALSE,"Neither_bound","Neither_bound_downregulated"
"ENSG00000234943.2","ENSG00000234943.2",28.6441905999061,-2.56313730968434,0.440028221896159,-5.82493845199141,5.71336516094733e-09,5.01995829764767e-08,"ENSG00000234943","downregulated",FALSE,FALSE,"Neither_bound","Neither_bound_downregulated"
"ENSG00000232878.3","DPYD-AS1",80.0841267282447,-1.59883992712073,0.274756255153139,-5.81912111966147,5.91578566758011e-09,5.18573954984158e-08,"ENSG00000232878","downregulated",FALSE,FALSE,"Neither_bound","Neither_bound_downregulated"
"ENSG00000261997.1","ENSG00000261997.1",29.1578663746153,-2.17789917115396,0.374833101041971,-5.81031708539022,6.23546275499042e-09,5.45751607476204e-08,"ENSG00000261997","downregulated",FALSE,FALSE,"Neither_bound","Neither_bound_downregulated"
"ENSG00000128342.5","LIF",207.310457150387,-1.01180189010529,0.174171478353581,-5.80922835167797,6.27614378417922e-09,5.49029235284573e-08,"ENSG00000128342","downregulated",FALSE,FALSE,"Neither_bound","Neither_bound_downregulated"
"ENSG00000214425.11","ENSG00000214425.11",96.8095041554865,-1.3552210978858,0.233634277837011,-5.800609013508,6.607450156886e-09,5.77268176257982e-08,"ENSG00000214425","downregulated",FALSE,FALSE,"Neither_bound","Neither_bound_downregulated"
"ENSG00000234257.1","SOD2P1",19.894850108366,-7.17344266984276,1.23771478525715,-5.79571542271944,6.80305388627703e-09,5.94051759406319e-08,"ENSG00000234257","downregulated",FALSE,FALSE,"Neither_bound","Neither_bound_downregulated"
"ENSG00000286232.1","ENSG00000286232.1",171.892532286446,-1.44642495424635,0.249631588331291,-5.79423847725059,6.86318783802108e-09,5.98687119881613e-08,"ENSG00000286232","downregulated",FALSE,FALSE,"Neither_bound","Neither_bound_downregulated"
"ENSG00000274354.1","ENSG00000274354.1",43.1009256578152,-1.91122771761368,0.329897773661109,-5.79339380318767,6.897810840364e-09,6.01398456430914e-08,"ENSG00000274354","downregulated",FALSE,FALSE,"Neither_bound","Neither_bound_downregulated"
"ENSG00000188315.8","C3orf62",157.494297365303,-1.1157532486594,0.192695583852173,-5.79023777480732,7.02868514026373e-09,6.12023524338576e-08,"ENSG00000188315","downregulated",FALSE,FALSE,"Neither_bound","Neither_bound_downregulated"
"ENSG00000092140.16","G2E3",384.766338880527,-1.05115216783215,0.18160971419237,-5.78797325080705,7.12407523027031e-09,6.19694205945767e-08,"ENSG00000092140","downregulated",FALSE,FALSE,"Neither_bound","Neither_bound_downregulated"
"ENSG00000170860.4","LSM3",136.632953894683,-1.61537056711723,0.279093954295404,-5.78790956327008,7.12677610376333e-09,6.1977043188078e-08,"ENSG00000170860","downregulated",FALSE,FALSE,"Neither_bound","Neither_bound_downregulated"
"ENSG00000171960.12","PPIH",156.533769883905,-1.11586864192489,0.192911040300879,-5.78436900337325,7.27850152124841e-09,6.3231749277178e-08,"ENSG00000171960","downregulated",FALSE,FALSE,"Neither_bound","Neither_bound_downregulated"
"ENSG00000142686.8","C1orf216",325.513357678064,-1.03922810093685,0.179823916811518,-5.77914283796921,7.50821629899993e-09,6.50942039929632e-08,"ENSG00000142686","downregulated",FALSE,FALSE,"Neither_bound","Neither_bound_downregulated"
"ENSG00000240429.1","ENSG00000240429.1",38.38271851183,-1.93958920318292,0.335869741735774,-5.7748256605645,7.70328034135351e-09,6.6717242895231e-08,"ENSG00000240429","downregulated",FALSE,FALSE,"Neither_bound","Neither_bound_downregulated"
"ENSG00000239677.6","ENSG00000239677.6",32.3253003630667,-2.08868291624361,0.361943709076265,-5.77073965886641,7.89243293529338e-09,6.82163261949225e-08,"ENSG00000239677","downregulated",FALSE,FALSE,"Neither_bound","Neither_bound_downregulated"
"ENSG00000133561.15","GIMAP6",27.2906275112546,-2.34696380902998,0.406922487700303,-5.7675942715619,8.04111066682435e-09,6.94130742390571e-08,"ENSG00000133561","downregulated",FALSE,FALSE,"Neither_bound","Neither_bound_downregulated"
"ENSG00000233967.7","ENSG00000233967.7",56.4896243558998,-1.70101620302521,0.295034025876933,-5.76549161734568,8.14201492413255e-09,7.02662507476968e-08,"ENSG00000233967","downregulated",FALSE,FALSE,"Neither_bound","Neither_bound_downregulated"
"ENSG00000275793.1","RIMBP3",14.7660182995649,-3.85008042924793,0.667956809322376,-5.7639661360047,8.21599073003574e-09,7.08866581452512e-08,"ENSG00000275793","downregulated",FALSE,FALSE,"Neither_bound","Neither_bound_downregulated"
"ENSG00000076770.16","MBNL3",203.246247220852,-1.03997303845427,0.180429020919486,-5.76389005025052,8.21969744759649e-09,7.09006304977038e-08,"ENSG00000076770","downregulated",FALSE,FALSE,"Neither_bound","Neither_bound_downregulated"
"ENSG00000289353.1","ENSG00000289353.1",195.55175461554,-1.01213311330946,0.175609173921319,-5.76355489128912,8.23604496307051e-09,7.10236037841024e-08,"ENSG00000289353","downregulated",FALSE,FALSE,"Neither_bound","Neither_bound_downregulated"
"ENSG00000237529.2","ENSG00000237529.2",25.8278688401917,-2.31694170271958,0.402274999933387,-5.75959655236653,8.4315219341221e-09,7.25619298348771e-08,"ENSG00000237529","downregulated",FALSE,FALSE,"Neither_bound","Neither_bound_downregulated"
"ENSG00000256894.1","ENSG00000256894.1",29.0287798876858,-2.22355942502885,0.386586937071705,-5.75177071908258,8.83135200367716e-09,7.59067218777596e-08,"ENSG00000256894","downregulated",FALSE,FALSE,"Neither_bound","Neither_bound_downregulated"
"ENSG00000204856.12","FAM216A",59.3910959491069,-1.61222909898708,0.280405171557842,-5.74964109980587,8.94330896646605e-09,7.6795252114021e-08,"ENSG00000204856","downregulated",FALSE,FALSE,"Neither_bound","Neither_bound_downregulated"
"ENSG00000248546.3","ENSG00000248546.3",20.4535951358277,-3.62493276483324,0.630804995851779,-5.74651879530295,9.10995088488257e-09,7.81628723560726e-08,"ENSG00000248546","downregulated",FALSE,FALSE,"Neither_bound","Neither_bound_downregulated"
"ENSG00000108370.17","RGS9",67.571976607897,-1.54473853878126,0.268997891228347,-5.74256746670913,9.32517056718394e-09,7.99286888281867e-08,"ENSG00000108370","downregulated",FALSE,FALSE,"Neither_bound","Neither_bound_downregulated"
"ENSG00000177098.9","SCN4B",84.5180484498779,-1.35636448992086,0.236221947429502,-5.74190715418452,9.36161498741016e-09,8.02005896323703e-08,"ENSG00000177098","downregulated",FALSE,FALSE,"Neither_bound","Neither_bound_downregulated"
"ENSG00000187908.20","DMBT1",22.7539007113553,-2.68515656543973,0.467698021440159,-5.74121856913456,9.39976730974006e-09,8.05071346387419e-08,"ENSG00000187908","downregulated",FALSE,FALSE,"Neither_bound","Neither_bound_downregulated"
"ENSG00000250635.1","CXXC5-AS1",34.1684192493995,-2.34559069241544,0.408605589954956,-5.74047626875103,9.44106511619237e-09,8.0820085651921e-08,"ENSG00000250635","downregulated",FALSE,FALSE,"Neither_bound","Neither_bound_downregulated"
"ENSG00000272870.4","SAP30-DT",46.7973959993712,-1.85471474642338,0.323136921277281,-5.73971782330582,9.48344330410266e-09,8.1141965278025e-08,"ENSG00000272870","downregulated",FALSE,FALSE,"Neither_bound","Neither_bound_downregulated"
"ENSG00000251023.1","ENSG00000251023.1",27.3140797263874,-2.32744345322641,0.40558508147834,-5.73848388294506,9.5527852361737e-09,8.16529967041642e-08,"ENSG00000251023","downregulated",FALSE,FALSE,"Neither_bound","Neither_bound_downregulated"
"ENSG00000131969.15","ABHD12B",29.5776302955068,-2.17719445914517,0.379410159784144,-5.73836625878397,9.55942085906192e-09,8.1689159180029e-08,"ENSG00000131969","downregulated",FALSE,FALSE,"Neither_bound","Neither_bound_downregulated"
"ENSG00000120324.9","PCDHB10",176.415546007511,-1.03062977127529,0.179611734110595,-5.73809821712807,9.57455884323611e-09,8.179794134483e-08,"ENSG00000120324","downregulated",FALSE,FALSE,"Neither_bound","Neither_bound_downregulated"
"ENSG00000170584.11","NUDCD2",370.764615942675,-1.12163065935118,0.195554036605278,-5.73565587712808,9.71357079104839e-09,8.29229888490404e-08,"ENSG00000170584","downregulated",FALSE,FALSE,"Neither_bound","Neither_bound_downregulated"
"ENSG00000183578.8","TNFAIP8L3",42.5538463246242,-1.99373820118385,0.347835679948985,-5.73183924511786,9.93474079285841e-09,8.4725903904548e-08,"ENSG00000183578","downregulated",FALSE,FALSE,"Neither_bound","Neither_bound_downregulated"
"ENSG00000270911.1","LOC100419654",50.9526520622634,-1.73889319456446,0.303558067919306,-5.72837087310327,1.01399692472165e-08,8.6411057548783e-08,"ENSG00000270911","downregulated",FALSE,FALSE,"Neither_bound","Neither_bound_downregulated"
"ENSG00000247774.9","PCED1B-AS1",16.2080009430805,-3.44757802695918,0.602247641638658,-5.72451893307319,1.03727240265705e-08,8.82838110084052e-08,"ENSG00000247774","downregulated",FALSE,FALSE,"Neither_bound","Neither_bound_downregulated"
"ENSG00000289268.1","ENSG00000289268.1",40.4806465899262,-1.92467908564091,0.336259153561154,-5.72379685506725,1.04169300595198e-08,8.86378457569562e-08,"ENSG00000289268","downregulated",FALSE,FALSE,"Neither_bound","Neither_bound_downregulated"
"ENSG00000162373.13","BEND5",80.1143917513627,-1.39155089207067,0.243237057482808,-5.72096582022262,1.05920206173262e-08,9.01051230476674e-08,"ENSG00000162373","downregulated",FALSE,FALSE,"Neither_bound","Neither_bound_downregulated"
"ENSG00000121350.16","PYROXD1",154.487341886957,-1.11135808614064,0.194344381894967,-5.71849865328895,1.07469368598123e-08,9.13772093251825e-08,"ENSG00000121350","downregulated",FALSE,FALSE,"Neither_bound","Neither_bound_downregulated"
"ENSG00000279029.1","ENSG00000279029.1",57.125288628516,-1.7455679301904,0.305302631788667,-5.71750043543252,1.08102398566927e-08,9.1869458957252e-08,"ENSG00000279029","downregulated",FALSE,FALSE,"Neither_bound","Neither_bound_downregulated"
"ENSG00000111728.11","ST8SIA1",32.7655941866532,-2.0067697265261,0.351009989469948,-5.71712995848486,1.08338261105604e-08,9.20468747682627e-08,"ENSG00000111728","downregulated",FALSE,FALSE,"Neither_bound","Neither_bound_downregulated"
"ENSG00000168490.14","PHYHIP",33.0867515027239,-2.17967241838772,0.381481513037325,-5.71370392508237,1.10543261142257e-08,9.38264241499299e-08,"ENSG00000168490","downregulated",FALSE,FALSE,"Neither_bound","Neither_bound_downregulated"
"ENSG00000170689.10","HOXB9",265.231678207806,-1.12202433324363,0.196439765637372,-5.71179837037113,1.11788490081496e-08,9.48122704391573e-08,"ENSG00000170689","downregulated",FALSE,FALSE,"Neither_bound","Neither_bound_downregulated"
"ENSG00000188610.12","FAM72B",92.6595479556131,-1.55864891615154,0.272927943112846,-5.71084403588201,1.12417234461544e-08,9.52979441025634e-08,"ENSG00000188610","downregulated",FALSE,FALSE,"Neither_bound","Neither_bound_downregulated"
"ENSG00000152359.15","POC5",257.278578839109,-1.01427335702627,0.177690908199225,-5.70807683581133,1.14259840969826e-08,9.67874882309983e-08,"ENSG00000152359","downregulated",FALSE,FALSE,"Neither_bound","Neither_bound_downregulated"
"ENSG00000155957.19","TMBIM4",108.062408895465,-1.27894092636278,0.224182025327958,-5.70492181294108,1.16396505249323e-08,9.85223370662878e-08,"ENSG00000155957","downregulated",FALSE,FALSE,"Neither_bound","Neither_bound_downregulated"
"ENSG00000280721.1","LINC01943",19.0149736103546,-2.93269340253137,0.514300043179731,-5.70230051780589,1.18201200397979e-08,9.99765531653029e-08,"ENSG00000280721","downregulated",FALSE,FALSE,"Neither_bound","Neither_bound_downregulated"
"ENSG00000283176.1","ENSG00000283176.1",16.2452576965691,-3.28284129641514,0.575875595825075,-5.70060846511773,1.19380544924347e-08,1.00948925815042e-07,"ENSG00000283176","downregulated",FALSE,FALSE,"Neither_bound","Neither_bound_downregulated"
"ENSG00000185480.12","PARPBP",87.8999455334809,-1.51256924070598,0.265581957233659,-5.69530120367034,1.23154307551104e-08,1.03881438264114e-07,"ENSG00000185480","downregulated",FALSE,FALSE,"Neither_bound","Neither_bound_downregulated"
"ENSG00000245864.5","MEF2C-AS2",55.3458081495574,-1.70447883493936,0.299287277005054,-5.69512627464809,1.2328064479567e-08,1.03962188242783e-07,"ENSG00000245864","downregulated",FALSE,FALSE,"Neither_bound","Neither_bound_downregulated"
"ENSG00000285774.5","ENSG00000285774.5",54.4267594333719,-1.67855530534076,0.294745779006269,-5.69492567798592,1.23425674728106e-08,1.04032836703829e-07,"ENSG00000285774","downregulated",FALSE,FALSE,"Neither_bound","Neither_bound_downregulated"
"ENSG00000253347.1","ENSG00000253347.1",16.1398393834824,-3.34927370294867,0.588476900361001,-5.69142765144062,1.25981535364624e-08,1.06081824324877e-07,"ENSG00000253347","downregulated",FALSE,FALSE,"Neither_bound","Neither_bound_downregulated"
"ENSG00000248228.2","SLIT2-IT1",57.0438688319504,-1.66163888985767,0.292007175448214,-5.69040431046653,1.26738920080197e-08,1.06693126078912e-07,"ENSG00000248228","downregulated",FALSE,FALSE,"Neither_bound","Neither_bound_downregulated"
"ENSG00000267417.1","ENSG00000267417.1",17.8706001561796,-3.29791316045919,0.579709503988046,-5.68890649156444,1.27855452606672e-08,1.07553095942136e-07,"ENSG00000267417","downregulated",FALSE,FALSE,"Neither_bound","Neither_bound_downregulated"
"ENSG00000272235.1","ENSG00000272235.1",51.16226856595,-1.71293734187601,0.301215824787223,-5.68674419109957,1.29484189063306e-08,1.08788497009705e-07,"ENSG00000272235","downregulated",FALSE,FALSE,"Neither_bound","Neither_bound_downregulated"
"ENSG00000198429.10","ZNF69",107.816467333859,-1.23999462083399,0.218709931157177,-5.66958534655135,1.43143531478424e-08,1.19496177863335e-07,"ENSG00000198429","downregulated",FALSE,FALSE,"Neither_bound","Neither_bound_downregulated"
"ENSG00000240661.3","ENSG00000240661.3",31.4097656873397,-2.15658622334806,0.380904159878836,-5.661755503101,1.49832204982988e-08,1.24865072101622e-07,"ENSG00000240661","downregulated",FALSE,FALSE,"Neither_bound","Neither_bound_downregulated"
"ENSG00000167363.14","FN3K",212.272115954022,-1.00683286972967,0.177841482412209,-5.66140619203785,1.50137573235342e-08,1.25088866511113e-07,"ENSG00000167363","downregulated",FALSE,FALSE,"Neither_bound","Neither_bound_downregulated"
"ENSG00000184731.6","FAM110C",19.0906823206141,-3.32018335418942,0.586552087027327,-5.66050897715881,1.50924692939505e-08,1.256522051414e-07,"ENSG00000184731","downregulated",FALSE,FALSE,"Neither_bound","Neither_bound_downregulated"
"ENSG00000231047.1","GCNT1P3",15.4203357501839,-3.41362295962059,0.603137574799607,-5.65977498708279,1.5157159627183e-08,1.2615986234162e-07,"ENSG00000231047","downregulated",FALSE,FALSE,"Neither_bound","Neither_bound_downregulated"
"ENSG00000287809.1","ENSG00000287809.1",92.1150892938671,-1.31790757132631,0.232918589414523,-5.65823266678316,1.52939710324062e-08,1.27205095011943e-07,"ENSG00000287809","downregulated",FALSE,FALSE,"Neither_bound","Neither_bound_downregulated"
"ENSG00000163689.21","CFAP20DC",28.4982213777463,-2.34731574143341,0.415560623122831,-5.64855188586912,1.61805018034835e-08,1.34315563357949e-07,"ENSG00000163689","downregulated",FALSE,FALSE,"Neither_bound","Neither_bound_downregulated"
"ENSG00000263096.1","ENSG00000263096.1",16.9220633306137,-3.05474038647614,0.541679760872219,-5.63938438747898,1.70659188815113e-08,1.41354579996873e-07,"ENSG00000263096","downregulated",FALSE,FALSE,"Neither_bound","Neither_bound_downregulated"
"ENSG00000231383.2","FGF12-AS1",44.4785628001669,-2.11014631295177,0.374221611838991,-5.63876122114418,1.7127784347916e-08,1.4181750596754e-07,"ENSG00000231383","downregulated",FALSE,FALSE,"Neither_bound","Neither_bound_downregulated"
"ENSG00000144199.12","FAHD2B",96.5035007359727,-1.26282869792823,0.22402390616479,-5.63702651001588,1.73011487288194e-08,1.43163317909997e-07,"ENSG00000144199","downregulated",FALSE,FALSE,"Neither_bound","Neither_bound_downregulated"
"ENSG00000203258.3","ENSG00000203258.3",17.2951198501358,-3.13408463906339,0.556094751664048,-5.63588242774278,1.74164178386339e-08,1.44082046064957e-07,"ENSG00000203258","downregulated",FALSE,FALSE,"Neither_bound","Neither_bound_downregulated"
"ENSG00000138115.15","CYP2C8",26.1764818768793,-2.36352378936484,0.419417273595628,-5.63525619510745,1.74798277956604e-08,1.44571412360115e-07,"ENSG00000138115","downregulated",FALSE,FALSE,"Neither_bound","Neither_bound_downregulated"
"ENSG00000228049.8","POLR2J2",162.455578156338,-1.22203720398802,0.216886682221519,-5.63445017218662,1.75617726913008e-08,1.45213801065751e-07,"ENSG00000228049","downregulated",FALSE,FALSE,"Neither_bound","Neither_bound_downregulated"
"ENSG00000006634.8","DBF4",321.146670637268,-1.0415183917418,0.184877953527535,-5.6335456546834,1.76541753419511e-08,1.45942328550838e-07,"ENSG00000006634","downregulated",FALSE,FALSE,"Neither_bound","Neither_bound_downregulated"
"ENSG00000215414.4","ENSG00000215414.4",23.1367091217444,-2.45417913242136,0.435678669492311,-5.63300272487789,1.77098658975464e-08,1.46367086327945e-07,"ENSG00000215414","downregulated",FALSE,FALSE,"Neither_bound","Neither_bound_downregulated"
"ENSG00000147894.17","C9orf72",114.148554370763,-1.16339760643724,0.206580134426192,-5.63170127499802,1.78440564820866e-08,1.47440260419245e-07,"ENSG00000147894","downregulated",FALSE,FALSE,"Neither_bound","Neither_bound_downregulated"
"ENSG00000166130.15","IKBIP",236.089019144448,-1.24733996283245,0.221774736606089,-5.62435551461365,1.86201825552057e-08,1.53666268473087e-07,"ENSG00000166130","downregulated",FALSE,FALSE,"Neither_bound","Neither_bound_downregulated"
"ENSG00000271199.1","ENSG00000271199.1",27.1776788689443,-2.35887367201028,0.41999031079628,-5.61649545566415,1.94869372616055e-08,1.60468432703568e-07,"ENSG00000271199","downregulated",FALSE,FALSE,"Neither_bound","Neither_bound_downregulated"
"ENSG00000068028.18","RASSF1",254.71098128837,-1.00279797019251,0.178557808423823,-5.61609698866981,1.95319053211516e-08,1.60799747927503e-07,"ENSG00000068028","downregulated",FALSE,FALSE,"Neither_bound","Neither_bound_downregulated"
"ENSG00000144218.21","AFF3",130.628181729161,-1.14741213160801,0.204349128617244,-5.61495974742896,1.96608008302247e-08,1.6178248125026e-07,"ENSG00000144218","downregulated",FALSE,FALSE,"Neither_bound","Neither_bound_downregulated"
"ENSG00000275557.1","ENSG00000275557.1",31.0119940326789,-2.05200244648211,0.365826334436229,-5.60922561697048,2.03233933796149e-08,1.67032428337469e-07,"ENSG00000275557","downregulated",FALSE,FALSE,"Neither_bound","Neither_bound_downregulated"
"ENSG00000133169.6","BEX1",45.1482919282791,-2.0175658910239,0.359789863773878,-5.60762293262354,2.05124310408313e-08,1.68545296950885e-07,"ENSG00000133169","downregulated",FALSE,FALSE,"Neither_bound","Neither_bound_downregulated"
"ENSG00000263606.1","ENSG00000263606.1",45.9648787080487,-1.80877701209323,0.322728732512058,-5.60463581291342,2.08693297952964e-08,1.7139492129754e-07,"ENSG00000263606","downregulated",FALSE,FALSE,"Neither_bound","Neither_bound_downregulated"
"ENSG00000163507.15","CIP2A",384.610110633718,-1.0181847297385,0.181716087646524,-5.60316228973124,2.10475983597009e-08,1.72817215635079e-07,"ENSG00000163507","downregulated",FALSE,FALSE,"Neither_bound","Neither_bound_downregulated"
"ENSG00000176826.16","ENSG00000176826.16",26.1596048284025,-2.26046655865806,0.403709355305217,-5.59924244745103,2.15290526819259e-08,1.76599580173789e-07,"ENSG00000176826","downregulated",FALSE,FALSE,"Neither_bound","Neither_bound_downregulated"
"ENSG00000242220.9","TCP10L",22.0419487022693,-2.49402266881272,0.446211498091584,-5.58932855715167,2.27949294306935e-08,1.86622839937768e-07,"ENSG00000242220","downregulated",FALSE,FALSE,"Neither_bound","Neither_bound_downregulated"
"ENSG00000239462.2","ENSG00000239462.2",20.5309659965888,-2.69873217597389,0.483652094960634,-5.57990382775774,2.40651606453486e-08,1.96501292500288e-07,"ENSG00000239462","downregulated",FALSE,FALSE,"Neither_bound","Neither_bound_downregulated"
"ENSG00000042980.14","ADAM28",38.3385842326514,-1.81810994561411,0.326311801206917,-5.57169535054982,2.52272279472352e-08,2.05742732031617e-07,"ENSG00000042980","downregulated",FALSE,FALSE,"Neither_bound","Neither_bound_downregulated"
"ENSG00000225871.2","ENSG00000225871.2",43.1615590381249,-1.71375274859642,0.307604255288429,-5.57129077095992,2.5285890432241e-08,2.06171657753808e-07,"ENSG00000225871","downregulated",FALSE,FALSE,"Neither_bound","Neither_bound_downregulated"
"ENSG00000271590.1","ENSG00000271590.1",25.5046390618376,-2.75961588647021,0.495486465562551,-5.56950810621451,2.55459505432992e-08,2.08192142047694e-07,"ENSG00000271590","downregulated",FALSE,FALSE,"Neither_bound","Neither_bound_downregulated"
"ENSG00000265293.2","ENSG00000265293.2",27.9397860433173,-2.34957965956871,0.421932026451613,-5.56862127610537,2.56762887746693e-08,2.09103854494838e-07,"ENSG00000265293","downregulated",FALSE,FALSE,"Neither_bound","Neither_bound_downregulated"
"ENSG00000135473.16","PAN2",245.897318868594,-1.11551651263557,0.200420303681541,-5.56588575181521,2.60824097589741e-08,2.12207735255768e-07,"ENSG00000135473","downregulated",FALSE,FALSE,"Neither_bound","Neither_bound_downregulated"
"ENSG00000182050.14","MGAT4C",23.6752940368062,-2.35352946866301,0.423114150373248,-5.56239838962336,2.66091970295187e-08,2.16131325848564e-07,"ENSG00000182050","downregulated",FALSE,FALSE,"Neither_bound","Neither_bound_downregulated"
"ENSG00000175463.12","TBC1D10C",48.1760557578095,-1.71820508784627,0.308932329146554,-5.56175228598743,2.67079220695214e-08,2.16881352344609e-07,"ENSG00000175463","downregulated",FALSE,FALSE,"Neither_bound","Neither_bound_downregulated"
"ENSG00000289553.1","ENSG00000289553.1",30.3117046639113,-2.13808958881569,0.384515725514295,-5.56047372563492,2.69043356049697e-08,2.18371916805164e-07,"ENSG00000289553","downregulated",FALSE,FALSE,"Neither_bound","Neither_bound_downregulated"
"ENSG00000241990.5","ENSG00000241990.5",53.930869087474,-1.55089069120371,0.279093152148875,-5.55689266921327,2.74619506619493e-08,2.22631871142028e-07,"ENSG00000241990","downregulated",FALSE,FALSE,"Neither_bound","Neither_bound_downregulated"
"ENSG00000283959.2","LOC101927245",45.9660519542147,-1.90137397198343,0.342528325170436,-5.55099777817597,2.84043696624305e-08,2.30107233172773e-07,"ENSG00000283959","downregulated",FALSE,FALSE,"Neither_bound","Neither_bound_downregulated"
"ENSG00000228919.5","LOC389199",21.0578669304336,-2.70635594787776,0.488324138925626,-5.54213017982703,2.98814017613925e-08,2.41611867419895e-07,"ENSG00000228919","downregulated",FALSE,FALSE,"Neither_bound","Neither_bound_downregulated"
"ENSG00000255580.1","ENSG00000255580.1",63.7785625611364,-1.70326981385226,0.307491945653625,-5.53923391466947,3.03797644590476e-08,2.45407809546951e-07,"ENSG00000255580","downregulated",FALSE,FALSE,"Neither_bound","Neither_bound_downregulated"
"ENSG00000279660.1","ENSG00000279660.1",16.4168625226812,-3.05181189039874,0.551024954825938,-5.53842773121369,3.05199137047732e-08,2.46422730858982e-07,"ENSG00000279660","downregulated",FALSE,FALSE,"Neither_bound","Neither_bound_downregulated"
"ENSG00000137752.25","CASP1",166.726349816819,-1.09576909264134,0.19787833598519,-5.53758999026227,3.06662135028207e-08,2.47486324605325e-07,"ENSG00000137752","downregulated",FALSE,FALSE,"Neither_bound","Neither_bound_downregulated"
"ENSG00000198042.11","MAK16",207.083461277769,-1.01727542592105,0.183874684988394,-5.5324387149066,3.15808801105969e-08,2.54444813946099e-07,"ENSG00000198042","downregulated",FALSE,FALSE,"Neither_bound","Neither_bound_downregulated"
"ENSG00000254688.1","ENSG00000254688.1",28.2664016224322,-2.28376523703332,0.413470710848271,-5.52340269120389,3.32496476157914e-08,2.67572620282682e-07,"ENSG00000254688","downregulated",FALSE,FALSE,"Neither_bound","Neither_bound_downregulated"
"ENSG00000274667.1","ENSG00000274667.1",16.0214375590121,-3.23858201337474,0.587743239032105,-5.51019866890861,3.5842891751779e-08,2.87216642374246e-07,"ENSG00000274667","downregulated",FALSE,FALSE,"Neither_bound","Neither_bound_downregulated"
"ENSG00000257150.4","ENSG00000257150.4",16.5390419279981,-3.17460764813462,0.576406199092041,-5.507587623338,3.63784350360063e-08,2.91164628016744e-07,"ENSG00000257150","downregulated",FALSE,FALSE,"Neither_bound","Neither_bound_downregulated"
"ENSG00000231201.1","ENSG00000231201.1",52.1917451645167,-1.56523391919275,0.284208518063751,-5.50734344577824,3.64289124826588e-08,2.91459829839083e-07,"ENSG00000231201","downregulated",FALSE,FALSE,"Neither_bound","Neither_bound_downregulated"
"ENSG00000250846.6","EPHA5-AS1",29.0357753927986,-2.1040539822789,0.382180531730484,-5.50539289050624,3.68345857266035e-08,2.94260867347429e-07,"ENSG00000250846","downregulated",FALSE,FALSE,"Neither_bound","Neither_bound_downregulated"
"ENSG00000223528.7","ENSG00000223528.7",31.6187386578168,-2.73729137464134,0.497263856925215,-5.50470607610038,3.69784685121204e-08,2.95132664102375e-07,"ENSG00000223528","downregulated",FALSE,FALSE,"Neither_bound","Neither_bound_downregulated"
"ENSG00000221994.12","ZNF630",35.1686913739957,-1.84988054578443,0.336199227402881,-5.50233431550289,3.74795389189662e-08,2.99061540521364e-07,"ENSG00000221994","downregulated",FALSE,FALSE,"Neither_bound","Neither_bound_downregulated"
"ENSG00000289008.1","ENSG00000289008.1",46.2245698109344,-1.61421634677093,0.293377949006273,-5.50217339864359,3.7513772542756e-08,2.9926440247354e-07,"ENSG00000289008","downregulated",FALSE,FALSE,"Neither_bound","Neither_bound_downregulated"
"ENSG00000164611.13","PTTG1",249.203334486798,-2.43902847576898,0.443331158262994,-5.50159498223696,3.76370760465806e-08,3.00177553216776e-07,"ENSG00000164611","downregulated",FALSE,FALSE,"Neither_bound","Neither_bound_downregulated"
"ENSG00000170160.19","CCDC144A",83.4170341809906,-1.37986794118073,0.251210465802967,-5.49287601044061,3.95440430498182e-08,3.14647939638375e-07,"ENSG00000170160","downregulated",FALSE,FALSE,"Neither_bound","Neither_bound_downregulated"
"ENSG00000155755.20","TMEM237",192.135972818546,-1.06968075656631,0.194767922501113,-5.49207868949875,3.972303190513e-08,3.15924127312914e-07,"ENSG00000155755","downregulated",FALSE,FALSE,"Neither_bound","Neither_bound_downregulated"
"ENSG00000222317.1","RNA5SP118",14.2306834721675,-3.4398269586064,0.627117100731788,-5.48514297344537,4.13135144403508e-08,3.28189302738502e-07,"ENSG00000222317","downregulated",FALSE,FALSE,"Neither_bound","Neither_bound_downregulated"
"ENSG00000257120.1","ENSG00000257120.1",23.3908337190249,-2.70228133637761,0.492845465324421,-5.4830195801818,4.18126719149452e-08,3.31844121403471e-07,"ENSG00000257120","downregulated",FALSE,FALSE,"Neither_bound","Neither_bound_downregulated"
"ENSG00000168255.20","POLR2J3-UPK3BL2",124.548039552497,-1.19797283586828,0.2184973339784,-5.48278010562231,4.18693320636493e-08,3.32216181158149e-07,"ENSG00000168255","downregulated",FALSE,FALSE,"Neither_bound","Neither_bound_downregulated"
"ENSG00000244356.3","RN7SL398P",28.0315672717618,-2.16124928109192,0.394213138699121,-5.48243848042182,4.19502901240514e-08,3.32780816191915e-07,"ENSG00000244356","downregulated",FALSE,FALSE,"Neither_bound","Neither_bound_downregulated"
"ENSG00000287990.1","ENSG00000287990.1",24.5643676459962,-2.32301618386562,0.423886374938251,-5.48028037986365,4.24652340345974e-08,3.3670846631354e-07,"ENSG00000287990","downregulated",FALSE,FALSE,"Neither_bound","Neither_bound_downregulated"
"ENSG00000272406.1","ENSG00000272406.1",15.7865441500071,-3.07991086620136,0.562625536701075,-5.47417538894565,4.39553563562168e-08,3.47712050467623e-07,"ENSG00000272406","downregulated",FALSE,FALSE,"Neither_bound","Neither_bound_downregulated"
"ENSG00000171385.11","KCND3",61.5035596999736,-1.51628767826608,0.277508456591229,-5.46393323249093,4.65698755835373e-08,3.67367750539154e-07,"ENSG00000171385","downregulated",FALSE,FALSE,"Neither_bound","Neither_bound_downregulated"
"ENSG00000181444.13","ZNF467",110.986306823198,-1.15261393010234,0.21111102684064,-5.45975237462323,4.76799124806435e-08,3.7577523599594e-07,"ENSG00000181444","downregulated",FALSE,FALSE,"Neither_bound","Neither_bound_downregulated"
"ENSG00000197872.11","CYRIA",28.6866502753229,-2.0965566018194,0.384643287980926,-5.45065172675876,5.01855653982875e-08,3.94881465241842e-07,"ENSG00000197872","downregulated",FALSE,FALSE,"Neither_bound","Neither_bound_downregulated"
"ENSG00000224733.1","ENSG00000224733.1",15.7173781351713,-3.42822835981888,0.629582505079413,-5.44524082572221,5.17353415573322e-08,4.06698931270414e-07,"ENSG00000224733","downregulated",FALSE,FALSE,"Neither_bound","Neither_bound_downregulated"
"ENSG00000163638.13","ADAMTS9",126.710968671061,-1.11843399450611,0.206158616629371,-5.42511398646417,5.79175674322337e-08,4.5309625300279e-07,"ENSG00000163638","downregulated",FALSE,FALSE,"Neither_bound","Neither_bound_downregulated"
"ENSG00000023572.10","GLRX2",191.019423697574,-1.02052813086816,0.188150933842799,-5.4239865305203,5.82842758219844e-08,4.55650237312121e-07,"ENSG00000023572","downregulated",FALSE,FALSE,"Neither_bound","Neither_bound_downregulated"
"ENSG00000261087.1","ZNNT1",111.690749553273,-1.10809099126626,0.204608708484094,-5.41565898869062,6.10633841559328e-08,4.76499203539795e-07,"ENSG00000261087","downregulated",FALSE,FALSE,"Neither_bound","Neither_bound_downregulated"
"ENSG00000235545.1","DOCK7-DT",51.1786469813835,-1.63923562527064,0.302705856308039,-5.41527555913065,6.11943887522049e-08,4.77411804578524e-07,"ENSG00000235545","downregulated",FALSE,FALSE,"Neither_bound","Neither_bound_downregulated"
"ENSG00000257126.6","ENSG00000257126.6",71.1972068171205,-1.32855250100499,0.245491110651541,-5.41181510596848,6.23890902328016e-08,4.85951070173768e-07,"ENSG00000257126","downregulated",FALSE,FALSE,"Neither_bound","Neither_bound_downregulated"
"ENSG00000231829.4","ENSG00000231829.4",23.1067709659679,-2.37956945089327,0.440015991816912,-5.40791583748483,6.37623727454648e-08,4.96533763736348e-07,"ENSG00000231829","downregulated",FALSE,FALSE,"Neither_bound","Neither_bound_downregulated"
"ENSG00000101353.16","MROH8",41.2098950078782,-1.71653576919186,0.317614483907501,-5.40446313428125,6.50027906081166e-08,5.05845313030127e-07,"ENSG00000101353","downregulated",FALSE,FALSE,"Neither_bound","Neither_bound_downregulated"
"ENSG00000272221.1","ENSG00000272221.1",12.3414027451425,-4.68276103262567,0.86666625257879,-5.40318838848516,6.54666385314926e-08,5.09338244992612e-07,"ENSG00000272221","downregulated",FALSE,FALSE,"Neither_bound","Neither_bound_downregulated"
"ENSG00000268364.3","ENSG00000268364.3",112.335353122723,-1.13080707008542,0.209294317272016,-5.40295161772468,6.55531458450032e-08,5.09894494633173e-07,"ENSG00000268364","downregulated",FALSE,FALSE,"Neither_bound","Neither_bound_downregulated"
"ENSG00000147123.12","NDUFB11",543.18678796545,-1.01878946836762,0.188743323670692,-5.39775102268063,6.74814227394483e-08,5.24292993507223e-07,"ENSG00000147123","downregulated",FALSE,FALSE,"Neither_bound","Neither_bound_downregulated"
"ENSG00000125675.20","GRIA3",59.1091363667783,-1.42187718342071,0.263502837691884,-5.3960602317434,6.81200871196169e-08,5.28931511814709e-07,"ENSG00000125675","downregulated",FALSE,FALSE,"Neither_bound","Neither_bound_downregulated"
"ENSG00000235748.1","ENSG00000235748.1",15.2009303895733,-3.34863488338869,0.621604849009209,-5.38707973196502,7.16116715573405e-08,5.5485977633662e-07,"ENSG00000235748","downregulated",FALSE,FALSE,"Neither_bound","Neither_bound_downregulated"
"ENSG00000291055.1","SDHAP3",106.815621970689,-1.14622784043784,0.212939942222389,-5.3828691248575,7.33078401420967e-08,5.67484210106368e-07,"ENSG00000291055","downregulated",FALSE,FALSE,"Neither_bound","Neither_bound_downregulated"
"ENSG00000277972.2","CISD3",183.812181154437,-1.1903912261361,0.221175702091226,-5.38210669110981,7.3619106019883e-08,5.69763908244107e-07,"ENSG00000277972","downregulated",FALSE,FALSE,"Neither_bound","Neither_bound_downregulated"
"ENSG00000275481.1","ENSG00000275481.1",35.2992433845879,-1.85462500881681,0.344776436630498,-5.37921044414192,7.4813216349184e-08,5.78346684785863e-07,"ENSG00000275481","downregulated",FALSE,FALSE,"Neither_bound","Neither_bound_downregulated"
"ENSG00000145087.14","STXBP5L",17.8183827770451,-2.71614437096871,0.504948186888114,-5.37905559718458,7.48775845968851e-08,5.78712581020931e-07,"ENSG00000145087","downregulated",FALSE,FALSE,"Neither_bound","Neither_bound_downregulated"
"ENSG00000266538.1","ENSG00000266538.1",64.0735190908213,-1.39371103960039,0.259182031367176,-5.37734437934843,7.55925010138298e-08,5.83972270738634e-07,"ENSG00000266538","downregulated",FALSE,FALSE,"Neither_bound","Neither_bound_downregulated"
"ENSG00000266533.1","MIR3619",49.6647398037565,-1.74377621190788,0.324905829580287,-5.3670203891401,8.00480107750657e-08,6.17129103496921e-07,"ENSG00000266533","downregulated",FALSE,FALSE,"Neither_bound","Neither_bound_downregulated"
"ENSG00000289184.1","ENSG00000289184.1",17.6483984200756,-3.13389667203732,0.58524177761801,-5.35487518473576,8.56154961573541e-08,6.57217440332882e-07,"ENSG00000289184","downregulated",FALSE,FALSE,"Neither_bound","Neither_bound_downregulated"
"ENSG00000230718.1","ENSG00000230718.1",26.804205983039,-2.10269077638902,0.392801753221988,-5.35305853179505,8.64798597397082e-08,6.634028626103e-07,"ENSG00000230718","downregulated",FALSE,FALSE,"Neither_bound","Neither_bound_downregulated"
"ENSG00000204219.11","TCEA3",33.2129549483626,-1.84775800964387,0.347803658469918,-5.31264684728348,1.08044297312041e-07,8.21223694583889e-07,"ENSG00000204219","downregulated",FALSE,FALSE,"Neither_bound","Neither_bound_downregulated"
"ENSG00000250365.7","HEATR5A-DT",11.9536351000548,-4.59031873505812,0.864371215154488,-5.31058722754633,1.09272568461826e-07,8.29816813215137e-07,"ENSG00000250365","downregulated",FALSE,FALSE,"Neither_bound","Neither_bound_downregulated"
"ENSG00000287969.1","ENSG00000287969.1",15.6708894090938,-3.10747490069675,0.585282189873863,-5.30936179924842,1.10009763085823e-07,8.34668669309638e-07,"ENSG00000287969","downregulated",FALSE,FALSE,"Neither_bound","Neither_bound_downregulated"
"ENSG00000133641.18","RLIG1",195.818333147649,-1.19133484251373,0.224417229416184,-5.30857120735762,1.10487920090629e-07,8.38109350075586e-07,"ENSG00000133641","downregulated",FALSE,FALSE,"Neither_bound","Neither_bound_downregulated"
"ENSG00000278275.2","ENSG00000278275.2",76.2877236148624,-1.38398492807773,0.261016282380412,-5.30229346405552,1.14356812311638e-07,8.65138574744256e-07,"ENSG00000278275","downregulated",FALSE,FALSE,"Neither_bound","Neither_bound_downregulated"
"ENSG00000238273.3","ENSG00000238273.3",111.160769369478,-1.1686155432283,0.220417333913617,-5.30183140535714,1.14646695589413e-07,8.67138489374568e-07,"ENSG00000238273","downregulated",FALSE,FALSE,"Neither_bound","Neither_bound_downregulated"
"ENSG00000130592.17","LSP1",20.1105493648966,-2.55093383987012,0.481208122937127,-5.30110303271713,1.15105101588628e-07,8.70218137271872e-07,"ENSG00000130592","downregulated",FALSE,FALSE,"Neither_bound","Neither_bound_downregulated"
"ENSG00000289318.2","ENSG00000289318.2",119.419299575649,-1.14611142001653,0.216330536723939,-5.29796411257044,1.17100973731749e-07,8.84519874520801e-07,"ENSG00000289318","downregulated",FALSE,FALSE,"Neither_bound","Neither_bound_downregulated"
"ENSG00000248690.8","LOC124906789",39.2882950496965,-1.93851545471978,0.366301080991103,-5.29213686586655,1.2089535835523e-07,9.11761441520973e-07,"ENSG00000248690","downregulated",FALSE,FALSE,"Neither_bound","Neither_bound_downregulated"
"ENSG00000256188.3","TAS2R30",63.969819779437,-1.35187423584438,0.255578456141563,-5.28946866748263,1.22672193434685e-07,9.24751235372698e-07,"ENSG00000256188","downregulated",FALSE,FALSE,"Neither_bound","Neither_bound_downregulated"
"ENSG00000106992.19","AK1",25.9315528414884,-2.10740006739202,0.39844008809292,-5.28912659737328,1.22901807593255e-07,9.26071118085114e-07,"ENSG00000106992","downregulated",FALSE,FALSE,"Neither_bound","Neither_bound_downregulated"
"ENSG00000278842.1","ENSG00000278842.1",19.2964234064974,-2.50409350615804,0.473690498826129,-5.28634944623869,1.24781422287653e-07,9.39817151278712e-07,"ENSG00000278842","downregulated",FALSE,FALSE,"Neither_bound","Neither_bound_downregulated"
"ENSG00000149792.9","MRPL49",517.275105640486,-1.0662405585846,0.201864990421848,-5.28194887264216,1.27816872196893e-07,9.61400246852098e-07,"ENSG00000149792","downregulated",FALSE,FALSE,"Neither_bound","Neither_bound_downregulated"
"ENSG00000224397.9","PELATON",12.620237638428,-3.84481913480154,0.728374420832308,-5.27863009028804,1.30153248154562e-07,9.78107418874816e-07,"ENSG00000224397","downregulated",FALSE,FALSE,"Neither_bound","Neither_bound_downregulated"
"ENSG00000239552.2","ENSG00000239552.2",72.4471272839982,-1.31229393650988,0.248620672716322,-5.27829774641151,1.30389476491299e-07,9.79449300631674e-07,"ENSG00000239552","downregulated",FALSE,FALSE,"Neither_bound","Neither_bound_downregulated"
"ENSG00000185245.9","GP1BA",92.7958061303746,-1.18827412812066,0.225266365559312,-5.27497358591595,1.32775210284721e-07,9.96733586072063e-07,"ENSG00000185245","downregulated",FALSE,FALSE,"Neither_bound","Neither_bound_downregulated"
"ENSG00000270872.2","ENSG00000270872.2",69.5748773554437,-1.31785015952424,0.249864595541646,-5.27425726989236,1.33294809235711e-07,1.00002874535364e-06,"ENSG00000270872","downregulated",FALSE,FALSE,"Neither_bound","Neither_bound_downregulated"
"ENSG00000286505.1","ENSG00000286505.1",22.3747597925892,-2.30454671080837,0.437581251700429,-5.26655724360439,1.39005915648169e-07,1.0395757249531e-06,"ENSG00000286505","downregulated",FALSE,FALSE,"Neither_bound","Neither_bound_downregulated"
"ENSG00000235020.5","ENSG00000235020.5",13.628791691756,-3.59632144549492,0.683150086794602,-5.26432114261914,1.40708306323184e-07,1.05115015376862e-06,"ENSG00000235020","downregulated",FALSE,FALSE,"Neither_bound","Neither_bound_downregulated"
"ENSG00000132623.16","ANKEF1",106.752127051438,-1.11921597356154,0.212720593885779,-5.26143686004614,1.42933974027401e-07,1.06683832778791e-06,"ENSG00000132623","downregulated",FALSE,FALSE,"Neither_bound","Neither_bound_downregulated"
"ENSG00000260578.1","ENSG00000260578.1",32.9083671317441,-2.02944236271673,0.385773543290063,-5.26070902998859,1.43500964846369e-07,1.07059977463243e-06,"ENSG00000260578","downregulated",FALSE,FALSE,"Neither_bound","Neither_bound_downregulated"
"ENSG00000100526.21","CDKN3",127.919979968263,-1.4174784890372,0.269451886964988,-5.2605996009276,1.4358639967096e-07,1.07100193764233e-06,"ENSG00000100526","downregulated",FALSE,FALSE,"Neither_bound","Neither_bound_downregulated"
"ENSG00000110455.14","ACCS",85.8567293832083,-1.21146764375335,0.230381431508742,-5.25852989027624,1.45211585431288e-07,1.08288630821734e-06,"ENSG00000110455","downregulated",FALSE,FALSE,"Neither_bound","Neither_bound_downregulated"
"ENSG00000221962.5","ENSG00000221962.5",85.4435291442339,-1.46594636994947,0.278912323976589,-5.25593974855165,1.47270502752886e-07,1.09655511563131e-06,"ENSG00000221962","downregulated",FALSE,FALSE,"Neither_bound","Neither_bound_downregulated"
"ENSG00000233061.1","TTLL7-IT1",81.3979585227976,-1.41214685077598,0.268830796021595,-5.25292069091125,1.49706011308019e-07,1.11298178859943e-06,"ENSG00000233061","downregulated",FALSE,FALSE,"Neither_bound","Neither_bound_downregulated"
"ENSG00000259866.1","LOC100420642",14.8899465576557,-3.1084734378915,0.592308614881399,-5.2480638636565,1.53706018412242e-07,1.14122099091302e-06,"ENSG00000259866","downregulated",FALSE,FALSE,"Neither_bound","Neither_bound_downregulated"
"ENSG00000174963.18","ZIC4",161.13063331052,-1.0514161548328,0.200504842490517,-5.24384419734167,1.57265013007702e-07,1.16637073402743e-06,"ENSG00000174963","downregulated",FALSE,FALSE,"Neither_bound","Neither_bound_downregulated"
"ENSG00000075073.16","TACR2",37.2606035861201,-1.77575292657319,0.33871453414475,-5.24262394307036,1.58308980496075e-07,1.17385711623896e-06,"ENSG00000075073","downregulated",FALSE,FALSE,"Neither_bound","Neither_bound_downregulated"
"ENSG00000222898.1","RN7SKP97",47.3645389696045,-1.65793460584925,0.316616514890681,-5.23641227755187,1.63728004780424e-07,1.21086716010918e-06,"ENSG00000222898","downregulated",FALSE,FALSE,"Neither_bound","Neither_bound_downregulated"
"ENSG00000092208.19","GEMIN2",75.1513554605961,-1.31289476219802,0.250763803455198,-5.23558322257057,1.64464697018735e-07,1.21578603445754e-06,"ENSG00000092208","downregulated",FALSE,FALSE,"Neither_bound","Neither_bound_downregulated"
"ENSG00000235529.2","AGAP1-IT1",53.3603453967015,-1.62265683569061,0.310279430719965,-5.22966292649639,1.69819383050104e-07,1.25400539205346e-06,"ENSG00000235529","downregulated",FALSE,FALSE,"Neither_bound","Neither_bound_downregulated"
"ENSG00000107960.12","STN1",172.516679642091,-1.02063047339767,0.195381679812719,-5.22377775836499,1.75309171532716e-07,1.292857563748e-06,"ENSG00000107960","downregulated",FALSE,FALSE,"Neither_bound","Neither_bound_downregulated"
"ENSG00000145861.9","C1QTNF2",13.1619215958511,-3.53523756708732,0.676914608961293,-5.22257537403728,1.76451696381264e-07,1.3007185813105e-06,"ENSG00000145861","downregulated",FALSE,FALSE,"Neither_bound","Neither_bound_downregulated"
"ENSG00000227279.2","ENSG00000227279.2",31.6449955455323,-1.94963394343384,0.373360815562107,-5.22184938046754,1.77145029020824e-07,1.3055461804685e-06,"ENSG00000227279","downregulated",FALSE,FALSE,"Neither_bound","Neither_bound_downregulated"
"ENSG00000223152.1","RNU4-88P",28.9870377111808,-2.11858735510459,0.40591497998491,-5.21928842139147,1.79611870015618e-07,1.32257879919586e-06,"ENSG00000223152","downregulated",FALSE,FALSE,"Neither_bound","Neither_bound_downregulated"
"ENSG00000278505.5","C17orf78",29.3208115256694,-2.03429753111086,0.389936653684326,-5.21699489363143,1.8184927099233e-07,1.33818371686903e-06,"ENSG00000278505","downregulated",FALSE,FALSE,"Neither_bound","Neither_bound_downregulated"
"ENSG00000287169.1","ENSG00000287169.1",31.578943970614,-2.02986090432628,0.389286514429024,-5.21431087152742,1.84501833161871e-07,1.35614165155977e-06,"ENSG00000287169","downregulated",FALSE,FALSE,"Neither_bound","Neither_bound_downregulated"
"ENSG00000164220.7","F2RL2",25.7868212070613,-2.05291170066704,0.393888593348736,-5.21190949759101,1.86906731529178e-07,1.37272386088284e-06,"ENSG00000164220","downregulated",FALSE,FALSE,"Neither_bound","Neither_bound_downregulated"
"ENSG00000006638.13","TBXA2R",83.4202702356959,-1.20006094447352,0.230700101390623,-5.20182235395542,1.97343815451357e-07,1.4450042516171e-06,"ENSG00000006638","downregulated",FALSE,FALSE,"Neither_bound","Neither_bound_downregulated"
"ENSG00000250133.2","HOXC-AS2",61.9258230065579,-1.49837166755965,0.288176245405124,-5.19949750005665,1.99828014842072e-07,1.46258159190078e-06,"ENSG00000250133","downregulated",FALSE,FALSE,"Neither_bound","Neither_bound_downregulated"
"ENSG00000149506.12","ZP1",17.5192019610673,-2.60869978598519,0.50200120702233,-5.19660062464581,2.02965758582684e-07,1.48488927149184e-06,"ENSG00000149506","downregulated",FALSE,FALSE,"Neither_bound","Neither_bound_downregulated"
"ENSG00000160219.12","GAB3",43.121118750023,-1.61758141629161,0.311350708029814,-5.19536771420066,2.04315580536079e-07,1.4937993197696e-06,"ENSG00000160219","downregulated",FALSE,FALSE,"Neither_bound","Neither_bound_downregulated"
"ENSG00000269837.1","ENSG00000269837.1",97.1176872965539,-1.13572296410447,0.218671429647369,-5.19374188907963,2.06108845081416e-07,1.50593788980975e-06,"ENSG00000269837","downregulated",FALSE,FALSE,"Neither_bound","Neither_bound_downregulated"
"ENSG00000139151.16","PLCZ1",11.6041301847976,-5.01183699300511,0.965844279932655,-5.18907353611347,2.11342930251479e-07,1.5415281629337e-06,"ENSG00000139151","downregulated",FALSE,FALSE,"Neither_bound","Neither_bound_downregulated"
"ENSG00000232821.1","ENSG00000232821.1",16.1044862695437,-3.055905677991,0.589790806875623,-5.181338268359,2.20299557353731e-07,1.60375811491461e-06,"ENSG00000232821","downregulated",FALSE,FALSE,"Neither_bound","Neither_bound_downregulated"
"ENSG00000139351.15","SYCP3",76.2743630363158,-1.43023874683247,0.276087626809127,-5.18037973437059,2.21434656432803e-07,1.61167611092981e-06,"ENSG00000139351","downregulated",FALSE,FALSE,"Neither_bound","Neither_bound_downregulated"
"ENSG00000232325.4","ENSG00000232325.4",7.50174503585015,-6.81462456366525,1.3160569234259,-5.17806216613011,2.24202527958942e-07,1.63042420674574e-06,"ENSG00000232325","downregulated",FALSE,FALSE,"Neither_bound","Neither_bound_downregulated"
"ENSG00000197558.13","SSPOP",49.8638124292107,-1.59271460777823,0.308018558135796,-5.1708397617914,2.33044339177091e-07,1.69146369939475e-06,"ENSG00000197558","downregulated",FALSE,FALSE,"Neither_bound","Neither_bound_downregulated"
"ENSG00000278126.1","ENSG00000278126.1",20.8911935779377,-2.33091928407342,0.451316941831777,-5.16470592620084,2.4081722640441e-07,1.74526979869959e-06,"ENSG00000278126","downregulated",FALSE,FALSE,"Neither_bound","Neither_bound_downregulated"
"ENSG00000261799.1","ENSG00000261799.1",56.6346735468378,-1.44050308821963,0.279182744029907,-5.15971391149202,2.47327488991673e-07,1.79054137810511e-06,"ENSG00000261799","downregulated",FALSE,FALSE,"Neither_bound","Neither_bound_downregulated"
"ENSG00000275183.2","LENG9",39.4346510140807,-1.6191598608877,0.313938983254677,-5.15756228838323,2.50185634852631e-07,1.81046136443847e-06,"ENSG00000275183","downregulated",FALSE,FALSE,"Neither_bound","Neither_bound_downregulated"
"ENSG00000224602.1","ENSG00000224602.1",12.2454013435264,-6.53808886826151,1.26770354271189,-5.15742730691997,2.50365999458567e-07,1.811380675103e-06,"ENSG00000224602","downregulated",FALSE,FALSE,"Neither_bound","Neither_bound_downregulated"
"ENSG00000260197.1","ENSG00000260197.1",12.5608744141669,-3.3729637470763,0.654154186661449,-5.15622129438719,2.51983079068812e-07,1.82269191435465e-06,"ENSG00000260197","downregulated",FALSE,FALSE,"Neither_bound","Neither_bound_downregulated"
"ENSG00000233276.9","GPX1",93.8730178627724,-1.28779697089623,0.249760301399533,-5.15613155365386,2.52103810237613e-07,1.82317696958724e-06,"ENSG00000233276","downregulated",FALSE,FALSE,"Neither_bound","Neither_bound_downregulated"
"ENSG00000254837.2","LIPT2-AS1",28.8380083691473,-1.93853144447167,0.377195857354536,-5.13932326316508,2.75729693487405e-07,1.98726633320182e-06,"ENSG00000254837","downregulated",FALSE,FALSE,"Neither_bound","Neither_bound_downregulated"
"ENSG00000234159.1","ENSG00000234159.1",18.1519734652168,-2.68474509901937,0.52287707822582,-5.13456261676072,2.82800929247271e-07,2.03563932288013e-06,"ENSG00000234159","downregulated",FALSE,FALSE,"Neither_bound","Neither_bound_downregulated"
"ENSG00000117834.13","SLC5A9",68.6295167677008,-1.46226909806501,0.28486171127642,-5.13325954377235,2.84766779443318e-07,2.04892140735663e-06,"ENSG00000117834","downregulated",FALSE,FALSE,"Neither_bound","Neither_bound_downregulated"
"ENSG00000252960.1","RN7SKP258",13.8975464502572,-3.46416771911789,0.67495916771613,-5.13241079581103,2.86054313138057e-07,2.05731376427557e-06,"ENSG00000252960","downregulated",FALSE,FALSE,"Neither_bound","Neither_bound_downregulated"
"ENSG00000251187.5","ENSG00000251187.5",19.0209875474182,-2.59355014861675,0.506912818265883,-5.11636331763935,3.11482812873995e-07,2.23451915263017e-06,"ENSG00000251187","downregulated",FALSE,FALSE,"Neither_bound","Neither_bound_downregulated"
"ENSG00000223842.1","ENSG00000223842.1",26.8663257517581,-2.06721446653292,0.404202257998954,-5.11430707182807,3.14894744056661e-07,2.25756535798157e-06,"ENSG00000223842","downregulated",FALSE,FALSE,"Neither_bound","Neither_bound_downregulated"
"ENSG00000269609.6","C10orf95-AS1",96.4271560311571,-1.13925517142448,0.222768016944046,-5.11408768212283,3.15260900789977e-07,2.25923676751771e-06,"ENSG00000269609","downregulated",FALSE,FALSE,"Neither_bound","Neither_bound_downregulated"
"ENSG00000281398.4","SNHG4",166.541173003982,-1.03822717360007,0.203109257097184,-5.11166841156479,3.1932596869656e-07,2.28547503259266e-06,"ENSG00000281398","downregulated",FALSE,FALSE,"Neither_bound","Neither_bound_downregulated"
"ENSG00000276673.1","ENSG00000276673.1",31.5344819057212,-1.92887364905554,0.377561193723614,-5.1087709254027,3.24261197231738e-07,2.31933130081442e-06,"ENSG00000276673","downregulated",FALSE,FALSE,"Neither_bound","Neither_bound_downregulated"
"ENSG00000234982.1","RPL7AP47",24.326168409823,-2.57133056087445,0.503642765086767,-5.10546510170055,3.29981885334943e-07,2.35628015157817e-06,"ENSG00000234982","downregulated",FALSE,FALSE,"Neither_bound","Neither_bound_downregulated"
"ENSG00000255029.2","ENSG00000255029.2",14.8284354415033,-3.26491453960774,0.639552331079119,-5.1049998271429,3.30794817648888e-07,2.36109232315559e-06,"ENSG00000255029","downregulated",FALSE,FALSE,"Neither_bound","Neither_bound_downregulated"
"ENSG00000256315.1","CADM1-AS1",55.1011669568525,-1.44461848692567,0.282983554072012,-5.10495562776788,3.30872143711263e-07,2.36114810453449e-06,"ENSG00000256315","downregulated",FALSE,FALSE,"Neither_bound","Neither_bound_downregulated"
"ENSG00000185607.5","ENSG00000185607.5",82.2763952292104,-1.43913862496948,0.282064029841969,-5.10216997812794,3.3578095480008e-07,2.39517166582299e-06,"ENSG00000185607","downregulated",FALSE,FALSE,"Neither_bound","Neither_bound_downregulated"
"ENSG00000133983.16","COX16",21.4798937397825,-2.31948528728856,0.455084017134142,-5.09682871724511,3.45390567070023e-07,2.45907079904308e-06,"ENSG00000133983","downregulated",FALSE,FALSE,"Neither_bound","Neither_bound_downregulated"
"ENSG00000260455.2","ENSG00000260455.2",34.036283268566,-1.8990008173327,0.372859283746754,-5.09307639667757,3.52299654302021e-07,2.50563539726362e-06,"ENSG00000260455","downregulated",FALSE,FALSE,"Neither_bound","Neither_bound_downregulated"
"ENSG00000137561.5","TTPA",16.4590393339896,-2.65537107617119,0.521550613374779,-5.09130084037132,3.55615271542769e-07,2.52868736524278e-06,"ENSG00000137561","downregulated",FALSE,FALSE,"Neither_bound","Neither_bound_downregulated"
"ENSG00000270589.1","ENSG00000270589.1",34.203449307696,-1.80501797861253,0.354826655179739,-5.08704166460715,3.6369195775546e-07,2.58287443467227e-06,"ENSG00000270589","downregulated",FALSE,FALSE,"Neither_bound","Neither_bound_downregulated"
"ENSG00000229020.4","ENSG00000229020.4",93.4112842641775,-1.27093355222912,0.249885534269928,-5.08606292854172,3.6557280022076e-07,2.59514668294645e-06,"ENSG00000229020","downregulated",FALSE,FALSE,"Neither_bound","Neither_bound_downregulated"
"ENSG00000212186.1","RNU6-258P",40.6693664643287,-1.72488935491399,0.339215007938323,-5.08494410491301,3.67734349653598e-07,2.60940054084675e-06,"ENSG00000212186","downregulated",FALSE,FALSE,"Neither_bound","Neither_bound_downregulated"
"ENSG00000077238.14","IL4R",61.841185118071,-1.40337458662989,0.276055166237911,-5.0836744182517,3.70202306664946e-07,2.62636423408414e-06,"ENSG00000077238","downregulated",FALSE,FALSE,"Neither_bound","Neither_bound_downregulated"
"ENSG00000289463.1","ENSG00000289463.1",143.75362257923,-1.11764877651474,0.21993562589951,-5.0817086679054,3.74054800048415e-07,2.65092707032017e-06,"ENSG00000289463","downregulated",FALSE,FALSE,"Neither_bound","Neither_bound_downregulated"
"ENSG00000144120.13","TMEM177",72.4041519448852,-1.26700006301603,0.249510988203075,-5.07793292848821,3.81563336029161e-07,2.70244858178452e-06,"ENSG00000144120","downregulated",FALSE,FALSE,"Neither_bound","Neither_bound_downregulated"
"ENSG00000251076.1","LOC101927023",16.2821922459038,-2.65125004523638,0.522144611641746,-5.07761640381622,3.82199351392852e-07,2.70638890308784e-06,"ENSG00000251076","downregulated",FALSE,FALSE,"Neither_bound","Neither_bound_downregulated"
"ENSG00000227308.2","ENSG00000227308.2",25.3019021797156,-2.03478049891587,0.400866828533439,-5.07595129873944,3.85562047824626e-07,2.72849409177227e-06,"ENSG00000227308","downregulated",FALSE,FALSE,"Neither_bound","Neither_bound_downregulated"
"ENSG00000254440.3","PBOV1",34.5411934891573,-1.81876892799592,0.358372632234043,-5.07507762704419,3.87337838638581e-07,2.739919138458e-06,"ENSG00000254440","downregulated",FALSE,FALSE,"Neither_bound","Neither_bound_downregulated"
"ENSG00000111678.11","C12orf57",38.7265806753256,-1.91611494092029,0.377611432417387,-5.07430330870477,3.88918282847799e-07,2.7499534204359e-06,"ENSG00000111678","downregulated",FALSE,FALSE,"Neither_bound","Neither_bound_downregulated"
"ENSG00000279561.3","LOC100132249",79.7111630722973,-1.21778847052621,0.240104979396573,-5.07190010630654,3.93863134035151e-07,2.7814434380262e-06,"ENSG00000279561","downregulated",FALSE,FALSE,"Neither_bound","Neither_bound_downregulated"
"ENSG00000283197.1","ENSG00000283197.1",13.9721356382792,-3.30947153806169,0.652671934583596,-5.0706509085198,3.96457402956699e-07,2.79844546436238e-06,"ENSG00000283197","downregulated",FALSE,FALSE,"Neither_bound","Neither_bound_downregulated"
"ENSG00000233178.7","LOC105376070",18.5504542190742,-2.44691905717385,0.482567839847661,-5.07062190042814,3.96517840908388e-07,2.79844546436238e-06,"ENSG00000233178","downregulated",FALSE,FALSE,"Neither_bound","Neither_bound_downregulated"
"ENSG00000116791.14","CRYZ",286.171874944301,-1.1618609593147,0.229470584241819,-5.06322395593117,4.12225111204054e-07,2.90447263583889e-06,"ENSG00000116791","downregulated",FALSE,FALSE,"Neither_bound","Neither_bound_downregulated"
"ENSG00000271101.1","ENSG00000271101.1",12.0684550650361,-6.42252319598383,1.26986071664843,-5.05765956201476,4.24433259512579e-07,2.98801014696856e-06,"ENSG00000271101","downregulated",FALSE,FALSE,"Neither_bound","Neither_bound_downregulated"
"ENSG00000201900.1","RNY1P13",28.0115689834529,-1.99889438143986,0.395308704603748,-5.05654026375039,4.26930765585056e-07,3.00496979805081e-06,"ENSG00000201900","downregulated",FALSE,FALSE,"Neither_bound","Neither_bound_downregulated"
"ENSG00000196136.18","SERPINA3",10.8129806593817,-4.08139852101607,0.807883165717438,-5.05196629192243,4.37284884880379e-07,3.07338981370095e-06,"ENSG00000196136","downregulated",FALSE,FALSE,"Neither_bound","Neither_bound_downregulated"
"ENSG00000280020.1","ENSG00000280020.1",17.3947727984318,-2.58429771260772,0.51159485415336,-5.05145368767339,4.3846025299475e-07,3.08037598215629e-06,"ENSG00000280020","downregulated",FALSE,FALSE,"Neither_bound","Neither_bound_downregulated"
"ENSG00000286427.1","ENSG00000286427.1",13.7841987124323,-3.01463073298174,0.59679256618324,-5.05138787545843,4.38611376695583e-07,3.08080050529271e-06,"ENSG00000286427","downregulated",FALSE,FALSE,"Neither_bound","Neither_bound_downregulated"
"ENSG00000234902.6","ENSG00000234902.6",13.2759013384337,-3.10966523300528,0.615675954988574,-5.05081481225459,4.39929419461094e-07,3.08941958243838e-06,"ENSG00000234902","downregulated",FALSE,FALSE,"Neither_bound","Neither_bound_downregulated"
"ENSG00000285169.2","ENSG00000285169.2",42.7121478974573,-1.60630509143604,0.318491353841332,-5.0434809989733,4.57138181421151e-07,3.20165973677037e-06,"ENSG00000285169","downregulated",FALSE,FALSE,"Neither_bound","Neither_bound_downregulated"
"ENSG00000251682.1","ENSG00000251682.1",83.404943089678,-1.36046550763371,0.269895962072825,-5.04070345174938,4.63823730185693e-07,3.2458105617939e-06,"ENSG00000251682","downregulated",FALSE,FALSE,"Neither_bound","Neither_bound_downregulated"
"ENSG00000260855.1","ENSG00000260855.1",61.4939692691054,-1.63899428339289,0.325437445700747,-5.03628056649636,4.74664678492767e-07,3.31757403272476e-06,"ENSG00000260855","downregulated",FALSE,FALSE,"Neither_bound","Neither_bound_downregulated"
"ENSG00000223117.1","ENSG00000223117.1",14.1449684392065,-3.00003370737758,0.595973987373712,-5.03383330637949,4.8076776839769e-07,3.35602156397754e-06,"ENSG00000223117","downregulated",FALSE,FALSE,"Neither_bound","Neither_bound_downregulated"
"ENSG00000271716.1","ENSG00000271716.1",22.416188576949,-2.26746546421794,0.450671608978723,-5.03130310195554,4.87157258244726e-07,3.39859473157873e-06,"ENSG00000271716","downregulated",FALSE,FALSE,"Neither_bound","Neither_bound_downregulated"
"ENSG00000183055.5","ENSG00000183055.5",18.7798220428801,-2.41433291328058,0.480078808296015,-5.02903454924406,4.92955572708574e-07,3.43692834436881e-06,"ENSG00000183055","downregulated",FALSE,FALSE,"Neither_bound","Neither_bound_downregulated"
"ENSG00000265194.1","ENSG00000265194.1",182.279364931945,-1.01299806095469,0.20177092460081,-5.02053535690954,5.15276650294195e-07,3.58519403055985e-06,"ENSG00000265194","downregulated",FALSE,FALSE,"Neither_bound","Neither_bound_downregulated"
"ENSG00000133111.4","RFXAP",67.0053534878447,-1.28693395175223,0.256425527304255,-5.01874351310292,5.20105351658691e-07,3.6173092926172e-06,"ENSG00000133111","downregulated",FALSE,FALSE,"Neither_bound","Neither_bound_downregulated"
"ENSG00000133048.13","CHI3L1",139.543065490062,-1.17614507987315,0.234393341090453,-5.01782633585685,5.22593835746444e-07,3.63312881961425e-06,"ENSG00000133048","downregulated",FALSE,FALSE,"Neither_bound","Neither_bound_downregulated"
"ENSG00000270909.1","ENSG00000270909.1",18.2966964871642,-2.55187957929046,0.508675735848889,-5.01671182532783,5.25633178413132e-07,3.65201632324346e-06,"ENSG00000270909","downregulated",FALSE,FALSE,"Neither_bound","Neither_bound_downregulated"
"ENSG00000231010.1","ENSG00000231010.1",52.4109237380318,-1.62035044790337,0.323116589792101,-5.01475473279146,5.31011588832589e-07,3.68712216873781e-06,"ENSG00000231010","downregulated",FALSE,FALSE,"Neither_bound","Neither_bound_downregulated"
"ENSG00000185220.12","PGBD2",36.5129872333455,-1.74149644500441,0.347325943980124,-5.01401198265818,5.33066646574888e-07,3.69987900507883e-06,"ENSG00000185220","downregulated",FALSE,FALSE,"Neither_bound","Neither_bound_downregulated"
"ENSG00000289392.1","ENSG00000289392.1",31.7274277519703,-1.87453176717377,0.374292115901359,-5.00820532289221,5.49399091374721e-07,3.80468671474343e-06,"ENSG00000289392","downregulated",FALSE,FALSE,"Neither_bound","Neither_bound_downregulated"
"ENSG00000231307.1","RPS3P2",16.7043806983405,-2.64522874273207,0.528212985075031,-5.00788283793577,5.50320149405252e-07,3.81028838870722e-06,"ENSG00000231307","downregulated",FALSE,FALSE,"Neither_bound","Neither_bound_downregulated"
"ENSG00000285103.2","ENSG00000285103.2",35.6724493008165,-1.74850710025995,0.349361509892205,-5.00486473395266,5.59012713080861e-07,3.86732053725676e-06,"ENSG00000285103","downregulated",FALSE,FALSE,"Neither_bound","Neither_bound_downregulated"
"ENSG00000213347.11","MXD3",132.908272135127,-1.00991428186607,0.201917043740598,-5.00162969483401,5.68477037079735e-07,3.92959462668385e-06,"ENSG00000213347","downregulated",FALSE,FALSE,"Neither_bound","Neither_bound_downregulated"
"ENSG00000227775.3","ENSG00000227775.3",159.220017992606,-1.02856709101522,0.206528101598789,-4.98027669383879,6.34934280487094e-07,4.37118922569632e-06,"ENSG00000227775","downregulated",FALSE,FALSE,"Neither_bound","Neither_bound_downregulated"
"ENSG00000198932.13","GPRASP1",97.4396558428609,-1.21379860790681,0.243989407587052,-4.97480042232465,6.53148969456178e-07,4.4911263551594e-06,"ENSG00000198932","downregulated",FALSE,FALSE,"Neither_bound","Neither_bound_downregulated"
"ENSG00000148450.13","MSRB2",95.117357968177,-1.35254669500692,0.27204587110528,-4.97175968711353,6.6347915690794e-07,4.55754499531828e-06,"ENSG00000148450","downregulated",FALSE,FALSE,"Neither_bound","Neither_bound_downregulated"
"ENSG00000244256.3","RN7SL130P",12.9292626845885,-3.29511996081013,0.663031303919607,-4.96978037285802,6.70287822679617e-07,4.60152319336727e-06,"ENSG00000244256","downregulated",FALSE,FALSE,"Neither_bound","Neither_bound_downregulated"
"ENSG00000105327.18","BBC3",109.011316157331,-1.16646965548633,0.23508347716149,-4.96193807225773,6.979324986956e-07,4.77874846113528e-06,"ENSG00000105327","downregulated",FALSE,FALSE,"Neither_bound","Neither_bound_downregulated"
"ENSG00000144115.18","THNSL2",32.3103795135942,-1.73445090683693,0.349710005622736,-4.95968339181018,7.0608162647986e-07,4.82773363290416e-06,"ENSG00000144115","downregulated",FALSE,FALSE,"Neither_bound","Neither_bound_downregulated"
"ENSG00000151490.15","PTPRO",40.0123452274338,-1.77249482845024,0.357452384234841,-4.95868794453399,7.09708590044768e-07,4.85155592405729e-06,"ENSG00000151490","downregulated",FALSE,FALSE,"Neither_bound","Neither_bound_downregulated"
"ENSG00000285077.4","ARHGAP11B",58.2958001708861,-1.42136131121024,0.287064260144507,-4.95136981000258,7.36929124277096e-07,5.02751727122804e-06,"ENSG00000285077","downregulated",FALSE,FALSE,"Neither_bound","Neither_bound_downregulated"
"ENSG00000266962.3","HSD17B1-AS1",36.0438073169989,-1.69626050556729,0.342647753359284,-4.95044981015437,7.40421507191774e-07,5.04931494806067e-06,"ENSG00000266962","downregulated",FALSE,FALSE,"Neither_bound","Neither_bound_downregulated"
"ENSG00000197935.7","ZNF311",22.5513308483543,-2.07371351609126,0.419239300261648,-4.94637195224077,7.56094235999407e-07,5.15102467076371e-06,"ENSG00000197935","downregulated",FALSE,FALSE,"Neither_bound","Neither_bound_downregulated"
"ENSG00000263494.1","ENSG00000263494.1",29.9520236917847,-1.87928273564948,0.380239442233553,-4.9423666430038,7.71798963670958e-07,5.25274838669107e-06,"ENSG00000263494","downregulated",FALSE,FALSE,"Neither_bound","Neither_bound_downregulated"
"ENSG00000225493.1","LINC01107",39.189779784487,-1.91926058725868,0.388465296596941,-4.94062302108301,7.78733409198135e-07,5.29307867077772e-06,"ENSG00000225493","downregulated",FALSE,FALSE,"Neither_bound","Neither_bound_downregulated"
"ENSG00000099256.19","PRTFDC1",43.681160100881,-1.61724851746572,0.327369706583218,-4.94012880527359,7.8070981385805e-07,5.30373653978327e-06,"ENSG00000099256","downregulated",FALSE,FALSE,"Neither_bound","Neither_bound_downregulated"
"ENSG00000163702.21","IL17RC",99.597599359805,-1.27575999522628,0.25882908224658,-4.9289669621086,8.26655506584921e-07,5.59025169175325e-06,"ENSG00000163702","downregulated",FALSE,FALSE,"Neither_bound","Neither_bound_downregulated"
"ENSG00000260862.1","LOC101928446",15.6718531856761,-2.7787791554444,0.565040290038571,-4.91784250509768,8.75032674704305e-07,5.89630942160665e-06,"ENSG00000260862","downregulated",FALSE,FALSE,"Neither_bound","Neither_bound_downregulated"
"ENSG00000255176.1","ENSG00000255176.1",40.7573657822412,-1.56803652893807,0.319352753909558,-4.91004542701438,9.10552970504186e-07,6.1246858023933e-06,"ENSG00000255176","downregulated",FALSE,FALSE,"Neither_bound","Neither_bound_downregulated"
"ENSG00000273173.6","SNURF",11.4173472221539,-5.57150194012384,1.13551305872482,-4.90659433400143,9.26714272777361e-07,6.2235330995851e-06,"ENSG00000273173","downregulated",FALSE,FALSE,"Neither_bound","Neither_bound_downregulated"
"ENSG00000181201.4","H2BC27P",6.3208605783691,-6.56303530621752,1.3388093316885,-4.90214338283725,9.47966019755557e-07,6.35718373337448e-06,"ENSG00000181201","downregulated",FALSE,FALSE,"Neither_bound","Neither_bound_downregulated"
"ENSG00000285812.1","ENSG00000285812.1",29.9632485135624,-1.80990978243994,0.369502914647663,-4.89822870319107,9.67044400003182e-07,6.47900674148089e-06,"ENSG00000285812","downregulated",FALSE,FALSE,"Neither_bound","Neither_bound_downregulated"
"ENSG00000164172.20","MOCS2",368.050707468405,-1.00088733592574,0.204475216306202,-4.89490782309241,9.83518166775948e-07,6.57770133668939e-06,"ENSG00000164172","downregulated",FALSE,FALSE,"Neither_bound","Neither_bound_downregulated"
"ENSG00000121454.6","LHX4",118.705860454297,-1.0128708649765,0.206958119896667,-4.89408613434555,9.87635789156562e-07,6.60263973353082e-06,"ENSG00000121454","downregulated",FALSE,FALSE,"Neither_bound","Neither_bound_downregulated"
"ENSG00000235374.2","ENSG00000235374.2",61.2184337671654,-1.31159997629585,0.268130653589212,-4.891645019839,9.99966744845868e-07,6.68244548277089e-06,"ENSG00000235374","downregulated",FALSE,FALSE,"Neither_bound","Neither_bound_downregulated"
"ENSG00000111237.19","VPS29",255.54210890817,-1.16705551855704,0.238589870921582,-4.89147135227974,1.00084962669291e-06,6.68571487109239e-06,"ENSG00000111237","downregulated",FALSE,FALSE,"Neither_bound","Neither_bound_downregulated"
"ENSG00000270190.1","ENSG00000270190.1",13.2396300124127,-3.35576980718341,0.686169790150026,-4.89058226601567,1.0053812821834e-06,6.71070768190324e-06,"ENSG00000270190","downregulated",FALSE,FALSE,"Neither_bound","Neither_bound_downregulated"
"ENSG00000254938.1","ENSG00000254938.1",13.9882835911564,-2.77990619384922,0.568418031848343,-4.89060170172595,1.00528200792174e-06,6.71070768190324e-06,"ENSG00000254938","downregulated",FALSE,FALSE,"Neither_bound","Neither_bound_downregulated"
"ENSG00000228043.5","ENSG00000228043.5",50.9170576431659,-1.42505433671348,0.291533703387634,-4.88812895440315,1.01798843830049e-06,6.78952116084648e-06,"ENSG00000228043","downregulated",FALSE,FALSE,"Neither_bound","Neither_bound_downregulated"
"ENSG00000249623.1","ENSG00000249623.1",10.0573951265318,-6.25468663564619,1.28028046106802,-4.88540349231642,1.0321725467255e-06,6.8773709429525e-06,"ENSG00000249623","downregulated",FALSE,FALSE,"Neither_bound","Neither_bound_downregulated"
"ENSG00000253552.8","ENSG00000253552.8",46.0857307256957,-1.4563038048657,0.298253204687955,-4.88277672117335,1.04602293241901e-06,6.9641918793432e-06,"ENSG00000253552","downregulated",FALSE,FALSE,"Neither_bound","Neither_bound_downregulated"
"ENSG00000120322.4","PCDHB8",17.7165789518481,-2.4166014421428,0.495002833559414,-4.88199516913016,1.05017829625581e-06,6.99048723637418e-06,"ENSG00000120322","downregulated",FALSE,FALSE,"Neither_bound","Neither_bound_downregulated"
"ENSG00000256124.6","LINC01152",30.7203146049363,-1.91010467578286,0.391360661217823,-4.88067622800681,1.05722691020307e-06,7.03327138381864e-06,"ENSG00000256124","downregulated",FALSE,FALSE,"Neither_bound","Neither_bound_downregulated"
"ENSG00000267648.1","ENSG00000267648.1",10.7512540895458,-6.25519385589916,1.28221484563123,-4.87842881964119,1.06934240632153e-06,7.10969325854958e-06,"ENSG00000267648","downregulated",FALSE,FALSE,"Neither_bound","Neither_bound_downregulated"
"ENSG00000233460.1","ENSG00000233460.1",24.1179272923528,-2.04102165736271,0.41875779649755,-4.87399082341539,1.09366072107497e-06,7.26711020607878e-06,"ENSG00000233460","downregulated",FALSE,FALSE,"Neither_bound","Neither_bound_downregulated"
"ENSG00000158571.11","PFKFB1",11.3697747814878,-4.35709742458704,0.894644856537219,-4.87019781396996,1.11486580717055e-06,7.40222082446623e-06,"ENSG00000158571","downregulated",FALSE,FALSE,"Neither_bound","Neither_bound_downregulated"
"ENSG00000126822.18","PLEKHG3",74.2143044238172,-1.27546556649121,0.262024035486598,-4.86774262568158,1.12880205024122e-06,7.49035906282356e-06,"ENSG00000126822","downregulated",FALSE,FALSE,"Neither_bound","Neither_bound_downregulated"
"ENSG00000267078.1","ENSG00000267078.1",27.9082561674582,-2.01854877047973,0.415221913977999,-4.86137340667113,1.16574120248316e-06,7.71588019601484e-06,"ENSG00000267078","downregulated",FALSE,FALSE,"Neither_bound","Neither_bound_downregulated"
"ENSG00000201944.1","LOC124900423",19.5161298677637,-2.26893850124859,0.467244405159608,-4.85599929328963,1.19781128202965e-06,7.92043091843161e-06,"ENSG00000201944","downregulated",FALSE,FALSE,"Neither_bound","Neither_bound_downregulated"
"ENSG00000276412.2","ENSG00000276412.2",55.8993561279995,-1.44864834810986,0.298412281354208,-4.85451986605857,1.20678772302218e-06,7.97668133403722e-06,"ENSG00000276412","downregulated",FALSE,FALSE,"Neither_bound","Neither_bound_downregulated"
"ENSG00000037965.6","HOXC8",90.8413557729464,-1.11920235755265,0.230681196140872,-4.85172773627019,1.22390564333218e-06,8.08039395387899e-06,"ENSG00000037965","downregulated",FALSE,FALSE,"Neither_bound","Neither_bound_downregulated"
"ENSG00000260886.2","TAT-AS1",11.023002241949,-3.44061155298124,0.709646890398845,-4.84834302739987,1.24496987142631e-06,8.20829514608091e-06,"ENSG00000260886","downregulated",FALSE,FALSE,"Neither_bound","Neither_bound_downregulated"
"ENSG00000188596.11","CFAP54",50.4777399411619,-1.34085279623751,0.277287399885173,-4.83560665501846,1.3274017788742e-06,8.72975481603077e-06,"ENSG00000188596","downregulated",FALSE,FALSE,"Neither_bound","Neither_bound_downregulated"
"ENSG00000153363.15","LINC00467",112.284801793466,-1.04641383688211,0.216576496911351,-4.83161308731682,1.3543125566024e-06,8.89812164848553e-06,"ENSG00000153363","downregulated",FALSE,FALSE,"Neither_bound","Neither_bound_downregulated"
"ENSG00000287837.1","ENSG00000287837.1",58.4654757803988,-1.35614057509085,0.280860412984156,-4.82852161570862,1.37550405353999e-06,9.01816670346391e-06,"ENSG00000287837","downregulated",FALSE,FALSE,"Neither_bound","Neither_bound_downregulated"
"ENSG00000287367.2","ENSG00000287367.2",17.2411250606578,-2.37531333739251,0.491959990293331,-4.82826527412571,1.37727547661595e-06,9.02803809141075e-06,"ENSG00000287367","downregulated",FALSE,FALSE,"Neither_bound","Neither_bound_downregulated"
"ENSG00000133392.18","MYH11",107.976094030943,-1.02538480726931,0.212810268454083,-4.81830512558445,1.44782840306599e-06,9.45766061448952e-06,"ENSG00000133392","downregulated",FALSE,FALSE,"Neither_bound","Neither_bound_downregulated"
"ENSG00000271889.1","C2orf74-AS1",18.9926545559612,-2.26080563684997,0.469261620011403,-4.81779361541444,1.45154397183873e-06,9.47828635821184e-06,"ENSG00000271889","downregulated",FALSE,FALSE,"Neither_bound","Neither_bound_downregulated"
"ENSG00000249035.7","CLMAT3",127.271144547552,-1.00721066378447,0.209120077653936,-4.81642257923826,1.46154834707275e-06,9.53994509096216e-06,"ENSG00000249035","downregulated",FALSE,FALSE,"Neither_bound","Neither_bound_downregulated"
"ENSG00000071539.14","TRIP13",151.857608332672,-1.1053013594734,0.229709845234239,-4.81172828420263,1.49630692485878e-06,9.74849345688426e-06,"ENSG00000071539","downregulated",FALSE,FALSE,"Neither_bound","Neither_bound_downregulated"
"ENSG00000291224.1","ENSG00000291224.1",65.686705458726,-1.26106185409421,0.262225405876716,-4.80907580208718,1.51629703456013e-06,9.87075079914495e-06,"ENSG00000291224","downregulated",FALSE,FALSE,"Neither_bound","Neither_bound_downregulated"
"ENSG00000240970.1","ENSG00000240970.1",84.3520782496871,-1.25787317891158,0.261569651695082,-4.8089415983851,1.51731523868527e-06,9.8754864969652e-06,"ENSG00000240970","downregulated",FALSE,FALSE,"Neither_bound","Neither_bound_downregulated"
"ENSG00000248343.1","ENSG00000248343.1",12.7586216350587,-3.15015215650063,0.655197075986824,-4.80794599358678,1.52488945099444e-06,9.92098158808256e-06,"ENSG00000248343","downregulated",FALSE,FALSE,"Neither_bound","Neither_bound_downregulated"
"ENSG00000286314.1","ENSG00000286314.1",175.732399454915,-1.02073268012447,0.212398459365327,-4.80574427505052,1.54176864611981e-06,1.00269571838785e-05,"ENSG00000286314","downregulated",FALSE,FALSE,"Neither_bound","Neither_bound_downregulated"
"ENSG00000100162.15","CENPM",91.4593904765248,-1.14704883557079,0.238686410896997,-4.80567298012535,1.54231821089796e-06,1.0028611215119e-05,"ENSG00000100162","downregulated",FALSE,FALSE,"Neither_bound","Neither_bound_downregulated"
"ENSG00000134184.13","GSTM1",57.8107818403417,-1.36043146763476,0.283223172471703,-4.803390399741,1.56001296416767e-06,1.01397857571465e-05,"ENSG00000134184","downregulated",FALSE,FALSE,"Neither_bound","Neither_bound_downregulated"
"ENSG00000186684.14","CYP27C1",34.2221802951809,-1.83088440403143,0.381215359727967,-4.8027561254036,1.56496445883071e-06,1.01661336273784e-05,"ENSG00000186684","downregulated",FALSE,FALSE,"Neither_bound","Neither_bound_downregulated"
"ENSG00000273824.1","ENSG00000273824.1",16.3025207449092,-2.42134529244941,0.504508609688658,-4.79941322298478,1.59131165508813e-06,1.03254392168163e-05,"ENSG00000273824","downregulated",FALSE,FALSE,"Neither_bound","Neither_bound_downregulated"
"ENSG00000267491.1","ENSG00000267491.1",41.8011356990738,-1.62911453243093,0.34004775590529,-4.79084041620514,1.66084185124288e-06,1.07478521628916e-05,"ENSG00000267491","downregulated",FALSE,FALSE,"Neither_bound","Neither_bound_downregulated"
"ENSG00000259396.1","ENSG00000259396.1",10.5887780490203,-3.64248997019119,0.760431319259914,-4.79003149651466,1.66755136069129e-06,1.07892161180879e-05,"ENSG00000259396","downregulated",FALSE,FALSE,"Neither_bound","Neither_bound_downregulated"
"ENSG00000290926.1","LINC03006",47.7182014940907,-1.42733288673075,0.298278522864498,-4.78523519904634,1.70787217986779e-06,1.10395817708371e-05,"ENSG00000290926","downregulated",FALSE,FALSE,"Neither_bound","Neither_bound_downregulated"
"ENSG00000291100.1","ENSG00000291100.1",82.0164878952476,-1.14855035100693,0.240157136397668,-4.78249519558348,1.73132526674095e-06,1.11805430913795e-05,"ENSG00000291100","downregulated",FALSE,FALSE,"Neither_bound","Neither_bound_downregulated"
"ENSG00000264370.1","MIR3125",14.4819342479699,-3.01990870793418,0.631701487157576,-4.78059458356297,1.74777505624264e-06,1.12781958796447e-05,"ENSG00000264370","downregulated",FALSE,FALSE,"Neither_bound","Neither_bound_downregulated"
"ENSG00000223653.6","ENSG00000223653.6",99.1030389737433,-1.16580017612846,0.243970610724895,-4.77844512773317,1.76655957561176e-06,1.13864318148729e-05,"ENSG00000223653","downregulated",FALSE,FALSE,"Neither_bound","Neither_bound_downregulated"
"ENSG00000255130.1","ENSG00000255130.1",105.08457496468,-1.15830638064323,0.242676140785809,-4.77305423142352,1.81452904593656e-06,1.16734701955252e-05,"ENSG00000255130","downregulated",FALSE,FALSE,"Neither_bound","Neither_bound_downregulated"
"ENSG00000203760.9","CENPW",38.649690831079,-1.89796462718586,0.398019771597129,-4.768518457186,1.85585672542736e-06,1.19190284078874e-05,"ENSG00000203760","downregulated",FALSE,FALSE,"Neither_bound","Neither_bound_downregulated"
"ENSG00000230982.1","ENSG00000230982.1",28.8704238710482,-1.84171491041138,0.386338739870439,-4.76709871505253,1.86897750148557e-06,1.19964905084017e-05,"ENSG00000230982","downregulated",FALSE,FALSE,"Neither_bound","Neither_bound_downregulated"
"ENSG00000228118.3","ENSG00000228118.3",9.49148072005957,-6.1248768312521,1.28753411528323,-4.75705983907446,1.96432955442986e-06,1.25800049594407e-05,"ENSG00000228118","downregulated",FALSE,FALSE,"Neither_bound","Neither_bound_downregulated"
"ENSG00000272145.2","ENSG00000272145.2",44.8111265877862,-1.42553474134036,0.300014148679924,-4.7515583768725,2.01854863105054e-06,1.29174943292247e-05,"ENSG00000272145","downregulated",FALSE,FALSE,"Neither_bound","Neither_bound_downregulated"
"ENSG00000187653.11","ENSG00000187653.11",22.9033581321133,-2.38448690986158,0.501866437268557,-4.75123804420816,2.02174952961851e-06,1.29355411606859e-05,"ENSG00000187653","downregulated",FALSE,FALSE,"Neither_bound","Neither_bound_downregulated"
"ENSG00000207870.1","MIR221",31.590511378565,-1.7576843465765,0.370231814475811,-4.74752378875136,2.05922176594875e-06,1.31604223792563e-05,"ENSG00000207870","downregulated",FALSE,FALSE,"Neither_bound","Neither_bound_downregulated"
"ENSG00000127325.19","BEST3",14.0419336163137,-2.78822001825431,0.58783832615715,-4.74317494145307,2.10394426389539e-06,1.34235121630351e-05,"ENSG00000127325","downregulated",FALSE,FALSE,"Neither_bound","Neither_bound_downregulated"
"ENSG00000159860.8","ENSG00000159860.8",20.1599294763166,-2.4026408698101,0.50670492260492,-4.74169632585837,2.11936139860499e-06,1.35167983454402e-05,"ENSG00000159860","downregulated",FALSE,FALSE,"Neither_bound","Neither_bound_downregulated"
"ENSG00000272882.1","OR2BH1P",10.8624620748054,-3.4383673555419,0.725242248216653,-4.74099152937757,2.12674825554838e-06,1.35613637590515e-05,"ENSG00000272882","downregulated",FALSE,FALSE,"Neither_bound","Neither_bound_downregulated"
"ENSG00000279358.1","ENSG00000279358.1",36.4062552533634,-1.82025594388633,0.383977663299827,-4.74052560308694,2.13164512285727e-06,1.35849383739617e-05,"ENSG00000279358","downregulated",FALSE,FALSE,"Neither_bound","Neither_bound_downregulated"
"ENSG00000265096.3","ENSG00000265096.3",11.6389321433761,-3.08470899923476,0.651855978825245,-4.73219407267527,2.22105901827506e-06,1.41150482194139e-05,"ENSG00000265096","downregulated",FALSE,FALSE,"Neither_bound","Neither_bound_downregulated"
"ENSG00000254357.1","XKR4-AS1",10.6073691674454,-3.73270526230155,0.789707449735065,-4.72669374406157,2.28205049555424e-06,1.44701682346437e-05,"ENSG00000254357","downregulated",FALSE,FALSE,"Neither_bound","Neither_bound_downregulated"
"ENSG00000285636.2","ENSG00000285636.2",55.9650240294835,-1.56031916555518,0.330240592192715,-4.72479520217382,2.30347377511325e-06,1.45842306044822e-05,"ENSG00000285636","downregulated",FALSE,FALSE,"Neither_bound","Neither_bound_downregulated"
"ENSG00000008517.19","IL32",44.1875106380187,-1.86940676234797,0.395816752969065,-4.7229096502999,2.32494153006718e-06,1.47119250919005e-05,"ENSG00000008517","downregulated",FALSE,FALSE,"Neither_bound","Neither_bound_downregulated"
"ENSG00000230836.1","ENSG00000230836.1",46.2267488805561,-1.52418947172054,0.322943055215596,-4.71968493238844,2.36210215944103e-06,1.49359430662496e-05,"ENSG00000230836","downregulated",FALSE,FALSE,"Neither_bound","Neither_bound_downregulated"
"ENSG00000233851.1","ENSG00000233851.1",13.0205186038838,-3.28716074339669,0.696645740277447,-4.7185542856941,2.37526588734228e-06,1.50135898141501e-05,"ENSG00000233851","downregulated",FALSE,FALSE,"Neither_bound","Neither_bound_downregulated"
"ENSG00000253001.1","RN7SKP105",13.4491678181719,-2.96422433268105,0.628303672423947,-4.71782111545728,2.38383954753603e-06,1.50649789303635e-05,"ENSG00000253001","downregulated",FALSE,FALSE,"Neither_bound","Neither_bound_downregulated"
"ENSG00000252686.1","RNU6-1234P",9.95545308087168,-3.73064765823327,0.791312587978841,-4.71450563899411,2.42298294562351e-06,1.53009638774752e-05,"ENSG00000252686","downregulated",FALSE,FALSE,"Neither_bound","Neither_bound_downregulated"
"ENSG00000263847.1","ENSG00000263847.1",79.366288480403,-1.10988263416302,0.235561492689787,-4.71164714355346,2.45722577937189e-06,1.54999155568624e-05,"ENSG00000263847","downregulated",FALSE,FALSE,"Neither_bound","Neither_bound_downregulated"
"ENSG00000164761.9","TNFRSF11B",9.66153894550884,-3.89148438255399,0.826953504133586,-4.70580796030506,2.52862469177949e-06,1.59295852244743e-05,"ENSG00000164761","downregulated",FALSE,FALSE,"Neither_bound","Neither_bound_downregulated"
"ENSG00000232712.6","KIZ-AS1",69.7550156549296,-1.20559864714903,0.2562174557535,-4.70537279984899,2.53402463537489e-06,1.59576842444223e-05,"ENSG00000232712","downregulated",FALSE,FALSE,"Neither_bound","Neither_bound_downregulated"
"ENSG00000265766.3","ENSG00000265766.3",51.7321976451971,-1.34727132977694,0.286547137340268,-4.7017441607769,2.57948574704854e-06,1.62289260707066e-05,"ENSG00000265766","downregulated",FALSE,FALSE,"Neither_bound","Neither_bound_downregulated"
"ENSG00000237651.8","C2orf74",16.30193868098,-2.38226643251464,0.508498302735117,-4.68490537667654,2.80089298781863e-06,1.75536407767939e-05,"ENSG00000237651","downregulated",FALSE,FALSE,"Neither_bound","Neither_bound_downregulated"
"ENSG00000227660.1","ENSG00000227660.1",23.5343345367591,-1.92529501762827,0.411263024703809,-4.68142016660716,2.84894343043452e-06,1.78350369415776e-05,"ENSG00000227660","downregulated",FALSE,FALSE,"Neither_bound","Neither_bound_downregulated"
"ENSG00000175536.7","LIPT2",14.1008390909806,-2.61180685551316,0.558204914148199,-4.67893920192138,2.88362925531971e-06,1.80388800266482e-05,"ENSG00000175536","downregulated",FALSE,FALSE,"Neither_bound","Neither_bound_downregulated"
"ENSG00000287263.3","FLJ32255",73.7466885740418,-1.17631198451926,0.251443109309642,-4.67824307354824,2.89343424020946e-06,1.80935519645499e-05,"ENSG00000287263","downregulated",FALSE,FALSE,"Neither_bound","Neither_bound_downregulated"
"ENSG00000238057.10","ZEB2-AS1",9.64779839644028,-3.67021124168388,0.785962793026896,-4.66970100142932,3.01638437855392e-06,1.88289494214654e-05,"ENSG00000238057","downregulated",FALSE,FALSE,"Neither_bound","Neither_bound_downregulated"
"ENSG00000280927.1","CTBP1-AS",134.165105130884,-1.00014235168395,0.214243114311033,-4.6682590238675,3.03762784329255e-06,1.89464088470366e-05,"ENSG00000280927","downregulated",FALSE,FALSE,"Neither_bound","Neither_bound_downregulated"
"ENSG00000081052.14","COL4A4",36.3747634010591,-1.57807739632857,0.338394117971797,-4.66343033911746,3.10981486028913e-06,1.93753101933788e-05,"ENSG00000081052","downregulated",FALSE,FALSE,"Neither_bound","Neither_bound_downregulated"
"ENSG00000249255.1","ENSG00000249255.1",12.1858330816737,-3.09882517898017,0.665324491740418,-4.65761476910908,3.19894093799179e-06,1.98977523863221e-05,"ENSG00000249255","downregulated",FALSE,FALSE,"Neither_bound","Neither_bound_downregulated"
"ENSG00000273893.1","ENSG00000273893.1",27.4117384890814,-1.75054975920322,0.37595739232801,-4.65624508235742,3.2202856647959e-06,2.00231856968309e-05,"ENSG00000273893","downregulated",FALSE,FALSE,"Neither_bound","Neither_bound_downregulated"
"ENSG00000285621.1","ENSG00000285621.1",38.3384532622674,-1.63827204243133,0.351847110252369,-4.65620434186955,3.22092263782087e-06,2.0023480995882e-05,"ENSG00000285621","downregulated",FALSE,FALSE,"Neither_bound","Neither_bound_downregulated"
"ENSG00000274799.1","ENSG00000274799.1",17.5626227061706,-2.43984111290234,0.524063022548105,-4.65562538841096,3.22998758204543e-06,2.00688162039362e-05,"ENSG00000274799","downregulated",FALSE,FALSE,"Neither_bound","Neither_bound_downregulated"
"ENSG00000226520.1","ENSG00000226520.1",41.8289100863637,-1.61065896402898,0.346251392546115,-4.6517039316007,3.29203496143922e-06,2.04244463141858e-05,"ENSG00000226520","downregulated",FALSE,FALSE,"Neither_bound","Neither_bound_downregulated"
"ENSG00000279589.1","ENSG00000279589.1",53.8935254181473,-1.2975492554127,0.278981716748006,-4.65101896474718,3.30298949196148e-06,2.04849273439743e-05,"ENSG00000279589","downregulated",FALSE,FALSE,"Neither_bound","Neither_bound_downregulated"
"ENSG00000253720.2","ENSG00000253720.2",61.3140792846146,-1.26158847938514,0.271335411404443,-4.64955338064834,3.32654581250034e-06,2.0619727766243e-05,"ENSG00000253720","downregulated",FALSE,FALSE,"Neither_bound","Neither_bound_downregulated"
"ENSG00000289359.1","ENSG00000289359.1",14.8576753575402,-2.68871456475227,0.578877226102006,-4.64470606808511,3.4056097192817e-06,2.1079036250831e-05,"ENSG00000289359","downregulated",FALSE,FALSE,"Neither_bound","Neither_bound_downregulated"
"ENSG00000286843.1","ENSG00000286843.1",25.3847411700282,-1.94905606878559,0.420056231237774,-4.63998846783521,3.48428621337792e-06,2.15505014735207e-05,"ENSG00000286843","downregulated",FALSE,FALSE,"Neither_bound","Neither_bound_downregulated"
"ENSG00000285205.2","ENSG00000285205.2",17.5066060025711,-2.22324938494374,0.479713537311662,-4.63453543004632,3.57739962815019e-06,2.20900037391393e-05,"ENSG00000285205","downregulated",FALSE,FALSE,"Neither_bound","Neither_bound_downregulated"
"ENSG00000232031.1","ENSG00000232031.1",47.0719543496592,-1.3781722303533,0.297799360768767,-4.62785489799427,3.69472728873713e-06,2.27896307506488e-05,"ENSG00000232031","downregulated",FALSE,FALSE,"Neither_bound","Neither_bound_downregulated"
"ENSG00000235112.1","HSPE1P27",33.7694764592854,-1.6639220601595,0.359690170394676,-4.62598702192428,3.72818644172991e-06,2.29834912981273e-05,"ENSG00000235112","downregulated",FALSE,FALSE,"Neither_bound","Neither_bound_downregulated"
"ENSG00000288774.1","ENSG00000288774.1",8.69758879740214,-6.04619744354201,1.30851990209325,-4.6206385045194,3.82560847892919e-06,2.35328266592298e-05,"ENSG00000288774","downregulated",FALSE,FALSE,"Neither_bound","Neither_bound_downregulated"
"ENSG00000259560.2","ENSG00000259560.2",16.2709001419951,-2.37960770101489,0.515607431370994,-4.61515400328413,3.92803932824641e-06,2.41192407631732e-05,"ENSG00000259560","downregulated",FALSE,FALSE,"Neither_bound","Neither_bound_downregulated"
"ENSG00000206344.8","HCG27",43.6685749100225,-1.40739516494246,0.305216029139804,-4.61114433900783,4.00458347606293e-06,2.45624875212784e-05,"ENSG00000206344","downregulated",FALSE,FALSE,"Neither_bound","Neither_bound_downregulated"
"ENSG00000227992.1","ENSG00000227992.1",18.8128852118348,-2.21717265348794,0.480896754306228,-4.61049618994949,4.01709003502303e-06,2.46215291067597e-05,"ENSG00000227992","downregulated",FALSE,FALSE,"Neither_bound","Neither_bound_downregulated"
"ENSG00000165061.15","ZMAT4",18.5823516463333,-2.20820845355682,0.479125432907631,-4.6088316375861,4.04938066454744e-06,2.48104910557986e-05,"ENSG00000165061","downregulated",FALSE,FALSE,"Neither_bound","Neither_bound_downregulated"
"ENSG00000255203.1","OR7E2P",30.7857230263759,-1.74323913535402,0.378309313336018,-4.60797308948526,4.06613272199571e-06,2.49086377458522e-05,"ENSG00000255203","downregulated",FALSE,FALSE,"Neither_bound","Neither_bound_downregulated"
"ENSG00000243173.3","RN7SL861P",9.44932162978434,-4.39451249359634,0.95422559895855,-4.60531817464607,4.11835690862213e-06,2.52135123256621e-05,"ENSG00000243173","downregulated",FALSE,FALSE,"Neither_bound","Neither_bound_downregulated"
"ENSG00000231628.1","ENSG00000231628.1",42.0391345839709,-1.46429655507117,0.318118930932017,-4.60298464722331,4.16478941204444e-06,2.54808297457359e-05,"ENSG00000231628","downregulated",FALSE,FALSE,"Neither_bound","Neither_bound_downregulated"
"ENSG00000266928.1","ENSG00000266928.1",9.54639114890374,-5.24485164212918,1.13994100132495,-4.60098517031415,4.20497368171272e-06,2.57174191610403e-05,"ENSG00000266928","downregulated",FALSE,FALSE,"Neither_bound","Neither_bound_downregulated"
"ENSG00000236431.1","ENSG00000236431.1",18.5572968923063,-2.16176730861285,0.4700656942071,-4.59886210641108,4.24804832644158e-06,2.59621636474573e-05,"ENSG00000236431","downregulated",FALSE,FALSE,"Neither_bound","Neither_bound_downregulated"
"ENSG00000216639.1","RPL7AP35",38.2592050309211,-1.4898398108896,0.3244101686172,-4.59245718850323,4.38057393737824e-06,2.6714422891358e-05,"ENSG00000216639","downregulated",FALSE,FALSE,"Neither_bound","Neither_bound_downregulated"
"ENSG00000259977.1","ENSG00000259977.1",14.2011161042375,-2.54675195788007,0.554994156528221,-4.5887905808078,4.45821399696193e-06,2.71586465295557e-05,"ENSG00000259977","downregulated",FALSE,FALSE,"Neither_bound","Neither_bound_downregulated"
"ENSG00000287665.1","ENSG00000287665.1",62.5089680103578,-1.27949508334316,0.278898611872142,-4.58767103484089,4.48218182651822e-06,2.7289971730269e-05,"ENSG00000287665","downregulated",FALSE,FALSE,"Neither_bound","Neither_bound_downregulated"
"ENSG00000167995.17","BEST1",87.8472551235831,-1.03381632172808,0.225906257072489,-4.57630671733167,4.73256543347958e-06,2.87269028076184e-05,"ENSG00000167995","downregulated",FALSE,FALSE,"Neither_bound","Neither_bound_downregulated"
"ENSG00000204745.4","LOC102724642",26.5108065330533,-1.75275779040537,0.383193559958768,-4.57407945633003,4.78318306752614e-06,2.90082418206977e-05,"ENSG00000204745","downregulated",FALSE,FALSE,"Neither_bound","Neither_bound_downregulated"
"ENSG00000238018.2","ENSG00000238018.2",27.7756279494216,-1.81787146675983,0.397642870365326,-4.57161840998105,4.83971678061405e-06,2.93301515796429e-05,"ENSG00000238018","downregulated",FALSE,FALSE,"Neither_bound","Neither_bound_downregulated"
"ENSG00000272166.1","ENSG00000272166.1",9.55147594907847,-3.99642334648636,0.874957205012401,-4.56756436039602,4.93424197302095e-06,2.98603832780288e-05,"ENSG00000272166","downregulated",FALSE,FALSE,"Neither_bound","Neither_bound_downregulated"
"ENSG00000289154.2","ENSG00000289154.2",19.887490840081,-2.0566248482267,0.450329124389766,-4.56693723954365,4.94902106659743e-06,2.99391536224722e-05,"ENSG00000289154","downregulated",FALSE,FALSE,"Neither_bound","Neither_bound_downregulated"
"ENSG00000280623.1","LOC124900476",24.2830407453909,-1.90817333106553,0.417903175183751,-4.56606564481476,4.96963199416216e-06,3.00584863920407e-05,"ENSG00000280623","downregulated",FALSE,FALSE,"Neither_bound","Neither_bound_downregulated"
"ENSG00000256238.1","SUPT16HP1",13.8383269247989,-2.54326012823438,0.557369761134754,-4.56296754071576,5.04356147065306e-06,3.04839316788511e-05,"ENSG00000256238","downregulated",FALSE,FALSE,"Neither_bound","Neither_bound_downregulated"
"ENSG00000226286.1","ENSG00000226286.1",9.51238448307948,-3.7861966652755,0.831673606478906,-4.55250309229518,5.30113815032712e-06,3.19497978513682e-05,"ENSG00000226286","downregulated",FALSE,FALSE,"Neither_bound","Neither_bound_downregulated"
"ENSG00000287828.1","ENSG00000287828.1",20.7854846775098,-2.15251199308641,0.472839317205485,-4.55231177857187,5.3059624801981e-06,3.19732009095918e-05,"ENSG00000287828","downregulated",FALSE,FALSE,"Neither_bound","Neither_bound_downregulated"
"ENSG00000269256.1","ENSG00000269256.1",9.04684235410458,-3.80476350906003,0.836133350514954,-4.55042668339538,5.35372396212348e-06,3.22438467279096e-05,"ENSG00000269256","downregulated",FALSE,FALSE,"Neither_bound","Neither_bound_downregulated"
"ENSG00000254622.1","NAV2-AS4",15.4026950636365,-2.84158481550507,0.624573187197583,-4.54964265798066,5.37370928434689e-06,3.23527396261424e-05,"ENSG00000254622","downregulated",FALSE,FALSE,"Neither_bound","Neither_bound_downregulated"
"ENSG00000269397.1","ENSG00000269397.1",11.0033781099152,-3.00427587971145,0.660409190437899,-4.54911276707006,5.38725698077368e-06,3.24170673379841e-05,"ENSG00000269397","downregulated",FALSE,FALSE,"Neither_bound","Neither_bound_downregulated"
"ENSG00000286411.1","ENSG00000286411.1",46.3223498191731,-1.39443170082911,0.306632836071761,-4.54756156807281,5.42710464792252e-06,3.26221714175601e-05,"ENSG00000286411","downregulated",FALSE,FALSE,"Neither_bound","Neither_bound_downregulated"
"ENSG00000231114.1","ENSG00000231114.1",86.9275078392401,-1.18052501494598,0.25974960748314,-4.54485774351982,5.49723680013708e-06,3.30145225648968e-05,"ENSG00000231114","downregulated",FALSE,FALSE,"Neither_bound","Neither_bound_downregulated"
"ENSG00000229118.1","ENSG00000229118.1",8.76345275841572,-4.14671102170797,0.912587270870509,-4.54390626964637,5.52212199355662e-06,3.31522516573226e-05,"ENSG00000229118","downregulated",FALSE,FALSE,"Neither_bound","Neither_bound_downregulated"
"ENSG00000236451.3","ENSG00000236451.3",13.234862317783,-2.74028994401264,0.603321193754302,-4.54200842334175,5.57208141705401e-06,3.34403642357757e-05,"ENSG00000236451","downregulated",FALSE,FALSE,"Neither_bound","Neither_bound_downregulated"
"ENSG00000122481.17","RWDD3",57.1398297669857,-1.20516603928552,0.265656050553196,-4.53656537005616,5.71777720600822e-06,3.4290511323038e-05,"ENSG00000122481","downregulated",FALSE,FALSE,"Neither_bound","Neither_bound_downregulated"
"ENSG00000236671.9","ENSG00000236671.9",69.8359899852395,-1.1259654664147,0.248277677555732,-4.53510552176787,5.7574692937028e-06,3.45102729783831e-05,"ENSG00000236671","downregulated",FALSE,FALSE,"Neither_bound","Neither_bound_downregulated"
"ENSG00000173705.9","SUSD5",16.6952969121423,-2.22180357944691,0.490097328863505,-4.53339255000447,5.80437991761529e-06,3.4779180991631e-05,"ENSG00000173705","downregulated",FALSE,FALSE,"Neither_bound","Neither_bound_downregulated"
"ENSG00000251330.3","ENSG00000251330.3",14.7827999725422,-2.47932970007926,0.546943199465619,-4.53306614380003,5.81336012062517e-06,3.48268459572127e-05,"ENSG00000251330","downregulated",FALSE,FALSE,"Neither_bound","Neither_bound_downregulated"
"ENSG00000230694.1","ENSG00000230694.1",26.6410021684888,-1.9539227925811,0.431087766598784,-4.53254057287974,5.82784776461554e-06,3.49074824313984e-05,"ENSG00000230694","downregulated",FALSE,FALSE,"Neither_bound","Neither_bound_downregulated"
"ENSG00000238842.1","ENSG00000238842.1",8.40193259514353,-5.92046983031702,1.30691020695831,-4.53012747072828,5.89481095395234e-06,3.52801185468502e-05,"ENSG00000238842","downregulated",FALSE,FALSE,"Neither_bound","Neither_bound_downregulated"
"ENSG00000256162.2","SMLR1",29.4084810942,-1.62374037993962,0.358906922474563,-4.52412666979054,6.06453971676976e-06,3.62293853498479e-05,"ENSG00000256162","downregulated",FALSE,FALSE,"Neither_bound","Neither_bound_downregulated"
"ENSG00000213703.2","ENSG00000213703.2",17.9071102880752,-2.33990308290024,0.517241245233853,-4.52381379957883,6.07351611854697e-06,3.62766301239324e-05,"ENSG00000213703","downregulated",FALSE,FALSE,"Neither_bound","Neither_bound_downregulated"
"ENSG00000231028.11","AHI1-DT",37.1304274331087,-1.53820116318004,0.340238309857113,-4.5209522814348,6.15620655574811e-06,3.67511466231374e-05,"ENSG00000231028","downregulated",FALSE,FALSE,"Neither_bound","Neither_bound_downregulated"
"ENSG00000214338.11","MTCL3",30.2390280816623,-1.73759357654161,0.384357607072541,-4.52077321891971,6.1614166551806e-06,3.67757864950228e-05,"ENSG00000214338","downregulated",FALSE,FALSE,"Neither_bound","Neither_bound_downregulated"
"ENSG00000249604.1","ENSG00000249604.1",16.8430119745438,-2.19775722280096,0.486461598601537,-4.51784319485648,6.24727196666577e-06,3.72555010821108e-05,"ENSG00000249604","downregulated",FALSE,FALSE,"Neither_bound","Neither_bound_downregulated"
"ENSG00000074181.9","NOTCH3",67.9918340925684,-1.11509385649587,0.24684199358636,-4.51743984196007,6.25918024082197e-06,3.73199639143831e-05,"ENSG00000074181","downregulated",FALSE,FALSE,"Neither_bound","Neither_bound_downregulated"
"ENSG00000225506.2","ENSG00000225506.2",8.04273187638086,-5.86678815584294,1.30159808160695,-4.50737308140451,6.56351670615053e-06,3.90249493216386e-05,"ENSG00000225506","downregulated",FALSE,FALSE,"Neither_bound","Neither_bound_downregulated"
"ENSG00000275074.2","NUDT18",66.981173285923,-1.18803225290844,0.263703852702785,-4.50517594161753,6.63179722657476e-06,3.94171282926145e-05,"ENSG00000275074","downregulated",FALSE,FALSE,"Neither_bound","Neither_bound_downregulated"
"ENSG00000073670.14","ADAM11",44.5466580557455,-1.32296965624377,0.293779498545062,-4.50327426793139,6.69144367462757e-06,3.97438291204318e-05,"ENSG00000073670","downregulated",FALSE,FALSE,"Neither_bound","Neither_bound_downregulated"
"ENSG00000286524.1","ENSG00000286524.1",41.1398837832939,-1.60443678918906,0.356600247299847,-4.49925876759129,6.81908114353804e-06,4.04806970086858e-05,"ENSG00000286524","downregulated",FALSE,FALSE,"Neither_bound","Neither_bound_downregulated"
"ENSG00000250519.7","ENSG00000250519.7",28.1433190065299,-1.68163754806584,0.37442262077514,-4.49128192250904,7.07957658740604e-06,4.19099089440586e-05,"ENSG00000250519","downregulated",FALSE,FALSE,"Neither_bound","Neither_bound_downregulated"
"ENSG00000225818.1","ENSG00000225818.1",9.37036625219656,-5.2299152388987,1.16467427226799,-4.49045313649318,7.10718114501292e-06,4.20586636121601e-05,"ENSG00000225818","downregulated",FALSE,FALSE,"Neither_bound","Neither_bound_downregulated"
"ENSG00000099284.15","MACROH2A2",59.5416608735738,-1.21735624297763,0.271117667108714,-4.49013985683747,7.1176424054396e-06,4.21058999003783e-05,"ENSG00000099284","downregulated",FALSE,FALSE,"Neither_bound","Neither_bound_downregulated"
"ENSG00000164109.14","MAD2L1",247.543380939945,-1.06712594204991,0.237669402109856,-4.48995929882744,7.12367841701133e-06,4.21342692789554e-05,"ENSG00000164109","downregulated",FALSE,FALSE,"Neither_bound","Neither_bound_downregulated"
"ENSG00000259470.2","KRT8P9",14.8705604853816,-2.45229268411091,0.546338773202582,-4.48859353279252,7.16949448202731e-06,4.23729839993468e-05,"ENSG00000259470","downregulated",FALSE,FALSE,"Neither_bound","Neither_bound_downregulated"
"ENSG00000264472.4","ENSG00000264472.4",20.2266569154989,-2.00700733060373,0.448261808296836,-4.47731056595992,7.55892489414718e-06,4.45148337039513e-05,"ENSG00000264472","downregulated",FALSE,FALSE,"Neither_bound","Neither_bound_downregulated"
"ENSG00000242779.8","ENSG00000242779.8",12.8604631687394,-2.67297947314377,0.59719459682257,-4.47589359877937,7.60923754208004e-06,4.47955945978119e-05,"ENSG00000242779","downregulated",FALSE,FALSE,"Neither_bound","Neither_bound_downregulated"
"ENSG00000267711.1","ENSG00000267711.1",8.50734018215147,-4.43104375848625,0.990715235291583,-4.47257052343817,7.72848995331927e-06,4.54503716645341e-05,"ENSG00000267711","downregulated",FALSE,FALSE,"Neither_bound","Neither_bound_downregulated"
"ENSG00000213406.3","ENSG00000213406.3",37.3999850852557,-1.41417248841467,0.316436767182567,-4.46905238290078,7.85668899465856e-06,4.61403893102631e-05,"ENSG00000213406","downregulated",FALSE,FALSE,"Neither_bound","Neither_bound_downregulated"
"ENSG00000225311.1","ENSG00000225311.1",42.0863108088711,-1.4541322549911,0.325511197198023,-4.46722652710005,7.92402099111532e-06,4.65197277957492e-05,"ENSG00000225311","downregulated",FALSE,FALSE,"Neither_bound","Neither_bound_downregulated"
"ENSG00000267257.1","ENSG00000267257.1",27.9258784714398,-1.74938518680434,0.392270039284841,-4.45964517196799,8.20954516303171e-06,4.80630524125924e-05,"ENSG00000267257","downregulated",FALSE,FALSE,"Neither_bound","Neither_bound_downregulated"
"ENSG00000283118.1","ENSG00000283118.1",16.2098067456739,-2.37330733115067,0.532602473350458,-4.45605766007964,8.34805877429417e-06,4.8806688544789e-05,"ENSG00000283118","downregulated",FALSE,FALSE,"Neither_bound","Neither_bound_downregulated"
"ENSG00000135097.7","MSI1",23.9635038828911,-1.78996101890156,0.401738371363068,-4.45553909333669,8.36826444500336e-06,4.88995710765309e-05,"ENSG00000135097","downregulated",FALSE,FALSE,"Neither_bound","Neither_bound_downregulated"
"ENSG00000246528.4","SLCO5A1-AS1",19.0827457859745,-2.0014434905392,0.449500068068588,-4.45259885974878,8.48371586058105e-06,4.95401169592947e-05,"ENSG00000246528","downregulated",FALSE,FALSE,"Neither_bound","Neither_bound_downregulated"
"ENSG00000287959.1","ENSG00000287959.1",40.0932895295814,-1.42562945334575,0.320288120692573,-4.45108438696709,8.54377570448669e-06,4.98651156580763e-05,"ENSG00000287959","downregulated",FALSE,FALSE,"Neither_bound","Neither_bound_downregulated"
"ENSG00000258948.2","ENSG00000258948.2",29.8858455776731,-1.77498098135953,0.398787279716876,-4.45094683717017,8.54925063707341e-06,4.98799288286001e-05,"ENSG00000258948","downregulated",FALSE,FALSE,"Neither_bound","Neither_bound_downregulated"
"ENSG00000271215.1","ENSG00000271215.1",8.74063386961572,-5.21045773280438,1.17206528112494,-4.44553542939471,8.76732297086064e-06,5.10382907753546e-05,"ENSG00000271215","downregulated",FALSE,FALSE,"Neither_bound","Neither_bound_downregulated"
"ENSG00000118418.16","HMGN3",193.758506145741,-1.15597772583779,0.260866001651146,-4.43130848221328,9.36629807177474e-06,5.44039693744946e-05,"ENSG00000118418","downregulated",FALSE,FALSE,"Neither_bound","Neither_bound_downregulated"
"ENSG00000271976.1","ENSG00000271976.1",50.7233515286708,-1.26508741981936,0.285557252343975,-4.43024090417942,9.4127877568784e-06,5.46272978858099e-05,"ENSG00000271976","downregulated",FALSE,FALSE,"Neither_bound","Neither_bound_downregulated"
"ENSG00000051180.17","RAD51",71.0644488909912,-1.11417002868368,0.251545919665605,-4.4292908037022,9.45434698572647e-06,5.48591148635389e-05,"ENSG00000051180","downregulated",FALSE,FALSE,"Neither_bound","Neither_bound_downregulated"
"ENSG00000279735.2","ENSG00000279735.2",8.84931939810346,-5.11109557597548,1.1552332665312,-4.42429743329889,9.67566409457756e-06,5.60762596766099e-05,"ENSG00000279735","downregulated",FALSE,FALSE,"Neither_bound","Neither_bound_downregulated"
"ENSG00000287095.1","ENSG00000287095.1",10.1662661412883,-3.22447354934383,0.729278295721329,-4.42145826670257,9.80370013098895e-06,5.67505259116279e-05,"ENSG00000287095","downregulated",FALSE,FALSE,"Neither_bound","Neither_bound_downregulated"
"ENSG00000287220.1","ENSG00000287220.1",33.4813619301499,-1.7696147093839,0.400528548781364,-4.41819868962667,9.95269069544958e-06,5.7554136456083e-05,"ENSG00000287220","downregulated",FALSE,FALSE,"Neither_bound","Neither_bound_downregulated"
"ENSG00000233845.1","ENSG00000233845.1",16.6080243573999,-2.45863745688329,0.557158381624169,-4.41281606446651,1.02034679314452e-05,5.89441154243759e-05,"ENSG00000233845","downregulated",FALSE,FALSE,"Neither_bound","Neither_bound_downregulated"
"ENSG00000254048.1","ENSG00000254048.1",13.05581295175,-2.73142773247335,0.619440279029082,-4.40950939896033,1.03605062077092e-05,5.97837150275548e-05,"ENSG00000254048","downregulated",FALSE,FALSE,"Neither_bound","Neither_bound_downregulated"
"ENSG00000206603.1","SNORA22B",14.0195927159953,-2.45597161876411,0.557042889074781,-4.40894528398585,1.03875262631036e-05,5.99258648276328e-05,"ENSG00000206603","downregulated",FALSE,FALSE,"Neither_bound","Neither_bound_downregulated"
"ENSG00000249779.1","ENSG00000249779.1",26.1440748213367,-1.72327717474036,0.391245214136704,-4.40459617772661,1.05981113850552e-05,6.10681335924603e-05,"ENSG00000249779","downregulated",FALSE,FALSE,"Neither_bound","Neither_bound_downregulated"
"ENSG00000259678.1","ENSG00000259678.1",11.1723921455124,-2.85476354169767,0.648260777503965,-4.40372708139081,1.06406792086425e-05,6.12926219025212e-05,"ENSG00000259678","downregulated",FALSE,FALSE,"Neither_bound","Neither_bound_downregulated"
"ENSG00000129355.7","CDKN2D",81.2569091980385,-1.3867094851823,0.315157915227231,-4.40004651059603,1.08227678743885e-05,6.22464915606551e-05,"ENSG00000129355","downregulated",FALSE,FALSE,"Neither_bound","Neither_bound_downregulated"
"ENSG00000253660.1","ENSG00000253660.1",25.8206155303528,-1.73261072777431,0.394581066798288,-4.39101333937046,1.12823617985533e-05,6.46896891619778e-05,"ENSG00000253660","downregulated",FALSE,FALSE,"Neither_bound","Neither_bound_downregulated"
"ENSG00000212195.2","LOC124904154",9.31613602158451,-3.41324842855964,0.777325971951296,-4.39101297489325,1.12823807130695e-05,6.46896891619778e-05,"ENSG00000212195","downregulated",FALSE,FALSE,"Neither_bound","Neither_bound_downregulated"
"ENSG00000234084.1","ENSG00000234084.1",13.294329363902,-2.58090346790716,0.58796065393132,-4.38958534155355,1.13567003696696e-05,6.50639902440438e-05,"ENSG00000234084","downregulated",FALSE,FALSE,"Neither_bound","Neither_bound_downregulated"
"ENSG00000227681.5","ENSG00000227681.5",21.1370272203172,-1.97446688092631,0.450164295615793,-4.38610280769908,1.15399594269916e-05,6.60916104899763e-05,"ENSG00000227681","downregulated",FALSE,FALSE,"Neither_bound","Neither_bound_downregulated"
"ENSG00000205129.9","CFAP96",38.4238839426903,-1.39550158477441,0.318190460486716,-4.38574300008806,1.15590534172624e-05,6.61786493304514e-05,"ENSG00000205129","downregulated",FALSE,FALSE,"Neither_bound","Neither_bound_downregulated"
"ENSG00000255270.1","ENSG00000255270.1",7.89237013114261,-4.39146160176209,1.00264812287239,-4.37986318588162,1.18753844139436e-05,6.78753252183808e-05,"ENSG00000255270","downregulated",FALSE,FALSE,"Neither_bound","Neither_bound_downregulated"
"ENSG00000172548.15","NIPAL4",95.5256457749307,-1.03507537576978,0.236342022266213,-4.37956553745605,1.18916154961488e-05,6.79566613683011e-05,"ENSG00000172548","downregulated",FALSE,FALSE,"Neither_bound","Neither_bound_downregulated"
"ENSG00000139209.16","SLC38A4",31.5448458138953,-1.63849901742856,0.374382464495542,-4.37653782646134,1.20579273670804e-05,6.88144618287948e-05,"ENSG00000139209","downregulated",FALSE,FALSE,"Neither_bound","Neither_bound_downregulated"
"ENSG00000234026.1","ENSG00000234026.1",16.2719219244985,-2.33112147551453,0.533325430042451,-4.3709175377761,1.23725516510829e-05,7.05152406852321e-05,"ENSG00000234026","downregulated",FALSE,FALSE,"Neither_bound","Neither_bound_downregulated"
"ENSG00000138135.7","CH25H",24.9604917288978,-1.73452355070457,0.396953452572852,-4.36958927920203,1.24480440406012e-05,7.0933595029549e-05,"ENSG00000138135","downregulated",FALSE,FALSE,"Neither_bound","Neither_bound_downregulated"
"ENSG00000256981.1","TAS2R18P",48.6825539037246,-1.3162044147776,0.301360052738498,-4.36754773174838,1.25649342401074e-05,7.15516657616041e-05,"ENSG00000256981","downregulated",FALSE,FALSE,"Neither_bound","Neither_bound_downregulated"
"ENSG00000249278.1","ENSG00000249278.1",9.07281637631546,-5.20641234568607,1.19238472384141,-4.36638631943637,1.26318983293689e-05,7.18727508294811e-05,"ENSG00000249278","downregulated",FALSE,FALSE,"Neither_bound","Neither_bound_downregulated"
"ENSG00000286735.1","ENSG00000286735.1",22.7951647393235,-2.04896870894039,0.469931555536562,-4.36014284378265,1.29977568200736e-05,7.37813843021826e-05,"ENSG00000286735","downregulated",FALSE,FALSE,"Neither_bound","Neither_bound_downregulated"
"ENSG00000285948.1","ENSG00000285948.1",8.02225634570503,-4.03098451189825,0.926263661299431,-4.35187590782013,1.34977655152523e-05,7.64663273886073e-05,"ENSG00000285948","downregulated",FALSE,FALSE,"Neither_bound","Neither_bound_downregulated"
"ENSG00000256663.1","ENSG00000256663.1",14.439387294019,-2.32376002667406,0.534022156412333,-4.35142998988196,1.35252509803016e-05,7.66092588459037e-05,"ENSG00000256663","downregulated",FALSE,FALSE,"Neither_bound","Neither_bound_downregulated"
"ENSG00000259191.2","ENSG00000259191.2",9.06005808501372,-3.29286384395517,0.756973591895881,-4.35003793951122,1.36113980013984e-05,7.70329835573975e-05,"ENSG00000259191","downregulated",FALSE,FALSE,"Neither_bound","Neither_bound_downregulated"
"ENSG00000270822.1","ENSG00000270822.1",10.1511952053918,-3.1288138497603,0.719622193115402,-4.34785624970094,1.37474656340427e-05,7.77641819578952e-05,"ENSG00000270822","downregulated",FALSE,FALSE,"Neither_bound","Neither_bound_downregulated"
"ENSG00000165181.17","SHOC1",95.1982090517664,-1.06947473405614,0.24619037762839,-4.34409640359888,1.39850095823174e-05,7.90683764134751e-05,"ENSG00000165181","downregulated",FALSE,FALSE,"Neither_bound","Neither_bound_downregulated"
"ENSG00000257178.5","ENSG00000257178.5",28.6792368426988,-1.70481649599276,0.392566946286821,-4.34274080413068,1.40716114825092e-05,7.95182995903964e-05,"ENSG00000257178","downregulated",FALSE,FALSE,"Neither_bound","Neither_bound_downregulated"
"ENSG00000264513.1","ENSG00000264513.1",83.1998760428533,-1.13720078544771,0.261964186925667,-4.34105439676147,1.41800609561225e-05,8.00778571168027e-05,"ENSG00000264513","downregulated",FALSE,FALSE,"Neither_bound","Neither_bound_downregulated"
"ENSG00000177133.14","PRDM16-DT",45.1177149723633,-1.29393114256635,0.298107952305959,-4.34047844935831,1.42172812425133e-05,8.02613610180639e-05,"ENSG00000177133","downregulated",FALSE,FALSE,"Neither_bound","Neither_bound_downregulated"
"ENSG00000271468.1","LOC100422334",16.4626718944585,-2.3475510819026,0.541049856620604,-4.33888125683167,1.43209870280003e-05,8.07931053590953e-05,"ENSG00000271468","downregulated",FALSE,FALSE,"Neither_bound","Neither_bound_downregulated"
"ENSG00000264070.1","ENSG00000264070.1",21.3169706757414,-1.90667451594027,0.439582796105251,-4.33746391540707,1.44136188640114e-05,8.12886942674315e-05,"ENSG00000264070","downregulated",FALSE,FALSE,"Neither_bound","Neither_bound_downregulated"
"ENSG00000239254.1","ENSG00000239254.1",17.334165441648,-2.14871006877495,0.495831712347553,-4.33354707911221,1.46725885166098e-05,8.26394439947276e-05,"ENSG00000239254","downregulated",FALSE,FALSE,"Neither_bound","Neither_bound_downregulated"
"ENSG00000237705.1","ENSG00000237705.1",34.552185291234,-1.61919140675693,0.373754621411598,-4.33223113239793,1.47605864058097e-05,8.31075085417773e-05,"ENSG00000237705","downregulated",FALSE,FALSE,"Neither_bound","Neither_bound_downregulated"
"ENSG00000289511.1","ENSG00000289511.1",17.4575084133997,-2.05158812790855,0.473602534400747,-4.33187742651005,1.47843245359382e-05,8.32135767749375e-05,"ENSG00000289511","downregulated",FALSE,FALSE,"Neither_bound","Neither_bound_downregulated"
"ENSG00000229915.1","ENSG00000229915.1",33.9177662242778,-1.5422185524832,0.356172513332958,-4.32997633099639,1.49125369496898e-05,8.38935169107423e-05,"ENSG00000229915","downregulated",FALSE,FALSE,"Neither_bound","Neither_bound_downregulated"
"ENSG00000196371.4","FUT4",47.5307544367229,-1.24139212682193,0.286773506662735,-4.32882430901083,1.49907459917209e-05,8.42219086746236e-05,"ENSG00000196371","downregulated",FALSE,FALSE,"Neither_bound","Neither_bound_downregulated"
"ENSG00000277534.1","ENSG00000277534.1",68.8094823263725,-1.16664786412194,0.269532708268145,-4.32840923692755,1.50190203314466e-05,8.43528575758231e-05,"ENSG00000277534","downregulated",FALSE,FALSE,"Neither_bound","Neither_bound_downregulated"
"ENSG00000288890.1","ENSG00000288890.1",12.0474924246846,-2.5928665971325,0.599121572410248,-4.3277803980609,1.50619531654218e-05,8.45660206814957e-05,"ENSG00000288890","downregulated",FALSE,FALSE,"Neither_bound","Neither_bound_downregulated"
"ENSG00000279041.1","ENSG00000279041.1",30.1403930771742,-1.61906291326189,0.374547788195526,-4.32271385465154,1.54121570824169e-05,8.63752106542712e-05,"ENSG00000279041","downregulated",FALSE,FALSE,"Neither_bound","Neither_bound_downregulated"
"ENSG00000289469.2","LOC105374101",34.0549498447839,-1.49103794103317,0.345136797714571,-4.3201361051807,1.55932995599787e-05,8.73039722191127e-05,"ENSG00000289469","downregulated",FALSE,FALSE,"Neither_bound","Neither_bound_downregulated"
"ENSG00000196550.11","FAM72A",24.513745302087,-1.88008855900276,0.435220294610923,-4.31985498443615,1.56131766438489e-05,8.74008543569973e-05,"ENSG00000196550","downregulated",FALSE,FALSE,"Neither_bound","Neither_bound_downregulated"
"ENSG00000197587.12","DMBX1",29.6813854198267,-1.61291773625149,0.373664004415241,-4.3164921351619,1.58528326738528e-05,8.86547613212765e-05,"ENSG00000197587","downregulated",FALSE,FALSE,"Neither_bound","Neither_bound_downregulated"
"ENSG00000176289.4","ENSG00000176289.4",7.31089587548577,-5.72482229553862,1.32652182198043,-4.31566386672158,1.59123958230187e-05,8.89439297871154e-05,"ENSG00000176289","downregulated",FALSE,FALSE,"Neither_bound","Neither_bound_downregulated"
"ENSG00000230499.1","ENSG00000230499.1",9.1365477465729,-3.47831284938602,0.807655665444508,-4.30667795473418,1.65724613263345e-05,9.2420516554413e-05,"ENSG00000230499","downregulated",FALSE,FALSE,"Neither_bound","Neither_bound_downregulated"
"ENSG00000232385.2","RPS3AP25",7.20418443389025,-5.68505828415089,1.32079445686512,-4.30427176204559,1.67535908288419e-05,9.3369314729139e-05,"ENSG00000232385","downregulated",FALSE,FALSE,"Neither_bound","Neither_bound_downregulated"
"ENSG00000244018.1","RPL35P6",9.44047404487148,-3.13732317717531,0.729290423549814,-4.30188451111755,1.69351578965601e-05,9.43038431853038e-05,"ENSG00000244018","downregulated",FALSE,FALSE,"Neither_bound","Neither_bound_downregulated"
"ENSG00000283528.2","ENSG00000283528.2",15.7976775372875,-2.26110380005994,0.525765290310864,-4.30059542105383,1.70339803051525e-05,9.4791979522513e-05,"ENSG00000283528","downregulated",FALSE,FALSE,"Neither_bound","Neither_bound_downregulated"
"ENSG00000162365.13","CYP4A22",7.38520767773906,-5.72374662350801,1.33160848424243,-4.29837049796533,1.72058382614969e-05,9.56791788919208e-05,"ENSG00000162365","downregulated",FALSE,FALSE,"Neither_bound","Neither_bound_downregulated"
"ENSG00000213891.3","RPL3P6",92.3528182931153,-1.25975371951949,0.293101513063405,-4.29801165593769,1.72337102729149e-05,9.57779238465924e-05,"ENSG00000213891","downregulated",FALSE,FALSE,"Neither_bound","Neither_bound_downregulated"
"ENSG00000201458.1","ENSG00000201458.1",9.17518196800417,-3.15658072603263,0.734661422341477,-4.29664690432789,1.73401068633019e-05,9.62432597929149e-05,"ENSG00000201458","downregulated",FALSE,FALSE,"Neither_bound","Neither_bound_downregulated"
"ENSG00000247763.2","TUBAP14",17.2265162506841,-2.087329234809,0.48604224518209,-4.29454282112248,1.75053692862644e-05,9.70970581181953e-05,"ENSG00000247763","downregulated",FALSE,FALSE,"Neither_bound","Neither_bound_downregulated"
"ENSG00000170485.17","NPAS2",63.3547287202836,-1.07471713910225,0.250360890819576,-4.29267181301393,1.76535847769462e-05,9.78871968173862e-05,"ENSG00000170485","downregulated",FALSE,FALSE,"Neither_bound","Neither_bound_downregulated"
"ENSG00000273445.1","ENSG00000273445.1",27.911505597278,-1.6206770471105,0.377568405979592,-4.2924064128345,1.76747055435865e-05,9.79883136779086e-05,"ENSG00000273445","downregulated",FALSE,FALSE,"Neither_bound","Neither_bound_downregulated"
"ENSG00000219487.2","ENSG00000219487.2",14.5154099446122,-2.27738835598924,0.530617059991376,-4.29196218460495,1.77101114800712e-05,9.81685813895332e-05,"ENSG00000219487","downregulated",FALSE,FALSE,"Neither_bound","Neither_bound_downregulated"
"ENSG00000205795.5","CYS1",19.7752889580063,-2.0091227652313,0.468835888157563,-4.28534337063395,1.82457158778317e-05,0.000100890522047564,"ENSG00000205795","downregulated",FALSE,FALSE,"Neither_bound","Neither_bound_downregulated"
"ENSG00000257662.1","EIF4A1P12",8.89986967714521,-3.66921798007318,0.85808465663774,-4.2760559248902,1.90233454633065e-05,0.000104949410788029,"ENSG00000257662","downregulated",FALSE,FALSE,"Neither_bound","Neither_bound_downregulated"
"ENSG00000223973.2","ENSG00000223973.2",7.82321750257043,-4.38166994605073,1.02474108162,-4.27588004876684,1.9038371624163e-05,0.000105000066135666,"ENSG00000223973","downregulated",FALSE,FALSE,"Neither_bound","Neither_bound_downregulated"
"ENSG00000235422.1","ENSG00000235422.1",8.60400406096647,-3.4951623563678,0.817539200990124,-4.27522295216523,1.90946114394287e-05,0.000105293143080278,"ENSG00000235422","downregulated",FALSE,FALSE,"Neither_bound","Neither_bound_downregulated"
"ENSG00000235159.2","ENSG00000235159.2",45.0982032836194,-1.46845499695664,0.344226782286541,-4.26595219349979,1.990514037704e-05,0.00010949600134855,"ENSG00000235159","downregulated",FALSE,FALSE,"Neither_bound","Neither_bound_downregulated"
"ENSG00000226220.1","ENSG00000226220.1",8.74614615601985,-3.37097890856137,0.790554916250226,-4.2640667198057,2.00739460188923e-05,0.000110353098943152,"ENSG00000226220","downregulated",FALSE,FALSE,"Neither_bound","Neither_bound_downregulated"
"ENSG00000252212.1","RNU2-58P",10.424031758699,-2.85062414005379,0.668873684308443,-4.26182731796526,2.02762098511379e-05,0.000111392899275991,"ENSG00000252212","downregulated",FALSE,FALSE,"Neither_bound","Neither_bound_downregulated"
"ENSG00000233635.2","ENSG00000233635.2",31.5547141148614,-1.65545592187215,0.388927921611022,-4.25645943601812,2.07689697516793e-05,0.000113878993466512,"ENSG00000233635","downregulated",FALSE,FALSE,"Neither_bound","Neither_bound_downregulated"
"ENSG00000223519.8","ENSG00000223519.8",30.7542030229098,-1.70984365745654,0.401715180343584,-4.25635808931622,2.07783819212478e-05,0.000113912213863935,"ENSG00000223519","downregulated",FALSE,FALSE,"Neither_bound","Neither_bound_downregulated"
"ENSG00000236576.1","LOC100631242",13.0966062553525,-2.53096671596951,0.594699472518398,-4.25587516540333,2.08232873560953e-05,0.000114121559359768,"ENSG00000236576","downregulated",FALSE,FALSE,"Neither_bound","Neither_bound_downregulated"
"ENSG00000271550.1","BNIP3P11",15.9220196854662,-2.18872088536869,0.514459109787337,-4.25441175737648,2.09599295483263e-05,0.000114814850330196,"ENSG00000271550","downregulated",FALSE,FALSE,"Neither_bound","Neither_bound_downregulated"
"ENSG00000260744.1","ENSG00000260744.1",30.504826582973,-1.55078123288412,0.364539872028082,-4.25407850245984,2.09911655367536e-05,0.000114948881340069,"ENSG00000260744","downregulated",FALSE,FALSE,"Neither_bound","Neither_bound_downregulated"
"ENSG00000286715.1","ENSG00000286715.1",22.5534126832685,-1.78053155353278,0.418578158014267,-4.25376126164733,2.1020941693467e-05,0.000115093382889054,"ENSG00000286715","downregulated",FALSE,FALSE,"Neither_bound","Neither_bound_downregulated"
"ENSG00000261056.2","ENSG00000261056.2",146.527715721758,-1.07963559888453,0.253881142829543,-4.25252378672882,2.11374756353922e-05,0.000115675490959079,"ENSG00000261056","downregulated",FALSE,FALSE,"Neither_bound","Neither_bound_downregulated"
"ENSG00000202290.1","RNA5SP37",7.07755299330766,-5.64034362916832,1.32726335402595,-4.24960397803467,2.14148786296556e-05,0.000117099259061839,"ENSG00000202290","downregulated",FALSE,FALSE,"Neither_bound","Neither_bound_downregulated"
"ENSG00000274346.1","ENSG00000274346.1",38.8977802008402,-1.31182294503215,0.308791672395673,-4.24824586380435,2.1545087019562e-05,0.000117773336961777,"ENSG00000274346","downregulated",FALSE,FALSE,"Neither_bound","Neither_bound_downregulated"
"ENSG00000144227.5","NXPH2",7.6519636755821,-3.91463646881106,0.923202423984378,-4.24027966902012,2.2324146901683e-05,0.000121659974644051,"ENSG00000144227","downregulated",FALSE,FALSE,"Neither_bound","Neither_bound_downregulated"
"ENSG00000215784.6","FAM72D",20.8560765124663,-1.89408640510419,0.446727864243256,-4.23991104363439,2.23608382365726e-05,0.000121840383897963,"ENSG00000215784","downregulated",FALSE,FALSE,"Neither_bound","Neither_bound_downregulated"
"ENSG00000257167.3","TMPO-AS1",29.1194481853259,-1.55183846594207,0.36629217402506,-4.23661376351409,2.26915974674089e-05,0.000123543545884428,"ENSG00000257167","downregulated",FALSE,FALSE,"Neither_bound","Neither_bound_downregulated"
"ENSG00000176912.7","ENSG00000176912.7",19.0210717755929,-1.89569322904595,0.447672125384613,-4.2345572162155,2.29002475238601e-05,0.00012459964886921,"ENSG00000176912","downregulated",FALSE,FALSE,"Neither_bound","Neither_bound_downregulated"
"ENSG00000256436.1","TAS2R31",44.5567460020326,-1.24045887043548,0.293252091935353,-4.23000859857102,2.3368237956787e-05,0.000126983251786297,"ENSG00000256436","downregulated",FALSE,FALSE,"Neither_bound","Neither_bound_downregulated"
"ENSG00000230495.1","LOC100286962",18.6382398966695,-2.10137148210001,0.496905737166402,-4.22891370520905,2.34822388408618e-05,0.000127561920509579,"ENSG00000230495","downregulated",FALSE,FALSE,"Neither_bound","Neither_bound_downregulated"
"ENSG00000234247.1","DNAJB6P6",8.41928103091493,-3.38096776847057,0.800083036605065,-4.22577109348148,2.38123959011202e-05,0.000129252071583454,"ENSG00000234247","downregulated",FALSE,FALSE,"Neither_bound","Neither_bound_downregulated"
"ENSG00000236797.1","ENSG00000236797.1",11.5847039804537,-2.91537761159747,0.690111329177317,-4.22450333495161,2.39468305902431e-05,0.000129961006788525,"ENSG00000236797","downregulated",FALSE,FALSE,"Neither_bound","Neither_bound_downregulated"
"ENSG00000224821.5","COL4A2-AS2",8.44433971110604,-3.39024193989714,0.803873254911952,-4.21738367234082,2.47153248011272e-05,0.00013381099025258,"ENSG00000224821","downregulated",FALSE,FALSE,"Neither_bound","Neither_bound_downregulated"
"ENSG00000077616.11","NAALAD2",51.0708432973019,-1.18286995537999,0.28052281191107,-4.21666226472513,2.47944892449939e-05,0.000134218200904215,"ENSG00000077616","downregulated",FALSE,FALSE,"Neither_bound","Neither_bound_downregulated"
"ENSG00000214342.2","ATP5PBP2",6.60908468212806,-5.62409228610858,1.33399549535985,-4.21597547043551,2.48700794471769e-05,0.000134551114104806,"ENSG00000214342","downregulated",FALSE,FALSE,"Neither_bound","Neither_bound_downregulated"
"ENSG00000249112.1","ENSG00000249112.1",41.2761115061545,-1.3401624812139,0.317928490872669,-4.2152953248554,2.49451538913573e-05,0.000134904790221561,"ENSG00000249112","downregulated",FALSE,FALSE,"Neither_bound","Neither_bound_downregulated"
"ENSG00000248682.1","ENSG00000248682.1",11.5979199100906,-2.75438461044098,0.653529960964273,-4.21462637516562,2.50192027857886e-05,0.00013528371222981,"ENSG00000248682","downregulated",FALSE,FALSE,"Neither_bound","Neither_bound_downregulated"
"ENSG00000263826.1","ENSG00000263826.1",81.0890482165456,-1.03760026604893,0.246223610596026,-4.21405674109497,2.50824228006588e-05,0.000135560817453107,"ENSG00000263826","downregulated",FALSE,FALSE,"Neither_bound","Neither_bound_downregulated"
"ENSG00000255043.1","NAV2-AS5",32.3580583339962,-1.6667418404158,0.395572098913928,-4.21349697056987,2.51446961386681e-05,0.000135875761762373,"ENSG00000255043","downregulated",FALSE,FALSE,"Neither_bound","Neither_bound_downregulated"
"ENSG00000286655.1","ENSG00000286655.1",17.2412247012267,-1.97027668343112,0.467695055007028,-4.21273789906013,2.5229376275099e-05,0.00013626831822429,"ENSG00000286655","downregulated",FALSE,FALSE,"Neither_bound","Neither_bound_downregulated"
"ENSG00000266010.4","GATA6-AS1",22.0971426441141,-1.80584981043684,0.428810942100956,-4.21129601215186,2.53909771963978e-05,0.00013707576500433,"ENSG00000266010","downregulated",FALSE,FALSE,"Neither_bound","Neither_bound_downregulated"
"ENSG00000232891.1","ENSG00000232891.1",15.7930626077927,-2.06954023499195,0.491507511318283,-4.21059737101716,2.54696317448349e-05,0.000137478539823383,"ENSG00000232891","downregulated",FALSE,FALSE,"Neither_bound","Neither_bound_downregulated"
"ENSG00000253330.1","ENSG00000253330.1",53.9368191598562,-1.1808776947047,0.280490793719753,-4.21004083251501,2.5532453851433e-05,0.000137780427857302,"ENSG00000253330","downregulated",FALSE,FALSE,"Neither_bound","Neither_bound_downregulated"
"ENSG00000275328.1","ENSG00000275328.1",9.81542816418019,-3.03425190867368,0.721283069606551,-4.20674217450968,2.59078429104454e-05,0.000139644177718503,"ENSG00000275328","downregulated",FALSE,FALSE,"Neither_bound","Neither_bound_downregulated"
"ENSG00000235784.2","HNRNPA1P29",18.9082226299859,-2.04143259766128,0.485305438295229,-4.20649025659465,2.59367260286268e-05,0.000139777678841884,"ENSG00000235784","downregulated",FALSE,FALSE,"Neither_bound","Neither_bound_downregulated"
"ENSG00000278896.1","ENSG00000278896.1",19.1227391928915,-2.09125476587716,0.497669860350115,-4.20209245624387,2.64459073759434e-05,0.000142295989505155,"ENSG00000278896","downregulated",FALSE,FALSE,"Neither_bound","Neither_bound_downregulated"
"ENSG00000278330.1","ENSG00000278330.1",26.5159877054775,-1.7315655104524,0.412109932633704,-4.20170778070393,2.64908947535056e-05,0.000142447793729156,"ENSG00000278330","downregulated",FALSE,FALSE,"Neither_bound","Neither_bound_downregulated"
"ENSG00000151093.8","OXSM",78.7479732805677,-1.16966493920958,0.278556754219484,-4.19901841004353,2.68074527175085e-05,0.000144035993974743,"ENSG00000151093","downregulated",FALSE,FALSE,"Neither_bound","Neither_bound_downregulated"
"ENSG00000125551.19","PLGLB2",15.9151967445599,-2.19225201534758,0.522131584675581,-4.19865811548195,2.6850134174412e-05,0.000144196894487972,"ENSG00000125551","downregulated",FALSE,FALSE,"Neither_bound","Neither_bound_downregulated"
"ENSG00000286975.1","ENSG00000286975.1",41.4168778486076,-1.28980049996675,0.307203642469928,-4.19851955398935,2.68665657373569e-05,0.000144262330851492,"ENSG00000286975","downregulated",FALSE,FALSE,"Neither_bound","Neither_bound_downregulated"
"ENSG00000227945.1","ENSG00000227945.1",14.7655858170332,-2.3069549261466,0.549675631625209,-4.19693869150739,2.70547133098233e-05,0.000145226691167522,"ENSG00000227945","downregulated",FALSE,FALSE,"Neither_bound","Neither_bound_downregulated"
"ENSG00000255374.3","TAS2R43",28.6549302128429,-1.63341345330436,0.389267763656323,-4.19611795737206,2.71528870364912e-05,0.000145730647314826,"ENSG00000255374","downregulated",FALSE,FALSE,"Neither_bound","Neither_bound_downregulated"
"ENSG00000227911.3","ENSG00000227911.3",15.5888973157989,-2.21134518670206,0.527095583139824,-4.19534000556299,2.72462559149164e-05,0.000146162479614321,"ENSG00000227911","downregulated",FALSE,FALSE,"Neither_bound","Neither_bound_downregulated"
"ENSG00000251768.1","RNA5SP217",12.6153884640784,-2.40321779486532,0.572836771653292,-4.19529247036512,2.72519709200991e-05,0.000146170053405009,"ENSG00000251768","downregulated",FALSE,FALSE,"Neither_bound","Neither_bound_downregulated"
"ENSG00000226440.7","ENSG00000226440.7",55.3998627359285,-1.24882788619801,0.297932641009822,-4.19164507106437,2.76939014185947e-05,0.00014839981754012,"ENSG00000226440","downregulated",FALSE,FALSE,"Neither_bound","Neither_bound_downregulated"
"ENSG00000136732.16","GYPC",26.985646580335,-1.59696002411113,0.381140948634055,-4.1899460811922,2.79020748003386e-05,0.000149444603724046,"ENSG00000136732","downregulated",FALSE,FALSE,"Neither_bound","Neither_bound_downregulated"
"ENSG00000279633.1","ENSG00000279633.1",28.1257684069175,-1.68789158204017,0.403341831072334,-4.18476699417142,2.8545875423648e-05,0.000152593332564784,"ENSG00000279633","downregulated",FALSE,FALSE,"Neither_bound","Neither_bound_downregulated"
"ENSG00000287751.1","ENSG00000287751.1",21.1127580066828,-1.84935898466623,0.442072549850645,-4.18338344077469,2.87202373061625e-05,0.000153463744032677,"ENSG00000287751","downregulated",FALSE,FALSE,"Neither_bound","Neither_bound_downregulated"
"ENSG00000260633.1","ENSG00000260633.1",9.29846749525838,-3.06936253515353,0.734173870075171,-4.18070250149228,2.90609875032443e-05,0.000155113705768417,"ENSG00000260633","downregulated",FALSE,FALSE,"Neither_bound","Neither_bound_downregulated"
"ENSG00000234925.2","ENSG00000234925.2",64.150236139572,-1.15854809996339,0.27732981076026,-4.17751015221693,2.94717513416446e-05,0.000157207357030933,"ENSG00000234925","downregulated",FALSE,FALSE,"Neither_bound","Neither_bound_downregulated"
"ENSG00000227795.1","MTND4LP9",7.9279318988501,-3.56710389477788,0.854084721644696,-4.17652231023261,2.95999723044045e-05,0.000157841736143801,"ENSG00000227795","downregulated",FALSE,FALSE,"Neither_bound","Neither_bound_downregulated"
"ENSG00000182742.6","HOXB4",24.2170083413747,-1.7188659119054,0.411571865857282,-4.17634453298963,2.96231038479634e-05,0.000157940290614914,"ENSG00000182742","downregulated",FALSE,FALSE,"Neither_bound","Neither_bound_downregulated"
"ENSG00000231622.1","ENSG00000231622.1",16.7879345265787,-2.04033329042143,0.488561565561787,-4.17620507678556,2.96412612611857e-05,0.000158012297947262,"ENSG00000231622","downregulated",FALSE,FALSE,"Neither_bound","Neither_bound_downregulated"
"ENSG00000266456.1","ENSG00000266456.1",21.6035290009826,-1.79247652514501,0.429508830725493,-4.17331704709609,3.00196736035413e-05,0.000159849203145308,"ENSG00000266456","downregulated",FALSE,FALSE,"Neither_bound","Neither_bound_downregulated"
"ENSG00000242768.2","RPL31P25",10.0424477448188,-2.95004954434274,0.707550924763584,-4.16938122910156,3.05427731124729e-05,0.000162359454942798,"ENSG00000242768","downregulated",FALSE,FALSE,"Neither_bound","Neither_bound_downregulated"
"ENSG00000201581.1","ENSG00000201581.1",8.57395246606387,-3.26655294334533,0.783736515301107,-4.1679223560106,3.07388596453493e-05,0.000163274055423491,"ENSG00000201581","downregulated",FALSE,FALSE,"Neither_bound","Neither_bound_downregulated"
"ENSG00000231551.9","ENSG00000231551.9",8.9862664146044,-3.0478708410726,0.73136314762502,-4.16738367385621,3.08115656517255e-05,0.00016360907645112,"ENSG00000231551","downregulated",FALSE,FALSE,"Neither_bound","Neither_bound_downregulated"
"ENSG00000290545.1","INTS4P1",33.9326719127929,-1.42158091815184,0.341357067353306,-4.16449827499983,3.12037986002797e-05,0.000165588287901,"ENSG00000290545","downregulated",FALSE,FALSE,"Neither_bound","Neither_bound_downregulated"
"ENSG00000275017.1","ENSG00000275017.1",49.03626061854,-1.34063226685742,0.322335285944227,-4.1591235130534,3.1947112309348e-05,0.00016940048562659,"ENSG00000275017","downregulated",FALSE,FALSE,"Neither_bound","Neither_bound_downregulated"
"ENSG00000254433.1","ENSG00000254433.1",24.0795929663455,-1.8157107285818,0.436918175231647,-4.15572258494199,3.24261082952787e-05,0.000171833080588772,"ENSG00000254433","downregulated",FALSE,FALSE,"Neither_bound","Neither_bound_downregulated"
"ENSG00000224493.1","ENSG00000224493.1",12.3605509437439,-2.38600588084897,0.574640359709354,-4.15217246845624,3.29333908371305e-05,0.0001743309054006,"ENSG00000224493","downregulated",FALSE,FALSE,"Neither_bound","Neither_bound_downregulated"
"ENSG00000279814.1","ENSG00000279814.1",19.325293745805,-2.23526616021882,0.538669008770769,-4.14960973032335,3.33042607853252e-05,0.000176101981686788,"ENSG00000279814","downregulated",FALSE,FALSE,"Neither_bound","Neither_bound_downregulated"
"ENSG00000230555.2","ENSG00000230555.2",19.2988971187199,-1.87299110289428,0.451842342158697,-4.14523148482716,3.39470593299023e-05,0.000179333392117904,"ENSG00000230555","downregulated",FALSE,FALSE,"Neither_bound","Neither_bound_downregulated"
"ENSG00000141338.15","ABCA8",9.75463264610472,-2.90206606244615,0.700125371389222,-4.14506627104191,3.39715446715424e-05,0.000179434835858024,"ENSG00000141338","downregulated",FALSE,FALSE,"Neither_bound","Neither_bound_downregulated"
"ENSG00000259577.2","ENSG00000259577.2",21.6711311027278,-1.74260231427146,0.42071329012291,-4.14201869820267,3.44262269040865e-05,0.000181666937312104,"ENSG00000259577","downregulated",FALSE,FALSE,"Neither_bound","Neither_bound_downregulated"
"ENSG00000226310.2","ENSG00000226310.2",68.9511524438329,-1.0657024294128,0.257397379575755,-4.1403002282669,3.46851561040621e-05,0.000182919637097156,"ENSG00000226310","downregulated",FALSE,FALSE,"Neither_bound","Neither_bound_downregulated"
"ENSG00000240668.1","KRT8P36",10.8300756229991,-2.80020315445426,0.676644388153187,-4.13836751398627,3.49785759914878e-05,0.000184152552585068,"ENSG00000240668","downregulated",FALSE,FALSE,"Neither_bound","Neither_bound_downregulated"
"ENSG00000172733.12","PURG",57.3434062974423,-1.10202492539156,0.266498199360743,-4.1352058964564,3.54636529555732e-05,0.000186475133683423,"ENSG00000172733","downregulated",FALSE,FALSE,"Neither_bound","Neither_bound_downregulated"
"ENSG00000252950.1","RNA5SP490",7.08360082395001,-4.88297208697492,1.18101420480387,-4.13455830345903,3.55637962020634e-05,0.000186943829989429,"ENSG00000252950","downregulated",FALSE,FALSE,"Neither_bound","Neither_bound_downregulated"
"ENSG00000224055.1","GAPDHP55",104.879402886595,-1.04956441406861,0.253959890889163,-4.13279597181223,3.5837683220436e-05,0.000188267000252362,"ENSG00000224055","downregulated",FALSE,FALSE,"Neither_bound","Neither_bound_downregulated"
"ENSG00000226746.2","SMCR5",56.2125109080491,-1.26650107037461,0.306554171302505,-4.13141033114451,3.60544332761459e-05,0.000189317821846363,"ENSG00000226746","downregulated",FALSE,FALSE,"Neither_bound","Neither_bound_downregulated"
"ENSG00000279839.1","ENSG00000279839.1",29.2561555898914,-1.61307857723691,0.39065007627865,-4.12921608157144,3.64002188809434e-05,0.000190926904717092,"ENSG00000279839","downregulated",FALSE,FALSE,"Neither_bound","Neither_bound_downregulated"
"ENSG00000267327.2","ENSG00000267327.2",8.825111356403,-3.35602253544214,0.81324609139862,-4.12669986482253,3.68006178232617e-05,0.000192848408858462,"ENSG00000267327","downregulated",FALSE,FALSE,"Neither_bound","Neither_bound_downregulated"
"ENSG00000272129.1","ENSG00000272129.1",25.7623239870632,-1.63686157326405,0.396937916063606,-4.1237218895505,3.72798984876526e-05,0.000195269636365241,"ENSG00000272129","downregulated",FALSE,FALSE,"Neither_bound","Neither_bound_downregulated"
"ENSG00000236559.1","ENSG00000236559.1",39.0648352659892,-1.33736958736481,0.324374535106887,-4.12291793165613,3.74103012342729e-05,0.000195862070333814,"ENSG00000236559","downregulated",FALSE,FALSE,"Neither_bound","Neither_bound_downregulated"
"ENSG00000224063.6","ENSG00000224063.6",25.5095303380344,-1.60256997271003,0.388989593269239,-4.11982736926542,3.79156366423269e-05,0.000198385450626396,"ENSG00000224063","downregulated",FALSE,FALSE,"Neither_bound","Neither_bound_downregulated"
"ENSG00000240404.2","ENSG00000240404.2",10.54356236758,-2.81953624911773,0.684634526084067,-4.11830858902888,3.81663393406436e-05,0.00019963901954125,"ENSG00000240404","downregulated",FALSE,FALSE,"Neither_bound","Neither_bound_downregulated"
"ENSG00000168405.18","ENSG00000168405.18",80.2172690033949,-1.06244315683916,0.257980703383169,-4.11830475266655,3.81669745908171e-05,0.00019963901954125,"ENSG00000168405","downregulated",FALSE,FALSE,"Neither_bound","Neither_bound_downregulated"
"ENSG00000274210.1","RNVU1-27",11.4461313034681,-2.63908473853815,0.64103080177935,-4.11693904756632,3.83937559190159e-05,0.000200794318869458,"ENSG00000274210","downregulated",FALSE,FALSE,"Neither_bound","Neither_bound_downregulated"
"ENSG00000266313.2","ENSG00000266313.2",28.8459842031187,-1.47526729328655,0.358521916186228,-4.11485944563637,3.87415411960274e-05,0.000202429725358964,"ENSG00000266313","downregulated",FALSE,FALSE,"Neither_bound","Neither_bound_downregulated"
"ENSG00000164076.17","CAMKV",51.1235443820094,-1.17504894398678,0.285572949171814,-4.11470675844656,3.87671935482223e-05,0.000202500804657858,"ENSG00000164076","downregulated",FALSE,FALSE,"Neither_bound","Neither_bound_downregulated"
"ENSG00000273008.1","CSGALNACT2-DT",17.0278473825357,-2.08782111596279,0.507491363838252,-4.11400324169501,3.88855969448172e-05,0.000203085171743781,"ENSG00000273008","downregulated",FALSE,FALSE,"Neither_bound","Neither_bound_downregulated"
"ENSG00000259048.1","ENSG00000259048.1",17.6925100754532,-1.97232765759042,0.479504565029311,-4.11326148160833,3.90108084746212e-05,0.000203707785129275,"ENSG00000259048","downregulated",FALSE,FALSE,"Neither_bound","Neither_bound_downregulated"
"ENSG00000249746.3","ENSG00000249746.3",7.87603199164448,-3.65982585355038,0.890012930806495,-4.11210413564889,3.9206936878982e-05,0.000204637558682431,"ENSG00000249746","downregulated",FALSE,FALSE,"Neither_bound","Neither_bound_downregulated"
"ENSG00000287269.1","ENSG00000287269.1",61.4208845576163,-1.08694832868591,0.264337190825131,-4.11197654515809,3.92286160491892e-05,0.00020471925487154,"ENSG00000287269","downregulated",FALSE,FALSE,"Neither_bound","Neither_bound_downregulated"
"ENSG00000259072.2","ENSG00000259072.2",22.6450323390588,-1.78841057338763,0.435060530782331,-4.11071666320015,3.94432969706744e-05,0.000205744765279463,"ENSG00000259072","downregulated",FALSE,FALSE,"Neither_bound","Neither_bound_downregulated"
"ENSG00000242931.1","RPL7P49",34.0452062564097,-1.39265482716386,0.338869606196611,-4.10970710178076,3.96161281056022e-05,0.000206551134227336,"ENSG00000242931","downregulated",FALSE,FALSE,"Neither_bound","Neither_bound_downregulated"
"ENSG00000253008.2","MIR2355",13.5402420661033,-2.43760234033078,0.593200578575252,-4.10923796835365,3.96966854299379e-05,0.000206939381627399,"ENSG00000253008","downregulated",FALSE,FALSE,"Neither_bound","Neither_bound_downregulated"
"ENSG00000257803.2","ENSG00000257803.2",9.7680726419046,-2.79699967168164,0.681295478675854,-4.10541352353872,4.03592246761874e-05,0.000210135215174852,"ENSG00000257803","downregulated",FALSE,FALSE,"Neither_bound","Neither_bound_downregulated"
"ENSG00000250132.6","ENSG00000250132.6",37.6502739934616,-1.53094212452346,0.373048643472135,-4.10386728731749,4.0630059218309e-05,0.000211383343778147,"ENSG00000250132","downregulated",FALSE,FALSE,"Neither_bound","Neither_bound_downregulated"
"ENSG00000207983.1","MIR613",6.77224242715177,-5.52860802714949,1.34743042685676,-4.10307494691687,4.07695108527149e-05,0.000212076377434153,"ENSG00000207983","downregulated",FALSE,FALSE,"Neither_bound","Neither_bound_downregulated"
"ENSG00000289337.1","ENSG00000289337.1",7.5679683021682,-3.91581852807443,0.954507621172664,-4.10244867742767,4.08800553039578e-05,0.000212586301066264,"ENSG00000289337","downregulated",FALSE,FALSE,"Neither_bound","Neither_bound_downregulated"
"ENSG00000200610.1","ENSG00000200610.1",6.22935118691978,-5.48829453497201,1.33789774249394,-4.10217788748297,4.09279411633361e-05,0.000212802740767825,"ENSG00000200610","downregulated",FALSE,FALSE,"Neither_bound","Neither_bound_downregulated"
"ENSG00000277007.1","ENSG00000277007.1",37.4908692169999,-1.38354651054913,0.337278332901944,-4.10209128657954,4.09432666937764e-05,0.000212849844360912,"ENSG00000277007","downregulated",FALSE,FALSE,"Neither_bound","Neither_bound_downregulated"
"ENSG00000286951.1","ENSG00000286951.1",26.8988522632696,-5.49613563562764,1.34033152148748,-4.10057925783025,4.12117255043651e-05,0.000214147145775168,"ENSG00000286951","downregulated",FALSE,FALSE,"Neither_bound","Neither_bound_downregulated"
"ENSG00000230291.5","RPL26P32",10.8612292149471,-2.71111783664197,0.661243619672549,-4.10002872766399,4.13098855693223e-05,0.00021459155727462,"ENSG00000230291","downregulated",FALSE,FALSE,"Neither_bound","Neither_bound_downregulated"
"ENSG00000257285.7","PRMT5-DT",15.1021771068256,-2.11492451048765,0.516077134873214,-4.09807830569209,4.16594359104241e-05,0.000216242010850441,"ENSG00000257285","downregulated",FALSE,FALSE,"Neither_bound","Neither_bound_downregulated"
"ENSG00000169507.10","SLC38A11",11.2064945257415,-2.6112111916093,0.637403210250116,-4.09663953619666,4.19190856934885e-05,0.000217423652899132,"ENSG00000169507","downregulated",FALSE,FALSE,"Neither_bound","Neither_bound_downregulated"
"ENSG00000259865.1","ENSG00000259865.1",37.4268266133046,-1.36734503401202,0.333884823234497,-4.09525961906838,4.21695565146114e-05,0.000218489245834094,"ENSG00000259865","downregulated",FALSE,FALSE,"Neither_bound","Neither_bound_downregulated"
"ENSG00000249518.1","LOC100288484",7.07118261065354,-4.84330351253018,1.18304791365036,-4.09391999820692,4.24140709061809e-05,0.000219588654251052,"ENSG00000249518","downregulated",FALSE,FALSE,"Neither_bound","Neither_bound_downregulated"
"ENSG00000207171.1","LOC124900181",10.3149449802721,-2.63920391514797,0.644946122098067,-4.09213083809605,4.27427359300426e-05,0.000221088054525916,"ENSG00000207171","downregulated",FALSE,FALSE,"Neither_bound","Neither_bound_downregulated"
"ENSG00000119227.8","PIGZ",44.9119179801215,-1.23905026261718,0.302896566828304,-4.0906712003756,4.30126564973926e-05,0.000222450352604055,"ENSG00000119227","downregulated",FALSE,FALSE,"Neither_bound","Neither_bound_downregulated"
"ENSG00000263968.2","RN7SL381P",15.6379282865696,-2.02518909192124,0.495288561526442,-4.08890745564518,4.33409710354691e-05,0.000223977803762789,"ENSG00000263968","downregulated",FALSE,FALSE,"Neither_bound","Neither_bound_downregulated"
"ENSG00000251314.2","LOC101929710",12.2780774972269,-2.39124732518397,0.585447150435923,-4.08448025309109,4.41755827508551e-05,0.000227944128039047,"ENSG00000251314","downregulated",FALSE,FALSE,"Neither_bound","Neither_bound_downregulated"
"ENSG00000274852.1","RN7SL422P",7.28457478031523,-4.89563423216635,1.19915329122864,-4.08257582076962,4.45392738687337e-05,0.000229750957444669,"ENSG00000274852","downregulated",FALSE,FALSE,"Neither_bound","Neither_bound_downregulated"
"ENSG00000244073.1","RPS4XP6",16.3676683476945,-2.0511816571711,0.502431695573511,-4.082508478749,4.45521860757784e-05,0.000229782668785612,"ENSG00000244073","downregulated",FALSE,FALSE,"Neither_bound","Neither_bound_downregulated"
"ENSG00000289519.1","ENSG00000289519.1",37.1513517909124,-1.3616484486922,0.333669705933121,-4.08082731060135,4.48756875031013e-05,0.000231345781318158,"ENSG00000289519","downregulated",FALSE,FALSE,"Neither_bound","Neither_bound_downregulated"
"ENSG00000236591.1","ENSG00000236591.1",17.0841001346025,-1.93185355156338,0.473558471646634,-4.07944038007818,4.51442456386237e-05,0.000232694952329707,"ENSG00000236591","downregulated",FALSE,FALSE,"Neither_bound","Neither_bound_downregulated"
"ENSG00000180385.11","ENSG00000180385.11",31.2802104614614,-1.43426712484418,0.351813170164724,-4.07678633569241,4.56624160527587e-05,0.000235151750830823,"ENSG00000180385","downregulated",FALSE,FALSE,"Neither_bound","Neither_bound_downregulated"
"ENSG00000175785.13","PRIMA1",7.07048941992526,-4.7930889303672,1.1760503357214,-4.07558144815891,4.58995129291792e-05,0.000236265290980203,"ENSG00000175785","downregulated",FALSE,FALSE,"Neither_bound","Neither_bound_downregulated"
"ENSG00000252971.1","RNU6-1057P",23.468777618942,-1.65823009391751,0.406909993283636,-4.07517662698848,4.59794350202115e-05,0.00023660497633185,"ENSG00000252971","downregulated",FALSE,FALSE,"Neither_bound","Neither_bound_downregulated"
"ENSG00000180777.15","ANKRD30B",35.1565348240868,-1.34186784744343,0.329571488124805,-4.07155320103199,4.6700692976377e-05,0.000240134595673868,"ENSG00000180777","downregulated",FALSE,FALSE,"Neither_bound","Neither_bound_downregulated"
"ENSG00000266651.1","ENSG00000266651.1",46.8565508658575,-1.18709663670744,0.291643858709736,-4.07036390877312,4.69397558853995e-05,0.000241254293828908,"ENSG00000266651","downregulated",FALSE,FALSE,"Neither_bound","Neither_bound_downregulated"
"ENSG00000267375.1","ENSG00000267375.1",37.6455173823422,-1.41437343788265,0.34754315254648,-4.06963402247867,4.70870464466079e-05,0.000241938102208195,"ENSG00000267375","downregulated",FALSE,FALSE,"Neither_bound","Neither_bound_downregulated"
"ENSG00000288902.2","ENSG00000288902.2",9.60766409403717,-2.79924451163105,0.688448389649222,-4.06601940496559,4.78229555624391e-05,0.000245496471897375,"ENSG00000288902","downregulated",FALSE,FALSE,"Neither_bound","Neither_bound_downregulated"
"ENSG00000229657.2","RPL13AP11",32.4359944928443,-1.41324509797183,0.347689054927551,-4.06468100718993,4.80981994102143e-05,0.000246611266047722,"ENSG00000229657","downregulated",FALSE,FALSE,"Neither_bound","Neither_bound_downregulated"
"ENSG00000275894.1","ENSG00000275894.1",12.9877229942144,-2.28011723461096,0.561165099708539,-4.0631843209694,4.84077742223768e-05,0.000248123626797298,"ENSG00000275894","downregulated",FALSE,FALSE,"Neither_bound","Neither_bound_downregulated"
"ENSG00000207994.1","MIR100",14.7652998187849,-2.13612516985576,0.526339272820769,-4.05845674104421,4.93980815886228e-05,0.000252856244032902,"ENSG00000207994","downregulated",FALSE,FALSE,"Neither_bound","Neither_bound_downregulated"
"ENSG00000166828.3","SCNN1G",15.2065442314179,-2.07757616161554,0.51245344172463,-4.05417544786818,5.03114469584226e-05,0.000257182728409887,"ENSG00000166828","downregulated",FALSE,FALSE,"Neither_bound","Neither_bound_downregulated"
"ENSG00000239030.1","RNU6-956P",3.72359620302222,-5.81435266291327,1.4345857782422,-4.05298362154239,5.05685439607733e-05,0.000258341450031516,"ENSG00000239030","downregulated",FALSE,FALSE,"Neither_bound","Neither_bound_downregulated"
"ENSG00000133937.5","GSC",30.9601406414762,-1.58147764675059,0.390979260018141,-4.04491441995469,5.23422410957998e-05,0.00026656090637813,"ENSG00000133937","downregulated",FALSE,FALSE,"Neither_bound","Neither_bound_downregulated"
"ENSG00000237162.1","RPS20P9",21.6892891037657,-1.83338484647091,0.45330678191111,-4.04446816070453,5.24420343211041e-05,0.000266989062023271,"ENSG00000237162","downregulated",FALSE,FALSE,"Neither_bound","Neither_bound_downregulated"
"ENSG00000229808.1","LOC100422526",28.7333109753084,-1.46702432926497,0.363403578856559,-4.03690116063503,5.4161873742874e-05,0.000275085306115123,"ENSG00000229808","downregulated",FALSE,FALSE,"Neither_bound","Neither_bound_downregulated"
"ENSG00000175718.10","RBMXL3",19.2131828459102,-1.9004537555551,0.47098166832635,-4.03509071235922,5.45812062484043e-05,0.000277132199379043,"ENSG00000175718","downregulated",FALSE,FALSE,"Neither_bound","Neither_bound_downregulated"
"ENSG00000207975.1","MIR181B1",6.75817721247219,-4.78380293562094,1.18577828252214,-4.03431485137832,5.47618495534148e-05,0.000277924772991244,"ENSG00000207975","downregulated",FALSE,FALSE,"Neither_bound","Neither_bound_downregulated"
"ENSG00000286593.1","ENSG00000286593.1",17.0538530734669,-1.89780444098082,0.470457225592417,-4.03395747316036,5.48452481410826e-05,0.00027826488257749,"ENSG00000286593","downregulated",FALSE,FALSE,"Neither_bound","Neither_bound_downregulated"
"ENSG00000167371.21","PRRT2",71.7697465980137,-1.0353578599899,0.256824936042588,-4.03137590898968,5.54512715450657e-05,0.000281129670424297,"ENSG00000167371","downregulated",FALSE,FALSE,"Neither_bound","Neither_bound_downregulated"
"ENSG00000234040.3","RPL10P12",36.8495819969846,-1.35757572341754,0.33690189774749,-4.02958764107364,5.58747815227634e-05,0.000283065559845672,"ENSG00000234040","downregulated",FALSE,FALSE,"Neither_bound","Neither_bound_downregulated"
"ENSG00000266144.1","MIR4654",10.1973327187797,-2.86046338074024,0.710159414408347,-4.0279172854779,5.62731328334574e-05,0.000285041123782714,"ENSG00000266144","downregulated",FALSE,FALSE,"Neither_bound","Neither_bound_downregulated"
"ENSG00000259918.1","ENSG00000259918.1",15.7429247549334,-2.04687493511385,0.508607264024508,-4.02447050975509,5.71036489252494e-05,0.000288946334975848,"ENSG00000259918","downregulated",FALSE,FALSE,"Neither_bound","Neither_bound_downregulated"
"ENSG00000234816.2","ENSG00000234816.2",6.78598901598368,-4.12674330732344,1.02634058241891,-4.02083224420241,5.79928937578561e-05,0.000293163214163435,"ENSG00000234816","downregulated",FALSE,FALSE,"Neither_bound","Neither_bound_downregulated"
"ENSG00000289627.1","ENSG00000289627.1",24.0616477439683,-1.57950639996882,0.392868923235148,-4.02044118675028,5.80892506292797e-05,0.000293539968071314,"ENSG00000289627","downregulated",FALSE,FALSE,"Neither_bound","Neither_bound_downregulated"
"ENSG00000235036.4","ENSG00000235036.4",11.6672960434021,-2.40891596667992,0.599296141337319,-4.01957529929104,5.83031458363297e-05,0.000294533203118448,"ENSG00000235036","downregulated",FALSE,FALSE,"Neither_bound","Neither_bound_downregulated"
"ENSG00000179023.9","KLHDC7A",12.9023665204432,-2.27113960489807,0.565243750982125,-4.01798268614542,5.86985089688157e-05,0.000296354184401417,"ENSG00000179023","downregulated",FALSE,FALSE,"Neither_bound","Neither_bound_downregulated"
"ENSG00000204929.13","LOC124906016",22.1580462165104,-1.67308558891691,0.416482509241728,-4.01718091826479,5.88985058362305e-05,0.000297319727484779,"ENSG00000204929","downregulated",FALSE,FALSE,"Neither_bound","Neither_bound_downregulated"
"ENSG00000279354.1","ENSG00000279354.1",13.2362640003746,-2.25509290894019,0.561456676957987,-4.01650385771248,5.90678974950555e-05,0.000298086219300557,"ENSG00000279354","downregulated",FALSE,FALSE,"Neither_bound","Neither_bound_downregulated"
"ENSG00000134864.11","GGACT",55.9360834348065,-1.10901790900348,0.276182440157841,-4.01552650620968,5.93132318324287e-05,0.000299279836435523,"ENSG00000134864","downregulated",FALSE,FALSE,"Neither_bound","Neither_bound_downregulated"
"ENSG00000279500.1","ENSG00000279500.1",53.8832132804013,-1.07244470904905,0.267504441136538,-4.00907253910472,6.09576907387023e-05,0.000306848079284564,"ENSG00000279500","downregulated",FALSE,FALSE,"Neither_bound","Neither_bound_downregulated"
"ENSG00000212124.2","TAS2R19",39.3862809453443,-1.27532954848501,0.318320041302,-4.00643812205046,6.16412641748504e-05,0.000310059301272223,"ENSG00000212124","downregulated",FALSE,FALSE,"Neither_bound","Neither_bound_downregulated"
"ENSG00000270077.1","ENSG00000270077.1",11.3829585336897,-2.63695244835858,0.658508415257799,-4.00443242221322,6.21665585989066e-05,0.000312423977287714,"ENSG00000270077","downregulated",FALSE,FALSE,"Neither_bound","Neither_bound_downregulated"
"ENSG00000104804.9","TULP2",17.0158647629216,-1.96954336886177,0.49251861060839,-3.99892171877295,6.36317201585291e-05,0.000319220539114594,"ENSG00000104804","downregulated",FALSE,FALSE,"Neither_bound","Neither_bound_downregulated"
"ENSG00000127528.6","KLF2",53.9068885901329,-1.21509969001533,0.304644440899498,-3.98858317068778,6.64690989158071e-05,0.00033271770586091,"ENSG00000127528","downregulated",FALSE,FALSE,"Neither_bound","Neither_bound_downregulated"
"ENSG00000248971.2","KRT8P46",47.3628327133557,-1.19623297460289,0.299927224169423,-3.98841078170071,6.65174101128372e-05,0.000332910473952093,"ENSG00000248971","downregulated",FALSE,FALSE,"Neither_bound","Neither_bound_downregulated"
"ENSG00000110987.9","BCL7A",47.444692034852,-1.14300740304588,0.286734316297807,-3.98629441290428,6.71132270136586e-05,0.000335744049366709,"ENSG00000110987","downregulated",FALSE,FALSE,"Neither_bound","Neither_bound_downregulated"
"ENSG00000287822.1","ENSG00000287822.1",6.57707355535363,-4.74115541814445,1.19097294892053,-3.9809094089347,6.86521115815199e-05,0.000342635164002508,"ENSG00000287822","downregulated",FALSE,FALSE,"Neither_bound","Neither_bound_downregulated"
"ENSG00000269951.1","ENSG00000269951.1",65.5799764370765,-1.05240121452606,0.264366005604134,-3.9808492476977,6.86694910937862e-05,0.000342661040421566,"ENSG00000269951","downregulated",FALSE,FALSE,"Neither_bound","Neither_bound_downregulated"
"ENSG00000250536.1","ENSG00000250536.1",21.7826172339074,-1.66965699035515,0.419572226280945,-3.9794268680624,6.90816060148506e-05,0.000344475043028838,"ENSG00000250536","downregulated",FALSE,FALSE,"Neither_bound","Neither_bound_downregulated"
"ENSG00000153044.10","CENPH",124.843037959132,-1.11111975664215,0.279273858886307,-3.9786027989626,6.93214381420869e-05,0.000345518798358093,"ENSG00000153044","downregulated",FALSE,FALSE,"Neither_bound","Neither_bound_downregulated"
"ENSG00000284308.2","C2orf81",11.0004945212374,-2.54213806652033,0.639346632614048,-3.97614992688158,7.00399779945743e-05,0.000348793134807169,"ENSG00000284308","downregulated",FALSE,FALSE,"Neither_bound","Neither_bound_downregulated"
"ENSG00000286116.1","ENSG00000286116.1",19.3521206128388,-1.734211151649,0.436451539043171,-3.97343346629249,7.08439536736222e-05,0.000352383572761107,"ENSG00000286116","downregulated",FALSE,FALSE,"Neither_bound","Neither_bound_downregulated"
"ENSG00000272729.1","ENSG00000272729.1",23.1982540061798,-1.67679527400947,0.422267197118616,-3.97093424602067,7.15913380028714e-05,0.000355944755456899,"ENSG00000272729","downregulated",FALSE,FALSE,"Neither_bound","Neither_bound_downregulated"
"ENSG00000271917.1","ENSG00000271917.1",44.6358223292149,-1.20373965746704,0.303284497908185,-3.96901149174942,7.21714016672063e-05,0.000358566355394422,"ENSG00000271917","downregulated",FALSE,FALSE,"Neither_bound","Neither_bound_downregulated"
"ENSG00000287532.1","ENSG00000287532.1",28.7175022438641,-1.47512909219985,0.371839052284435,-3.96711717915917,7.27472303256116e-05,0.000361110319991287,"ENSG00000287532","downregulated",FALSE,FALSE,"Neither_bound","Neither_bound_downregulated"
"ENSG00000287195.1","ENSG00000287195.1",53.6968006554398,-1.1143466961982,0.280953879235625,-3.9662975974204,7.29977092347782e-05,0.000361983385005394,"ENSG00000287195","downregulated",FALSE,FALSE,"Neither_bound","Neither_bound_downregulated"
"ENSG00000267016.1","ENSG00000267016.1",22.9937474814605,-1.81262725982713,0.457238517543253,-3.96429257440163,7.36139234492103e-05,0.000364666436010322,"ENSG00000267016","downregulated",FALSE,FALSE,"Neither_bound","Neither_bound_downregulated"
"ENSG00000279602.2","ENSG00000279602.2",26.0106239068949,-1.51243958571137,0.381812566023058,-3.96120955751894,7.45710500271212e-05,0.000369084864828975,"ENSG00000279602","downregulated",FALSE,FALSE,"Neither_bound","Neither_bound_downregulated"
"ENSG00000286154.1","ENSG00000286154.1",34.0526270674069,-1.33333198585032,0.336614138358869,-3.96101005249174,7.46333903181097e-05,0.000369339598240902,"ENSG00000286154","downregulated",FALSE,FALSE,"Neither_bound","Neither_bound_downregulated"
"ENSG00000250461.1","ENSG00000250461.1",71.3280037260597,-1.08936635901572,0.275407105767789,-3.95547658793605,7.63822284968293e-05,0.000377224707412082,"ENSG00000250461","downregulated",FALSE,FALSE,"Neither_bound","Neither_bound_downregulated"
"ENSG00000201348.1","RNU105B",11.6714314232873,-2.31416172893696,0.586984268136134,-3.94245954203369,8.06502582055217e-05,0.000396975506553422,"ENSG00000201348","downregulated",FALSE,FALSE,"Neither_bound","Neither_bound_downregulated"
"ENSG00000251410.2","ENSG00000251410.2",24.1691327895618,-1.61190792909873,0.408966284395225,-3.941420089146,8.10006211530741e-05,0.000398544873604615,"ENSG00000251410","downregulated",FALSE,FALSE,"Neither_bound","Neither_bound_downregulated"
"ENSG00000250882.1","ENSG00000250882.1",9.23127238726546,-2.79778452577073,0.710527230471894,-3.93761759688308,8.22946041124544e-05,0.00040465881767398,"ENSG00000250882","downregulated",FALSE,FALSE,"Neither_bound","Neither_bound_downregulated"
"ENSG00000271167.1","ENSG00000271167.1",5.50270356696913,-5.35042942620522,1.35889601045078,-3.93733544366676,8.23913950669152e-05,0.000405076119211605,"ENSG00000271167","downregulated",FALSE,FALSE,"Neither_bound","Neither_bound_downregulated"
"ENSG00000235070.3","ENSG00000235070.3",9.26039066399032,-2.99036197110158,0.759534420344131,-3.93709868967716,8.24726951004156e-05,0.000405417150097094,"ENSG00000235070","downregulated",FALSE,FALSE,"Neither_bound","Neither_bound_downregulated"
"ENSG00000171931.13","FBXW10",18.9986118545882,-2.06390296590972,0.524646577231392,-3.93389198648949,8.3581354703502e-05,0.000410569986488584,"ENSG00000171931","downregulated",FALSE,FALSE,"Neither_bound","Neither_bound_downregulated"
"ENSG00000278716.1","ENSG00000278716.1",9.7278918198105,-2.70347109362101,0.687339357915982,-3.93324063650008,8.38082614976293e-05,0.000411625076135262,"ENSG00000278716","downregulated",FALSE,FALSE,"Neither_bound","Neither_bound_downregulated"
"ENSG00000261040.9","ENSG00000261040.9",23.8211902352195,-1.69621734270694,0.431442274841373,-3.93150472639842,8.44158363604281e-05,0.000414249802006793,"ENSG00000261040","downregulated",FALSE,FALSE,"Neither_bound","Neither_bound_downregulated"
"ENSG00000272473.2","ENSG00000272473.2",8.00155262397436,-3.11165344993998,0.791693873107247,-3.93037454960632,8.48136369423801e-05,0.000415961539078655,"ENSG00000272473","downregulated",FALSE,FALSE,"Neither_bound","Neither_bound_downregulated"
"ENSG00000270553.1","LOC107984970",17.818080861376,-2.05799320438922,0.523667637145691,-3.9299606437521,8.49597665429583e-05,0.000416557931572057,"ENSG00000270553","downregulated",FALSE,FALSE,"Neither_bound","Neither_bound_downregulated"
"ENSG00000155846.17","PPARGC1B",52.3518845497219,-1.07211960196845,0.272835827794664,-3.9295411113504,8.51081253652249e-05,0.000417164906552087,"ENSG00000155846","downregulated",FALSE,FALSE,"Neither_bound","Neither_bound_downregulated"
"ENSG00000232459.1","OR4F14P",13.7074920360616,-2.26096073611421,0.575804532613665,-3.92661156356543,8.61509419441252e-05,0.000422032765497267,"ENSG00000232459","downregulated",FALSE,FALSE,"Neither_bound","Neither_bound_downregulated"
"ENSG00000290602.1","ENSG00000290602.1",9.68639067323687,-2.77959021270565,0.708106108593763,-3.92538657550303,8.65905646438841e-05,0.000424125205453995,"ENSG00000290602","downregulated",FALSE,FALSE,"Neither_bound","Neither_bound_downregulated"
"ENSG00000284738.2","LOC101928059",20.3634596717733,-1.7522569953654,0.447273941103463,-3.91763712198934,8.9421181449896e-05,0.000437107309179748,"ENSG00000284738","downregulated",FALSE,FALSE,"Neither_bound","Neither_bound_downregulated"
"ENSG00000252045.1","ENSG00000252045.1",6.73402717669285,-3.67478344950246,0.938128384672078,-3.91714344171238,8.9604436492291e-05,0.000437940071765488,"ENSG00000252045","downregulated",FALSE,FALSE,"Neither_bound","Neither_bound_downregulated"
"ENSG00000258457.5","ENSG00000258457.5",13.5605032978158,-2.2908422654725,0.585669613335384,-3.9114924409791,9.17275277350575e-05,0.000447736838928644,"ENSG00000258457","downregulated",FALSE,FALSE,"Neither_bound","Neither_bound_downregulated"
"ENSG00000262038.1","ENSG00000262038.1",15.615324851453,-1.97885491043903,0.506484061874129,-3.90704280627653,9.34326060389777e-05,0.000455470545627439,"ENSG00000262038","downregulated",FALSE,FALSE,"Neither_bound","Neither_bound_downregulated"
"ENSG00000157470.12","FAM81A",38.3169046777322,-1.28041440825877,0.328028815948235,-3.90335954040338,9.4866614587903e-05,0.00046173222013496,"ENSG00000157470","downregulated",FALSE,FALSE,"Neither_bound","Neither_bound_downregulated"
"ENSG00000268894.7","PLCE1-AS1",14.1650960255122,-2.0515638097218,0.525594900782983,-3.90331756770388,9.48830749861284e-05,0.000461746173514156,"ENSG00000268894","downregulated",FALSE,FALSE,"Neither_bound","Neither_bound_downregulated"
"ENSG00000198901.14","PRC1",34.0154835543166,-1.31714265379717,0.337657751116938,-3.90082161431269,9.58667741558247e-05,0.000465865891920608,"ENSG00000198901","downregulated",FALSE,FALSE,"Neither_bound","Neither_bound_downregulated"
"ENSG00000290114.1","ENSG00000290114.1",6.7029027920081,-3.83345569693921,0.983158257538189,-3.89912373470586,9.65414333485035e-05,0.000468794299217304,"ENSG00000290114","downregulated",FALSE,FALSE,"Neither_bound","Neither_bound_downregulated"
"ENSG00000261801.8","LOXL1-AS1",50.8515982018071,-1.12547817157359,0.288650999206603,-3.89909674543694,9.65521937507141e-05,0.000468794299217304,"ENSG00000261801","downregulated",FALSE,FALSE,"Neither_bound","Neither_bound_downregulated"
"ENSG00000237328.1","RAI1-AS1",44.1633335271451,-1.23134410360603,0.315901264512672,-3.89787646309542,9.70398952046289e-05,0.000470758520467129,"ENSG00000237328","downregulated",FALSE,FALSE,"Neither_bound","Neither_bound_downregulated"
"ENSG00000266537.1","ENSG00000266537.1",16.3275387316068,-1.98374247843133,0.50905682987126,-3.89689787470884,9.74326801431154e-05,0.000472326713158462,"ENSG00000266537","downregulated",FALSE,FALSE,"Neither_bound","Neither_bound_downregulated"
"ENSG00000227145.2","IL21-AS1",15.8203768855365,-1.98842081910332,0.510433389998298,-3.89555397053855,9.79745419445808e-05,0.000474885736411747,"ENSG00000227145","downregulated",FALSE,FALSE,"Neither_bound","Neither_bound_downregulated"
"ENSG00000133107.15","TRPC4",40.4459384865882,-1.19257997527729,0.306255019760967,-3.89407486678292,9.8574204538084e-05,0.000477526660587361,"ENSG00000133107","downregulated",FALSE,FALSE,"Neither_bound","Neither_bound_downregulated"
"ENSG00000228073.1","ENSG00000228073.1",7.2809467949027,-3.43499287591169,0.883855361259364,-3.88637443010736,0.000101752522064763,0.000491864190905916,"ENSG00000228073","downregulated",FALSE,FALSE,"Neither_bound","Neither_bound_downregulated"
"ENSG00000241754.2","ENSG00000241754.2",5.28914906450193,-5.32664085796412,1.37096791402388,-3.88531402046463,0.000102197703751307,0.000493875601226972,"ENSG00000241754","downregulated",FALSE,FALSE,"Neither_bound","Neither_bound_downregulated"
"ENSG00000237009.2","GLIS3-AS1",15.9332118388191,-1.99872087668872,0.516450457267377,-3.87011154422106,0.000108785567994886,0.000523403424029784,"ENSG00000237009","downregulated",FALSE,FALSE,"Neither_bound","Neither_bound_downregulated"
"ENSG00000288049.1","LOC105377224",9.96976219634674,-2.55149308501701,0.659289401281893,-3.8700653765342,0.000108806171304356,0.000523428413378611,"ENSG00000288049","downregulated",FALSE,FALSE,"Neither_bound","Neither_bound_downregulated"
"ENSG00000289702.1","ENSG00000289702.1",7.5324962091022,-3.71681485234834,0.961588589596522,-3.8652859367933,0.000110959130035941,0.000532804598397067,"ENSG00000289702","downregulated",FALSE,FALSE,"Neither_bound","Neither_bound_downregulated"
"ENSG00000232491.1","ENSG00000232491.1",9.62816353832764,-2.83515704781145,0.73372374640116,-3.86406608988411,0.000111515028184772,0.000535171302257749,"ENSG00000232491","downregulated",FALSE,FALSE,"Neither_bound","Neither_bound_downregulated"
"ENSG00000286695.1","ENSG00000286695.1",6.46959062335933,-3.73311820148206,0.966149663772385,-3.86391295413372,0.000111584999208687,0.000535344860832264,"ENSG00000286695","downregulated",FALSE,FALSE,"Neither_bound","Neither_bound_downregulated"
"ENSG00000241155.1","ARHGAP31-AS1",18.7887977570328,-1.7728251046693,0.458849338601194,-3.86363225470429,0.000111713364373639,0.000535820327738459,"ENSG00000241155","downregulated",FALSE,FALSE,"Neither_bound","Neither_bound_downregulated"
"ENSG00000226306.8","ENSG00000226306.8",5.23183258529703,-5.24549532907222,1.35994991953395,-3.85712389384886,0.000114729018189472,0.000548734904232609,"ENSG00000226306","downregulated",FALSE,FALSE,"Neither_bound","Neither_bound_downregulated"
"ENSG00000269652.1","ENSG00000269652.1",17.5241433597855,-1.85835973741982,0.481821891299765,-3.85694334561409,0.000114813759884192,0.000548985613139954,"ENSG00000269652","downregulated",FALSE,FALSE,"Neither_bound","Neither_bound_downregulated"
"ENSG00000270549.1","ENSG00000270549.1",10.3370482709952,-2.60817679549792,0.676367114854124,-3.85615553775178,0.000115184214787029,0.000550679438126078,"ENSG00000270549","downregulated",FALSE,FALSE,"Neither_bound","Neither_bound_downregulated"
"ENSG00000289035.1","LOC107985936",6.28470133433817,-3.98937526426464,1.035977378749,-3.85083240821536,0.000117717035952974,0.000562076507907031,"ENSG00000289035","downregulated",FALSE,FALSE,"Neither_bound","Neither_bound_downregulated"
"ENSG00000289156.2","LOC107985892",15.1057709999317,-2.03038146331524,0.527393337573465,-3.84984283771392,0.000118193639781241,0.000564272882092651,"ENSG00000289156","downregulated",FALSE,FALSE,"Neither_bound","Neither_bound_downregulated"
"ENSG00000256139.2","ENSG00000256139.2",16.7146889129205,-1.8265924005347,0.474792359142865,-3.84713941865496,0.000119504971814919,0.000569652663851973,"ENSG00000256139","downregulated",FALSE,FALSE,"Neither_bound","Neither_bound_downregulated"
"ENSG00000200753.1","LOC124900239",7.08690871880782,-3.44564428316728,0.895705513374408,-3.84684947420547,0.000119646425194574,0.00057024691609503,"ENSG00000200753","downregulated",FALSE,FALSE,"Neither_bound","Neither_bound_downregulated"
"ENSG00000252222.1","RNU7-13P",11.8970687473611,-2.21066610472769,0.57487289929277,-3.8454867283661,0.000120313376744688,0.000573104022053505,"ENSG00000252222","downregulated",FALSE,FALSE,"Neither_bound","Neither_bound_downregulated"
"ENSG00000223915.1","DPPA2P1",8.4931791418079,-2.80973555657926,0.730653250066285,-3.84551161077346,0.000120301167504992,0.000573104022053505,"ENSG00000223915","downregulated",FALSE,FALSE,"Neither_bound","Neither_bound_downregulated"
"ENSG00000250241.7","PCDH10-DT",14.847207967215,-2.0913967284394,0.544120415451414,-3.84362848562544,0.000121228483626665,0.00057713933172117,"ENSG00000250241","downregulated",FALSE,FALSE,"Neither_bound","Neither_bound_downregulated"
"ENSG00000259705.1","FBN1-DT",12.5699945872739,-2.17097666758396,0.565141778974566,-3.84147261510756,0.000122298382165657,0.000581825132409391,"ENSG00000259705","downregulated",FALSE,FALSE,"Neither_bound","Neither_bound_downregulated"
"ENSG00000229109.2","ENSG00000229109.2",27.3288651001635,-1.61213150177551,0.419735098321108,-3.84083081978098,0.000122618602835404,0.000583021934646276,"ENSG00000229109","downregulated",FALSE,FALSE,"Neither_bound","Neither_bound_downregulated"
"ENSG00000272008.1","LOC124901355",31.1451796282382,-1.40377012194934,0.365764438883005,-3.83790760587951,0.000124087151345227,0.000589466640638626,"ENSG00000272008","downregulated",FALSE,FALSE,"Neither_bound","Neither_bound_downregulated"
"ENSG00000251862.2","MIR1343",13.4616198137879,-2.20841755712188,0.575424760804397,-3.83789108072911,0.000124095500094407,0.000589466640638626,"ENSG00000251862","downregulated",FALSE,FALSE,"Neither_bound","Neither_bound_downregulated"
"ENSG00000236801.1","RPL24P8",19.6085025238159,-1.70689104081727,0.44495617770102,-3.83608797081179,0.000125009645512687,0.000593476958598874,"ENSG00000236801","downregulated",FALSE,FALSE,"Neither_bound","Neither_bound_downregulated"
"ENSG00000232986.1","ENSG00000232986.1",10.9769039433109,-2.47062312703021,0.644072213007959,-3.83594118350775,0.000125084342865073,0.000593748596763669,"ENSG00000232986","downregulated",FALSE,FALSE,"Neither_bound","Neither_bound_downregulated"
"ENSG00000286251.2","ENSG00000286251.2",5.06883717307882,-5.3004429363939,1.38223023430722,-3.83470336911746,0.000125715919213705,0.000596496486080618,"ENSG00000286251","downregulated",FALSE,FALSE,"Neither_bound","Neither_bound_downregulated"
"ENSG00000287188.1","ENSG00000287188.1",34.5895242616048,-1.27842972327819,0.333456889403156,-3.83386807681921,0.000126143811948001,0.000598359587243358,"ENSG00000287188","downregulated",FALSE,FALSE,"Neither_bound","Neither_bound_downregulated"
"ENSG00000284526.2","LOC122455342",42.4604226944886,-1.29444883668847,0.337697953774938,-3.83315570088166,0.000126509822911986,0.00059984445347213,"ENSG00000284526","downregulated",FALSE,FALSE,"Neither_bound","Neither_bound_downregulated"
"ENSG00000141665.13","FBXO15",14.301022019661,-1.99865067363982,0.521550467697184,-3.8321328374309,0.0001270371097863,0.000601924472760642,"ENSG00000141665","downregulated",FALSE,FALSE,"Neither_bound","Neither_bound_downregulated"
"ENSG00000244125.1","ENSG00000244125.1",23.5627329792561,-1.5788270775589,0.412296274561879,-3.82935082117009,0.000128481739150471,0.000608090806111634,"ENSG00000244125","downregulated",FALSE,FALSE,"Neither_bound","Neither_bound_downregulated"
"ENSG00000279384.1","ENSG00000279384.1",49.2686370401605,-1.14164240265714,0.298379575409127,-3.82614125344124,0.000130167616628986,0.000615607104162833,"ENSG00000279384","downregulated",FALSE,FALSE,"Neither_bound","Neither_bound_downregulated"
"ENSG00000259431.6","THTPA",61.5274692612908,-1.00034739877742,0.261555384242985,-3.82461023187388,0.000130979134131074,0.000619217071601652,"ENSG00000259431","downregulated",FALSE,FALSE,"Neither_bound","Neither_bound_downregulated"
"ENSG00000185689.17","ENSG00000185689.17",9.84737927374094,-2.59851106550206,0.679862411968348,-3.82211315077533,0.000132312948310831,0.000624396530733856,"ENSG00000185689","downregulated",FALSE,FALSE,"Neither_bound","Neither_bound_downregulated"
"ENSG00000225933.1","ENSG00000225933.1",5.22965079982703,-5.21763597469354,1.36515765184598,-3.82200251204554,0.000132372340997971,0.000624590037368951,"ENSG00000225933","downregulated",FALSE,FALSE,"Neither_bound","Neither_bound_downregulated"
"ENSG00000268659.2","ENSG00000268659.2",10.7246613383831,-2.35553209535874,0.616612971861857,-3.82011440376649,0.000133389788960402,0.000628866669175146,"ENSG00000268659","downregulated",FALSE,FALSE,"Neither_bound","Neither_bound_downregulated"
"ENSG00000255468.7","B4GAT1-DT",43.8769144339553,-1.16248207794117,0.304578059609549,-3.81669670964287,0.000135250253350777,0.000636754068720609,"ENSG00000255468","downregulated",FALSE,FALSE,"Neither_bound","Neither_bound_downregulated"
"ENSG00000279742.1","ENSG00000279742.1",23.2922836435792,-1.51509739672383,0.397210025235482,-3.81434833077443,0.000136542763574763,0.000642393987965033,"ENSG00000279742","downregulated",FALSE,FALSE,"Neither_bound","Neither_bound_downregulated"
"ENSG00000267587.1","ENSG00000267587.1",29.7382177195036,-1.42846932672947,0.374530038490984,-3.81403139914999,0.000136718086204464,0.00064304070232529,"ENSG00000267587","downregulated",FALSE,FALSE,"Neither_bound","Neither_bound_downregulated"
"ENSG00000277610.1","RNVU1-4",16.2404160785975,-1.9903630522916,0.521857778316634,-3.81399518219686,0.000136738134468417,0.000643045957583162,"ENSG00000277610","downregulated",FALSE,FALSE,"Neither_bound","Neither_bound_downregulated"
"ENSG00000215208.3","KRT18P60",10.3810251551205,-2.49368414792813,0.653989636534148,-3.81303312563718,0.000137271705705876,0.000644930193557012,"ENSG00000215208","downregulated",FALSE,FALSE,"Neither_bound","Neither_bound_downregulated"
"ENSG00000228477.1","ENSG00000228477.1",20.0152970233416,-1.68159551288291,0.441178823559826,-3.81159616709227,0.00013807231867572,0.00064856973543563,"ENSG00000228477","downregulated",FALSE,FALSE,"Neither_bound","Neither_bound_downregulated"
"ENSG00000154760.14","SLFN13",42.0411159668519,-1.25814177832108,0.330368566744574,-3.80829747429881,0.000139926881386336,0.000656768869273325,"ENSG00000154760","downregulated",FALSE,FALSE,"Neither_bound","Neither_bound_downregulated"
"ENSG00000234724.1","ENSG00000234724.1",17.3222980737248,-2.03712364557146,0.536251386723077,-3.79882214947714,0.000145385368771519,0.00068069610012832,"ENSG00000234724","downregulated",FALSE,FALSE,"Neither_bound","Neither_bound_downregulated"
"ENSG00000270296.1","ENSG00000270296.1",6.2460239579564,-4.14239436120834,1.0909132259176,-3.79718043818202,0.000146351261682046,0.000685029579277353,"ENSG00000270296","downregulated",FALSE,FALSE,"Neither_bound","Neither_bound_downregulated"
"ENSG00000255067.1","ENSG00000255067.1",10.3534329301843,-2.36249025050148,0.622807158448508,-3.79329334683105,0.00014866235794112,0.000694889634587032,"ENSG00000255067","downregulated",FALSE,FALSE,"Neither_bound","Neither_bound_downregulated"
"ENSG00000177685.17","CRACR2B",49.1413797169678,-1.14075885285353,0.30092804014208,-3.79080278565909,0.000150161152520577,0.000701412820244629,"ENSG00000177685","downregulated",FALSE,FALSE,"Neither_bound","Neither_bound_downregulated"
"ENSG00000259828.1","ENSG00000259828.1",7.89937101228845,-2.87701651917785,0.759929152796826,-3.78590097325434,0.00015315265968059,0.000714109752097501,"ENSG00000259828","downregulated",FALSE,FALSE,"Neither_bound","Neither_bound_downregulated"
"ENSG00000229558.2","SACS-AS1",15.9486858423039,-1.90332475264761,0.50322731603622,-3.78223655989021,0.000155425548025813,0.000724111235131097,"ENSG00000229558","downregulated",FALSE,FALSE,"Neither_bound","Neither_bound_downregulated"
"ENSG00000179082.4","ENSG00000179082.4",5.92498048373154,-4.57995149200552,1.21114396806011,-3.78150873288932,0.000155880752743621,0.000726032827258375,"ENSG00000179082","downregulated",FALSE,FALSE,"Neither_bound","Neither_bound_downregulated"
"ENSG00000132464.13","ENAM",9.09539971272229,-2.65183184860938,0.701872870256501,-3.7782224687503,0.000157951748068088,0.000734872617227342,"ENSG00000132464","downregulated",FALSE,FALSE,"Neither_bound","Neither_bound_downregulated"
"ENSG00000255867.1","DENND5B-AS1",14.9765094428253,-1.88679060750256,0.499503946103393,-3.77732873227795,0.000158519441239841,0.000737109976733047,"ENSG00000255867","downregulated",FALSE,FALSE,"Neither_bound","Neither_bound_downregulated"
"ENSG00000261117.1","ENSG00000261117.1",8.74382595135899,-2.94277648945739,0.779209398695093,-3.77661831901094,0.000158972058363061,0.000739012300325231,"ENSG00000261117","downregulated",FALSE,FALSE,"Neither_bound","Neither_bound_downregulated"
"ENSG00000234405.2","ENSG00000234405.2",30.415627824826,-1.33223964443999,0.353117384406519,-3.77279540252336,0.000161428661755961,0.000749304288402087,"ENSG00000234405","downregulated",FALSE,FALSE,"Neither_bound","Neither_bound_downregulated"
"ENSG00000232812.2","LINC01717",7.41300875517176,-4.12859631423034,1.09448916922182,-3.77216735471743,0.000161835645219886,0.000750885561648555,"ENSG00000232812","downregulated",FALSE,FALSE,"Neither_bound","Neither_bound_downregulated"
"ENSG00000214676.4","RPL9P16",11.9230380832566,-2.17469454061924,0.576560614284178,-3.77184026577883,0.000162047985425191,0.000751665433418394,"ENSG00000214676","downregulated",FALSE,FALSE,"Neither_bound","Neither_bound_downregulated"
"ENSG00000176971.4","FIBIN",5.13039144418172,-5.17217837270277,1.37141654320679,-3.77141314090366,0.000162325661837261,0.000752747860926699,"ENSG00000176971","downregulated",FALSE,FALSE,"Neither_bound","Neither_bound_downregulated"
"ENSG00000182257.8","ENSG00000182257.8",43.5756419106703,-1.12503470854921,0.298384790893109,-3.77041572789891,0.00016297583034385,0.000755453466855881,"ENSG00000182257","downregulated",FALSE,FALSE,"Neither_bound","Neither_bound_downregulated"
"ENSG00000267325.2","ENSG00000267325.2",17.4378596075999,-1.80907632725345,0.479830324792675,-3.77024175792789,0.000163089484171859,0.000755774024331475,"ENSG00000267325","downregulated",FALSE,FALSE,"Neither_bound","Neither_bound_downregulated"
"ENSG00000232646.1","ENSG00000232646.1",21.4849455051484,-1.55953796803999,0.413983034080039,-3.76715430260477,0.000165118952761545,0.000764448764809071,"ENSG00000232646","downregulated",FALSE,FALSE,"Neither_bound","Neither_bound_downregulated"
"ENSG00000262703.1","ENSG00000262703.1",8.75987789388115,-2.75507715674634,0.731505184663022,-3.766312549125,0.000165676368392311,0.000766507066405614,"ENSG00000262703","downregulated",FALSE,FALSE,"Neither_bound","Neither_bound_downregulated"
"ENSG00000290786.1","ENSG00000290786.1",9.5421532457466,-2.53535657120511,0.674321112076223,-3.75986533092341,0.000170004847720582,0.000784609329806076,"ENSG00000290786","downregulated",FALSE,FALSE,"Neither_bound","Neither_bound_downregulated"
"ENSG00000261529.1","ENSG00000261529.1",42.5051970962265,-1.22301702049124,0.325391376453028,-3.758603051571,0.00017086466364188,0.000788149225229139,"ENSG00000261529","downregulated",FALSE,FALSE,"Neither_bound","Neither_bound_downregulated"
"ENSG00000222164.1","RN7SKP266",13.8909410625969,-2.04323165464643,0.543678185920739,-3.75816375855901,0.000171164851287903,0.000789426703129328,"ENSG00000222164","downregulated",FALSE,FALSE,"Neither_bound","Neither_bound_downregulated"
"ENSG00000235207.1","TUBBP6",11.8817243518599,-2.17294056135865,0.578293822141528,-3.75750263648305,0.000171617559367407,0.000791299749774954,"ENSG00000235207","downregulated",FALSE,FALSE,"Neither_bound","Neither_bound_downregulated"
"ENSG00000124097.8","ENSG00000124097.8",9.42680710915798,-2.6387439101584,0.702351416846091,-3.75701372114785,0.00017195307175606,0.000792631556711881,"ENSG00000124097","downregulated",FALSE,FALSE,"Neither_bound","Neither_bound_downregulated"
"ENSG00000229224.2","ENSG00000229224.2",6.80276007414134,-3.5495313124534,0.945428357117272,-3.75441595942432,0.000173746126684798,0.000800353733554276,"ENSG00000229224","downregulated",FALSE,FALSE,"Neither_bound","Neither_bound_downregulated"
"ENSG00000099957.17","P2RX6",39.3666237257926,-1.16693166848999,0.31117524466306,-3.75007873699445,0.000176779053949492,0.000813662724194626,"ENSG00000099957","downregulated",FALSE,FALSE,"Neither_bound","Neither_bound_downregulated"
"ENSG00000287257.1","ENSG00000287257.1",48.2558408550807,-1.30066161662712,0.347062580119482,-3.74762850025303,0.000178514388317088,0.000820871360816954,"ENSG00000287257","downregulated",FALSE,FALSE,"Neither_bound","Neither_bound_downregulated"
"ENSG00000214832.5","ENSG00000214832.5",30.7807533674344,-1.44124921717201,0.384757304154495,-3.74586577463205,0.000179772698653025,0.000826098353334137,"ENSG00000214832","downregulated",FALSE,FALSE,"Neither_bound","Neither_bound_downregulated"
"ENSG00000267530.5","ENSG00000267530.5",12.9034455487164,-2.0545115123477,0.548760254284934,-3.74391457162809,0.000181175275143326,0.000832205780401419,"ENSG00000267530","downregulated",FALSE,FALSE,"Neither_bound","Neither_bound_downregulated"
"ENSG00000227309.1","RPL31P19",8.09758111925449,-2.84719895051191,0.761245912013056,-3.74018291012258,0.000183886391960504,0.000843446931956241,"ENSG00000227309","downregulated",FALSE,FALSE,"Neither_bound","Neither_bound_downregulated"
"ENSG00000277496.1","ENSG00000277496.1",15.3701499447995,-2.01407831136217,0.538768939788242,-3.73829700010877,0.000185271002082387,0.000849525566783816,"ENSG00000277496","downregulated",FALSE,FALSE,"Neither_bound","Neither_bound_downregulated"
"ENSG00000249679.3","ENSG00000249679.3",9.06678158039086,-2.55529467610035,0.684093018941594,-3.735302956393,0.000187489336421802,0.000859001588828672,"ENSG00000249679","downregulated",FALSE,FALSE,"Neither_bound","Neither_bound_downregulated"
"ENSG00000279071.1","ENSG00000279071.1",40.1543499564434,-1.4416995854051,0.386000128726288,-3.73497177361669,0.0001877362427027,0.000860016816200311,"ENSG00000279071","downregulated",FALSE,FALSE,"Neither_bound","Neither_bound_downregulated"
"ENSG00000289108.1","LOC124901661",11.9527542864693,-2.14081875679411,0.573383230880813,-3.73366126090827,0.0001887162682571,0.000864040194117426,"ENSG00000289108","downregulated",FALSE,FALSE,"Neither_bound","Neither_bound_downregulated"
"ENSG00000240733.3","RN7SL502P",7.37760856011845,-3.16551621483956,0.848534405370659,-3.73056907864188,0.00019104775076237,0.000873655088569763,"ENSG00000240733","downregulated",FALSE,FALSE,"Neither_bound","Neither_bound_downregulated"
"ENSG00000248629.1","ENSG00000248629.1",10.345509907104,-2.3122846946356,0.619845285794595,-3.73042232897105,0.000191159068994491,0.000874046474034848,"ENSG00000248629","downregulated",FALSE,FALSE,"Neither_bound","Neither_bound_downregulated"
"ENSG00000274115.1","MIR6081",22.383261798168,-1.52376565113,0.408488543077442,-3.73025309265803,0.000191287520348359,0.00087451608226017,"ENSG00000274115","downregulated",FALSE,FALSE,"Neither_bound","Neither_bound_downregulated"
"ENSG00000228108.1","ENSG00000228108.1",22.0901692052916,-1.76355792150568,0.472803582968027,-3.73000117815295,0.000191478875187629,0.000875037593484915,"ENSG00000228108","downregulated",FALSE,FALSE,"Neither_bound","Neither_bound_downregulated"
"ENSG00000248401.2","LOC391674",7.10207612926056,-3.3643532818484,0.902266872366076,-3.72877846332297,0.00019241021056779,0.000878938950049314,"ENSG00000248401","downregulated",FALSE,FALSE,"Neither_bound","Neither_bound_downregulated"
"ENSG00000004799.8","PDK4",18.9650461584794,-1.68005197104069,0.450576549911,-3.72867156839951,0.000192491833898666,0.000879193574542138,"ENSG00000004799","downregulated",FALSE,FALSE,"Neither_bound","Neither_bound_downregulated"
"ENSG00000277382.1","ENSG00000277382.1",23.5637055670456,-1.64310068708794,0.44083737662567,-3.7272263519596,0.000193598577952169,0.000883773215411808,"ENSG00000277382","downregulated",FALSE,FALSE,"Neither_bound","Neither_bound_downregulated"
"ENSG00000256394.3","ASIC5",7.19220125285257,-3.14639576702166,0.844284907895258,-3.72669905336268,0.000194003869049522,0.000885385385445945,"ENSG00000256394","downregulated",FALSE,FALSE,"Neither_bound","Neither_bound_downregulated"
"ENSG00000256812.2","CAPNS2",9.30903855462334,-2.58551441959317,0.69381004503903,-3.72654509412259,0.000194122355165796,0.000885807114491099,"ENSG00000256812","downregulated",FALSE,FALSE,"Neither_bound","Neither_bound_downregulated"
"ENSG00000165511.6","ZNF22-AS1",45.5157245763263,-1.06881315985791,0.28699314060957,-3.72417667400608,0.000195953668161211,0.000893683431807199,"ENSG00000165511","downregulated",FALSE,FALSE,"Neither_bound","Neither_bound_downregulated"
"ENSG00000228623.9","ZNF883",44.8333953683752,-1.0869627192888,0.291917048225327,-3.72353285255813,0.00019645428370683,0.000895726054893102,"ENSG00000228623","downregulated",FALSE,FALSE,"Neither_bound","Neither_bound_downregulated"
"ENSG00000234091.1","ENSG00000234091.1",6.54826599655262,-3.68035639861978,0.988611938723538,-3.72275131875479,0.000197063594920964,0.000898022027404789,"ENSG00000234091","downregulated",FALSE,FALSE,"Neither_bound","Neither_bound_downregulated"
"ENSG00000162951.11","LRRTM1",25.1791876803249,-1.50867878274917,0.405803239439759,-3.71775933783084,0.000200997608668945,0.000914109890382479,"ENSG00000162951","downregulated",FALSE,FALSE,"Neither_bound","Neither_bound_downregulated"
"ENSG00000252904.1","LOC124900212",37.0881224191722,-1.32613177337753,0.356830148125838,-3.71642301061922,0.00020206317502257,0.000918586981954853,"ENSG00000252904","downregulated",FALSE,FALSE,"Neither_bound","Neither_bound_downregulated"
"ENSG00000214289.2","ENSG00000214289.2",3.31891515442192,-5.49949714431293,1.48031580700935,-3.71508371272711,0.000203136433016717,0.000922971957826625,"ENSG00000214289","downregulated",FALSE,FALSE,"Neither_bound","Neither_bound_downregulated"
"ENSG00000239351.1","ENSG00000239351.1",45.6864239944731,-1.12857542307708,0.304441438801129,-3.70703616275542,0.000209699008654729,0.000950120838466563,"ENSG00000239351","downregulated",FALSE,FALSE,"Neither_bound","Neither_bound_downregulated"
"ENSG00000291182.1","ENSG00000291182.1",24.3128904687148,-1.475572373514,0.39814848641064,-3.70608560343021,0.000210487182113206,0.000953437605283554,"ENSG00000291182","downregulated",FALSE,FALSE,"Neither_bound","Neither_bound_downregulated"
"ENSG00000226937.9","CEP164P1",7.24309402979767,-3.4163755606527,0.922298452905387,-3.70419743185145,0.000212061052698567,0.000959798779222508,"ENSG00000226937","downregulated",FALSE,FALSE,"Neither_bound","Neither_bound_downregulated"
"ENSG00000123496.8","IL13RA2",257.727349960676,-1.87124864829974,0.505275920075401,-3.70341940700537,0.000212712778747123,0.000962492029903058,"ENSG00000123496","downregulated",FALSE,FALSE,"Neither_bound","Neither_bound_downregulated"
"ENSG00000229674.3","H2AL3",4.64197242048569,-5.12384169207341,1.38430120691193,-3.7013922017041,0.000214419748762388,0.000969828232484793,"ENSG00000229674","downregulated",FALSE,FALSE,"Neither_bound","Neither_bound_downregulated"
"ENSG00000275839.1","ENSG00000275839.1",19.433906908391,-1.62277188137858,0.439561632317105,-3.69179601236875,0.000222676032695264,0.00100422988297832,"ENSG00000275839","downregulated",FALSE,FALSE,"Neither_bound","Neither_bound_downregulated"
"ENSG00000261369.1","ENSG00000261369.1",31.5109364146515,-1.26598319123048,0.343024127564653,-3.69065348323602,0.000223678675066384,0.00100848383788889,"ENSG00000261369","downregulated",FALSE,FALSE,"Neither_bound","Neither_bound_downregulated"
"ENSG00000107105.15","ELAVL2",17.9728597894221,-1.66393408883872,0.451052864321203,-3.68900016041978,0.000225137077286189,0.00101425149088293,"ENSG00000107105","downregulated",FALSE,FALSE,"Neither_bound","Neither_bound_downregulated"
"ENSG00000272236.1","ENSG00000272236.1",3.22465263965221,-5.46052822910215,1.48047065888732,-3.68837315101276,0.000225692495325701,0.00101655636134406,"ENSG00000272236","downregulated",FALSE,FALSE,"Neither_bound","Neither_bound_downregulated"
"ENSG00000255062.2","TIRAP-AS1",28.2663893670983,-1.44390985557185,0.391578023548778,-3.68741290046371,0.000226545599071576,0.00101992059764921,"ENSG00000255062","downregulated",FALSE,FALSE,"Neither_bound","Neither_bound_downregulated"
"ENSG00000251413.1","ENSG00000251413.1",10.4688880799728,-2.42030254744882,0.656761908700437,-3.68520542282664,0.000228518252171214,0.00102784798593112,"ENSG00000251413","downregulated",FALSE,FALSE,"Neither_bound","Neither_bound_downregulated"
"ENSG00000213277.3","ENSG00000213277.3",36.9178201260727,-1.2832293403532,0.348423046275906,-3.68296343789224,0.000230538235219393,0.00103638469745002,"ENSG00000213277","downregulated",FALSE,FALSE,"Neither_bound","Neither_bound_downregulated"
"ENSG00000183615.6","FAM167B",11.9000794677274,-2.28769473090934,0.621199674815064,-3.68270432786431,0.00023077276534494,0.00103730174582995,"ENSG00000183615","downregulated",FALSE,FALSE,"Neither_bound","Neither_bound_downregulated"
"ENSG00000182916.8","TCEAL7",23.4666494593766,-1.6491909976126,0.448224770400648,-3.67938388621062,0.00023379810883364,0.00105034442016414,"ENSG00000182916","downregulated",FALSE,FALSE,"Neither_bound","Neither_bound_downregulated"
"ENSG00000223462.2","ENSG00000223462.2",9.74411414619409,-2.44628311418304,0.665509500671178,-3.67580494600892,0.000237100632718032,0.00106419586312977,"ENSG00000223462","downregulated",FALSE,FALSE,"Neither_bound","Neither_bound_downregulated"
"ENSG00000261411.1","ENSG00000261411.1",4.96904695951074,-5.10970859894214,1.39046631690496,-3.6748165250891,0.000238020398058967,0.00106790079002338,"ENSG00000261411","downregulated",FALSE,FALSE,"Neither_bound","Neither_bound_downregulated"
"ENSG00000217648.1","PARLP2",21.888184478698,-1.50389372162456,0.409739356871817,-3.67036677439566,0.00024220268238513,0.00108494536664356,"ENSG00000217648","downregulated",FALSE,FALSE,"Neither_bound","Neither_bound_downregulated"
"ENSG00000207005.1","RNU1-2",13.5816846453321,-1.91949542200531,0.523786749541646,-3.66465059241193,0.000247676476524111,0.00110745012413401,"ENSG00000207005","downregulated",FALSE,FALSE,"Neither_bound","Neither_bound_downregulated"
"ENSG00000285642.1","ENSG00000285642.1",9.95756144802632,-2.39943846404771,0.65476432275665,-3.66458339383205,0.000247741510327711,0.00110756562553457,"ENSG00000285642","downregulated",FALSE,FALSE,"Neither_bound","Neither_bound_downregulated"
"ENSG00000185267.10","CDNF",27.065961593573,-1.40447447454887,0.383632717091163,-3.66098722027172,0.000251245292109374,0.00112219593456558,"ENSG00000185267","downregulated",FALSE,FALSE,"Neither_bound","Neither_bound_downregulated"
"ENSG00000286928.1","ENSG00000286928.1",6.90967110686161,-3.23689307964745,0.884518647059415,-3.6594967109043,0.000252711086540756,0.0011285945553006,"ENSG00000286928","downregulated",FALSE,FALSE,"Neither_bound","Neither_bound_downregulated"
"ENSG00000290538.1","ENSG00000290538.1",5.81760656493708,-4.44560091891556,1.21500678744492,-3.65891035741814,0.000253289912404014,0.00113103085901663,"ENSG00000290538","downregulated",FALSE,FALSE,"Neither_bound","Neither_bound_downregulated"
"ENSG00000237827.1","RPS15AP29",35.1473152937206,-1.21576047234398,0.33228515267679,-3.65878662513258,0.000253412214971691,0.00113113089594723,"ENSG00000237827","downregulated",FALSE,FALSE,"Neither_bound","Neither_bound_downregulated"
"ENSG00000233464.2","ENSG00000233464.2",4.50800002075199,-5.07562033024676,1.38818660771913,-3.65629541592126,0.000255886452275019,0.00114172481424903,"ENSG00000233464","downregulated",FALSE,FALSE,"Neither_bound","Neither_bound_downregulated"
"ENSG00000188573.8","FBLL1",64.2621877042164,-1.07403656645946,0.293841974328522,-3.65515025181072,0.000257031398690993,0.00114638163743903,"ENSG00000188573","downregulated",FALSE,FALSE,"Neither_bound","Neither_bound_downregulated"
"ENSG00000267402.1","ENSG00000267402.1",12.4187507862614,-2.13801483725115,0.585128199083381,-3.65392548265562,0.000258261250360852,0.00115096013543131,"ENSG00000267402","downregulated",FALSE,FALSE,"Neither_bound","Neither_bound_downregulated"
"ENSG00000267551.3","GNA15-DT",12.1090766491655,-2.06302745939209,0.56624091817496,-3.64337403598699,0.00026908736767447,0.00119466209713324,"ENSG00000267551","downregulated",FALSE,FALSE,"Neither_bound","Neither_bound_downregulated"
"ENSG00000254708.1","ENSG00000254708.1",83.8820541149651,-1.01069161807296,0.277439671265327,-3.64292393176314,0.000269558517401407,0.00119659745414153,"ENSG00000254708","downregulated",FALSE,FALSE,"Neither_bound","Neither_bound_downregulated"
"ENSG00000162878.13","PKDCC",40.591682375872,-1.36328245949839,0.374275635792729,-3.64245579761265,0.000270049360349057,0.00119815003557168,"ENSG00000162878","downregulated",FALSE,FALSE,"Neither_bound","Neither_bound_downregulated"
"ENSG00000277586.4","NEFL",45.7135786404217,-1.0790255542561,0.296325549779759,-3.64135173311271,0.000271210301950378,0.00120298662009016,"ENSG00000277586","downregulated",FALSE,FALSE,"Neither_bound","Neither_bound_downregulated"
"ENSG00000232792.2","FTH1P25",6.43020933017047,-3.36932169846693,0.925450323624698,-3.64073750092858,0.000271858200531941,0.00120570301027144,"ENSG00000232792","downregulated",FALSE,FALSE,"Neither_bound","Neither_bound_downregulated"
"ENSG00000235547.3","NDUFB11P1",4.72105287255975,-5.03719525240087,1.38372856882471,-3.64030588504745,0.000272314341066357,0.00120756834691149,"ENSG00000235547","downregulated",FALSE,FALSE,"Neither_bound","Neither_bound_downregulated"
"ENSG00000114200.10","BCHE",36.8917594980106,-1.15606428659465,0.317604485647633,-3.63994949327401,0.00027269152381237,0.00120908310675611,"ENSG00000114200","downregulated",FALSE,FALSE,"Neither_bound","Neither_bound_downregulated"
"ENSG00000249084.1","ENSG00000249084.1",5.96731187273975,-3.91153789928034,1.0750480140313,-3.63847739656999,0.00027425469332175,0.00121506240025475,"ENSG00000249084","downregulated",FALSE,FALSE,"Neither_bound","Neither_bound_downregulated"
"ENSG00000271208.1","ENSG00000271208.1",17.3870845586408,-1.79070565278079,0.492344513915672,-3.63709882443719,0.000275726163472733,0.00122126304874714,"ENSG00000271208","downregulated",FALSE,FALSE,"Neither_bound","Neither_bound_downregulated"
"ENSG00000258580.1","ENSG00000258580.1",28.1938358005984,-1.40191813972597,0.385462282926362,-3.63697877022586,0.000275854657410828,0.00122167288173807,"ENSG00000258580","downregulated",FALSE,FALSE,"Neither_bound","Neither_bound_downregulated"
"ENSG00000219902.1","RPL35P3",25.688973751372,-1.43392594146517,0.394341674939513,-3.63625260171935,0.000276633072146755,0.00122496052596545,"ENSG00000219902","downregulated",FALSE,FALSE,"Neither_bound","Neither_bound_downregulated"
"ENSG00000223815.2","ENSG00000223815.2",5.49287614418754,-4.38914703737595,1.20718749415713,-3.63584535013799,0.000277070525055827,0.001226737694877,"ENSG00000223815","downregulated",FALSE,FALSE,"Neither_bound","Neither_bound_downregulated"
"ENSG00000213579.3","ENSG00000213579.3",8.9340511031595,-2.59073773947444,0.713326236909168,-3.63191146690478,0.000281329645584912,0.0012449459876535,"ENSG00000213579","downregulated",FALSE,FALSE,"Neither_bound","Neither_bound_downregulated"
"ENSG00000289614.2","ENSG00000289614.2",10.2262998389423,-2.26567840304899,0.623925963898006,-3.63132572476077,0.000281969037091572,0.001247450410514,"ENSG00000289614","downregulated",FALSE,FALSE,"Neither_bound","Neither_bound_downregulated"
"ENSG00000172508.11","CARNS1",55.1499835025627,-1.07548215805597,0.296276271496289,-3.62999761210861,0.00028342384172958,0.00125323367038146,"ENSG00000172508","downregulated",FALSE,FALSE,"Neither_bound","Neither_bound_downregulated"
"ENSG00000231210.3","ENSG00000231210.3",2.91976180462,-5.42181659999973,1.49561092325547,-3.62515177958058,0.000288791790194662,0.00127514357589137,"ENSG00000231210","downregulated",FALSE,FALSE,"Neither_bound","Neither_bound_downregulated"
"ENSG00000280227.1","ENSG00000280227.1",12.9094600472036,-1.97841991049073,0.546129182515994,-3.62262258423224,0.000291631180121218,0.00128651012030617,"ENSG00000280227","downregulated",FALSE,FALSE,"Neither_bound","Neither_bound_downregulated"
"ENSG00000289056.2","ENSG00000289056.2",4.63920857108651,-5.02488327085654,1.38742965925603,-3.62172109939685,0.000292649534380451,0.00129033221493188,"ENSG00000289056","downregulated",FALSE,FALSE,"Neither_bound","Neither_bound_downregulated"
"ENSG00000250116.2","RHOQ-AS1",55.7594534030912,-1.12129909581745,0.309660033651123,-3.62106495499758,0.000293392835546526,0.00129344164021342,"ENSG00000250116","downregulated",FALSE,FALSE,"Neither_bound","Neither_bound_downregulated"
"ENSG00000287897.1","ENSG00000287897.1",32.9129368772712,-1.46384331158478,0.404396830640625,-3.61981895176042,0.000294809217583588,0.00129901148046171,"ENSG00000287897","downregulated",FALSE,FALSE,"Neither_bound","Neither_bound_downregulated"
"ENSG00000154620.6","TMSB4Y",3.48983358972043,-5.48360202779742,1.51539151296148,-3.6186041566783,0.000296196288041808,0.00130410829711006,"ENSG00000154620","downregulated",FALSE,FALSE,"Neither_bound","Neither_bound_downregulated"
"ENSG00000266127.1","ZNF415P1",19.0573053790936,-1.73412060122596,0.479372609358206,-3.61747952922808,0.00029748585052465,0.00130893774230846,"ENSG00000266127","downregulated",FALSE,FALSE,"Neither_bound","Neither_bound_downregulated"
"ENSG00000277386.1","ENSG00000277386.1",15.373119083227,-1.92146115319946,0.531261986261161,-3.61678644979295,0.000298283192172227,0.00131227606161199,"ENSG00000277386","downregulated",FALSE,FALSE,"Neither_bound","Neither_bound_downregulated"
"ENSG00000231871.5","IPO9-AS1",22.8838457617341,-1.50764089686187,0.416988079998502,-3.61554914679405,0.00029971160502392,0.00131813715795014,"ENSG00000231871","downregulated",FALSE,FALSE,"Neither_bound","Neither_bound_downregulated"
"ENSG00000174938.15","SEZ6L2",47.6401188923792,-1.14071907452109,0.315505210385457,-3.61553165200492,0.000299731847857009,0.00131813715795014,"ENSG00000174938","downregulated",FALSE,FALSE,"Neither_bound","Neither_bound_downregulated"
"ENSG00000244041.7","LINC01011",17.6958899698289,-1.69106116776055,0.467885075846153,-3.61426609879003,0.000301199592758971,0.00132424899907283,"ENSG00000244041","downregulated",FALSE,FALSE,"Neither_bound","Neither_bound_downregulated"
"ENSG00000105996.7","HOXA2",34.577934421781,-1.25267964217234,0.346720094541153,-3.61294214524869,0.00030274227065364,0.0013303427489732,"ENSG00000105996","downregulated",FALSE,FALSE,"Neither_bound","Neither_bound_downregulated"
"ENSG00000286638.2","ENSG00000286638.2",11.7676222513729,-2.14974621657961,0.595151131482755,-3.61210136864521,0.000303725786305093,0.0013343193881546,"ENSG00000286638","downregulated",FALSE,FALSE,"Neither_bound","Neither_bound_downregulated"
"ENSG00000116721.9","PRAMEF1",2.87263054723515,-5.40243563440383,1.49631006247839,-3.61050544928876,0.0003056008807291,0.00134151598818895,"ENSG00000116721","downregulated",FALSE,FALSE,"Neither_bound","Neither_bound_downregulated"
"ENSG00000250433.1","CLSTN2-AS1",2.87263054723515,-5.40243563440383,1.49631006247839,-3.61050544928876,0.0003056008807291,0.00134151598818895,"ENSG00000250433","downregulated",FALSE,FALSE,"Neither_bound","Neither_bound_downregulated"
"ENSG00000280033.1","ENSG00000280033.1",18.535097072165,-1.68956766294407,0.468179954777392,-3.60879966282927,0.000307617043059498,0.00135001753470866,"ENSG00000280033","downregulated",FALSE,FALSE,"Neither_bound","Neither_bound_downregulated"
"ENSG00000276830.1","MIR6730",7.24449561008265,-2.97906115927571,0.825828534144327,-3.60736040970348,0.000309327855734175,0.00135717496817081,"ENSG00000276830","downregulated",FALSE,FALSE,"Neither_bound","Neither_bound_downregulated"
"ENSG00000280035.1","ENSG00000280035.1",22.662298446689,-1.68134103797511,0.466730144702365,-3.60238364086662,0.000315312554453967,0.00138040170765464,"ENSG00000280035","downregulated",FALSE,FALSE,"Neither_bound","Neither_bound_downregulated"
"ENSG00000250899.3","ENSG00000250899.3",17.1974751507825,-1.69119045313653,0.470009976838126,-3.59820117971451,0.00032042572561413,0.00140116130891617,"ENSG00000250899","downregulated",FALSE,FALSE,"Neither_bound","Neither_bound_downregulated"
"ENSG00000254703.4","SENCR",17.2202165000633,-1.753685382569,0.487388957101205,-3.59812293039878,0.000320522122984878,0.00140140242934101,"ENSG00000254703","downregulated",FALSE,FALSE,"Neither_bound","Neither_bound_downregulated"
"ENSG00000161249.21","DMKN",10.5134590052473,-2.27281295298148,0.631713767263119,-3.59785249390459,0.000320855489814167,0.00140267944375902,"ENSG00000161249","downregulated",FALSE,FALSE,"Neither_bound","Neither_bound_downregulated"
"ENSG00000228142.3","ENSG00000228142.3",2.93452413619197,-5.37383039037041,1.49550799125151,-3.59331439337436,0.000326498245544754,0.00142514680090776,"ENSG00000228142","downregulated",FALSE,FALSE,"Neither_bound","Neither_bound_downregulated"
"ENSG00000278987.1","ENSG00000278987.1",31.0210824221183,-1.27719586123875,0.356673452439988,-3.58085484776482,0.000342471882814915,0.00148855853044876,"ENSG00000278987","downregulated",FALSE,FALSE,"Neither_bound","Neither_bound_downregulated"
"ENSG00000213700.3","RPL17P50",38.8428560757456,-1.1390125747193,0.31850340556677,-3.5761393906996,0.000348705768836026,0.00151255747105378,"ENSG00000213700","downregulated",FALSE,FALSE,"Neither_bound","Neither_bound_downregulated"
"ENSG00000279404.1","ENSG00000279404.1",18.4202812320755,-1.63054765056159,0.456513657758754,-3.57173903310306,0.000354618681160566,0.00153643971449772,"ENSG00000279404","downregulated",FALSE,FALSE,"Neither_bound","Neither_bound_downregulated"
"ENSG00000250027.1","ENSG00000250027.1",12.6865758464501,-1.93875685916841,0.542968128768282,-3.57066420006357,0.000356077153195632,0.00154236530728758,"ENSG00000250027","downregulated",FALSE,FALSE,"Neither_bound","Neither_bound_downregulated"
"ENSG00000276975.4","ENSG00000276975.4",43.75684999698,-1.05180860916037,0.294691332318953,-3.56918746433293,0.000358090128410946,0.00155010255053178,"ENSG00000276975","downregulated",FALSE,FALSE,"Neither_bound","Neither_bound_downregulated"
"ENSG00000285253.1","ENSG00000285253.1",8.92864525723901,-2.72256666987819,0.762843434548019,-3.56897175301941,0.000358385059084791,0.00155117529141083,"ENSG00000285253","downregulated",FALSE,FALSE,"Neither_bound","Neither_bound_downregulated"
"ENSG00000251745.1","RNU7-124P",20.4945545225926,-1.55024570599189,0.434494882646237,-3.567926270041,0.000359817713912197,0.00155579023754704,"ENSG00000251745","downregulated",FALSE,FALSE,"Neither_bound","Neither_bound_downregulated"
"ENSG00000240915.2","ENSG00000240915.2",6.03386298471825,-3.81280546270082,1.06897982330867,-3.5667702790681,0.00036140803459719,0.00156206999862544,"ENSG00000240915","downregulated",FALSE,FALSE,"Neither_bound","Neither_bound_downregulated"
"ENSG00000286074.1","ENSG00000286074.1",31.7921502646338,-1.21546572602072,0.341084319051611,-3.56353446385438,0.000365894630276572,0.00157925143598915,"ENSG00000286074","downregulated",FALSE,FALSE,"Neither_bound","Neither_bound_downregulated"
"ENSG00000254177.1","ENSG00000254177.1",5.8227657386182,-4.47552452055488,1.25652221250401,-3.56183478176323,0.000368272121208675,0.00158850379850365,"ENSG00000254177","downregulated",FALSE,FALSE,"Neither_bound","Neither_bound_downregulated"
"ENSG00000237887.1","ENSG00000237887.1",29.72309270385,-1.32184432490279,0.371429596475086,-3.5588018225991,0.000372550499183219,0.00160532733175892,"ENSG00000237887","downregulated",FALSE,FALSE,"Neither_bound","Neither_bound_downregulated"
"ENSG00000227953.7","ENSG00000227953.7",16.6376644672745,-1.767684202943,0.496997461263141,-3.55672682602915,0.000375504268309328,0.00161764476676363,"ENSG00000227953","downregulated",FALSE,FALSE,"Neither_bound","Neither_bound_downregulated"
"ENSG00000170044.9","ZPLD1",11.29478432949,-2.35265862790343,0.66189716232506,-3.55441715392645,0.00037881783776482,0.00163150555511543,"ENSG00000170044","downregulated",FALSE,FALSE,"Neither_bound","Neither_bound_downregulated"
"ENSG00000229502.5","ENSG00000229502.5",15.1759880045341,-1.78206862350539,0.501753432937326,-3.55168197469611,0.000382777203768619,0.00164667883201779,"ENSG00000229502","downregulated",FALSE,FALSE,"Neither_bound","Neither_bound_downregulated"
"ENSG00000235522.6","ENSG00000235522.6",29.1676660837591,-1.33632326945214,0.377382736388092,-3.54102914786727,0.000398569544651994,0.00170898892864667,"ENSG00000235522","downregulated",FALSE,FALSE,"Neither_bound","Neither_bound_downregulated"
"ENSG00000272428.1","ENSG00000272428.1",11.3189628123813,-2.16574607886344,0.611654434298071,-3.54080009466264,0.000398915697378993,0.00171025727736585,"ENSG00000272428","downregulated",FALSE,FALSE,"Neither_bound","Neither_bound_downregulated"
"ENSG00000100079.7","LGALS2",47.2395356071384,-1.24812155253094,0.352522292073631,-3.54054645789676,0.000399299329287212,0.00171146998324644,"ENSG00000100079","downregulated",FALSE,FALSE,"Neither_bound","Neither_bound_downregulated"
"ENSG00000251306.1","NDUFB4P2",4.35650144004713,-4.95347731851114,1.39916241142471,-3.54031617635241,0.000399647934352151,0.0017127480487098,"ENSG00000251306","downregulated",FALSE,FALSE,"Neither_bound","Neither_bound_downregulated"
"ENSG00000288794.1","ENSG00000288794.1",70.6303598772577,-1.03651059976684,0.292776920000034,-3.5402742803863,0.000399711387913653,0.00171280388856452,"ENSG00000288794","downregulated",FALSE,FALSE,"Neither_bound","Neither_bound_downregulated"
"ENSG00000233860.2","ENSG00000233860.2",18.689233723227,-1.67211135945883,0.472452316896899,-3.53921718585566,0.000401315529331739,0.00171924402829367,"ENSG00000233860","downregulated",FALSE,FALSE,"Neither_bound","Neither_bound_downregulated"
"ENSG00000259175.1","LOC101929586",16.7253630480287,-1.67987116364461,0.474774888416023,-3.53824771408848,0.000402791988512091,0.00172469913850734,"ENSG00000259175","downregulated",FALSE,FALSE,"Neither_bound","Neither_bound_downregulated"
"ENSG00000231238.2","LINC00349",4.19292396389973,-4.95983514022139,1.40279095694672,-3.5356908423596,0.000406710358525825,0.00174125755714712,"ENSG00000231238","downregulated",FALSE,FALSE,"Neither_bound","Neither_bound_downregulated"
"ENSG00000270402.1","ENSG00000270402.1",9.07549819491973,-2.39870910942039,0.678437847241647,-3.53563575377306,0.000406795171540252,0.00174140118297155,"ENSG00000270402","downregulated",FALSE,FALSE,"Neither_bound","Neither_bound_downregulated"
"ENSG00000251497.2","PITPNM2-AS1",15.919362077823,-1.82963643167368,0.517709099465925,-3.53410135839057,0.000409164137640722,0.00175088025036282,"ENSG00000251497","downregulated",FALSE,FALSE,"Neither_bound","Neither_bound_downregulated"
"ENSG00000236449.2","ENSG00000236449.2",50.4367052915752,-1.11178218659023,0.314696625927169,-3.53286973864006,0.000411074962027184,0.00175817102872569,"ENSG00000236449","downregulated",FALSE,FALSE,"Neither_bound","Neither_bound_downregulated"
"ENSG00000231756.1","ENSG00000231756.1",20.8598441133488,-1.5720251488634,0.445059798999997,-3.53216613227161,0.000412170325740091,0.00176214876203053,"ENSG00000231756","downregulated",FALSE,FALSE,"Neither_bound","Neither_bound_downregulated"
"ENSG00000213085.10","CFAP45",16.3066173461724,-1.76565974901806,0.500009318162085,-3.53125368844766,0.000413594864552113,0.00176761328121618,"ENSG00000213085","downregulated",FALSE,FALSE,"Neither_bound","Neither_bound_downregulated"
"ENSG00000287274.1","ENSG00000287274.1",22.4442795698416,-1.5640395878737,0.443333341988525,-3.52790877595257,0.000418856479288929,0.00178874992311872,"ENSG00000287274","downregulated",FALSE,FALSE,"Neither_bound","Neither_bound_downregulated"
"ENSG00000139874.6","SSTR1",18.745225191637,-1.60240645046295,0.4542779159308,-3.52737034812637,0.000419709255437702,0.00179134179093024,"ENSG00000139874","downregulated",FALSE,FALSE,"Neither_bound","Neither_bound_downregulated"
"ENSG00000188783.6","PRELP",18.0133572260713,-1.64140066547063,0.465527094822087,-3.52589716845146,0.000422050810433881,0.00180080667363624,"ENSG00000188783","downregulated",FALSE,FALSE,"Neither_bound","Neither_bound_downregulated"
"ENSG00000285653.1","ENSG00000285653.1",14.8234377292172,-1.83172788379315,0.519915000642155,-3.52312951449902,0.000426482896805843,0.00181789070632462,"ENSG00000285653","downregulated",FALSE,FALSE,"Neither_bound","Neither_bound_downregulated"
"ENSG00000229484.3","ENSG00000229484.3",21.5536350489187,-1.5070371236828,0.427867405430538,-3.52220595575948,0.000427971516736539,0.00182387100941443,"ENSG00000229484","downregulated",FALSE,FALSE,"Neither_bound","Neither_bound_downregulated"
"ENSG00000197385.6","ZNF860",31.318557924493,-1.26239958967196,0.358413005214846,-3.52219247433623,0.00042799328238467,0.00182387100941443,"ENSG00000197385","downregulated",FALSE,FALSE,"Neither_bound","Neither_bound_downregulated"
"ENSG00000270661.1","ENSG00000270661.1",35.2390434012872,-1.18323092901168,0.336214723435422,-3.51927160393661,0.000432733450419351,0.00184152967224311,"ENSG00000270661","downregulated",FALSE,FALSE,"Neither_bound","Neither_bound_downregulated"
"ENSG00000278889.4","OR2S2",6.67016725594951,-2.96413196764519,0.84266447232455,-3.51757083037857,0.000435516102750661,0.00185244314778794,"ENSG00000278889","downregulated",FALSE,FALSE,"Neither_bound","Neither_bound_downregulated"
"ENSG00000276170.6","LOC101929494",17.1099184103567,-1.78239557253221,0.507084961341687,-3.51498409224402,0.000439780330837422,0.00186941037140352,"ENSG00000276170","downregulated",FALSE,FALSE,"Neither_bound","Neither_bound_downregulated"
"ENSG00000236867.1","ENSG00000236867.1",24.6843336668667,-1.36747048337639,0.389210975315844,-3.5134427601038,0.000442339708468549,0.00187934899527951,"ENSG00000236867","downregulated",FALSE,FALSE,"Neither_bound","Neither_bound_downregulated"
"ENSG00000280159.1","ENSG00000280159.1",14.6069531183812,-1.83021842160546,0.521256590586748,-3.5111660066404,0.000446145697331648,0.00189362452167455,"ENSG00000280159","downregulated",FALSE,FALSE,"Neither_bound","Neither_bound_downregulated"
"ENSG00000111215.12","PRH1",16.402087143751,-1.82015959597506,0.518539590911066,-3.51016514048053,0.000447828471629705,0.00189934292974376,"ENSG00000111215","downregulated",FALSE,FALSE,"Neither_bound","Neither_bound_downregulated"
"ENSG00000201470.1","RNY4P7",8.90778121399538,-2.48903247446736,0.71001279467404,-3.50561636795581,0.000455551312796045,0.00192944725599203,"ENSG00000201470","downregulated",FALSE,FALSE,"Neither_bound","Neither_bound_downregulated"
"ENSG00000289923.1","ENSG00000289923.1",2.69152689011659,-5.30294811545086,1.51462699780153,-3.50115779208218,0.000463241477122698,0.00195835550652194,"ENSG00000289923","downregulated",FALSE,FALSE,"Neither_bound","Neither_bound_downregulated"
"ENSG00000225761.1","ENSG00000225761.1",47.3025164089158,-1.08310440835644,0.310078586694254,-3.49299969373381,0.000477627056835891,0.00201215873330045,"ENSG00000225761","downregulated",FALSE,FALSE,"Neither_bound","Neither_bound_downregulated"
"ENSG00000224618.1","KLHL25P1",11.2269640026173,-2.11644418943681,0.605929132467638,-3.49289063032442,0.00047782216623651,0.00201273106928593,"ENSG00000224618","downregulated",FALSE,FALSE,"Neither_bound","Neither_bound_downregulated"
"ENSG00000158296.14","SLC13A3",15.4682634550432,-1.75947972449913,0.50397390572091,-3.49121195467905,0.000480834633109396,0.00202366383564118,"ENSG00000158296","downregulated",FALSE,FALSE,"Neither_bound","Neither_bound_downregulated"
"ENSG00000213170.3","ENSG00000213170.3",16.1166010468684,-1.67624541018724,0.480289235351531,-3.49007491071577,0.000482885167877827,0.00203153868992743,"ENSG00000213170","downregulated",FALSE,FALSE,"Neither_bound","Neither_bound_downregulated"
"ENSG00000170162.14","VGLL2",5.17045912818417,-4.30025652476619,1.23347509593628,-3.48629375569358,0.000489762873643842,0.00205843421083074,"ENSG00000170162","downregulated",FALSE,FALSE,"Neither_bound","Neither_bound_downregulated"
"ENSG00000259432.1","ENSG00000259432.1",10.7950532144347,-2.17316463761046,0.624020840454255,-3.48251932744507,0.000496719363249103,0.00208380428934735,"ENSG00000259432","downregulated",FALSE,FALSE,"Neither_bound","Neither_bound_downregulated"
"ENSG00000118322.14","ATP10B",20.6277988931768,-1.49851201751493,0.430703106580761,-3.47922268174759,0.000502870537391606,0.00210778706985662,"ENSG00000118322","downregulated",FALSE,FALSE,"Neither_bound","Neither_bound_downregulated"
"ENSG00000252338.1","RNU6-503P",5.76282967024063,-3.71632904302697,1.06884536419482,-3.47695669319439,0.000507139724662846,0.00212384689524689,"ENSG00000252338","downregulated",FALSE,FALSE,"Neither_bound","Neither_bound_downregulated"
"ENSG00000289034.1","ENSG00000289034.1",5.43459512824901,-3.40453718173103,0.979333382589079,-3.47638224353223,0.00050822736005729,0.00212787710667152,"ENSG00000289034","downregulated",FALSE,FALSE,"Neither_bound","Neither_bound_downregulated"
"ENSG00000259946.1","ENSG00000259946.1",5.87541396872263,-3.89882058705773,1.12369208504948,-3.46965208612825,0.000521132932899207,0.00217601025995332,"ENSG00000259946","downregulated",FALSE,FALSE,"Neither_bound","Neither_bound_downregulated"
"ENSG00000264956.2","LOC105371597",5.94605730563576,-3.14188993129109,0.905613404243792,-3.46935007428985,0.000521719162376328,0.00217811106671106,"ENSG00000264956","downregulated",FALSE,FALSE,"Neither_bound","Neither_bound_downregulated"
"ENSG00000217275.2","RPS10P1",12.791842353281,-2.16208097132651,0.623244061710484,-3.46907592732246,0.000522251835989384,0.00217916781727728,"ENSG00000217275","downregulated",FALSE,FALSE,"Neither_bound","Neither_bound_downregulated"
"ENSG00000164647.9","STEAP1",51.1942370212075,-1.11485790151392,0.322068095868681,-3.46155957642104,0.000537055238396889,0.0022375435223679,"ENSG00000164647","downregulated",FALSE,FALSE,"Neither_bound","Neither_bound_downregulated"
"ENSG00000125872.9","LRRN4",25.7187220156763,-1.47061787711376,0.424974471425926,-3.46048521968713,0.000539202833221772,0.00224566476690499,"ENSG00000125872","downregulated",FALSE,FALSE,"Neither_bound","Neither_bound_downregulated"
"ENSG00000258531.2","ENSG00000258531.2",11.4400168544251,-2.0822930945086,0.602056633370193,-3.45863325656315,0.000542923625625422,0.00225949886244111,"ENSG00000258531","downregulated",FALSE,FALSE,"Neither_bound","Neither_bound_downregulated"
"ENSG00000261291.1","ENSG00000261291.1",36.6609748343436,-1.14311790887186,0.331098247475023,-3.45250365288657,0.000555409956007027,0.002307787814758,"ENSG00000261291","downregulated",FALSE,FALSE,"Neither_bound","Neither_bound_downregulated"
"ENSG00000258352.1","ENSG00000258352.1",6.84205827903757,-3.16227889181573,0.916876391832611,-3.44896969753481,0.000562729847769921,0.00233249633545438,"ENSG00000258352","downregulated",FALSE,FALSE,"Neither_bound","Neither_bound_downregulated"
"ENSG00000279121.1","ENSG00000279121.1",18.3498494226817,-1.57255571345536,0.456098650053629,-3.44784119240533,0.000565086184807349,0.00234169178059485,"ENSG00000279121","downregulated",FALSE,FALSE,"Neither_bound","Neither_bound_downregulated"
"ENSG00000224543.4","ENSG00000224543.4",44.7226146714188,-1.08230799979857,0.314133001631763,-3.44538139634016,0.000570254157114663,0.00236109132238797,"ENSG00000224543","downregulated",FALSE,FALSE,"Neither_bound","Neither_bound_downregulated"
"ENSG00000207820.1","MIR545",7.34087797823713,-2.65011730507119,0.769320135642537,-3.44475229789457,0.000571582927233522,0.00236601619208729,"ENSG00000207820","downregulated",FALSE,FALSE,"Neither_bound","Neither_bound_downregulated"
"ENSG00000288055.1","ENSG00000288055.1",6.2341151504251,-3.18019579990776,0.923992393475883,-3.44179867968877,0.000577860138122474,0.00238850732194502,"ENSG00000288055","downregulated",FALSE,FALSE,"Neither_bound","Neither_bound_downregulated"
"ENSG00000229297.1","ENSG00000229297.1",6.82488989710487,-2.85993652194785,0.831761598339489,-3.43840894753661,0.000585143284010008,0.00241596536662841,"ENSG00000229297","downregulated",FALSE,FALSE,"Neither_bound","Neither_bound_downregulated"
"ENSG00000178596.10","ENSG00000178596.10",5.45360597779777,-3.7107583080987,1.07926881861522,-3.43821506198974,0.000585562437527333,0.00241681468747612,"ENSG00000178596","downregulated",FALSE,FALSE,"Neither_bound","Neither_bound_downregulated"
"ENSG00000227528.6","DIAPH3-AS1",4.83370101799852,-4.35480414228836,1.26658305793656,-3.43823021711893,0.000585529664183342,0.00241681468747612,"ENSG00000227528","downregulated",FALSE,FALSE,"Neither_bound","Neither_bound_downregulated"
"ENSG00000212125.2","TAS2R15P",38.9789556902024,-1.19862338794129,0.348721928420276,-3.43718960654725,0.000587783981814367,0.0024242164028983,"ENSG00000212125","downregulated",FALSE,FALSE,"Neither_bound","Neither_bound_downregulated"
"ENSG00000283703.3","VSIG10L2",31.54190058013,-1.23345062800432,0.358996624539104,-3.4358279262037,0.000590746050766794,0.00243498307025299,"ENSG00000283703","downregulated",FALSE,FALSE,"Neither_bound","Neither_bound_downregulated"
"ENSG00000279433.1","ENSG00000279433.1",13.4738418007001,-1.9186473325873,0.558689845468921,-3.43419045137098,0.000594326457434895,0.00244763349977552,"ENSG00000279433","downregulated",FALSE,FALSE,"Neither_bound","Neither_bound_downregulated"
"ENSG00000123999.5","INHA",25.3268423628168,-1.33959189566055,0.390095020713614,-3.43401434145453,0.000594712729761942,0.00244892738568962,"ENSG00000123999","downregulated",FALSE,FALSE,"Neither_bound","Neither_bound_downregulated"
"ENSG00000266891.1","ENSG00000266891.1",15.4900375925675,-1.65061180980563,0.48124012324756,-3.42991311419916,0.000603774551957154,0.00248293147468288,"ENSG00000266891","downregulated",FALSE,FALSE,"Neither_bound","Neither_bound_downregulated"
"ENSG00000268438.1","ENSG00000268438.1",26.2563040944218,-1.33677260316974,0.389750522053998,-3.4298160683016,0.000603990526903261,0.00248351897080862,"ENSG00000268438","downregulated",FALSE,FALSE,"Neither_bound","Neither_bound_downregulated"
"ENSG00000201339.1","ENSG00000201339.1",6.30175390315635,-3.05464229156592,0.890667531542953,-3.42961002100772,0.000604449322085955,0.00248450321546657,"ENSG00000201339","downregulated",FALSE,FALSE,"Neither_bound","Neither_bound_downregulated"
"ENSG00000201642.1","RNU6-865P",3.01860142914163,-5.28644270385242,1.54208564752311,-3.42811225326134,0.000607794087007498,0.00249734481038717,"ENSG00000201642","downregulated",FALSE,FALSE,"Neither_bound","Neither_bound_downregulated"
"ENSG00000220868.2","MRPL35P1",14.5971625453133,-1.89728842682687,0.553550687554793,-3.42748815868658,0.000609192871464909,0.00250210393363862,"ENSG00000220868","downregulated",FALSE,FALSE,"Neither_bound","Neither_bound_downregulated"
"ENSG00000239396.3","RN7SL414P",5.41423541068771,-3.83196587226737,1.11849401729613,-3.42600480021418,0.000612529556965151,0.0025140652478241,"ENSG00000239396","downregulated",FALSE,FALSE,"Neither_bound","Neither_bound_downregulated"
"ENSG00000288104.1","ENSG00000288104.1",2.53537078639005,-5.28580887814348,1.54508896907188,-3.4210385187842,0.000623824962166647,0.00255456133994897,"ENSG00000288104","downregulated",FALSE,FALSE,"Neither_bound","Neither_bound_downregulated"
"ENSG00000218428.1","ENSG00000218428.1",12.6004749759442,-1.88972281899426,0.552954532956902,-3.41750127065429,0.000631987990783255,0.00258611830754435,"ENSG00000218428","downregulated",FALSE,FALSE,"Neither_bound","Neither_bound_downregulated"
"ENSG00000227486.4","ENSG00000227486.4",15.8611855874966,-1.65021253751324,0.482882025321994,-3.41742382399273,0.000632167823714363,0.00258654259647428,"ENSG00000227486","downregulated",FALSE,FALSE,"Neither_bound","Neither_bound_downregulated"
"ENSG00000163623.10","NKX6-1",40.2791914235148,-1.07362888243306,0.314219756657985,-3.41680896787676,0.000633597223844019,0.00259145460560309,"ENSG00000163623","downregulated",FALSE,FALSE,"Neither_bound","Neither_bound_downregulated"
"ENSG00000238290.1","ENSG00000238290.1",9.40037287589579,-2.34935320477075,0.687688619908382,-3.41630374090492,0.000634774010883616,0.00259595516514504,"ENSG00000238290","downregulated",FALSE,FALSE,"Neither_bound","Neither_bound_downregulated"
"ENSG00000252329.1","LOC124900312",9.16026867859768,-2.42137735096667,0.709412135033294,-3.4132167063269,0.000642008685703223,0.00262175415195565,"ENSG00000252329","downregulated",FALSE,FALSE,"Neither_bound","Neither_bound_downregulated"
"ENSG00000185972.6","CCIN",14.6762469235515,-1.81132941939094,0.530742739120052,-3.41281997073392,0.000642944004053337,0.00262525807545183,"ENSG00000185972","downregulated",FALSE,FALSE,"Neither_bound","Neither_bound_downregulated"
"ENSG00000231906.1","ENSG00000231906.1",6.06319671512659,-3.19869572451705,0.937732275657828,-3.41109697037263,0.000647020762227798,0.00264095184467121,"ENSG00000231906","downregulated",FALSE,FALSE,"Neither_bound","Neither_bound_downregulated"
"ENSG00000248152.2","ANK2-AS1",52.083660971014,-1.07481364857314,0.315367928924175,-3.40812603310578,0.000654106755228986,0.00266731071568046,"ENSG00000248152","downregulated",FALSE,FALSE,"Neither_bound","Neither_bound_downregulated"
"ENSG00000158055.17","GRHL3",26.5337650373233,-1.30683460547786,0.383460296250649,-3.40800499622952,0.000654396964973453,0.00266753343408355,"ENSG00000158055","downregulated",FALSE,FALSE,"Neither_bound","Neither_bound_downregulated"
"ENSG00000266967.7","AARSD1",31.4783307261297,-1.24617406196411,0.365785816508871,-3.40684084981159,0.000657194355890216,0.00267797239453921,"ENSG00000266967","downregulated",FALSE,FALSE,"Neither_bound","Neither_bound_downregulated"
"ENSG00000260171.1","ENSG00000260171.1",7.05281620728368,-2.75715759811608,0.809673937462064,-3.40526904788171,0.000660988969338922,0.00269246592043464,"ENSG00000260171","downregulated",FALSE,FALSE,"Neither_bound","Neither_bound_downregulated"
"ENSG00000179397.18","CATSPERE",26.7997042762178,-1.27552526442538,0.374738179037671,-3.40377718571653,0.000664609429727766,0.00270526699928014,"ENSG00000179397","downregulated",FALSE,FALSE,"Neither_bound","Neither_bound_downregulated"
"ENSG00000271378.1","ENSG00000271378.1",5.64616331147916,-3.17172912517863,0.932268903332097,-3.40216123678726,0.000668551821971697,0.00271935915324328,"ENSG00000271378","downregulated",FALSE,FALSE,"Neither_bound","Neither_bound_downregulated"
"ENSG00000256712.1","ENSG00000256712.1",22.4266932693501,-1.48408385547444,0.436547868165604,-3.3995902023543,0.000674869156248345,0.0027414440922559,"ENSG00000256712","downregulated",FALSE,FALSE,"Neither_bound","Neither_bound_downregulated"
"ENSG00000204011.5","ENSG00000204011.5",9.32947818042785,-2.20555206430776,0.648905825154807,-3.39887851027011,0.000676627649116686,0.00274825875704838,"ENSG00000204011","downregulated",FALSE,FALSE,"Neither_bound","Neither_bound_downregulated"
"ENSG00000223450.1","RPS24P5",17.9234083273764,-1.54360817890895,0.454515773527343,-3.39615975685406,0.000683384605262236,0.00277238842368896,"ENSG00000223450","downregulated",FALSE,FALSE,"Neither_bound","Neither_bound_downregulated"
"ENSG00000244757.1","ENSG00000244757.1",17.8512785093208,-1.59937838510353,0.471329292211147,-3.39333542712858,0.000690470335165365,0.00279839148313316,"ENSG00000244757","downregulated",FALSE,FALSE,"Neither_bound","Neither_bound_downregulated"
"ENSG00000286947.1","ENSG00000286947.1",11.4214749307139,-1.96481634038436,0.579132642703757,-3.39268795350812,0.000692104321638154,0.0028044136463563,"ENSG00000286947","downregulated",FALSE,FALSE,"Neither_bound","Neither_bound_downregulated"
"ENSG00000207331.1","RNU6-1263P",5.23130776713761,-3.38694955285073,0.998422063344896,-3.3923023911389,0.000693079046474543,0.00280802827417071,"ENSG00000207331","downregulated",FALSE,FALSE,"Neither_bound","Neither_bound_downregulated"
"ENSG00000278962.1","ENSG00000278962.1",6.03039199690359,-3.26411440946974,0.962428861994548,-3.3915383654488,0.000695014319453465,0.00281519752005668,"ENSG00000278962","downregulated",FALSE,FALSE,"Neither_bound","Neither_bound_downregulated"
"ENSG00000104415.14","CCN4",38.3445847456242,-1.14312846642437,0.337087703890303,-3.39119004707562,0.000695898273711211,0.00281774141991318,"ENSG00000104415","downregulated",FALSE,FALSE,"Neither_bound","Neither_bound_downregulated"
"ENSG00000250329.1","ENSG00000250329.1",26.5879159529888,-1.26108322472526,0.371979759086606,-3.3901931326098,0.000698433998041342,0.00282702645918354,"ENSG00000250329","downregulated",FALSE,FALSE,"Neither_bound","Neither_bound_downregulated"
"ENSG00000237499.7","WAKMAR2",40.946764538385,-1.07418629197517,0.316937825299094,-3.38926504263559,0.000700802377771436,0.00283627489195045,"ENSG00000237499","downregulated",FALSE,FALSE,"Neither_bound","Neither_bound_downregulated"
"ENSG00000198569.10","SLC34A3",40.8504905760971,-1.11309455566385,0.328583167919374,-3.38755805025587,0.000705177925795001,0.00285228432762617,"ENSG00000198569","downregulated",FALSE,FALSE,"Neither_bound","Neither_bound_downregulated"
"ENSG00000145692.15","BHMT",7.70228308854612,-2.44713283549038,0.723862795968404,-3.3806583915071,0.000723123838544682,0.00291809490600811,"ENSG00000145692","downregulated",FALSE,FALSE,"Neither_bound","Neither_bound_downregulated"
"ENSG00000235888.5","ENSG00000235888.5",13.2105154941957,-1.91708987748907,0.567799190992349,-3.3763519002881,0.000734539051479006,0.0029594143637337,"ENSG00000235888","downregulated",FALSE,FALSE,"Neither_bound","Neither_bound_downregulated"
"ENSG00000286327.1","ENSG00000286327.1",43.2000771838994,-1.10143786621808,0.326539274366668,-3.37306398550175,0.000743366758638838,0.00299178697363081,"ENSG00000286327","downregulated",FALSE,FALSE,"Neither_bound","Neither_bound_downregulated"
"ENSG00000225752.1","ENSG00000225752.1",6.53026620342847,-2.86506676931697,0.849648211336255,-3.37206237957124,0.000746075482955685,0.00300055552984119,"ENSG00000225752","downregulated",FALSE,FALSE,"Neither_bound","Neither_bound_downregulated"
"ENSG00000289480.1","ENSG00000289480.1",28.6490844406681,-1.24083741141296,0.368671158393415,-3.36570242386262,0.000763490248899296,0.00306551262111245,"ENSG00000289480","downregulated",FALSE,FALSE,"Neither_bound","Neither_bound_downregulated"
"ENSG00000254909.1","ENSG00000254909.1",39.7310911111335,-1.04708916543707,0.311459797595163,-3.36187582963141,0.000774149271734459,0.0031039072783612,"ENSG00000254909","downregulated",FALSE,FALSE,"Neither_bound","Neither_bound_downregulated"
"ENSG00000234231.4","ANAPC1P4",5.12158580390354,-3.66318766144716,1.09017102182017,-3.36019540799298,0.000778873620195255,0.00312137554634172,"ENSG00000234231","downregulated",FALSE,FALSE,"Neither_bound","Neither_bound_downregulated"
"ENSG00000276214.1","ENSG00000276214.1",5.75948788180405,-3.41353539491372,1.01645431844913,-3.35827723189958,0.000784299097942741,0.00314089504349434,"ENSG00000276214","downregulated",FALSE,FALSE,"Neither_bound","Neither_bound_downregulated"
"ENSG00000289810.1","ENSG00000289810.1",11.7976423725948,-1.88364807767289,0.561528278661713,-3.35450261233892,0.000795078024300411,0.00318106128733055,"ENSG00000289810","downregulated",FALSE,FALSE,"Neither_bound","Neither_bound_downregulated"
"ENSG00000109511.12","ANXA10",25.8663231798348,-1.29642962708145,0.386722129011794,-3.35235439046187,0.000801273783174545,0.00320405573321354,"ENSG00000109511","downregulated",FALSE,FALSE,"Neither_bound","Neither_bound_downregulated"
"ENSG00000039600.11","SOX30",13.3160300831109,-1.7303447863833,0.516342214503108,-3.35115885895261,0.00080474123217183,0.00321707075137257,"ENSG00000039600","downregulated",FALSE,FALSE,"Neither_bound","Neither_bound_downregulated"
"ENSG00000227638.2","ENSG00000227638.2",56.3219298388328,-1.07547742345785,0.320968240527488,-3.35072847609591,0.000805992894051219,0.00322099758251927,"ENSG00000227638","downregulated",FALSE,FALSE,"Neither_bound","Neither_bound_downregulated"
"ENSG00000289159.2","ENSG00000289159.2",6.84660266396759,-2.70930230759043,0.809039475158873,-3.3487887683829,0.000811656503571308,0.00324128240222316,"ENSG00000289159","downregulated",FALSE,FALSE,"Neither_bound","Neither_bound_downregulated"
"ENSG00000238258.1","ENSG00000238258.1",7.21650873639428,-2.59345038449178,0.774612368672611,-3.34806219133315,0.000813787472576701,0.00324826473190193,"ENSG00000238258","downregulated",FALSE,FALSE,"Neither_bound","Neither_bound_downregulated"
"ENSG00000253121.1","ENSG00000253121.1",6.58142171389938,-2.71570401344175,0.812105969004709,-3.34402666288739,0.000825718011984507,0.00328854372506621,"ENSG00000253121","downregulated",FALSE,FALSE,"Neither_bound","Neither_bound_downregulated"
"ENSG00000286805.1","ENSG00000286805.1",5.19515320942213,-3.61499624372592,1.08203779986773,-3.34091493307149,0.000835028032501916,0.00332484259852597,"ENSG00000286805","downregulated",FALSE,FALSE,"Neither_bound","Neither_bound_downregulated"
"ENSG00000231877.1","ENSG00000231877.1",2.7284729256814,-5.17951853240448,1.55040279318075,-3.34075670863464,0.00083550401755729,0.00332556836986009,"ENSG00000231877","downregulated",FALSE,FALSE,"Neither_bound","Neither_bound_downregulated"
"ENSG00000233797.4","ENSG00000233797.4",8.2461449052751,-2.37199259657899,0.710345896988961,-3.33920785160226,0.000840176737757769,0.00334181773163418,"ENSG00000233797","downregulated",FALSE,FALSE,"Neither_bound","Neither_bound_downregulated"
"ENSG00000264012.1","ENSG00000264012.1",8.83151380603438,-2.36251342541929,0.707525872753366,-3.33911948156111,0.000840444069386995,0.0033424896556536,"ENSG00000264012","downregulated",FALSE,FALSE,"Neither_bound","Neither_bound_downregulated"
"ENSG00000123405.14","NFE2",7.24537354096507,-2.55101705548529,0.764142896394085,-3.33840315407404,0.000842613972986114,0.00334994281769573,"ENSG00000123405","downregulated",FALSE,FALSE,"Neither_bound","Neither_bound_downregulated"
"ENSG00000207333.1","RNU6-680P",5.03899710569559,-3.61088063636317,1.08192901274377,-3.33744690624942,0.000845518743500758,0.00335952517010571,"ENSG00000207333","downregulated",FALSE,FALSE,"Neither_bound","Neither_bound_downregulated"
"ENSG00000250451.5","HOXC-AS1",31.7285104838894,-1.15652506418456,0.346577499895304,-3.33698830574381,0.000846915115626061,0.00336428635803836,"ENSG00000250451","downregulated",FALSE,FALSE,"Neither_bound","Neither_bound_downregulated"
"ENSG00000146047.7","H2BC1",3.73422114341649,-4.86092530958515,1.45848123126771,-3.33286792135135,0.000859557370734917,0.0034097214491561,"ENSG00000146047","downregulated",FALSE,FALSE,"Neither_bound","Neither_bound_downregulated"
"ENSG00000244332.1","ENSG00000244332.1",9.19532496670411,-2.40040367257893,0.720379982774591,-3.33213544237254,0.000861823016413384,0.00341791059212257,"ENSG00000244332","downregulated",FALSE,FALSE,"Neither_bound","Neither_bound_downregulated"
"ENSG00000254960.2","KIRREL3-AS2",15.5753097269049,-1.70023003845923,0.510335067597067,-3.3315955465589,0.000863496522898201,0.00342294898935769,"ENSG00000254960","downregulated",FALSE,FALSE,"Neither_bound","Neither_bound_downregulated"
"ENSG00000234844.1","ENSG00000234844.1",6.03317583375332,-2.89273744988951,0.868575738047107,-3.33043777666816,0.000867095408120266,0.00343521073280023,"ENSG00000234844","downregulated",FALSE,FALSE,"Neither_bound","Neither_bound_downregulated"
"ENSG00000259518.2","LINC01583",6.81851951445075,-2.72364655495297,0.819201805183364,-3.32475653461643,0.000884957772265735,0.00349985395369921,"ENSG00000259518","downregulated",FALSE,FALSE,"Neither_bound","Neither_bound_downregulated"
"ENSG00000157445.16","CACNA2D3",9.41162696133387,-2.24622393501152,0.675659671231669,-3.32449016960987,0.000885803562444036,0.0035027910837135,"ENSG00000157445","downregulated",FALSE,FALSE,"Neither_bound","Neither_bound_downregulated"
"ENSG00000238419.1","RNU7-186P",9.01487306070569,-2.21502902079488,0.666355662421917,-3.32409424232128,0.000887062137228583,0.00350735964118036,"ENSG00000238419","downregulated",FALSE,FALSE,"Neither_bound","Neither_bound_downregulated"
"ENSG00000225032.5","LOC102723566",24.9437444730957,-1.30322293291165,0.392482596770244,-3.32046043222278,0.000898690972440119,0.00355085901498731,"ENSG00000225032","downregulated",FALSE,FALSE,"Neither_bound","Neither_bound_downregulated"
"ENSG00000222404.1","RN7SKP281",2.57973819437572,-5.14244662375799,1.55127111909244,-3.31498895355349,0.000916467461477631,0.00361646918348887,"ENSG00000222404","downregulated",FALSE,FALSE,"Neither_bound","Neither_bound_downregulated"
"ENSG00000279527.1","ENSG00000279527.1",15.0946557838489,-1.68379065079759,0.508648449451845,-3.31032297967715,0.000931883751933091,0.0036713323226239,"ENSG00000279527","downregulated",FALSE,FALSE,"Neither_bound","Neither_bound_downregulated"
"ENSG00000227634.3","LINC01714",2.42358209064918,-5.12846718123178,1.54963540017789,-3.30946697567896,0.0009347379234566,0.00368175463858769,"ENSG00000227634","downregulated",FALSE,FALSE,"Neither_bound","Neither_bound_downregulated"
"ENSG00000005073.6","HOXA11",13.5159556683352,-1.8602278582691,0.562102238129743,-3.30941193982531,0.00093492170614579,0.00368201976978089,"ENSG00000005073","downregulated",FALSE,FALSE,"Neither_bound","Neither_bound_downregulated"
"ENSG00000235277.1","ENSG00000235277.1",9.63235348895968,-2.11701299250891,0.639933536391706,-3.30817635288468,0.000939056557255202,0.00369701821242985,"ENSG00000235277","downregulated",FALSE,FALSE,"Neither_bound","Neither_bound_downregulated"
"ENSG00000206647.1","LOC124906144",6.1180553306311,-3.35074597826593,1.01310953232987,-3.30738767264399,0.000941704701077385,0.00370615517161356,"ENSG00000206647","downregulated",FALSE,FALSE,"Neither_bound","Neither_bound_downregulated"
"ENSG00000213872.3","ENSG00000213872.3",20.9791684743224,-1.4204519320724,0.429690458509224,-3.30575628092963,0.000947204378125933,0.00372434753052225,"ENSG00000213872","downregulated",FALSE,FALSE,"Neither_bound","Neither_bound_downregulated"
"ENSG00000267372.2","ENSG00000267372.2",2.62686945176057,-5.16989228756038,1.56404231364079,-3.30546829997576,0.000948178291146874,0.00372731399070443,"ENSG00000267372","downregulated",FALSE,FALSE,"Neither_bound","Neither_bound_downregulated"
"ENSG00000291299.2","ENSG00000291299.2",44.4988574099879,-1.04400279576233,0.316408649073727,-3.2995393735873,0.000968436412938404,0.00380298821672737,"ENSG00000291299","downregulated",FALSE,FALSE,"Neither_bound","Neither_bound_downregulated"
"ENSG00000239763.2","ENSG00000239763.2",24.674147883623,-1.26479722208921,0.384181588148015,-3.29218593786936,0.000994118621368817,0.00389679315843123,"ENSG00000239763","downregulated",FALSE,FALSE,"Neither_bound","Neither_bound_downregulated"
"ENSG00000272123.1","ENSG00000272123.1",10.9531668387405,-2.01936186719729,0.6142493160482,-3.28752806790074,0.00101071113341421,0.00395576473164884,"ENSG00000272123","downregulated",FALSE,FALSE,"Neither_bound","Neither_bound_downregulated"
"ENSG00000228411.1","ENSG00000228411.1",35.1447496679616,-1.12952567696184,0.343734919260113,-3.28603704096498,0.0010160764756018,0.00397444561529733,"ENSG00000228411","downregulated",FALSE,FALSE,"Neither_bound","Neither_bound_downregulated"
"ENSG00000284858.1","LOC124901864",18.4287634170585,-1.51233528987069,0.460621083401363,-3.28325242670864,0.00102616734435852,0.00400976099771886,"ENSG00000284858","downregulated",FALSE,FALSE,"Neither_bound","Neither_bound_downregulated"
"ENSG00000259845.1","ENSG00000259845.1",9.94185456717125,-2.03240150005253,0.619050407496563,-3.28309532703734,0.00102673939586661,0.00401128417605988,"ENSG00000259845","downregulated",FALSE,FALSE,"Neither_bound","Neither_bound_downregulated"
"ENSG00000240305.1","RPL6P26",11.6252020103995,-1.863017674408,0.567931463427761,-3.28035651197017,0.00103675986429675,0.0040464965035542,"ENSG00000240305","downregulated",FALSE,FALSE,"Neither_bound","Neither_bound_downregulated"
"ENSG00000269845.1","ENSG00000269845.1",28.7290222288408,-1.22832099109948,0.374444161060403,-3.2803849514463,0.00103665534977326,0.0040464965035542,"ENSG00000269845","downregulated",FALSE,FALSE,"Neither_bound","Neither_bound_downregulated"
"ENSG00000255993.1","PSMC1P9",2.48547567960601,-5.09318890933434,1.55391575518498,-3.27764802714677,0.00104675829686965,0.00408036330365715,"ENSG00000255993","downregulated",FALSE,FALSE,"Neither_bound","Neither_bound_downregulated"
"ENSG00000240401.9","ENSG00000240401.9",44.196202145034,-1.00027037528272,0.305350738937386,-3.27580794061163,0.00105360183426037,0.00410327300001792,"ENSG00000240401","downregulated",FALSE,FALSE,"Neither_bound","Neither_bound_downregulated"
"ENSG00000162894.12","FCMR",11.0705258268067,-1.8662944008127,0.569920195459849,-3.27465918154883,0.0010578951928098,0.00411904904967486,"ENSG00000162894","downregulated",FALSE,FALSE,"Neither_bound","Neither_bound_downregulated"
"ENSG00000258400.1","ENSG00000258400.1",3.68882122684861,-4.69560501604936,1.43434656632904,-3.27368930652997,0.00106153258776879,0.00413084419078132,"ENSG00000258400","downregulated",FALSE,FALSE,"Neither_bound","Neither_bound_downregulated"
"ENSG00000236098.1","ENSG00000236098.1",20.4852570128914,-1.63985520818405,0.501346655550228,-3.27090086276593,0.00107205484931943,0.00416940223513652,"ENSG00000236098","downregulated",FALSE,FALSE,"Neither_bound","Neither_bound_downregulated"
"ENSG00000279233.1","ENSG00000279233.1",44.4858733371807,-1.0244827449382,0.313582987717248,-3.26702271827948,0.00108684958198499,0.00422017679479494,"ENSG00000279233","downregulated",FALSE,FALSE,"Neither_bound","Neither_bound_downregulated"
"ENSG00000290569.1","ENSG00000290569.1",13.1531150841625,-1.7813328065662,0.546136074076007,-3.26170141677602,0.00110745725291905,0.00429381440099925,"ENSG00000290569","downregulated",FALSE,FALSE,"Neither_bound","Neither_bound_downregulated"
"ENSG00000256282.2","ENSG00000256282.2",23.8728767319071,-1.4280519408904,0.43794381561718,-3.26081083912075,0.00111094126143329,0.00430437467416058,"ENSG00000256282","downregulated",FALSE,FALSE,"Neither_bound","Neither_bound_downregulated"
"ENSG00000223834.5","ENSG00000223834.5",7.32042973995307,-2.61866093339042,0.803139128633434,-3.26053212952798,0.00111203367526004,0.00430811586236691,"ENSG00000223834","downregulated",FALSE,FALSE,"Neither_bound","Neither_bound_downregulated"
"ENSG00000207044.1","RNU6-1226P",11.9308950493598,-1.99830532332894,0.613190457067051,-3.25886565959787,0.00111858622451664,0.00433152495147984,"ENSG00000207044","downregulated",FALSE,FALSE,"Neither_bound","Neither_bound_downregulated"
"ENSG00000258068.2","ENSG00000258068.2",37.0319869211364,-1.14982944735252,0.353192340059283,-3.25553336507672,0.00113179597398228,0.00437718839169191,"ENSG00000258068","downregulated",FALSE,FALSE,"Neither_bound","Neither_bound_downregulated"
"ENSG00000272692.2","ENSG00000272692.2",25.1240457275584,-1.23596462467629,0.379905596629429,-3.2533467146626,0.00114054241373646,0.00440599848854773,"ENSG00000272692","downregulated",FALSE,FALSE,"Neither_bound","Neither_bound_downregulated"
"ENSG00000276786.1","ENSG00000276786.1",32.2379414250351,-1.34088239913173,0.412262939259697,-3.25249318199583,0.00114397340308187,0.00441875012006881,"ENSG00000276786","downregulated",FALSE,FALSE,"Neither_bound","Neither_bound_downregulated"
"ENSG00000230224.1","PHB1P9",22.5207390088614,-1.36576915997576,0.420028356142498,-3.25161180192417,0.0011475263422455,0.00443146598378752,"ENSG00000230224","downregulated",FALSE,FALSE,"Neither_bound","Neither_bound_downregulated"
"ENSG00000290976.1","USP32P1",8.80008474318915,-2.2792325323755,0.700991098792952,-3.25144290177171,0.00114820836062322,0.00443258797518463,"ENSG00000290976","downregulated",FALSE,FALSE,"Neither_bound","Neither_bound_downregulated"
"ENSG00000251456.1","ENSG00000251456.1",27.7727210827862,-1.26890742794456,0.391179267350212,-3.24380030807855,0.00117946404159599,0.00454034843210931,"ENSG00000251456","downregulated",FALSE,FALSE,"Neither_bound","Neither_bound_downregulated"
"ENSG00000285973.2","ENSG00000285973.2",42.5606048728335,-1.06920075004717,0.329696796399526,-3.24298192073276,0.00118285716788275,0.00455289430919446,"ENSG00000285973","downregulated",FALSE,FALSE,"Neither_bound","Neither_bound_downregulated"
"ENSG00000273363.1","ENSG00000273363.1",6.00312031268661,-2.81654883814767,0.868855826985374,-3.24167571957261,0.00118829151593758,0.00457036044629992,"ENSG00000273363","downregulated",FALSE,FALSE,"Neither_bound","Neither_bound_downregulated"
"ENSG00000112299.8","VNN1",2.26742598692265,-5.1120485896288,1.57709804118049,-3.24142726459943,0.00118932780100602,0.00457365410897458,"ENSG00000112299","downregulated",FALSE,FALSE,"Neither_bound","Neither_bound_downregulated"
"ENSG00000253372.5","ENSG00000253372.5",41.2146100459427,-1.06768884658413,0.329683458673474,-3.23852719478291,0.00120148566060795,0.00461466134323053,"ENSG00000253372","downregulated",FALSE,FALSE,"Neither_bound","Neither_bound_downregulated"
"ENSG00000230104.1","ENSG00000230104.1",7.72681091081446,-2.36048138967294,0.729367580459817,-3.23633988253881,0.00121073129388606,0.00464806968701646,"ENSG00000230104","downregulated",FALSE,FALSE,"Neither_bound","Neither_bound_downregulated"
"ENSG00000250786.4","SNHG18",30.2242027826264,-1.25913613102387,0.389441273850661,-3.23318614530496,0.00122417767682202,0.00469385566387747,"ENSG00000250786","downregulated",FALSE,FALSE,"Neither_bound","Neither_bound_downregulated"
"ENSG00000274654.1","ENSG00000274654.1",6.81227621757546,-3.06096475675492,0.946813759503725,-3.23291114649552,0.00122535668513462,0.00469767377445502,"ENSG00000274654","downregulated",FALSE,FALSE,"Neither_bound","Neither_bound_downregulated"
"ENSG00000270919.1","ENSG00000270919.1",6.16766232556764,-3.3144507104104,1.02526052780277,-3.23278876005651,0.00122588173229801,0.00469826815781325,"ENSG00000270919","downregulated",FALSE,FALSE,"Neither_bound","Neither_bound_downregulated"
"ENSG00000291141.1","EMBP1",9.19390586042564,-2.12205692580297,0.65716752604174,-3.22909584194546,0.0012418226967268,0.00475239222199368,"ENSG00000291141","downregulated",FALSE,FALSE,"Neither_bound","Neither_bound_downregulated"
"ENSG00000287886.1","ENSG00000287886.1",4.63559131175277,-3.57963426850107,1.10869594136914,-3.2286888901934,0.0012435910175161,0.00475808737136596,"ENSG00000287886","downregulated",FALSE,FALSE,"Neither_bound","Neither_bound_downregulated"
"ENSG00000255159.1","ENSG00000255159.1",43.5941500431095,-1.03569257379339,0.320837972023686,-3.22808602504485,0.00124621491168754,0.00476686350112858,"ENSG00000255159","downregulated",FALSE,FALSE,"Neither_bound","Neither_bound_downregulated"
"ENSG00000169495.5","HTRA4",19.5129067484676,-1.52136912710554,0.471589329382995,-3.22604654582839,0.00125512943377152,0.00479899106329931,"ENSG00000169495","downregulated",FALSE,FALSE,"Neither_bound","Neither_bound_downregulated"
"ENSG00000158578.21","ALAS2",3.47593070784636,-4.64625482217633,1.44102268745174,-3.22427596916784,0.00126291629516276,0.00482550514219222,"ENSG00000158578","downregulated",FALSE,FALSE,"Neither_bound","Neither_bound_downregulated"
"ENSG00000228879.1","RPL35AP6",5.79654897033206,-3.04030505207663,0.944629093530949,-3.21851727084988,0.00128855210651057,0.00491003714921421,"ENSG00000228879","downregulated",FALSE,FALSE,"Neither_bound","Neither_bound_downregulated"
"ENSG00000233072.1","RPS15AP6",11.6180233840539,-1.8380320627877,0.57112532310994,-3.21826399288179,0.0012896905672443,0.00491169337643173,"ENSG00000233072","downregulated",FALSE,FALSE,"Neither_bound","Neither_bound_downregulated"
"ENSG00000220695.1","ENSG00000220695.1",11.8636468204889,-2.06835539728087,0.642697671703931,-3.21824006581074,0.00128979816516921,0.00491169337643173,"ENSG00000220695","downregulated",FALSE,FALSE,"Neither_bound","Neither_bound_downregulated"
"ENSG00000254253.1","NACAP10",44.9425095891254,-1.01559560976886,0.316447562553346,-3.20936461502261,0.00133028678447777,0.00505619128288474,"ENSG00000254253","downregulated",FALSE,FALSE,"Neither_bound","Neither_bound_downregulated"
"ENSG00000196368.5","NUDT11",33.2674034233345,-1.0748886175201,0.33493060246976,-3.20928756462958,0.00133064335663215,0.00505698070464098,"ENSG00000196368","downregulated",FALSE,FALSE,"Neither_bound","Neither_bound_downregulated"
"ENSG00000245067.8","IGFBP7-AS1",24.4009042401424,-1.23773047246428,0.385756331105416,-3.20858109811824,0.00133391684065905,0.00506828716370321,"ENSG00000245067","downregulated",FALSE,FALSE,"Neither_bound","Neither_bound_downregulated"
"ENSG00000273305.1","ENSG00000273305.1",16.5535744369535,-1.56632271277363,0.488399812310676,-3.20705019390401,0.00134103595106531,0.0050917786121097,"ENSG00000273305","downregulated",FALSE,FALSE,"Neither_bound","Neither_bound_downregulated"
"ENSG00000224029.1","ENSG00000224029.1",13.3446958579806,-1.93790443522967,0.604620420117595,-3.20515875870147,0.0013498800306383,0.00512320948387952,"ENSG00000224029","downregulated",FALSE,FALSE,"Neither_bound","Neither_bound_downregulated"
"ENSG00000179428.2","IL6-AS1",10.2136612869192,-2.0208531174489,0.630582447452502,-3.2047405150793,0.00135184292817835,0.00512951302327549,"ENSG00000179428","downregulated",FALSE,FALSE,"Neither_bound","Neither_bound_downregulated"
"ENSG00000207508.1","RNU6-1237P",15.3703605134398,-1.55707305776327,0.486034241427185,-3.20362831472759,0.00135707551555276,0.00514821768062277,"ENSG00000207508","downregulated",FALSE,FALSE,"Neither_bound","Neither_bound_downregulated"
"ENSG00000279232.2","ENSG00000279232.2",18.1101892787275,-1.42741365407137,0.445848384339094,-3.20156740320436,0.00136682093537996,0.00517882582632308,"ENSG00000279232","downregulated",FALSE,FALSE,"Neither_bound","Neither_bound_downregulated"
"ENSG00000230077.1","MTAPP2",3.50029619730919,-4.62952780473788,1.44659863473492,-3.20028492601626,0.00137291791750508,0.00520076679177122,"ENSG00000230077","downregulated",FALSE,FALSE,"Neither_bound","Neither_bound_downregulated"
"ENSG00000227695.6","DNMBP-AS1",22.343929336997,-1.34853744043857,0.421540275838271,-3.19907140013344,0.00137871018822653,0.005220379854384,"ENSG00000227695","downregulated",FALSE,FALSE,"Neither_bound","Neither_bound_downregulated"
"ENSG00000274600.2","RIMBP3B",3.51806512435561,-4.62989039249918,1.44852684530215,-3.19627517261057,0.00139214273873853,0.00526654466527122,"ENSG00000274600","downregulated",FALSE,FALSE,"Neither_bound","Neither_bound_downregulated"
"ENSG00000259712.1","ENSG00000259712.1",35.6424666099644,-1.05402905560115,0.329778908876849,-3.19616878832832,0.00139265616391156,0.00526731372628302,"ENSG00000259712","downregulated",FALSE,FALSE,"Neither_bound","Neither_bound_downregulated"
"ENSG00000285608.1","ENSG00000285608.1",10.8589537174124,-1.93011796000672,0.603989920643227,-3.19561286378954,0.00139534197360254,0.00527629702319172,"ENSG00000285608","downregulated",FALSE,FALSE,"Neither_bound","Neither_bound_downregulated"
"ENSG00000290326.1","ENSG00000290326.1",33.092092873563,-1.07026102503013,0.335052721635914,-3.19430631634484,0.00140167304392953,0.00529815679475918,"ENSG00000290326","downregulated",FALSE,FALSE,"Neither_bound","Neither_bound_downregulated"
"ENSG00000278701.1","ENSG00000278701.1",17.1299214835997,-1.44981075374995,0.454010872485374,-3.19333928241256,0.00140637599666963,0.00531328882825869,"ENSG00000278701","downregulated",FALSE,FALSE,"Neither_bound","Neither_bound_downregulated"
"ENSG00000042781.14","USH2A",37.9321145707872,-1.05154933703103,0.32929903273681,-3.19329616091366,0.00140658604687567,0.00531349141906946,"ENSG00000042781","downregulated",FALSE,FALSE,"Neither_bound","Neither_bound_downregulated"
"ENSG00000286833.3","ENSG00000286833.3",22.4000302836094,-1.29233840739545,0.404818720510514,-3.19238795519557,0.00141101675613182,0.00532845104750256,"ENSG00000286833","downregulated",FALSE,FALSE,"Neither_bound","Neither_bound_downregulated"
"ENSG00000250551.1","ENSG00000250551.1",5.96885771325124,-2.94717162854038,0.924544650967043,-3.18770069726512,0.00143408896175904,0.00541136790191415,"ENSG00000250551","downregulated",FALSE,FALSE,"Neither_bound","Neither_bound_downregulated"
"ENSG00000134551.13","PRH2",51.333792748123,-1.05006101698983,0.329451150107249,-3.18730414705791,0.00143605678016465,0.00541769734730891,"ENSG00000134551","downregulated",FALSE,FALSE,"Neither_bound","Neither_bound_downregulated"
"ENSG00000235421.1","ENSG00000235421.1",8.93197575817315,-2.07669062333256,0.65172655749154,-3.18644468214649,0.00144033028656591,0.0054319017624149,"ENSG00000235421","downregulated",FALSE,FALSE,"Neither_bound","Neither_bound_downregulated"
"ENSG00000263909.1","MIR5000",6.22760835987267,-2.81748328276097,0.884311906510932,-3.18607412386586,0.00144217642281871,0.00543803779537179,"ENSG00000263909","downregulated",FALSE,FALSE,"Neither_bound","Neither_bound_downregulated"
"ENSG00000255350.1","MTCO1P15",8.49896277421739,-2.22816766793958,0.700053758965851,-3.18285223013605,0.00145832019446413,0.00549303840824548,"ENSG00000255350","downregulated",FALSE,FALSE,"Neither_bound","Neither_bound_downregulated"
"ENSG00000253431.1","SRPK2P",9.62982261923747,-2.25262355098545,0.708461872615235,-3.1795974322091,0.00147479780350876,0.00554465210731438,"ENSG00000253431","downregulated",FALSE,FALSE,"Neither_bound","Neither_bound_downregulated"
"ENSG00000290012.1","ENSG00000290012.1",20.460297365936,-1.38928341659883,0.436966996232729,-3.17937837085275,0.00147591295344087,0.00554761659870306,"ENSG00000290012","downregulated",FALSE,FALSE,"Neither_bound","Neither_bound_downregulated"
"ENSG00000263501.1","ENSG00000263501.1",24.0272520605497,-1.37646253470085,0.433348819092587,-3.17633849235611,0.0014914681205039,0.0056042244598757,"ENSG00000263501","downregulated",FALSE,FALSE,"Neither_bound","Neither_bound_downregulated"
"ENSG00000258346.1","ENSG00000258346.1",4.90088731478419,-3.19141034486392,1.00487056189998,-3.17594172410592,0.00149350950462999,0.0056111783939328,"ENSG00000258346","downregulated",FALSE,FALSE,"Neither_bound","Neither_bound_downregulated"
"ENSG00000168454.13","TXNDC2",10.7695769167192,-1.94836018592803,0.613561078655172,-3.17549507898793,0.00149581058652097,0.00561681339851253,"ENSG00000168454","downregulated",FALSE,FALSE,"Neither_bound","Neither_bound_downregulated"
"ENSG00000283667.1","LOC105372165",5.4615474820626,-3.2206667307216,1.01440385014728,-3.17493543646743,0.00149869843288936,0.00562579161989013,"ENSG00000283667","downregulated",FALSE,FALSE,"Neither_bound","Neither_bound_downregulated"
"ENSG00000268705.1","BNIP3P26",5.14404689366508,-3.17914527613182,1.00155282968465,-3.17421625889949,0.00150241704767326,0.0056366359924194,"ENSG00000268705","downregulated",FALSE,FALSE,"Neither_bound","Neither_bound_downregulated"
"ENSG00000260664.4","ENSG00000260664.4",8.77167622350555,-2.20509658924995,0.695355897600472,-3.17117694242514,0.00151822634494708,0.00569154756485625,"ENSG00000260664","downregulated",FALSE,FALSE,"Neither_bound","Neither_bound_downregulated"
"ENSG00000273472.2","ENSG00000273472.2",46.1797099202382,-1.00151539959714,0.31604224215761,-3.16892891519762,0.00153001810621427,0.0057317513978389,"ENSG00000273472","downregulated",FALSE,FALSE,"Neither_bound","Neither_bound_downregulated"
"ENSG00000184560.8","SPEM2",2.35150327987231,-4.99456025274841,1.57639543030802,-3.16834225519958,0.00153310921072364,0.00574163767032642,"ENSG00000184560","downregulated",FALSE,FALSE,"Neither_bound","Neither_bound_downregulated"
"ENSG00000230682.1","ENSG00000230682.1",3.51782237828035,-4.70894654138354,1.48724214280995,-3.16622721064548,0.00154430116551647,0.00577718303857526,"ENSG00000230682","downregulated",FALSE,FALSE,"Neither_bound","Neither_bound_downregulated"
"ENSG00000203896.10","LIME1",34.0529296230157,-1.05813829486025,0.334230613987108,-3.16589280149263,0.00154607759592114,0.00578128178976765,"ENSG00000203896","downregulated",FALSE,FALSE,"Neither_bound","Neither_bound_downregulated"
"ENSG00000289198.1","ENSG00000289198.1",10.9199917828354,-1.89464709719593,0.598469353776509,-3.16582141631844,0.00154645704807594,0.00578206417270705,"ENSG00000289198","downregulated",FALSE,FALSE,"Neither_bound","Neither_bound_downregulated"
"ENSG00000285646.2","ENSG00000285646.2",32.2913802200194,-1.08654080542409,0.343747651208107,-3.16086757714684,0.00157299993500692,0.0058787173277935,"ENSG00000285646","downregulated",FALSE,FALSE,"Neither_bound","Neither_bound_downregulated"
"ENSG00000216854.2","RPL17P26",9.41515912108241,-2.03211562543173,0.64419789093761,-3.15448972127811,0.00160779041810487,0.00599752085681817,"ENSG00000216854","downregulated",FALSE,FALSE,"Neither_bound","Neither_bound_downregulated"
"ENSG00000200086.1","RNU6-433P",17.3600315905411,-1.49160311370049,0.472984042075787,-3.15360135017301,0.00161269219067014,0.00601448488501136,"ENSG00000200086","downregulated",FALSE,FALSE,"Neither_bound","Neither_bound_downregulated"
"ENSG00000287892.1","ENSG00000287892.1",14.9282132974307,-1.55913219044269,0.494477590029631,-3.15308968875467,0.00161552162802216,0.00602437574493981,"ENSG00000287892","downregulated",FALSE,FALSE,"Neither_bound","Neither_bound_downregulated"
"ENSG00000272382.1","ENSG00000272382.1",22.6230831520805,-1.44972157233014,0.459812392177517,-3.15285450543155,0.00161682370081908,0.00602856942584219,"ENSG00000272382","downregulated",FALSE,FALSE,"Neither_bound","Neither_bound_downregulated"
"ENSG00000124549.17","ENSG00000124549.17",23.0423678296611,-1.31628424787649,0.417613824520536,-3.15191732310998,0.00162202193164348,0.00604596669318671,"ENSG00000124549","downregulated",FALSE,FALSE,"Neither_bound","Neither_bound_downregulated"
"ENSG00000259498.1","ENSG00000259498.1",6.84964389913549,-2.57235345439471,0.816762009186382,-3.14945287055793,0.00163576490397224,0.00609317493783627,"ENSG00000259498","downregulated",FALSE,FALSE,"Neither_bound","Neither_bound_downregulated"
"ENSG00000254060.1","ENSG00000254060.1",4.44983013161254,-3.61990884358257,1.14970132424673,-3.14856455954269,0.00164074476966248,0.00611038464377755,"ENSG00000254060","downregulated",FALSE,FALSE,"Neither_bound","Neither_bound_downregulated"
"ENSG00000249742.2","ENSG00000249742.2",2.19534717614577,-4.98130606187557,1.58531064545731,-3.14216401444692,0.00167704064166166,0.00623081342646879,"ENSG00000249742","downregulated",FALSE,FALSE,"Neither_bound","Neither_bound_downregulated"
"ENSG00000283122.1","HYMAI",26.9799711461119,-1.26121299051622,0.401752324026554,-3.13927988735882,0.0016936359843853,0.00628119086336935,"ENSG00000283122","downregulated",FALSE,FALSE,"Neither_bound","Neither_bound_downregulated"
"ENSG00000008056.14","SYN1",19.362034938818,-1.34006870261125,0.427124795851242,-3.13741725047956,0.00170443378532114,0.00631709839823114,"ENSG00000008056","downregulated",FALSE,FALSE,"Neither_bound","Neither_bound_downregulated"
"ENSG00000257109.3","OR4F28P",6.83321991393749,-2.40333997484508,0.766443066441395,-3.13570580787405,0.0017144108860064,0.00635061166585229,"ENSG00000257109","downregulated",FALSE,FALSE,"Neither_bound","Neither_bound_downregulated"
"ENSG00000260884.1","PCHILR",34.3044585447381,-1.0748651668649,0.343032195866591,-3.13342356728207,0.00172779911151899,0.00639253678467236,"ENSG00000260884","downregulated",FALSE,FALSE,"Neither_bound","Neither_bound_downregulated"
"ENSG00000286404.1","ENSG00000286404.1",12.3348782209164,-1.77171388087854,0.565477908809616,-3.13312660543745,0.00172954821954332,0.00639831125260808,"ENSG00000286404","downregulated",FALSE,FALSE,"Neither_bound","Neither_bound_downregulated"
"ENSG00000257596.1","SCAT2",3.49069303941834,-4.60635215916504,1.47105783055694,-3.13131956030653,0.00174022687990742,0.00643431225173562,"ENSG00000257596","downregulated",FALSE,FALSE,"Neither_bound","Neither_bound_downregulated"
"ENSG00000286302.1","ENSG00000286302.1",19.1475183647622,-1.49130608456162,0.476354316820931,-3.13066562409726,0.00174410620543475,0.00644584915528318,"ENSG00000286302","downregulated",FALSE,FALSE,"Neither_bound","Neither_bound_downregulated"
"ENSG00000249635.1","LOC101929577",10.0410007847249,-1.91769401782053,0.613055491873851,-3.12809206220297,0.00175945061594211,0.00649478575552287,"ENSG00000249635","downregulated",FALSE,FALSE,"Neither_bound","Neither_bound_downregulated"
"ENSG00000251396.9","ENSG00000251396.9",19.8657751905152,-1.31374240924898,0.420030199565852,-3.12773322157997,0.00176159997200078,0.00650201324013066,"ENSG00000251396","downregulated",FALSE,FALSE,"Neither_bound","Neither_bound_downregulated"
"ENSG00000227769.7","ENSG00000227769.7",12.489602975671,-1.7022752523983,0.544544108868012,-3.12605576789171,0.00177167950917889,0.00653495597434994,"ENSG00000227769","downregulated",FALSE,FALSE,"Neither_bound","Neither_bound_downregulated"
"ENSG00000047648.23","ARHGAP6",31.3342113744833,-1.07010580890964,0.342541298358383,-3.12401983071264,0.00178398432923253,0.0065774861277945,"ENSG00000047648","downregulated",FALSE,FALSE,"Neither_bound","Neither_bound_downregulated"
"ENSG00000259744.1","ENSG00000259744.1",30.4919190499806,-1.16807725338949,0.373982568191083,-3.12334678870024,0.00178806931341509,0.0065911164881263,"ENSG00000259744","downregulated",FALSE,FALSE,"Neither_bound","Neither_bound_downregulated"
"ENSG00000257042.1","ENSG00000257042.1",6.14053902646898,-2.61543357110222,0.839038417040883,-3.11717975957086,0.00182590200325773,0.00671541186454252,"ENSG00000257042","downregulated",FALSE,FALSE,"Neither_bound","Neither_bound_downregulated"
"ENSG00000278948.1","ENSG00000278948.1",14.9266015986699,-1.59144941486579,0.510676602906031,-3.11635466714074,0.00183101909050419,0.00673190350321966,"ENSG00000278948","downregulated",FALSE,FALSE,"Neither_bound","Neither_bound_downregulated"
"ENSG00000252759.1","ENSG00000252759.1",12.2731761720284,-1.7777914882066,0.571004607244489,-3.1134450854709,0.00184916918362151,0.00679201760696965,"ENSG00000252759","downregulated",FALSE,FALSE,"Neither_bound","Neither_bound_downregulated"
"ENSG00000270050.3","ENSG00000270050.3",15.834852515106,-1.63599070028228,0.525530348665977,-3.11302801909563,0.00185178436427208,0.00680015257141558,"ENSG00000270050","downregulated",FALSE,FALSE,"Neither_bound","Neither_bound_downregulated"
"ENSG00000249526.1","ENSG00000249526.1",24.5718387775527,-1.27910661871991,0.411083222829567,-3.11155150024261,0.00186107008794863,0.00683129768180668,"ENSG00000249526","downregulated",FALSE,FALSE,"Neither_bound","Neither_bound_downregulated"
"ENSG00000111404.7","RERGL",3.93325998655109,-4.12393102850095,1.32632626650163,-3.10928851569713,0.00187538488844487,0.00687641125763118,"ENSG00000111404","downregulated",FALSE,FALSE,"Neither_bound","Neither_bound_downregulated"
"ENSG00000240882.1","PTOV1P1",10.8583755796473,-1.82704545400626,0.587820613114305,-3.10816839907413,0.00188250768822702,0.00689880474201051,"ENSG00000240882","downregulated",FALSE,FALSE,"Neither_bound","Neither_bound_downregulated"
"ENSG00000217495.2","ENSG00000217495.2",4.67047061481078,-3.14018980120933,1.01105085144779,-3.10586732280842,0.00189721820693862,0.00694596982682594,"ENSG00000217495","downregulated",FALSE,FALSE,"Neither_bound","Neither_bound_downregulated"
"ENSG00000222000.7","ENSG00000222000.7",5.401423998508,-2.82228273756694,0.909107389551823,-3.10445473219427,0.00190630096116111,0.00697621536831725,"ENSG00000222000","downregulated",FALSE,FALSE,"Neither_bound","Neither_bound_downregulated"
"ENSG00000261758.1","STAG1-DT",13.2562563475389,-1.60986097679554,0.518807400242313,-3.10300311067969,0.00191567626792668,0.00700383462249877,"ENSG00000261758","downregulated",FALSE,FALSE,"Neither_bound","Neither_bound_downregulated"
"ENSG00000259615.1","ENSG00000259615.1",3.95044684966832,-4.00565316128989,1.29103174745247,-3.10267595602824,0.00191779503658895,0.0070092168929259,"ENSG00000259615","downregulated",FALSE,FALSE,"Neither_bound","Neither_bound_downregulated"
"ENSG00000287024.1","ENSG00000287024.1",3.28748609157669,-4.58776338069606,1.47901566198245,-3.10190317697292,0.00192280837360754,0.00702602784366403,"ENSG00000287024","downregulated",FALSE,FALSE,"Neither_bound","Neither_bound_downregulated"
"ENSG00000242163.1","ENSG00000242163.1",6.35944816885025,-2.49297402176696,0.80399690829449,-3.10072588096798,0.00193046911531667,0.00705098654936307,"ENSG00000242163","downregulated",FALSE,FALSE,"Neither_bound","Neither_bound_downregulated"
"ENSG00000287813.1","ENSG00000287813.1",16.2991906237058,-1.55929449793405,0.502971329191358,-3.10016576976858,0.00193412362500604,0.0070635750235679,"ENSG00000287813","downregulated",FALSE,FALSE,"Neither_bound","Neither_bound_downregulated"
"ENSG00000264529.1","DNAJB6P8",17.7274225994072,-1.38836940273385,0.447883915620859,-3.09984206690988,0.00193623855673029,0.0070690188408227,"ENSG00000264529","downregulated",FALSE,FALSE,"Neither_bound","Neither_bound_downregulated"
"ENSG00000237178.2","H3P7",6.99878763548605,-2.39387464944445,0.773165768660995,-3.09619844343378,0.00196019129328652,0.00714571558814729,"ENSG00000237178","downregulated",FALSE,FALSE,"Neither_bound","Neither_bound_downregulated"
"ENSG00000176435.7","CLEC14A",12.8927272589533,-1.72720199690359,0.557946010346302,-3.09564360148676,0.00196386252991709,0.00715833055222917,"ENSG00000176435","downregulated",FALSE,FALSE,"Neither_bound","Neither_bound_downregulated"
"ENSG00000248318.1","LOC101927543",7.07632828681197,-2.41195626976124,0.77953560975668,-3.0940937650226,0.0019741508380725,0.00719197293732803,"ENSG00000248318","downregulated",FALSE,FALSE,"Neither_bound","Neither_bound_downregulated"
"ENSG00000266420.2","RN7SL118P",11.6502600268603,-1.86105235491714,0.60158516952214,-3.09358084142174,0.00197756666981771,0.00720287203949904,"ENSG00000266420","downregulated",FALSE,FALSE,"Neither_bound","Neither_bound_downregulated"
"ENSG00000288071.1","ENSG00000288071.1",4.46701699472977,-3.51520368114522,1.13662929664766,-3.09265623498608,0.00198373782458533,0.00722225149255248,"ENSG00000288071","downregulated",FALSE,FALSE,"Neither_bound","Neither_bound_downregulated"
"ENSG00000285000.1","ENSG00000285000.1",3.13867094700127,-4.55069226404012,1.47303244799329,-3.08933606332945,0.00200604382554881,0.00729798614825342,"ENSG00000285000","downregulated",FALSE,FALSE,"Neither_bound","Neither_bound_downregulated"
"ENSG00000236718.5","RBMY2QP",3.24269895246734,-4.50510270822106,1.45861559979991,-3.08861547129968,0.00201091529839731,0.00731335876402139,"ENSG00000236718","downregulated",FALSE,FALSE,"Neither_bound","Neither_bound_downregulated"
"ENSG00000259024.7","TVP23C-CDRT4",32.486390940301,-1.11956487044225,0.36276392968652,-3.08620780299109,0.00202727088375201,0.00736731971534058,"ENSG00000259024","downregulated",FALSE,FALSE,"Neither_bound","Neither_bound_downregulated"
"ENSG00000225193.5","ENSG00000225193.5",20.2675008496475,-1.35690815979841,0.439697187297737,-3.08600600367178,0.00202864726048045,0.00737087038762369,"ENSG00000225193","downregulated",FALSE,FALSE,"Neither_bound","Neither_bound_downregulated"
"ENSG00000287979.1","ENSG00000287979.1",6.39496734303086,-2.67069477540457,0.86584043402948,-3.0845114993944,0.0020388672800745,0.00740391744382836,"ENSG00000287979","downregulated",FALSE,FALSE,"Neither_bound","Neither_bound_downregulated"
"ENSG00000289130.2","ENSG00000289130.2",30.6989249595913,-1.07002465638464,0.347104420184183,-3.08271688334263,0.00205120199856695,0.00744473015143949,"ENSG00000289130","downregulated",FALSE,FALSE,"Neither_bound","Neither_bound_downregulated"
"ENSG00000260145.1","ENSG00000260145.1",22.814223350752,-1.26456678091493,0.410332278141463,-3.08181161531476,0.00205745001191877,0.00746341969295781,"ENSG00000260145","downregulated",FALSE,FALSE,"Neither_bound","Neither_bound_downregulated"
"ENSG00000213600.3","ENSG00000213600.3",29.5425142535741,-1.27528117721213,0.413906257729061,-3.08108696932752,0.00206246397784906,0.00747921174330917,"ENSG00000213600","downregulated",FALSE,FALSE,"Neither_bound","Neither_bound_downregulated"
"ENSG00000228812.9","LAMA5-AS1",14.1911571496483,-1.66480411897097,0.540402722502503,-3.08067307888749,0.00206533279312207,0.00748721710958064,"ENSG00000228812","downregulated",FALSE,FALSE,"Neither_bound","Neither_bound_downregulated"
"ENSG00000197816.16","CCDC180",42.5079866152279,-1.04800919713224,0.340636017543832,-3.07662473477981,0.00209358687971429,0.00758155214606982,"ENSG00000197816","downregulated",FALSE,FALSE,"Neither_bound","Neither_bound_downregulated"
"ENSG00000228686.2","ENSG00000228686.2",23.9930071821475,-1.22872015062537,0.399821690666732,-3.07317031393766,0.00211797571730533,0.00766088799546668,"ENSG00000228686","downregulated",FALSE,FALSE,"Neither_bound","Neither_bound_downregulated"
"ENSG00000201217.1","ENSG00000201217.1",19.6544069611058,-1.3840244898681,0.450382376519145,-3.07299877176538,0.0021191935995591,0.00766447702191475,"ENSG00000201217","downregulated",FALSE,FALSE,"Neither_bound","Neither_bound_downregulated"
"ENSG00000233817.1","ENSG00000233817.1",19.7342332597835,-1.328358128488,0.432320648224923,-3.07262244804208,0.00212186760072368,0.00767251422837789,"ENSG00000233817","downregulated",FALSE,FALSE,"Neither_bound","Neither_bound_downregulated"
"ENSG00000229267.3","SNHG31",35.1438470683974,-1.02659359777915,0.334307070106584,-3.07081031056821,0.00213478727641058,0.00771676643664092,"ENSG00000229267","downregulated",FALSE,FALSE,"Neither_bound","Neither_bound_downregulated"
"ENSG00000289188.1","ENSG00000289188.1",25.6867551985726,-1.20629525151825,0.393189327174194,-3.06797557346674,0.00215514233437022,0.00778289121984773,"ENSG00000289188","downregulated",FALSE,FALSE,"Neither_bound","Neither_bound_downregulated"
"ENSG00000272383.1","ENSG00000272383.1",19.8640647048713,-1.3870652582277,0.452304822879846,-3.06666033184478,0.00216464683286924,0.00781306169577116,"ENSG00000272383","downregulated",FALSE,FALSE,"Neither_bound","Neither_bound_downregulated"
"ENSG00000273156.2","ENSG00000273156.2",33.9430776543426,-1.02646711182264,0.334916818461307,-3.06484194057048,0.00217785060113949,0.0078584078552355,"ENSG00000273156","downregulated",FALSE,FALSE,"Neither_bound","Neither_bound_downregulated"
"ENSG00000165996.14","HACD1",38.7635608647899,-1.01105807847156,0.329929941945299,-3.0644629357077,0.00218061192562274,0.00786547609938495,"ENSG00000165996","downregulated",FALSE,FALSE,"Neither_bound","Neither_bound_downregulated"
"ENSG00000154102.11","C16orf74",11.1883516271111,-1.73207713508905,0.565218418429829,-3.06443859331538,0.00218078938718816,0.00786547609938495,"ENSG00000154102","downregulated",FALSE,FALSE,"Neither_bound","Neither_bound_downregulated"
"ENSG00000229007.1","ENSG00000229007.1",4.25975246164694,-3.95229899785912,1.28993641974967,-3.06394868564616,0.00218436374077285,0.00787669506863822,"ENSG00000229007","downregulated",FALSE,FALSE,"Neither_bound","Neither_bound_downregulated"
"ENSG00000226128.1","RPL26P9",15.6662755230601,-1.51596738229624,0.495309872079854,-3.06064439202583,0.00220861237781992,0.00795737645839915,"ENSG00000226128","downregulated",FALSE,FALSE,"Neither_bound","Neither_bound_downregulated"
"ENSG00000199407.1","RNA5SP301",3.08654284874081,-4.49781462476794,1.46991978071736,-3.05990482186238,0.0022140734091504,0.00797536008080816,"ENSG00000199407","downregulated",FALSE,FALSE,"Neither_bound","Neither_bound_downregulated"
"ENSG00000229676.3","ZNF492",22.3672460578635,-1.29633719815907,0.423726415827787,-3.05937309956605,0.00221800732297549,0.00798783638113142,"ENSG00000229676","downregulated",FALSE,FALSE,"Neither_bound","Neither_bound_downregulated"
"ENSG00000241030.1","ENSG00000241030.1",3.92768108174629,-3.89914745825801,1.27465474146141,-3.05898321437818,0.00222089593323655,0.00799739139830161,"ENSG00000241030","downregulated",FALSE,FALSE,"Neither_bound","Neither_bound_downregulated"
"ENSG00000258943.1","ENSG00000258943.1",3.90089106073821,-4.07863638186122,1.33407519170395,-3.05727623692019,0.00223358334711654,0.00804052131569042,"ENSG00000258943","downregulated",FALSE,FALSE,"Neither_bound","Neither_bound_downregulated"
"ENSG00000145428.15","RNF175",7.54559612689681,-2.33055756230697,0.762363013301259,-3.0570181418101,0.00223550745488338,0.00804659502251547,"ENSG00000145428","downregulated",FALSE,FALSE,"Neither_bound","Neither_bound_downregulated"
"ENSG00000149201.10","CCDC81",32.8466937020187,-1.05069981150009,0.343915610272174,-3.05510939346012,0.00224978445743453,0.00809112529911447,"ENSG00000149201","downregulated",FALSE,FALSE,"Neither_bound","Neither_bound_downregulated"
"ENSG00000186462.9","NAP1L2",10.2639895110905,-1.81281885283721,0.593518458440691,-3.05435968680721,0.00225541490698283,0.00810794089960767,"ENSG00000186462","downregulated",FALSE,FALSE,"Neither_bound","Neither_bound_downregulated"
"ENSG00000217896.2","ZNF839P1",10.4299689127068,-1.88530676669344,0.617415952381678,-3.05354398346995,0.0022615556681564,0.00812571640955539,"ENSG00000217896","downregulated",FALSE,FALSE,"Neither_bound","Neither_bound_downregulated"
"ENSG00000234577.1","ENSG00000234577.1",6.02127775230082,-2.57756316916166,0.844140239255947,-3.0534774309937,0.00226205736240184,0.00812603714611855,"ENSG00000234577","downregulated",FALSE,FALSE,"Neither_bound","Neither_bound_downregulated"
"ENSG00000248388.5","ENSG00000248388.5",3.78686937352092,-4.00842081371396,1.31295290609352,-3.05298140939447,0.00226579974796468,0.00813580188571505,"ENSG00000248388","downregulated",FALSE,FALSE,"Neither_bound","Neither_bound_downregulated"
"ENSG00000285745.1","ENSG00000285745.1",2.2572407651026,-4.9479937481989,1.62091131680524,-3.05259991518303,0.0022686819049336,0.00814528981574723,"ENSG00000285745","downregulated",FALSE,FALSE,"Neither_bound","Neither_bound_downregulated"
"ENSG00000272483.1","ENSG00000272483.1",24.0266430105276,-1.28907319772568,0.422497827879072,-3.05107650895343,0.00228022462870753,0.00817636125703974,"ENSG00000272483","downregulated",FALSE,FALSE,"Neither_bound","Neither_bound_downregulated"
"ENSG00000286315.1","LOC124901628",17.3446300515769,-1.42998566584107,0.468850340816416,-3.04998320647697,0.00228854162397754,0.00820272046884765,"ENSG00000286315","downregulated",FALSE,FALSE,"Neither_bound","Neither_bound_downregulated"
"ENSG00000256019.1","TAS2R63P",10.9299381847443,-1.92211450202999,0.632196966790058,-3.04037286320656,0.0023628542651187,0.00844057563124957,"ENSG00000256019","downregulated",FALSE,FALSE,"Neither_bound","Neither_bound_downregulated"
"ENSG00000285964.1","LOC107986821",12.4096589490072,-1.70807382908889,0.56186935662053,-3.03998395527818,0.00236590752229335,0.00844970525888557,"ENSG00000285964","downregulated",FALSE,FALSE,"Neither_bound","Neither_bound_downregulated"
"ENSG00000249373.2","ENSG00000249373.2",7.67703085699361,-2.17565624587399,0.71663476652324,-3.03593454784396,0.00239791411487075,0.00855412168178213,"ENSG00000249373","downregulated",FALSE,FALSE,"Neither_bound","Neither_bound_downregulated"
"ENSG00000286656.2","ENSG00000286656.2",12.498239483229,-1.67889213840748,0.553082951368609,-3.03551598228267,0.00240124496744764,0.00856330593745526,"ENSG00000286656","downregulated",FALSE,FALSE,"Neither_bound","Neither_bound_downregulated"
"ENSG00000289869.1","ENSG00000289869.1",2.06137477641207,-4.87446572081484,1.60770980927452,-3.03193131788779,0.00242994486582706,0.00865656708992275,"ENSG00000289869","downregulated",FALSE,FALSE,"Neither_bound","Neither_bound_downregulated"
"ENSG00000065325.13","GLP2R",4.70300187342917,-3.12684548546166,1.03204200281877,-3.02976572360568,0.00244743503509715,0.00871339202098103,"ENSG00000065325","downregulated",FALSE,FALSE,"Neither_bound","Neither_bound_downregulated"
"ENSG00000287142.1","ENSG00000287142.1",7.45219306182501,-2.24755650973031,0.741900681063292,-3.02945740191142,0.00244993450649571,0.00872046267595581,"ENSG00000287142","downregulated",FALSE,FALSE,"Neither_bound","Neither_bound_downregulated"
"ENSG00000289875.1","ENSG00000289875.1",35.0022944809959,-1.04940735639045,0.346459199367771,-3.02894932016654,0.00245405846945257,0.00873331148144211,"ENSG00000289875","downregulated",FALSE,FALSE,"Neither_bound","Neither_bound_downregulated"
"ENSG00000287369.1","ENSG00000287369.1",20.0366670371762,-1.34819389139117,0.445123951446983,-3.02880554283485,0.00245522662400971,0.00873563820722339,"ENSG00000287369","downregulated",FALSE,FALSE,"Neither_bound","Neither_bound_downregulated"
"ENSG00000206698.1","RNU1-73P",5.00066680227347,-2.88461312017601,0.952662318156457,-3.02794921684124,0.00246219460322699,0.00875727848014544,"ENSG00000206698","downregulated",FALSE,FALSE,"Neither_bound","Neither_bound_downregulated"
"ENSG00000255506.1","ENSG00000255506.1",8.08164997350869,-2.10710128882467,0.696224737658584,-3.02646713748048,0.00247429715202413,0.00879704057567048,"ENSG00000255506","downregulated",FALSE,FALSE,"Neither_bound","Neither_bound_downregulated"
"ENSG00000269896.2","ENSG00000269896.2",20.3485822168044,-1.41330231223071,0.467508531220382,-3.02305138377139,0.00250239749466008,0.00888764513787262,"ENSG00000269896","downregulated",FALSE,FALSE,"Neither_bound","Neither_bound_downregulated"
"ENSG00000147434.9","CHRNA6",9.14831651738817,-1.90824355014276,0.631646750341171,-3.02106129590955,0.00251890362416813,0.00894252908713869,"ENSG00000147434","downregulated",FALSE,FALSE,"Neither_bound","Neither_bound_downregulated"
"ENSG00000242493.3","RN7SL37P",7.08833482004067,-2.2812016874098,0.755662273769319,-3.01881113639687,0.00253768675879346,0.009004506823639,"ENSG00000242493","downregulated",FALSE,FALSE,"Neither_bound","Neither_bound_downregulated"
"ENSG00000226599.1","ENSG00000226599.1",11.0307396534647,-1.91112114915964,0.633093593877141,-3.01870239667994,0.00253859769678728,0.00900679826242641,"ENSG00000226599","downregulated",FALSE,FALSE,"Neither_bound","Neither_bound_downregulated"
"ENSG00000263445.1","MIR4450",3.94026162784827,-3.89401205931685,1.29049497732904,-3.01745619140367,0.00254905882480078,0.00904013678856055,"ENSG00000263445","downregulated",FALSE,FALSE,"Neither_bound","Neither_bound_downregulated"
"ENSG00000188365.3","ENSG00000188365.3",28.0661615087735,-1.10214513103261,0.365882378544722,-3.01229355569496,0.00259281728209487,0.00917903256260538,"ENSG00000188365","downregulated",FALSE,FALSE,"Neither_bound","Neither_bound_downregulated"
"ENSG00000231992.1","ENSG00000231992.1",10.0004063676915,-1.96446025071248,0.65247400449524,-3.01078700021498,0.00260571568080383,0.00922085115590628,"ENSG00000231992","downregulated",FALSE,FALSE,"Neither_bound","Neither_bound_downregulated"
"ENSG00000180251.5","SLC9A4",16.7589895037778,-1.42839343130765,0.474467459345119,-3.01051927413354,0.00260801395131612,0.00922610059344992,"ENSG00000180251","downregulated",FALSE,FALSE,"Neither_bound","Neither_bound_downregulated"
"ENSG00000230569.1","ENSG00000230569.1",15.8968033498326,-1.54119900460339,0.511986359633299,-3.01023450255052,0.00261046058131132,0.00923379412954107,"ENSG00000230569","downregulated",FALSE,FALSE,"Neither_bound","Neither_bound_downregulated"
"ENSG00000253307.1","ENSG00000253307.1",9.2499241162008,-1.97504397616415,0.656293927768104,-3.00938937966529,0.00261773385848105,0.00925662957577394,"ENSG00000253307","downregulated",FALSE,FALSE,"Neither_bound","Neither_bound_downregulated"
"ENSG00000229298.1","TUBB8P1",27.2341867150847,-1.10529988211858,0.36738314762973,-3.00857535042016,0.0026247570498535,0.00927435812955698,"ENSG00000229298","downregulated",FALSE,FALSE,"Neither_bound","Neither_bound_downregulated"
"ENSG00000177234.7","LINC01561",8.33722776568605,-2.11317170687994,0.702387561923977,-3.00855513598725,0.00262493167267902,0.00927435812955698,"ENSG00000177234","downregulated",FALSE,FALSE,"Neither_bound","Neither_bound_downregulated"
"ENSG00000250659.2","ENSG00000250659.2",24.0861575352166,-1.28794391454675,0.428365535654264,-3.00664691098365,0.00264146381790737,0.00932500966188707,"ENSG00000250659","downregulated",FALSE,FALSE,"Neither_bound","Neither_bound_downregulated"
"ENSG00000255965.1","ENSG00000255965.1",15.2196575354761,-1.49181994827384,0.496711094522471,-3.00339566545831,0.00266985075714266,0.00941445972372283,"ENSG00000255965","downregulated",FALSE,FALSE,"Neither_bound","Neither_bound_downregulated"
"ENSG00000234361.1","ENSG00000234361.1",17.3716527512275,-1.54336735730362,0.514048703326526,-3.00237574244646,0.00267881308630355,0.00944458907496526,"ENSG00000234361","downregulated",FALSE,FALSE,"Neither_bound","Neither_bound_downregulated"
"ENSG00000268058.1","BNIP3P40",27.4886089918832,-1.14707471196827,0.382057679580467,-3.00236004476566,0.0026789512404996,0.00944458907496526,"ENSG00000268058","downregulated",FALSE,FALSE,"Neither_bound","Neither_bound_downregulated"
"ENSG00000226761.3","TAS2R46",16.789540074317,-1.42436613551556,0.474613510899014,-3.00110743332512,0.0026899963997431,0.00948156041366336,"ENSG00000226761","downregulated",FALSE,FALSE,"Neither_bound","Neither_bound_downregulated"
"ENSG00000259815.1","ENSG00000259815.1",1.95234993007039,-4.88513851766853,1.62864684726198,-2.99950755185584,0.00270416419996173,0.00952853211040456,"ENSG00000259815","downregulated",FALSE,FALSE,"Neither_bound","Neither_bound_downregulated"
"ENSG00000267582.1","ENSG00000267582.1",23.4072479562556,-1.21724033181971,0.406222565922772,-2.99648624653491,0.00273110557537087,0.00961149960466202,"ENSG00000267582","downregulated",FALSE,FALSE,"Neither_bound","Neither_bound_downregulated"
"ENSG00000251073.1","NUDT19P5",3.96021234036468,-3.89141333192145,1.29893666121883,-2.99584533111107,0.00273685213626759,0.00962873054010744,"ENSG00000251073","downregulated",FALSE,FALSE,"Neither_bound","Neither_bound_downregulated"
"ENSG00000250999.2","ENSG00000250999.2",36.5530510150182,-1.09385113242571,0.365187028437548,-2.99531759686467,0.00274159218502474,0.00964141250035412,"ENSG00000250999","downregulated",FALSE,FALSE,"Neither_bound","Neither_bound_downregulated"
"ENSG00000239149.1","SNORA59B",14.7618334060266,-1.56688619558862,0.523162377999718,-2.9950284299485,0.00274419262869013,0.00964855969478794,"ENSG00000239149","downregulated",FALSE,FALSE,"Neither_bound","Neither_bound_downregulated"
"ENSG00000279482.1","ENSG00000279482.1",44.303726215602,-1.07717661426594,0.359854134237052,-2.99337012356332,0.00275914914406931,0.00969512549143959,"ENSG00000279482","downregulated",FALSE,FALSE,"Neither_bound","Neither_bound_downregulated"
"ENSG00000273584.1","ENSG00000273584.1",16.3848104947332,-1.45008642940696,0.484761332722685,-2.99134095795653,0.00277755178397109,0.00975575214537585,"ENSG00000273584","downregulated",FALSE,FALSE,"Neither_bound","Neither_bound_downregulated"
"ENSG00000261453.2","ENSG00000261453.2",7.53875480711259,-2.17560400796694,0.728841506186118,-2.98501661815536,0.00283562918119869,0.0099443167486018,"ENSG00000261453","downregulated",FALSE,FALSE,"Neither_bound","Neither_bound_downregulated"
"ENSG00000252750.1","RNU7-70P",9.47125366523551,-1.83597950215916,0.615459090028675,-2.98310567169237,0.00285339459141421,0.0100004238011925,"ENSG00000252750","downregulated",FALSE,FALSE,"Neither_bound","Neither_bound_downregulated"
"ENSG00000291180.1","LOC100240735",6.7908900311953,-2.57630083036342,0.864833074034851,-2.97895733605998,0.00289231047045983,0.0101253222777058,"ENSG00000291180","downregulated",FALSE,FALSE,"Neither_bound","Neither_bound_downregulated"
"ENSG00000279964.1","ENSG00000279964.1",8.19177701562353,-2.01706119073387,0.677187570267314,-2.97858566709613,0.00289582066843597,0.0101344772785322,"ENSG00000279964","downregulated",FALSE,FALSE,"Neither_bound","Neither_bound_downregulated"
"ENSG00000240695.1","ENSG00000240695.1",37.9510983266719,-1.03086288447535,0.346422577275069,-2.97573816517396,0.00292284295994729,0.0102227275188931,"ENSG00000240695","downregulated",FALSE,FALSE,"Neither_bound","Neither_bound_downregulated"
"ENSG00000223974.1","BNIP3P42",36.0041140577431,-1.06685581245559,0.358613458111005,-2.97494638956175,0.00293039755543892,0.0102470397532581,"ENSG00000223974","downregulated",FALSE,FALSE,"Neither_bound","Neither_bound_downregulated"
"ENSG00000222220.1","RN7SKP129",5.48125937466786,-2.95627151440368,0.994570183980559,-2.97241116013736,0.00295470706063909,0.0103235434515314,"ENSG00000222220","downregulated",FALSE,FALSE,"Neither_bound","Neither_bound_downregulated"
"ENSG00000274441.1","ENSG00000274441.1",21.2712720095173,-1.25631513217796,0.42281410832916,-2.97131790881473,0.00296524657042182,0.0103550422025381,"ENSG00000274441","downregulated",FALSE,FALSE,"Neither_bound","Neither_bound_downregulated"
"ENSG00000239498.1","ENSG00000239498.1",4.29032811455763,-3.37129273811356,1.13477837108741,-2.97088208941011,0.00296945765003451,0.0103665506121657,"ENSG00000239498","downregulated",FALSE,FALSE,"Neither_bound","Neither_bound_downregulated"
"ENSG00000216867.2","ENSG00000216867.2",6.30864633252598,-2.39952358197029,0.808095180292295,-2.96935762084654,0.00298423070001011,0.0104149130194126,"ENSG00000216867","downregulated",FALSE,FALSE,"Neither_bound","Neither_bound_downregulated"
"ENSG00000255097.1","ENSG00000255097.1",20.1828926987751,-1.32631410504528,0.446834560311628,-2.96824422918471,0.00299506249480408,0.0104473488214731,"ENSG00000255097","downregulated",FALSE,FALSE,"Neither_bound","Neither_bound_downregulated"
"ENSG00000287094.1","LOC124901407",11.451959444276,-1.71384844896494,0.577764600063329,-2.96634381680201,0.00301363382673231,0.0105067344582206,"ENSG00000287094","downregulated",FALSE,FALSE,"Neither_bound","Neither_bound_downregulated"
"ENSG00000189367.15","KIAA0408",12.7757004261305,-1.60888416887151,0.542447500257793,-2.96597213206237,0.00301727828652153,0.0105183609232926,"ENSG00000189367","downregulated",FALSE,FALSE,"Neither_bound","Neither_bound_downregulated"
"ENSG00000270882.3","H4C14",10.2840474242419,-1.86318977780866,0.628237534633456,-2.96574094207175,0.0030195471885082,0.01052115213271,"ENSG00000270882","downregulated",FALSE,FALSE,"Neither_bound","Neither_bound_downregulated"
"ENSG00000278206.1","ENSG00000278206.1",20.6789032800257,-1.28445245967078,0.433090668062401,-2.96578188908405,0.00301914522054669,0.01052115213271,"ENSG00000278206","downregulated",FALSE,FALSE,"Neither_bound","Neither_bound_downregulated"
"ENSG00000197410.14","DCHS2",8.76232577761742,-1.92881022082287,0.650832953765285,-2.96360257983874,0.00304060699481891,0.0105844782127494,"ENSG00000197410","downregulated",FALSE,FALSE,"Neither_bound","Neither_bound_downregulated"
"ENSG00000267246.1","ENSG00000267246.1",7.54794024517232,-2.27789640312944,0.769490233180507,-2.96026681679154,0.00307372709666687,0.0106855349523672,"ENSG00000267246","downregulated",FALSE,FALSE,"Neither_bound","Neither_bound_downregulated"
"ENSG00000284095.1","ENSG00000284095.1",6.86677084146005,-2.50451618643749,0.846054898378117,-2.96022892987043,0.00307410515033102,0.0106857556023786,"ENSG00000284095","downregulated",FALSE,FALSE,"Neither_bound","Neither_bound_downregulated"
"ENSG00000267857.2","ENSG00000267857.2",18.471154063129,-1.46924074746299,0.496573602445516,-2.95875725215215,0.00308882310277829,0.0107314250951389,"ENSG00000267857","downregulated",FALSE,FALSE,"Neither_bound","Neither_bound_downregulated"
"ENSG00000237551.1","RPL21P74",9.45411800812471,-1.85260707062434,0.626809704279727,-2.95561325546673,0.00312048106297041,0.0108358720861765,"ENSG00000237551","downregulated",FALSE,FALSE,"Neither_bound","Neither_bound_downregulated"
"ENSG00000289834.1","ENSG00000289834.1",1.90521867268553,-4.85578349107411,1.64366670249802,-2.95423852274575,0.00313441643499333,0.0108820377620455,"ENSG00000289834","downregulated",FALSE,FALSE,"Neither_bound","Neither_bound_downregulated"
"ENSG00000269895.1","ENSG00000269895.1",32.1356523175655,-1.14962109765828,0.389161790807399,-2.95409550684087,0.00313586940991573,0.010885969557079,"ENSG00000269895","downregulated",FALSE,FALSE,"Neither_bound","Neither_bound_downregulated"
"ENSG00000266215.1","MIR3167",5.08548849195784,-2.88416720147488,0.977005454073926,-2.95204820960667,0.00315673641225177,0.0109517091364591,"ENSG00000266215","downregulated",FALSE,FALSE,"Neither_bound","Neither_bound_downregulated"
"ENSG00000278709.2","NKILA",23.2069151221542,-1.18961442673142,0.403005415784693,-2.95185717148519,0.0031586900034374,0.0109551135426548,"ENSG00000278709","downregulated",FALSE,FALSE,"Neither_bound","Neither_bound_downregulated"
"ENSG00000279509.1","ENSG00000279509.1",14.3543266731644,-1.51313118664803,0.512779569943474,-2.95084140504044,0.00316909593923055,0.010988959867679,"ENSG00000279509","downregulated",FALSE,FALSE,"Neither_bound","Neither_bound_downregulated"
"ENSG00000249609.1","ENSG00000249609.1",29.841408469856,-1.09710680890666,0.371884679938838,-2.95012639156606,0.00317643956417395,0.0110132998995469,"ENSG00000249609","downregulated",FALSE,FALSE,"Neither_bound","Neither_bound_downregulated"
"ENSG00000287570.1","ENSG00000287570.1",5.1384760399162,-2.78552132066871,0.94461709009735,-2.9488364649232,0.0031897271401713,0.0110559848466672,"ENSG00000287570","downregulated",FALSE,FALSE,"Neither_bound","Neither_bound_downregulated"
"ENSG00000134297.8","ENSG00000134297.8",18.3580597002357,-1.32525134719547,0.449428705132738,-2.94874655770831,0.00319065516309352,0.0110580731129436,"ENSG00000134297","downregulated",FALSE,FALSE,"Neither_bound","Neither_bound_downregulated"
"ENSG00000238829.1","RNU7-45P",10.8708449989502,-1.81266257046887,0.614802478625551,-2.94836574914475,0.00319458860084683,0.0110694466585295,"ENSG00000238829","downregulated",FALSE,FALSE,"Neither_bound","Neither_bound_downregulated"
"ENSG00000252135.1","RNU1-155P",4.35211057671536,-3.39775655597526,1.15248670301495,-2.9481958855461,0.00319634457630961,0.0110744015267325,"ENSG00000252135","downregulated",FALSE,FALSE,"Neither_bound","Neither_bound_downregulated"
"ENSG00000178750.3","STX19",29.0625790693433,-1.05398973540267,0.357759506616815,-2.94608449505597,0.00321824474706395,0.0111468683153123,"ENSG00000178750","downregulated",FALSE,FALSE,"Neither_bound","Neither_bound_downregulated"
"ENSG00000250893.1","ENSG00000250893.1",4.20469818118178,-3.79011047919974,1.28885913099422,-2.94067085227232,0.00327502334333619,0.0113182996697306,"ENSG00000250893","downregulated",FALSE,FALSE,"Neither_bound","Neither_bound_downregulated"
"ENSG00000286492.1","ENSG00000286492.1",3.66255133768449,-3.89099238754314,1.32361906609439,-2.93966178579182,0.00328570684750694,0.0113492871869143,"ENSG00000286492","downregulated",FALSE,FALSE,"Neither_bound","Neither_bound_downregulated"
"ENSG00000225533.1","PAWRP1",5.54602133863598,-2.64970897633817,0.901525701164634,-2.93913858796832,0.00329125869994861,0.0113638417889667,"ENSG00000225533","downregulated",FALSE,FALSE,"Neither_bound","Neither_bound_downregulated"
"ENSG00000265683.1","SYPL1P2",15.9362369014414,-1.41247722285894,0.480805602397609,-2.93773037546862,0.00330624426075978,0.0114074662315376,"ENSG00000265683","downregulated",FALSE,FALSE,"Neither_bound","Neither_bound_downregulated"
"ENSG00000101342.10","TLDC2",35.8285379006952,-1.05744643199503,0.360194007926435,-2.93576908200818,0.00332721902155769,0.0114668919169437,"ENSG00000101342","downregulated",FALSE,FALSE,"Neither_bound","Neither_bound_downregulated"
"ENSG00000169896.18","ITGAM",19.6436944448311,-1.25066300333845,0.42610116323283,-2.93513163364697,0.00333406216809825,0.0114859456111523,"ENSG00000169896","downregulated",FALSE,FALSE,"Neither_bound","Neither_bound_downregulated"
"ENSG00000231563.3","ENSG00000231563.3",37.3175076836997,-1.10402754308024,0.376736732193463,-2.93050145827907,0.00338415405285798,0.0116514235624853,"ENSG00000231563","downregulated",FALSE,FALSE,"Neither_bound","Neither_bound_downregulated"
"ENSG00000285876.1","LOC105373436",2.97475415299994,-4.34863101159129,1.48559316003462,-2.92720182656869,0.00342026847358976,0.0117602671840163,"ENSG00000285876","downregulated",FALSE,FALSE,"Neither_bound","Neither_bound_downregulated"
"ENSG00000261468.1","ENSG00000261468.1",21.348343536278,-1.25009737251212,0.427561011742449,-2.92378710448263,0.00345801165271898,0.0118768189908552,"ENSG00000261468","downregulated",FALSE,FALSE,"Neither_bound","Neither_bound_downregulated"
"ENSG00000259547.1","CYCSP2",23.8962716040475,-1.30771539294664,0.447371509045528,-2.92310834844324,0.00346555900836661,0.0118991315471745,"ENSG00000259547","downregulated",FALSE,FALSE,"Neither_bound","Neither_bound_downregulated"
"ENSG00000260823.1","ENSG00000260823.1",11.9844251365108,-1.70399153008815,0.583541754281083,-2.92008501120446,0.00349935913279577,0.0120054773278262,"ENSG00000260823","downregulated",FALSE,FALSE,"Neither_bound","Neither_bound_downregulated"
"ENSG00000239280.1","ENSG00000239280.1",28.3175558810721,-1.056103936152,0.361683040421685,-2.91997085326615,0.0035006412464421,0.0120074504553312,"ENSG00000239280","downregulated",FALSE,FALSE,"Neither_bound","Neither_bound_downregulated"
"ENSG00000117069.15","ST6GALNAC5",17.5391939982447,-1.35107307676649,0.462882257373905,-2.91882666756683,0.00351351528771973,0.0120406503186942,"ENSG00000117069","downregulated",FALSE,FALSE,"Neither_bound","Neither_bound_downregulated"
"ENSG00000231884.1","ENSG00000231884.1",3.87778597496225,-3.75106673596641,1.28571758786664,-2.91748885709066,0.00352862256290957,0.0120826866146081,"ENSG00000231884","downregulated",FALSE,FALSE,"Neither_bound","Neither_bound_downregulated"
"ENSG00000162814.11","SPATA17",17.9803043153063,-1.34782195422421,0.462120308301496,-2.91660403148711,0.00353864693644193,0.0121145695562447,"ENSG00000162814","downregulated",FALSE,FALSE,"Neither_bound","Neither_bound_downregulated"
"ENSG00000265110.1","MIR4731",3.795941673489,-3.78362911531329,1.29756088773954,-2.91595496678748,0.00354601679211913,0.0121361308206249,"ENSG00000265110","downregulated",FALSE,FALSE,"Neither_bound","Neither_bound_downregulated"
"ENSG00000270839.1","ENSG00000270839.1",7.7755991355099,-2.01014373184031,0.689430519896513,-2.91565817559403,0.00354939138110109,0.0121464564208384,"ENSG00000270839","downregulated",FALSE,FALSE,"Neither_bound","Neither_bound_downregulated"
"ENSG00000203923.5","SPANXN1",2.88775067784558,-4.40962820580434,1.51252838811203,-2.91540194581639,0.00355230712653688,0.0121552098795411,"ENSG00000203923","downregulated",FALSE,FALSE,"Neither_bound","Neither_bound_downregulated"
"ENSG00000228280.1","ENSG00000228280.1",9.41027073198302,-1.78899222098425,0.613738675871583,-2.91490872470057,0.00355792583031762,0.0121695322328294,"ENSG00000228280","downregulated",FALSE,FALSE,"Neither_bound","Neither_bound_downregulated"
"ENSG00000223646.2","LOC101928012",34.5970117437118,-1.05473309871695,0.361861150475788,-2.91474533071634,0.00355978897308259,0.0121722278878266,"ENSG00000223646","downregulated",FALSE,FALSE,"Neither_bound","Neither_bound_downregulated"
"ENSG00000224415.1","ENSG00000224415.1",28.7197384888219,-1.0472525921666,0.359368153711739,-2.91414968563586,0.00356658849025994,0.0121917960991395,"ENSG00000224415","downregulated",FALSE,FALSE,"Neither_bound","Neither_bound_downregulated"
"ENSG00000271219.1","ENSG00000271219.1",4.27424344721356,-3.13578174022555,1.07653764608962,-2.91283983576037,0.00358158250543483,0.0122381243883523,"ENSG00000271219","downregulated",FALSE,FALSE,"Neither_bound","Neither_bound_downregulated"
"ENSG00000224731.1","ENSG00000224731.1",11.7758876610974,-1.61451329409173,0.554319845326288,-2.91260236793685,0.0035843069612048,0.0122425076780497,"ENSG00000224731","downregulated",FALSE,FALSE,"Neither_bound","Neither_bound_downregulated"
"ENSG00000253125.1","ENSG00000253125.1",4.83225481805598,-2.77891078365316,0.954701130290337,-2.91076515517276,0.00360544900036099,0.0123097689862561,"ENSG00000253125","downregulated",FALSE,FALSE,"Neither_bound","Neither_bound_downregulated"
"ENSG00000199512.1","RNU6-212P",18.8913661622562,-1.35681524507644,0.466143339144309,-2.91072537380267,0.00360590804324915,0.0123100989359887,"ENSG00000199512","downregulated",FALSE,FALSE,"Neither_bound","Neither_bound_downregulated"
"ENSG00000217512.1","LOC100419073",20.0130644820297,-1.29473610541136,0.444998454450725,-2.90952944321906,0.00361973290044489,0.0123510886149987,"ENSG00000217512","downregulated",FALSE,FALSE,"Neither_bound","Neither_bound_downregulated"
"ENSG00000241665.3","RN7SL418P",15.5060350467272,-1.48354360103371,0.509942582266894,-2.90923655451322,0.00362312600958081,0.0123614246980154,"ENSG00000241665","downregulated",FALSE,FALSE,"Neither_bound","Neither_bound_downregulated"
"ENSG00000230019.1","ENSG00000230019.1",1.86550878772154,-4.80185115466692,1.65078111082803,-2.9088357766938,0.0036277736990063,0.0123735532691883,"ENSG00000230019","downregulated",FALSE,FALSE,"Neither_bound","Neither_bound_downregulated"
"ENSG00000233037.2","ENSG00000233037.2",1.86550878772154,-4.80185115466692,1.65078111082803,-2.9088357766938,0.0036277736990063,0.0123735532691883,"ENSG00000233037","downregulated",FALSE,FALSE,"Neither_bound","Neither_bound_downregulated"
"ENSG00000285612.1","ENSG00000285612.1",9.98677694542204,-1.91660390832684,0.659147600340736,-2.90770065359576,0.00364096679184186,0.0124088437355403,"ENSG00000285612","downregulated",FALSE,FALSE,"Neither_bound","Neither_bound_downregulated"
"ENSG00000236841.8","LOC101929532",6.58613648269083,-2.2216262957804,0.764404645203847,-2.90634850235368,0.00365673925185873,0.0124585876536748,"ENSG00000236841","downregulated",FALSE,FALSE,"Neither_bound","Neither_bound_downregulated"
"ENSG00000214354.3","ENSG00000214354.3",4.69144310983061,-2.86516915101808,0.986705791314806,-2.90377250872338,0.00368695952660539,0.0125502195810935,"ENSG00000214354","downregulated",FALSE,FALSE,"Neither_bound","Neither_bound_downregulated"
"ENSG00000237972.1","TUBG1P",21.8460112835669,-1.19089744352865,0.410169302806937,-2.90342898744229,0.00369100666108664,0.0125584498585171,"ENSG00000237972","downregulated",FALSE,FALSE,"Neither_bound","Neither_bound_downregulated"
"ENSG00000287759.1","ENSG00000287759.1",7.1821776036867,-2.16670678885593,0.746262671451089,-2.90341038316016,0.00369122595935689,0.0125584498585171,"ENSG00000287759","downregulated",FALSE,FALSE,"Neither_bound","Neither_bound_downregulated"
"ENSG00000256802.3","LCIIAR",33.0242592420097,-1.01285902318253,0.349070267871614,-2.90159064350635,0.00371273350382994,0.0126227736621054,"ENSG00000256802","downregulated",FALSE,FALSE,"Neither_bound","Neither_bound_downregulated"
"ENSG00000223620.3","ENSG00000223620.3",3.56828882291479,-3.85935520001098,1.33027713098567,-2.9011663134819,0.0037177650215755,0.0126348216361057,"ENSG00000223620","downregulated",FALSE,FALSE,"Neither_bound","Neither_bound_downregulated"
"ENSG00000255445.1","ENSG00000255445.1",14.0224941131749,-1.50021055952286,0.517258976865935,-2.90030840762323,0.00372795662949763,0.0126618568933882,"ENSG00000255445","downregulated",FALSE,FALSE,"Neither_bound","Neither_bound_downregulated"
"ENSG00000286528.1","ENSG00000286528.1",3.99473384438423,-3.90153452333762,1.34614712127872,-2.89829726756131,0.00375194786217937,0.0127338905171571,"ENSG00000286528","downregulated",FALSE,FALSE,"Neither_bound","Neither_bound_downregulated"
"ENSG00000232542.1","ENSG00000232542.1",16.108596850367,-1.43356621820995,0.494869407513916,-2.89685762838278,0.00376920765260282,0.0127866219458317,"ENSG00000232542","downregulated",FALSE,FALSE,"Neither_bound","Neither_bound_downregulated"
"ENSG00000280443.1","ENSG00000280443.1",1.96711226164236,-4.8183980885827,1.66352510964358,-2.89649856239025,0.00377352371233803,0.0127999853665566,"ENSG00000280443","downregulated",FALSE,FALSE,"Neither_bound","Neither_bound_downregulated"
"ENSG00000257839.1","ENSG00000257839.1",25.5999035288727,-1.15487137095074,0.39874381970409,-2.89627403330733,0.00377622488801393,0.0128053116697671,"ENSG00000257839","downregulated",FALSE,FALSE,"Neither_bound","Neither_bound_downregulated"
"ENSG00000248350.1","ENSG00000248350.1",4.41728814691535,-2.98912657738501,1.03253368926413,-2.89494338873854,0.00379226917813338,0.012852020297599,"ENSG00000248350","downregulated",FALSE,FALSE,"Neither_bound","Neither_bound_downregulated"
"ENSG00000253526.1","ENSG00000253526.1",6.92182311063265,-2.27889475229462,0.787436691779,-2.89406726418358,0.00380286687401404,0.0128768600770844,"ENSG00000253526","downregulated",FALSE,FALSE,"Neither_bound","Neither_bound_downregulated"
"ENSG00000255121.2","ENSG00000255121.2",23.9181284324091,-1.21222904711242,0.418976877327855,-2.89330775207394,0.00381207578309058,0.0129000082970834,"ENSG00000255121","downregulated",FALSE,FALSE,"Neither_bound","Neither_bound_downregulated"
"ENSG00000288773.2","ENSG00000288773.2",3.89980734614957,-3.75485710901753,1.29777498969586,-2.89330364572482,0.00381212562665225,0.0129000082970834,"ENSG00000288773","downregulated",FALSE,FALSE,"Neither_bound","Neither_bound_downregulated"
"ENSG00000225349.2","ANKRD49P2",11.662320543425,-1.73749691714628,0.600830689209304,-2.89182451620911,0.00383011812416809,0.0129492836112015,"ENSG00000225349","downregulated",FALSE,FALSE,"Neither_bound","Neither_bound_downregulated"
"ENSG00000289612.1","ENSG00000289612.1",4.12172308400528,-3.36376477190245,1.16337378666711,-2.89138779853303,0.00383544520050136,0.0129647131625664,"ENSG00000289612","downregulated",FALSE,FALSE,"Neither_bound","Neither_bound_downregulated"
"ENSG00000278746.1","RN7SL660P",5.60222489598891,-2.49213033678453,0.863531296390359,-2.88597569908799,0.00390202284493186,0.0131674857934279,"ENSG00000278746","downregulated",FALSE,FALSE,"Neither_bound","Neither_bound_downregulated"
"ENSG00000166396.13","SERPINB7",5.26287448902237,-2.87678194316899,0.998090065596612,-2.88228692212199,0.00394800053703839,0.013306775376277,"ENSG00000166396","downregulated",FALSE,FALSE,"Neither_bound","Neither_bound_downregulated"
"ENSG00000269906.1","ENSG00000269906.1",8.00543789644592,-2.04931156218574,0.711087229566316,-2.88194116977125,0.00395233518659417,0.0133200636589176,"ENSG00000269906","downregulated",FALSE,FALSE,"Neither_bound","Neither_bound_downregulated"
"ENSG00000224451.2","ATP5PBP1",23.1337034584719,-1.18533886468085,0.41130696873591,-2.88188373837627,0.00395305561449018,0.0133211699516868,"ENSG00000224451","downregulated",FALSE,FALSE,"Neither_bound","Neither_bound_downregulated"
"ENSG00000198915.12","RASGEF1A",10.0416832493744,-1.75483092544955,0.609320920395551,-2.87997813091723,0.0039770275631187,0.0133873424104663,"ENSG00000198915","downregulated",FALSE,FALSE,"Neither_bound","Neither_bound_downregulated"
"ENSG00000110536.14","PTPMT1",19.4520156034558,-1.25979615713436,0.437463498972531,-2.87977433567198,0.00397959904127193,0.013393343924891,"ENSG00000110536","downregulated",FALSE,FALSE,"Neither_bound","Neither_bound_downregulated"
"ENSG00000239212.2","RPL6P7",7.03780644332101,-2.14437421855832,0.74497859692545,-2.87843735029196,0.00399650652934158,0.0134419374053652,"ENSG00000239212","downregulated",FALSE,FALSE,"Neither_bound","Neither_bound_downregulated"
"ENSG00000251123.1","ENSG00000251123.1",4.09669511734351,-3.28673426122668,1.1426384403162,-2.87644292827847,0.00402184917424573,0.0135114402878824,"ENSG00000251123","downregulated",FALSE,FALSE,"Neither_bound","Neither_bound_downregulated"
"ENSG00000189157.14","FAM47E",22.0993826165082,-1.16870871989263,0.406569307156388,-2.87456209635393,0.00404588202895801,0.0135827753271047,"ENSG00000189157","downregulated",FALSE,FALSE,"Neither_bound","Neither_bound_downregulated"
"ENSG00000280852.2","ENSG00000280852.2",8.63553200422932,-1.92022563531915,0.668783762878912,-2.87122047798104,0.00408890225420216,0.0137109409447916,"ENSG00000280852","downregulated",FALSE,FALSE,"Neither_bound","Neither_bound_downregulated"
"ENSG00000236324.1","ENSG00000236324.1",13.2012327806031,-1.55529652660881,0.541916780970001,-2.86999144744129,0.00410482901502395,0.0137621403720673,"ENSG00000236324","downregulated",FALSE,FALSE,"Neither_bound","Neither_bound_downregulated"
"ENSG00000289013.1","ENSG00000289013.1",11.6532911996797,-1.67816290259613,0.585113383160971,-2.86809864701804,0.00412946757519082,0.013830581206279,"ENSG00000289013","downregulated",FALSE,FALSE,"Neither_bound","Neither_bound_downregulated"
"ENSG00000287283.1","ENSG00000287283.1",4.02721782316031,-3.36609192712731,1.17462617172786,-2.8656708050152,0.00416126719968366,0.0139151333174694,"ENSG00000287283","downregulated",FALSE,FALSE,"Neither_bound","Neither_bound_downregulated"
"ENSG00000203883.7","SOX18",11.0472252747977,-1.78468459006581,0.622818487687623,-2.86549713174367,0.00416355044702161,0.0139213979313348,"ENSG00000203883","downregulated",FALSE,FALSE,"Neither_bound","Neither_bound_downregulated"
"ENSG00000286266.1","ENSG00000286266.1",5.33800848265433,-2.89707511261955,1.01191268825535,-2.86296945007619,0.00419691026820981,0.0140218990843465,"ENSG00000286266","downregulated",FALSE,FALSE,"Neither_bound","Neither_bound_downregulated"
"ENSG00000228889.9","UBAC2-AS1",27.0632963182926,-1.06329724776311,0.371790653585973,-2.85993538973467,0.00423727326631618,0.0141428415358385,"ENSG00000228889","downregulated",FALSE,FALSE,"Neither_bound","Neither_bound_downregulated"
"ENSG00000273018.7","FAM106A",14.6194484625913,-1.80292102821769,0.630418184230758,-2.8598810651657,0.00423799915957996,0.0141438745777768,"ENSG00000273018","downregulated",FALSE,FALSE,"Neither_bound","Neither_bound_downregulated"
"ENSG00000215515.2","ENSG00000215515.2",4.02020152962022,-3.28231751614859,1.1481193538321,-2.85886437258734,0.00425160518651015,0.0141837089938496,"ENSG00000215515","downregulated",FALSE,FALSE,"Neither_bound","Neither_bound_downregulated"
"ENSG00000242087.2","RPL36AP41",11.4804084438872,-1.59950573641282,0.559714088391661,-2.85771927058152,0.00426697709885605,0.0142280041321235,"ENSG00000242087","downregulated",FALSE,FALSE,"Neither_bound","Neither_bound_downregulated"
"ENSG00000182132.15","KCNIP1",9.63000468436873,-1.78590470539242,0.625216836981825,-2.85645651197383,0.00428398686217299,0.0142791154679906,"ENSG00000182132","downregulated",FALSE,FALSE,"Neither_bound","Neither_bound_downregulated"
"ENSG00000263393.1","ENSG00000263393.1",24.3451008766271,-1.09841798692663,0.384562424492147,-2.85628006526431,0.00428636854583418,0.0142856521551114,"ENSG00000263393","downregulated",FALSE,FALSE,"Neither_bound","Neither_bound_downregulated"
"ENSG00000212418.1","RNY4P36",13.0948501295104,-1.5332256569473,0.537349997774392,-2.85330913426566,0.0043266509931522,0.0144071837011464,"ENSG00000212418","downregulated",FALSE,FALSE,"Neither_bound","Neither_bound_downregulated"
"ENSG00000237126.8","ENSG00000237126.8",17.0338537187078,-1.38167262383239,0.484555058906283,-2.85142544368651,0.00435236917823113,0.0144828588891101,"ENSG00000237126","downregulated",FALSE,FALSE,"Neither_bound","Neither_bound_downregulated"
"ENSG00000259404.8","ENSG00000259404.8",8.55103105399187,-1.91105518107905,0.670210250997825,-2.85142636692565,0.0043523565392966,0.0144828588891101,"ENSG00000259404","downregulated",FALSE,FALSE,"Neither_bound","Neither_bound_downregulated"
"ENSG00000248192.1","ENSG00000248192.1",12.0890553920843,-1.63953801775964,0.575212731650116,-2.85031593973292,0.0043675821043386,0.0145263907686452,"ENSG00000248192","downregulated",FALSE,FALSE,"Neither_bound","Neither_bound_downregulated"
"ENSG00000256571.1","ENSG00000256571.1",17.1089710896297,-1.31889316620254,0.463177857823318,-2.84748751246577,0.00440658229742762,0.0146408915337627,"ENSG00000256571","downregulated",FALSE,FALSE,"Neither_bound","Neither_bound_downregulated"
"ENSG00000225889.10","ENSG00000225889.10",16.4733890176623,-1.35865234877503,0.477254093215695,-2.84681130678326,0.00441595288869293,0.0146685984474009,"ENSG00000225889","downregulated",FALSE,FALSE,"Neither_bound","Neither_bound_downregulated"
"ENSG00000236447.2","ENSG00000236447.2",9.00208823716351,-1.81097737462878,0.636156579177746,-2.8467478509293,0.00441683316108247,0.0146700878865405,"ENSG00000236447","downregulated",FALSE,FALSE,"Neither_bound","Neither_bound_downregulated"
"ENSG00000189403.15","HMGB1",784.156814417708,-1.11691287853039,0.392361945873884,-2.84663915620756,0.00441834136567848,0.0146736624471418,"ENSG00000189403","downregulated",FALSE,FALSE,"Neither_bound","Neither_bound_downregulated"
"ENSG00000287485.1","LOC105375082",2.76854060968385,-4.27805826976118,1.50375324981721,-2.84492038190521,0.00444225251801325,0.0147444238354382,"ENSG00000287485","downregulated",FALSE,FALSE,"Neither_bound","Neither_bound_downregulated"
"ENSG00000104237.11","RP1",14.0272974026891,-1.42615557557993,0.501383465959247,-2.84444077718321,0.00444894555134581,0.0147623114670425,"ENSG00000104237","downregulated",FALSE,FALSE,"Neither_bound","Neither_bound_downregulated"
"ENSG00000225358.1","ENSG00000225358.1",3.46902946726947,-3.7410411892907,1.31535763818065,-2.84412473132794,0.00445336106335832,0.0147726336523589,"ENSG00000225358","downregulated",FALSE,FALSE,"Neither_bound","Neither_bound_downregulated"
"ENSG00000224986.2","PPP1R8P1",23.1884243585398,-1.21358489105628,0.427003196063546,-2.84209790990811,0.00448177253262085,0.0148596241472001,"ENSG00000224986","downregulated",FALSE,FALSE,"Neither_bound","Neither_bound_downregulated"
"ENSG00000259713.1","ENSG00000259713.1",3.76001742042761,-3.36355010451391,1.18360615207582,-2.84178153232382,0.00448622222237196,0.0148729256733877,"ENSG00000259713","downregulated",FALSE,FALSE,"Neither_bound","Neither_bound_downregulated"
"ENSG00000273186.1","ENSG00000273186.1",12.8314583274525,-1.53341556537248,0.539663575248788,-2.84142868946744,0.00449118949872638,0.0148879403623244,"ENSG00000273186","downregulated",FALSE,FALSE,"Neither_bound","Neither_bound_downregulated"
"ENSG00000271321.1","CTAGE6",9.79079781863986,-1.74522695794007,0.614621676923945,-2.83951416532293,0.00451822890095951,0.0149702691482435,"ENSG00000271321","downregulated",FALSE,FALSE,"Neither_bound","Neither_bound_downregulated"
"ENSG00000273786.1","ENSG00000273786.1",2.69704386283617,-4.27816785830545,1.50806824962936,-2.83685294704461,0.0045560590764013,0.0150787557888908,"ENSG00000273786","downregulated",FALSE,FALSE,"Neither_bound","Neither_bound_downregulated"
"ENSG00000231424.3","ENSG00000231424.3",14.1575419777136,-1.4985736011921,0.528569191021123,-2.83515124727013,0.00458039949894472,0.015151135473771,"ENSG00000231424","downregulated",FALSE,FALSE,"Neither_bound","Neither_bound_downregulated"
"ENSG00000250071.1","ENSG00000250071.1",7.85967642845956,-1.95630516412186,0.690270871034314,-2.83411229738045,0.00459531805904336,0.0151901288273243,"ENSG00000250071","downregulated",FALSE,FALSE,"Neither_bound","Neither_bound_downregulated"
"ENSG00000256482.1","ENSG00000256482.1",4.41229130603974,-2.92257714568091,1.03141927955071,-2.83354907516755,0.00460342389917375,0.0152139621528638,"ENSG00000256482","downregulated",FALSE,FALSE,"Neither_bound","Neither_bound_downregulated"
"ENSG00000228816.1","ENSG00000228816.1",29.439157328834,-1.00824460825375,0.355837055435997,-2.83344467039379,0.00460492790452955,0.0152174521900049,"ENSG00000228816","downregulated",FALSE,FALSE,"Neither_bound","Neither_bound_downregulated"
"ENSG00000169856.9","ONECUT1",28.2463496251446,-1.00623726642477,0.355144643312266,-2.83331674959269,0.00460677127718606,0.0152220629127876,"ENSG00000169856","downregulated",FALSE,FALSE,"Neither_bound","Neither_bound_downregulated"
"ENSG00000229894.5","GK3",13.8454534737276,-1.44024155846864,0.508344149458095,-2.8332017984351,0.00460842832387675,0.0152230957216226,"ENSG00000229894","downregulated",FALSE,FALSE,"Neither_bound","Neither_bound_downregulated"
"ENSG00000260447.1","ENSG00000260447.1",7.35536216388906,-2.06525251933026,0.729105277324081,-2.8325847906492,0.00461733185712769,0.0152480583825504,"ENSG00000260447","downregulated",FALSE,FALSE,"Neither_bound","Neither_bound_downregulated"
"ENSG00000287609.1","ENSG00000287609.1",16.8447359399858,-1.38026541159701,0.48744209257147,-2.83165002085788,0.00463085043244975,0.0152867568016961,"ENSG00000287609","downregulated",FALSE,FALSE,"Neither_bound","Neither_bound_downregulated"
"ENSG00000270390.1","SFXN4P1",2.83336038084538,-4.28825495576746,1.51487759741903,-2.83076003175013,0.00464375468810319,0.0153272415227591,"ENSG00000270390","downregulated",FALSE,FALSE,"Neither_bound","Neither_bound_downregulated"
"ENSG00000185758.9","CLDN24",7.4404061071716,-2.03405804547941,0.718564450162035,-2.83072457177742,0.00464426950817686,0.0153272415227591,"ENSG00000185758","downregulated",FALSE,FALSE,"Neither_bound","Neither_bound_downregulated"
"ENSG00000253245.2","MTND1P36",5.26744747388249,-2.72613947158261,0.964159291874939,-2.8274782959165,0.0046916195636197,0.0154633158681384,"ENSG00000253245","downregulated",FALSE,FALSE,"Neither_bound","Neither_bound_downregulated"
"ENSG00000205560.13","CPT1B",11.4052949991295,-1.69950672444644,0.601858982986246,-2.82376233052798,0.00474635664444194,0.0156266223574426,"ENSG00000205560","downregulated",FALSE,FALSE,"Neither_bound","Neither_bound_downregulated"
"ENSG00000272824.1","ENSG00000272824.1",7.73139194673049,-2.18684008490378,0.774466327547103,-2.82367355057251,0.00474767143587048,0.0156268317183768,"ENSG00000272824","downregulated",FALSE,FALSE,"Neither_bound","Neither_bound_downregulated"
"ENSG00000231310.3","TBL1XR1-AS1",32.1495520652998,-1.01118998058917,0.358588833905704,-2.81991485784824,0.00480363931709568,0.0157942135633633,"ENSG00000231310","downregulated",FALSE,FALSE,"Neither_bound","Neither_bound_downregulated"
"ENSG00000272563.1","ENSG00000272563.1",6.84194045463048,-2.12106846748604,0.752509167648802,-2.81866129832447,0.00482243747481187,0.0158498844842196,"ENSG00000272563","downregulated",FALSE,FALSE,"Neither_bound","Neither_bound_downregulated"
"ENSG00000230992.3","ENSG00000230992.3",6.73939711774201,-2.17093547027743,0.7703103209242,-2.81826091551362,0.00482845555501116,0.0158650588404546,"ENSG00000230992","downregulated",FALSE,FALSE,"Neither_bound","Neither_bound_downregulated"
"ENSG00000233483.4","ENSG00000233483.4",12.8991010063479,-1.51662395889115,0.538149747802016,-2.8182192133055,0.0048290827637968,0.0158655850005464,"ENSG00000233483","downregulated",FALSE,FALSE,"Neither_bound","Neither_bound_downregulated"
"ENSG00000289513.2","ENSG00000289513.2",4.8344878095324,-2.71689836339855,0.964147322946225,-2.8179286492196,0.00483345494706558,0.0158781937297347,"ENSG00000289513","downregulated",FALSE,FALSE,"Neither_bound","Neither_bound_downregulated"
"ENSG00000243789.11","JMJD7",22.2420716307708,-1.14345638162222,0.405882092100084,-2.81721318549887,0.00484423596243447,0.0159031860316305,"ENSG00000243789","downregulated",FALSE,FALSE,"Neither_bound","Neither_bound_downregulated"
"ENSG00000207996.1","MIR301A",4.49265093893538,-2.78423364295176,0.988343502141743,-2.81707082296623,0.00484638375578847,0.0159085778330714,"ENSG00000207996","downregulated",FALSE,FALSE,"Neither_bound","Neither_bound_downregulated"
"ENSG00000280040.1","ENSG00000280040.1",9.23663840215051,-1.97673858442746,0.701800222338624,-2.81666850694395,0.00485245807090173,0.0159239006620027,"ENSG00000280040","downregulated",FALSE,FALSE,"Neither_bound","Neither_bound_downregulated"
"ENSG00000250057.1","ENSG00000250057.1",4.67833170580586,-2.71625404893918,0.96480527187751,-2.81533914470985,0.00487257828461412,0.0159828924965905,"ENSG00000250057","downregulated",FALSE,FALSE,"Neither_bound","Neither_bound_downregulated"
"ENSG00000267198.1","ENSG00000267198.1",18.294012925739,-1.35905028019079,0.483116920458301,-2.813087728125,0.00490682622288194,0.0160805666318238,"ENSG00000267198","downregulated",FALSE,FALSE,"Neither_bound","Neither_bound_downregulated"
"ENSG00000261054.1","ENSG00000261054.1",15.2719753612405,-1.50913847315415,0.537031107798765,-2.81015094142303,0.00495182704644908,0.0162139638629056,"ENSG00000261054","downregulated",FALSE,FALSE,"Neither_bound","Neither_bound_downregulated"
"ENSG00000242445.1","RPL7AP11",3.69312699059518,-3.31072218430305,1.17821514559617,-2.80994705990462,0.00495496496594449,0.0162226746952484,"ENSG00000242445","downregulated",FALSE,FALSE,"Neither_bound","Neither_bound_downregulated"
"ENSG00000291212.1","ENSG00000291212.1",7.53767914357986,-2.01636174237152,0.717664928782397,-2.80961443356654,0.00496008824415098,0.0162370241959718,"ENSG00000291212","downregulated",FALSE,FALSE,"Neither_bound","Neither_bound_downregulated"
"ENSG00000242651.3","RN7SL862P",5.58889995315223,-2.45422467375431,0.873562864067077,-2.80944254238109,0.00496273767575343,0.0162434258402383,"ENSG00000242651","downregulated",FALSE,FALSE,"Neither_bound","Neither_bound_downregulated"
"ENSG00000283378.1","CNTNAP3",6.09591814632925,-2.35038523526223,0.837611640051518,-2.80605608002017,0.00501519631018311,0.016397746488045,"ENSG00000283378","downregulated",FALSE,FALSE,"Neither_bound","Neither_bound_downregulated"
"ENSG00000228323.2","ENSG00000228323.2",7.36183974717816,-2.18879827886718,0.780826742161404,-2.80318047613018,0.00506013446243277,0.0165271776365304,"ENSG00000228323","downregulated",FALSE,FALSE,"Neither_bound","Neither_bound_downregulated"
"ENSG00000279039.1","ENSG00000279039.1",20.9624079286777,-1.22578372477289,0.437360897806283,-2.80268247783737,0.00506795374599912,0.016546352637841,"ENSG00000279039","downregulated",FALSE,FALSE,"Neither_bound","Neither_bound_downregulated"
"ENSG00000199168.3","MIR374A",5.42244357464245,-2.53827463400226,0.905959394453182,-2.80175320168109,0.00508257392122632,0.0165893024845023,"ENSG00000199168","downregulated",FALSE,FALSE,"Neither_bound","Neither_bound_downregulated"
"ENSG00000234162.3","ENSG00000234162.3",7.38483562102658,-2.05047864293565,0.731886337889987,-2.80163535890987,0.00508443064685163,0.0165937682755819,"ENSG00000234162","downregulated",FALSE,FALSE,"Neither_bound","Neither_bound_downregulated"
"ENSG00000281741.2","ENSG00000281741.2",6.1423050069794,-2.31224111876114,0.82620391202059,-2.79863249873298,0.00513195093380504,0.0167311747115356,"ENSG00000281741","downregulated",FALSE,FALSE,"Neither_bound","Neither_bound_downregulated"
"ENSG00000213871.3","ENSG00000213871.3",16.9117213945055,-1.31859872634624,0.471824712647537,-2.79467923362306,0.00519512337814916,0.0169241345457918,"ENSG00000213871","downregulated",FALSE,FALSE,"Neither_bound","Neither_bound_downregulated"
"ENSG00000233892.1","PAIP1P1",28.9890548187752,-1.01220487259025,0.362357101879971,-2.79339046299564,0.00521586905317759,0.0169835736194724,"ENSG00000233892","downregulated",FALSE,FALSE,"Neither_bound","Neither_bound_downregulated"
"ENSG00000234324.1","RPL9P2",9.13082104994635,-1.84661369100879,0.661725326009673,-2.79060452793037,0.00526097096715404,0.017115665339746,"ENSG00000234324","downregulated",FALSE,FALSE,"Neither_bound","Neither_bound_downregulated"
"ENSG00000179219.5","LINC00311",7.34953658684489,-2.06144902250274,0.73886977442548,-2.79000318304488,0.00527075233728368,0.0171410380841545,"ENSG00000179219","downregulated",FALSE,FALSE,"Neither_bound","Neither_bound_downregulated"
"ENSG00000263513.6","FAM72C",10.4590825031162,-1.73681798688048,0.622629547851061,-2.78948853756606,0.00527913651238576,0.0171648998806087,"ENSG00000263513","downregulated",FALSE,FALSE,"Neither_bound","Neither_bound_downregulated"
"ENSG00000224412.1","ENSG00000224412.1",12.8668931621993,-1.62250793513796,0.581839808519191,-2.78858185944224,0.00529393666832891,0.017208080454526,"ENSG00000224412","downregulated",FALSE,FALSE,"Neither_bound","Neither_bound_downregulated"
"ENSG00000277548.1","ENSG00000277548.1",22.5900612203182,-1.1127977488963,0.399068454426486,-2.78848838226399,0.00529546467172501,0.0172114002458287,"ENSG00000277548","downregulated",FALSE,FALSE,"Neither_bound","Neither_bound_downregulated"
"ENSG00000267263.1","ENSG00000267263.1",7.23821882823412,-2.07716159544801,0.745280202674972,-2.78708811530566,0.00531840154317017,0.0172760317125757,"ENSG00000267263","downregulated",FALSE,FALSE,"Neither_bound","Neither_bound_downregulated"
"ENSG00000221808.1","MIR1256",5.99638533107934,-2.35347120641543,0.844560634493328,-2.78662195500898,0.00532605729910273,0.0172942848997153,"ENSG00000221808","downregulated",FALSE,FALSE,"Neither_bound","Neither_bound_downregulated"
"ENSG00000214359.3","RPL18P10",40.9121745115807,-1.05227577234549,0.377730090227349,-2.78578752281065,0.00533978604549796,0.0173327106478243,"ENSG00000214359","downregulated",FALSE,FALSE,"Neither_bound","Neither_bound_downregulated"
"ENSG00000202023.1","LOC124900235",7.63282970797757,-2.10994121446369,0.757479379600465,-2.78547676845881,0.00534490698635719,0.0173417394773238,"ENSG00000202023","downregulated",FALSE,FALSE,"Neither_bound","Neither_bound_downregulated"
"ENSG00000224363.2","ENSG00000224363.2",6.10662349999327,-2.20007667094325,0.78987978911794,-2.78533101017824,0.0053473104740244,0.0173450575039783,"ENSG00000224363","downregulated",FALSE,FALSE,"Neither_bound","Neither_bound_downregulated"
"ENSG00000289384.2","ENSG00000289384.2",2.64249123303045,-4.2764076154201,1.53567100102789,-2.7847160052887,0.00535746237526977,0.0173713518483356,"ENSG00000289384","downregulated",FALSE,FALSE,"Neither_bound","Neither_bound_downregulated"
"ENSG00000156097.13","GPR61",15.502666573232,-1.32569174435327,0.476416067248302,-2.78263441451554,0.00539195252278141,0.0174715103781207,"ENSG00000156097","downregulated",FALSE,FALSE,"Neither_bound","Neither_bound_downregulated"
"ENSG00000174951.12","FUT1",20.0498533620943,-1.19282710049759,0.428770673816751,-2.7819698811943,0.00540300540438009,0.0175039854626593,"ENSG00000174951","downregulated",FALSE,FALSE,"Neither_bound","Neither_bound_downregulated"
"ENSG00000280023.1","ENSG00000280023.1",8.91685094124728,-1.79174737916598,0.644368916563491,-2.78062354205665,0.00542546118108001,0.0175599871747428,"ENSG00000280023","downregulated",FALSE,FALSE,"Neither_bound","Neither_bound_downregulated"
"ENSG00000236528.3","ENSG00000236528.3",3.89340775623212,-3.26302061582738,1.17363117318688,-2.78027773151848,0.00543124258679627,0.0175770244081837,"ENSG00000236528","downregulated",FALSE,FALSE,"Neither_bound","Neither_bound_downregulated"
"ENSG00000157152.17","SYN2",6.2612949351422,-2.19778972948985,0.791194938241341,-2.77781065482431,0.00547264984741113,0.0176992259370524,"ENSG00000157152","downregulated",FALSE,FALSE,"Neither_bound","Neither_bound_downregulated"
"ENSG00000223427.1","ENSG00000223427.1",10.8406578586073,-1.79447710411027,0.646322259029569,-2.77644329750397,0.00549572202001377,0.0177636964102986,"ENSG00000223427","downregulated",FALSE,FALSE,"Neither_bound","Neither_bound_downregulated"
"ENSG00000250103.3","PANCR",6.40710348424318,-2.17517623046419,0.784152777758489,-2.7739189251895,0.00553854791954711,0.0178851027408666,"ENSG00000250103","downregulated",FALSE,FALSE,"Neither_bound","Neither_bound_downregulated"
"ENSG00000227267.3","DONSONP1",13.8128030372542,-1.40884582126247,0.508427442645916,-2.77098697491754,0.00558866623226466,0.0180332302249042,"ENSG00000227267","downregulated",FALSE,FALSE,"Neither_bound","Neither_bound_downregulated"
"ENSG00000220867.1","HSPE1P26",11.1152790723372,-1.57803086829747,0.569675382676315,-2.77005276388097,0.0056047212443242,0.0180798833074268,"ENSG00000220867","downregulated",FALSE,FALSE,"Neither_bound","Neither_bound_downregulated"
"ENSG00000248774.1","ENSG00000248774.1",8.73914027857172,-1.77456244652494,0.640730261677291,-2.76959362256361,0.00561262712197075,0.0181002295717367,"ENSG00000248774","downregulated",FALSE,FALSE,"Neither_bound","Neither_bound_downregulated"
"ENSG00000222881.1","ENSG00000222881.1",5.50804279448895,-2.48201918182878,0.896221231651621,-2.76942689390959,0.00561550048400472,0.01810605794406,"ENSG00000222881","downregulated",FALSE,FALSE,"Neither_bound","Neither_bound_downregulated"
"ENSG00000261103.3","ENSG00000261103.3",11.7035148982389,-1.63784642068222,0.59158695809208,-2.76856411095406,0.00563039069426338,0.0181469748225069,"ENSG00000261103","downregulated",FALSE,FALSE,"Neither_bound","Neither_bound_downregulated"
"ENSG00000056998.21","GYG2",20.6726007719977,-1.18558960688475,0.428374439847005,-2.76764787205368,0.00564624245575459,0.0181930908496559,"ENSG00000056998","downregulated",FALSE,FALSE,"Neither_bound","Neither_bound_downregulated"
"ENSG00000244371.2","ENSG00000244371.2",19.6648251477647,-1.16832483590205,0.42230132779802,-2.766566806678,0.00566499763143446,0.0182448695879933,"ENSG00000244371","downregulated",FALSE,FALSE,"Neither_bound","Neither_bound_downregulated"
"ENSG00000286372.1","ENSG00000286372.1",7.59615320585326,-2.19082377347156,0.792142416581671,-2.76569430901783,0.00568017536867729,0.0182859678429775,"ENSG00000286372","downregulated",FALSE,FALSE,"Neither_bound","Neither_bound_downregulated"
"ENSG00000230581.2","ACTG1P14",32.4685086764352,-1.04132312731441,0.37652019247895,-2.76565015134647,0.00568094449802148,0.0182859678429775,"ENSG00000230581","downregulated",FALSE,FALSE,"Neither_bound","Neither_bound_downregulated"
"ENSG00000175065.12","DSG4",4.01579067883792,-3.02595376447572,1.09454125162764,-2.76458631410737,0.00569950261428342,0.0183368729685527,"ENSG00000175065","downregulated",FALSE,FALSE,"Neither_bound","Neither_bound_downregulated"
"ENSG00000225080.1","ENSG00000225080.1",8.08642254949356,-1.94045198315471,0.702039192528831,-2.76402229933198,0.00570936373705966,0.0183651200208752,"ENSG00000225080","downregulated",FALSE,FALSE,"Neither_bound","Neither_bound_downregulated"
"ENSG00000259254.1","ENSG00000259254.1",3.97974724792152,-3.15642093625892,1.14260905087285,-2.76246799712264,0.0057366185308519,0.018440565747703,"ENSG00000259254","downregulated",FALSE,FALSE,"Neither_bound","Neither_bound_downregulated"
"ENSG00000273271.1","ENSG00000273271.1",23.1526239747331,-1.1488466922753,0.416454424139615,-2.75863726180552,0.00580429234671908,0.0186298972345605,"ENSG00000273271","downregulated",FALSE,FALSE,"Neither_bound","Neither_bound_downregulated"
"ENSG00000238172.2","RPS2P35",5.64924502657468,-2.54225830105581,0.922008258365814,-2.75730534730975,0.00582799006892268,0.0186953599642238,"ENSG00000238172","downregulated",FALSE,FALSE,"Neither_bound","Neither_bound_downregulated"
"ENSG00000255458.9","SMIM14-DT",17.66441800347,-1.22078610361647,0.442948774243456,-2.7560435305449,0.00585052101943615,0.0187591653950661,"ENSG00000255458","downregulated",FALSE,FALSE,"Neither_bound","Neither_bound_downregulated"
"ENSG00000271100.1","ENSG00000271100.1",12.0495178058533,-1.49239336381036,0.541579602945664,-2.75563066942182,0.00585791008222989,0.018780697467974,"ENSG00000271100","downregulated",FALSE,FALSE,"Neither_bound","Neither_bound_downregulated"
"ENSG00000229756.1","RPL31P20",3.9995064203691,-3.19092863385068,1.1592184658501,-2.75265511019154,0.00591141356899247,0.0189218710998432,"ENSG00000229756","downregulated",FALSE,FALSE,"Neither_bound","Neither_bound_downregulated"
"ENSG00000225650.2","ENSG00000225650.2",12.5037213112286,-1.4956471171913,0.543485781593093,-2.75195261375041,0.00592410923712611,0.0189553638438866,"ENSG00000225650","downregulated",FALSE,FALSE,"Neither_bound","Neither_bound_downregulated"
"ENSG00000254129.1","ENSG00000254129.1",3.64365161493482,-3.38725006654392,1.23244100351884,-2.74840747498073,0.00598855342401244,0.0191363295114633,"ENSG00000254129","downregulated",FALSE,FALSE,"Neither_bound","Neither_bound_downregulated"
"ENSG00000279092.1","ENSG00000279092.1",21.5511823676079,-1.13755356521264,0.413960489320798,-2.74797618265229,0.00599643648004905,0.0191579151951003,"ENSG00000279092","downregulated",FALSE,FALSE,"Neither_bound","Neither_bound_downregulated"
"ENSG00000132967.10","ENSG00000132967.10",14.5195264769289,-1.40265921609266,0.510620576984286,-2.74696962738308,0.00601487043603197,0.0192095824530965,"ENSG00000132967","downregulated",FALSE,FALSE,"Neither_bound","Neither_bound_downregulated"
"ENSG00000226085.3","ENSG00000226085.3",15.9856037689285,-1.46860035618129,0.534649381855407,-2.74684757155197,0.00601710922212591,0.0192149258303256,"ENSG00000226085","downregulated",FALSE,FALSE,"Neither_bound","Neither_bound_downregulated"
"ENSG00000248735.2","R3HDM2P1",4.8699491765196,-2.55994925390756,0.933287214280577,-2.74293830959732,0.00608921239554037,0.0194269152485879,"ENSG00000248735","downregulated",FALSE,FALSE,"Neither_bound","Neither_bound_downregulated"
"ENSG00000273090.1","ENSG00000273090.1",12.7433294890251,-1.48294204446218,0.541286666798767,-2.73966113599745,0.00615025585740689,0.01959773836439,"ENSG00000273090","downregulated",FALSE,FALSE,"Neither_bound","Neither_bound_downregulated"
"ENSG00000259967.1","ENSG00000259967.1",5.31877336821483,-2.37663876755511,0.868019491209728,-2.73800161358459,0.00618137726347608,0.0196839807711405,"ENSG00000259967","downregulated",FALSE,FALSE,"Neither_bound","Neither_bound_downregulated"
"ENSG00000286877.1","ENSG00000286877.1",25.3232741818536,-1.0480199801233,0.382817166087572,-2.73765147690258,0.00618796154474753,0.0197031006516671,"ENSG00000286877","downregulated",FALSE,FALSE,"Neither_bound","Neither_bound_downregulated"
"ENSG00000242457.1","RBBP4P2",17.4011088810993,-1.35459835952055,0.495041376868427,-2.73633361334274,0.00621280047548524,0.0197710705032118,"ENSG00000242457","downregulated",FALSE,FALSE,"Neither_bound","Neither_bound_downregulated"
"ENSG00000291090.1","CCDC144BP",7.29729736178534,-2.01628172490529,0.737005489397098,-2.73577572204339,0.0062233425600335,0.0198001235749889,"ENSG00000291090","downregulated",FALSE,FALSE,"Neither_bound","Neither_bound_downregulated"
"ENSG00000218027.2","ENSG00000218027.2",8.67310718483794,-1.82855955517302,0.668888065268877,-2.73373027583917,0.00626213184437178,0.0199075427692673,"ENSG00000218027","downregulated",FALSE,FALSE,"Neither_bound","Neither_bound_downregulated"
"ENSG00000129167.10","TPH1",25.7311430026143,-1.06438151087789,0.389712533454447,-2.73119650898346,0.0063104832180141,0.0200368754860257,"ENSG00000129167","downregulated",FALSE,FALSE,"Neither_bound","Neither_bound_downregulated"
"ENSG00000235292.2","ENSG00000235292.2",21.6027673652521,-1.20446566580552,0.441033260910853,-2.73100868473723,0.00631408077364943,0.0200464244994227,"ENSG00000235292","downregulated",FALSE,FALSE,"Neither_bound","Neither_bound_downregulated"
"ENSG00000171303.8","KCNK3",19.1821806938341,-1.25357024914654,0.459026524933298,-2.73093205088463,0.0063155491363825,0.0200487190147627,"ENSG00000171303","downregulated",FALSE,FALSE,"Neither_bound","Neither_bound_downregulated"
"ENSG00000256757.1","ENSG00000256757.1",16.8388525557482,-1.31766618022946,0.482571299355024,-2.73051087371042,0.00632362469810036,0.020069222063447,"ENSG00000256757","downregulated",FALSE,FALSE,"Neither_bound","Neither_bound_downregulated"
"ENSG00000224080.1","ENSG00000224080.1",24.2175048993109,-1.05916039303323,0.38814613230453,-2.72876709280781,0.00635715856708453,0.0201624614572108,"ENSG00000224080","downregulated",FALSE,FALSE,"Neither_bound","Neither_bound_downregulated"
"ENSG00000232814.2","COL4A2-AS1",2.719227566829,-4.20262344357006,1.54080876131463,-2.72754383872036,0.00638077783457415,0.0202241542861635,"ENSG00000232814","downregulated",FALSE,FALSE,"Neither_bound","Neither_bound_downregulated"
"ENSG00000271092.5","TLCD4-RWDD3",11.4407006725225,-1.5363252645268,0.563852345952526,-2.72469428486895,0.0064361051076803,0.0203785997667491,"ENSG00000271092","downregulated",FALSE,FALSE,"Neither_bound","Neither_bound_downregulated"
"ENSG00000224949.2","RPL37P24",6.23259246337692,-2.15576277885408,0.791506926647631,-2.72361833646189,0.00645710784851948,0.0204279630621691,"ENSG00000224949","downregulated",FALSE,FALSE,"Neither_bound","Neither_bound_downregulated"
"ENSG00000185040.14","SPDYE16",17.759811313943,-1.22242407775547,0.448886479418827,-2.72323657272578,0.00646457476451209,0.0204464049929603,"ENSG00000185040","downregulated",FALSE,FALSE,"Neither_bound","Neither_bound_downregulated"
"ENSG00000252244.1","RNU7-3P",10.6036425849249,-1.63288220706233,0.599678536960361,-2.72292921360677,0.00647059204423418,0.0204610938892708,"ENSG00000252244","downregulated",FALSE,FALSE,"Neither_bound","Neither_bound_downregulated"
"ENSG00000201047.1","ENSG00000201047.1",10.3901247334437,-1.71513722480656,0.629924605227623,-2.72276588431848,0.00647379164999861,0.0204682539637134,"ENSG00000201047","downregulated",FALSE,FALSE,"Neither_bound","Neither_bound_downregulated"
"ENSG00000253619.1","ENSG00000253619.1",9.59354812351565,-1.79314330935873,0.659064693860411,-2.7207394449482,0.00651360795441972,0.0205703081996773,"ENSG00000253619","downregulated",FALSE,FALSE,"Neither_bound","Neither_bound_downregulated"
"ENSG00000229668.1","ENSG00000229668.1",7.05590396214256,-1.98046165403484,0.728309671850611,-2.71925766000409,0.00654286194087274,0.0206530692902725,"ENSG00000229668","downregulated",FALSE,FALSE,"Neither_bound","Neither_bound_downregulated"
"ENSG00000254254.7","PENK-AS1",3.41447683746376,-3.74637819747891,1.37874201232127,-2.71724380921087,0.00658280960436125,0.0207656831947384,"ENSG00000254254","downregulated",FALSE,FALSE,"Neither_bound","Neither_bound_downregulated"
"ENSG00000248802.1","ENSG00000248802.1",3.54938910016511,-3.35621317267213,1.23551277751199,-2.71645363266148,0.00659854372633114,0.0208075875692551,"ENSG00000248802","downregulated",FALSE,FALSE,"Neither_bound","Neither_bound_downregulated"
"ENSG00000288756.2","ENSG00000288756.2",24.7745208100125,-1.08336720753756,0.39899698462371,-2.71522655380284,0.00662304455777554,0.0208760546995881,"ENSG00000288756","downregulated",FALSE,FALSE,"Neither_bound","Neither_bound_downregulated"
"ENSG00000258344.1","ENSG00000258344.1",13.0712860838243,-1.40081118234358,0.516039202564525,-2.71454411870661,0.0066367059668467,0.0209123959445129,"ENSG00000258344","downregulated",FALSE,FALSE,"Neither_bound","Neither_bound_downregulated"
"ENSG00000265559.2","RN7SL652P",8.90368229145274,-1.89195651189225,0.696983667093912,-2.71449189014831,0.00663775255352782,0.0209137537091395,"ENSG00000265559","downregulated",FALSE,FALSE,"Neither_bound","Neither_bound_downregulated"
"ENSG00000250158.1","ENSG00000250158.1",5.68555779220387,-2.3708617738537,0.873422505828572,-2.71445006057474,0.00663859086622666,0.0209144550680752,"ENSG00000250158","downregulated",FALSE,FALSE,"Neither_bound","Neither_bound_downregulated"
"ENSG00000286780.1","ENSG00000286780.1",3.64530254248204,-3.17416873638991,1.16945562851986,-2.71422759357475,0.00664305096004962,0.0209262944747289,"ENSG00000286780","downregulated",FALSE,FALSE,"Neither_bound","Neither_bound_downregulated"
"ENSG00000259475.1","ENSG00000259475.1",23.7990095859803,-1.13095465804153,0.417028849463142,-2.71193386140421,0.00668919381208714,0.0210543490927517,"ENSG00000259475","downregulated",FALSE,FALSE,"Neither_bound","Neither_bound_downregulated"
"ENSG00000286810.1","ENSG00000286810.1",4.90173603840329,-2.47967173145091,0.914614334190753,-2.71116648706901,0.00670469522790639,0.0210914139193855,"ENSG00000286810","downregulated",FALSE,FALSE,"Neither_bound","Neither_bound_downregulated"
"ENSG00000231292.6","ENSG00000231292.6",2.83835722172098,-4.33408189626703,1.59883689016778,-2.71077176347376,0.00671268144865792,0.0211145812990103,"ENSG00000231292","downregulated",FALSE,FALSE,"Neither_bound","Neither_bound_downregulated"
"ENSG00000233110.1","SORBS2-AS1",11.9231908447035,-1.48013234111458,0.546234012035558,-2.7097037322865,0.00673433321082599,0.0211709236932288,"ENSG00000233110","downregulated",FALSE,FALSE,"Neither_bound","Neither_bound_downregulated"
"ENSG00000173678.15","SPDYE2B",17.3455911531363,-1.20981093500416,0.446680366447202,-2.70844887279629,0.00675985265662965,0.021239355752511,"ENSG00000173678","downregulated",FALSE,FALSE,"Neither_bound","Neither_bound_downregulated"
"ENSG00000260645.2","ENSG00000260645.2",14.5970403972867,-1.42696979172818,0.52703680917864,-2.70753345283802,0.00677852388464723,0.0212960506209487,"ENSG00000260645","downregulated",FALSE,FALSE,"Neither_bound","Neither_bound_downregulated"
"ENSG00000291056.1","SEPTIN7P9",11.0309735883327,-1.52586402170314,0.564253998830532,-2.70421481259439,0.00684660123406359,0.021487515509668,"ENSG00000291056","downregulated",FALSE,FALSE,"Neither_bound","Neither_bound_downregulated"
"ENSG00000232260.2","ENSG00000232260.2",6.9767043322135,-2.07649418438195,0.767896912042554,-2.70413144240757,0.00684831934135112,0.0214894883498397,"ENSG00000232260","downregulated",FALSE,FALSE,"Neither_bound","Neither_bound_downregulated"
"ENSG00000239041.1","LOC124906146",3.24079455276606,-3.6343046344942,1.34422657697766,-2.70363991959266,0.0068584566057678,0.0215173228026896,"ENSG00000239041","downregulated",FALSE,FALSE,"Neither_bound","Neither_bound_downregulated"
"ENSG00000280354.1","ENSG00000280354.1",10.3421301001969,-1.77373150246261,0.656102640364475,-2.70343600732543,0.00686266608834595,0.0215265529309202,"ENSG00000280354","downregulated",FALSE,FALSE,"Neither_bound","Neither_bound_downregulated"
"ENSG00000253418.1","SNX18P27",2.40691535937593,-4.17746058914923,1.54533882972213,-2.70326514082376,0.00686619517483147,0.0215336458035893,"ENSG00000253418","downregulated",FALSE,FALSE,"Neither_bound","Neither_bound_downregulated"
"ENSG00000213025.2","ENSG00000213025.2",8.62449125887548,-1.8387570723651,0.680290002903726,-2.70290179852213,0.00687370508819589,0.0215532183546421,"ENSG00000213025","downregulated",FALSE,FALSE,"Neither_bound","Neither_bound_downregulated"
"ENSG00000223878.1","ENSG00000223878.1",31.5388735849115,-1.00469008896569,0.371884900138998,-2.70161571117883,0.00690034652327821,0.0216307651073011,"ENSG00000223878","downregulated",FALSE,FALSE,"Neither_bound","Neither_bound_downregulated"
"ENSG00000242611.2","ENSG00000242611.2",3.45236273599621,-3.20196787578091,1.18594581342404,-2.69992763542564,0.00693545596645469,0.0217267885519259,"ENSG00000242611","downregulated",FALSE,FALSE,"Neither_bound","Neither_bound_downregulated"
"ENSG00000279599.1","ENSG00000279599.1",17.9966538297754,-1.18270725885855,0.438339447236264,-2.69815383104473,0.00697252125519517,0.0218288112439142,"ENSG00000279599","downregulated",FALSE,FALSE,"Neither_bound","Neither_bound_downregulated"
"ENSG00000279881.1","ENSG00000279881.1",8.23106716946384,-1.90580506739326,0.706392531005118,-2.69794056950392,0.00697698951315904,0.0218387743994643,"ENSG00000279881","downregulated",FALSE,FALSE,"Neither_bound","Neither_bound_downregulated"
"ENSG00000224271.8","EPIC1",8.57252549342053,-1.75619265196319,0.651419358000075,-2.69594790267652,0.00701886433408875,0.0219597295477873,"ENSG00000224271","downregulated",FALSE,FALSE,"Neither_bound","Neither_bound_downregulated"
"ENSG00000142675.18","CNKSR1",25.4056120265333,-1.04467690070614,0.387698056567034,-2.69456316071452,0.00704809671556583,0.0220435877100448,"ENSG00000142675","downregulated",FALSE,FALSE,"Neither_bound","Neither_bound_downregulated"
"ENSG00000213716.3","FABP5P5",4.02790028780979,-2.82749680047269,1.05009803896329,-2.69260268618741,0.0070896699682002,0.0221547294829645,"ENSG00000213716","downregulated",FALSE,FALSE,"Neither_bound","Neither_bound_downregulated"
"ENSG00000200902.1","RNU6-627P",3.5288563237195,-3.20478752916067,1.19046596223456,-2.69204465379684,0.00710154362657684,0.022187751463168,"ENSG00000200902","downregulated",FALSE,FALSE,"Neither_bound","Neither_bound_downregulated"
"ENSG00000235082.2","ENSG00000235082.2",20.4115816881454,-1.16479973284607,0.432822715037483,-2.69117052404515,0.007120179007272,0.0222398382086451,"ENSG00000235082","downregulated",FALSE,FALSE,"Neither_bound","Neither_bound_downregulated"
"ENSG00000286048.1","ENSG00000286048.1",24.6765889414573,-1.13324315802994,0.421526302044139,-2.68842810646551,0.00717892926628422,0.0223884264215301,"ENSG00000286048","downregulated",FALSE,FALSE,"Neither_bound","Neither_bound_downregulated"
"ENSG00000255096.2","OR5B10P",19.5563204332669,-1.12043724110619,0.41676313960848,-2.68842691356718,0.00717895491590043,0.0223884264215301,"ENSG00000255096","downregulated",FALSE,FALSE,"Neither_bound","Neither_bound_downregulated"
"ENSG00000235299.2","MRPL53P1",17.6731924251923,-1.21406768803295,0.451712298963317,-2.68770120012062,0.00719457441119381,0.0224350779031884,"ENSG00000235299","downregulated",FALSE,FALSE,"Neither_bound","Neither_bound_downregulated"
"ENSG00000227887.1","ENSG00000227887.1",1.70193131157414,-4.77580246891731,1.77894482727455,-2.68462652449661,0.0072610894210688,0.0226217266307314,"ENSG00000227887","downregulated",FALSE,FALSE,"Neither_bound","Neither_bound_downregulated"
"ENSG00000236779.1","ENSG00000236779.1",24.4789295775579,-1.16866171966757,0.435478338682484,-2.68362767067425,0.00728281625778045,0.0226793520334065,"ENSG00000236779","downregulated",FALSE,FALSE,"Neither_bound","Neither_bound_downregulated"
"ENSG00000232725.1","ENSG00000232725.1",19.088379053846,-1.18651497509028,0.442491188871518,-2.68144316752665,0.00733053648846025,0.0228004453291839,"ENSG00000232725","downregulated",FALSE,FALSE,"Neither_bound","Neither_bound_downregulated"
"ENSG00000239739.1","ENSG00000239739.1",2.35978410199107,-4.15406466541052,1.54950241644656,-2.68090234730769,0.00734239388622071,0.0228310541493176,"ENSG00000239739","downregulated",FALSE,FALSE,"Neither_bound","Neither_bound_downregulated"
"ENSG00000289160.1","ENSG00000289160.1",12.7311355406193,-1.56474369890619,0.584745341400843,-2.67594042760155,0.00745198895700644,0.023125522399009,"ENSG00000289160","downregulated",FALSE,FALSE,"Neither_bound","Neither_bound_downregulated"
"ENSG00000164669.14","ENSG00000164669.14",4.02243452109664,-3.23941950529597,1.21064907529507,-2.67577085003467,0.007455760248065,0.0231348555865782,"ENSG00000164669","downregulated",FALSE,FALSE,"Neither_bound","Neither_bound_downregulated"
"ENSG00000252357.1","ENSG00000252357.1",3.83703113999487,-2.86125500266892,1.06934774234411,-2.6757011675143,0.00745731043659674,0.0231375521474532,"ENSG00000252357","downregulated",FALSE,FALSE,"Neither_bound","Neither_bound_downregulated"
"ENSG00000259922.1","CFAP69P1",21.4535768132604,-1.18423462731252,0.44273057209835,-2.67484267395351,0.00747643260079044,0.0231862925758833,"ENSG00000259922","downregulated",FALSE,FALSE,"Neither_bound","Neither_bound_downregulated"
"ENSG00000224481.4","LOC124904403",7.43896851970861,-1.91654401036349,0.71675176021581,-2.67392996675227,0.00749681053981229,0.0232452451315695,"ENSG00000224481","downregulated",FALSE,FALSE,"Neither_bound","Neither_bound_downregulated"
"ENSG00000258883.1","NBEAP4",10.8037071367271,-1.52814029576452,0.571832095584331,-2.67235838555544,0.00753201584933098,0.0233394922797003,"ENSG00000258883","downregulated",FALSE,FALSE,"Neither_bound","Neither_bound_downregulated"
"ENSG00000229339.1","RPL7AP83",9.30996038657096,-1.76439862459881,0.660357597344888,-2.67188358503477,0.00754268107151102,0.0233583076037136,"ENSG00000229339","downregulated",FALSE,FALSE,"Neither_bound","Neither_bound_downregulated"
"ENSG00000234675.1","ENSG00000234675.1",5.16570577949851,-2.35376012879546,0.881561955363922,-2.66998832523778,0.00758538843409954,0.0234770363853752,"ENSG00000234675","downregulated",FALSE,FALSE,"Neither_bound","Neither_bound_downregulated"
"ENSG00000287750.3","LINC03026",3.82656853240611,-3.18290539547411,1.19232878661239,-2.66948632894898,0.00759673656146741,0.0235100170845413,"ENSG00000287750","downregulated",FALSE,FALSE,"Neither_bound","Neither_bound_downregulated"
"ENSG00000183171.5","LOC643015",5.7771756354294,-2.24295926603498,0.841333141806009,-2.66595853007791,0.00767691621170043,0.0237386882001857,"ENSG00000183171","downregulated",FALSE,FALSE,"Neither_bound","Neither_bound_downregulated"
"ENSG00000283752.1","ENSG00000283752.1",4.66908634695347,-2.47055619100689,0.926766650196963,-2.66578020527803,0.00768098923487578,0.0237469593456139,"ENSG00000283752","downregulated",FALSE,FALSE,"Neither_bound","Neither_bound_downregulated"
"ENSG00000290051.1","ENSG00000290051.1",9.0586025124403,-1.72878000065378,0.648656266276907,-2.66517120165425,0.00769491377272745,0.023784041973351,"ENSG00000290051","downregulated",FALSE,FALSE,"Neither_bound","Neither_bound_downregulated"
"ENSG00000237903.1","ENSG00000237903.1",20.1398921349599,-1.14185229092722,0.428451644561328,-2.66506688776119,0.00769730112148778,0.0237887293690016,"ENSG00000237903","downregulated",FALSE,FALSE,"Neither_bound","Neither_bound_downregulated"
"ENSG00000290119.1","ENSG00000290119.1",10.6820938919552,-1.61636305864678,0.606830738039817,-2.66361434469841,0.00773061336023795,0.0238851623267748,"ENSG00000290119","downregulated",FALSE,FALSE,"Neither_bound","Neither_bound_downregulated"
"ENSG00000286365.1","ENSG00000286365.1",12.0827934612064,-1.49915811547379,0.562897850974167,-2.66328626566846,0.0077381553001745,0.0239041159727471,"ENSG00000286365","downregulated",FALSE,FALSE,"Neither_bound","Neither_bound_downregulated"
"ENSG00000274326.1","ENSG00000274326.1",4.57578836891739,-2.91448545807513,1.09537141808623,-2.66072805073475,0.00779719052251326,0.0240689719800737,"ENSG00000274326","downregulated",FALSE,FALSE,"Neither_bound","Neither_bound_downregulated"
"ENSG00000224231.2","ENSG00000224231.2",7.93669427291862,-1.89517068906263,0.712484181629533,-2.65994774049321,0.00781527766865894,0.0241116577519534,"ENSG00000224231","downregulated",FALSE,FALSE,"Neither_bound","Neither_bound_downregulated"
"ENSG00000243770.3","RN7SL65P",17.5460673850062,-1.19344193962511,0.448838994925497,-2.6589533287392,0.007838382036527,0.0241741566203695,"ENSG00000243770","downregulated",FALSE,FALSE,"Neither_bound","Neither_bound_downregulated"
"ENSG00000259402.1","ENSG00000259402.1",16.8353362585584,-1.21980718269575,0.458952245138895,-2.65780850974287,0.00786505675503447,0.0242466160437384,"ENSG00000259402","downregulated",FALSE,FALSE,"Neither_bound","Neither_bound_downregulated"
"ENSG00000254847.1","ENSG00000254847.1",4.44700827629224,-2.64337527288368,0.994920597104993,-2.65687058904534,0.00788697123338696,0.0243107657763782,"ENSG00000254847","downregulated",FALSE,FALSE,"Neither_bound","Neither_bound_downregulated"
"ENSG00000289970.1","ENSG00000289970.1",16.0027874519963,-1.23649710077058,0.465705885919982,-2.6551030127694,0.00792841929200424,0.0244207967456293,"ENSG00000289970","downregulated",FALSE,FALSE,"Neither_bound","Neither_bound_downregulated"
"ENSG00000227214.2","ENSG00000227214.2",5.91086863810183,-2.16207574066861,0.816691486902208,-2.64735922357851,0.00811231281241861,0.0249397268180139,"ENSG00000227214","downregulated",FALSE,FALSE,"Neither_bound","Neither_bound_downregulated"
"ENSG00000231265.1","ENSG00000231265.1",4.49356159463971,-2.59553876155878,0.981670951597685,-2.644000779828,0.00819324673955452,0.0251543930991674,"ENSG00000231265","downregulated",FALSE,FALSE,"Neither_bound","Neither_bound_downregulated"
"ENSG00000257512.1","ENSG00000257512.1",4.7197217255804,-2.59474008893944,0.981391911550614,-2.64393873477081,0.00819474871538184,0.0251567306248613,"ENSG00000257512","downregulated",FALSE,FALSE,"Neither_bound","Neither_bound_downregulated"
"ENSG00000224394.1","ENSG00000224394.1",7.6401891483132,-1.86114306531398,0.704528843303103,-2.64168469893756,0.00824948137618966,0.0253041704340266,"ENSG00000224394","downregulated",FALSE,FALSE,"Neither_bound","Neither_bound_downregulated"
"ENSG00000212327.1","RNU6-882P",9.12772985991326,-1.66670926472576,0.631083160491394,-2.64102953314104,0.00826545139875304,0.0253485782875445,"ENSG00000212327","downregulated",FALSE,FALSE,"Neither_bound","Neither_bound_downregulated"
"ENSG00000273338.1","ENSG00000273338.1",15.4184947761934,-1.35146650881277,0.512039852769536,-2.63937758262939,0.00830584146661422,0.0254586557424609,"ENSG00000273338","downregulated",FALSE,FALSE,"Neither_bound","Neither_bound_downregulated"
"ENSG00000248714.7","ENSG00000248714.7",24.3951246213656,-1.02786365846194,0.389590562112073,-2.63831765556543,0.00833184951192692,0.0255314627172877,"ENSG00000248714","downregulated",FALSE,FALSE,"Neither_bound","Neither_bound_downregulated"
"ENSG00000200355.1","LOC124900555",7.4692707130147,-1.88408749755184,0.714554314251286,-2.6367309803818,0.00837091885264734,0.0256280641358022,"ENSG00000200355","downregulated",FALSE,FALSE,"Neither_bound","Neither_bound_downregulated"
"ENSG00000229955.1","ENSG00000229955.1",13.2512297379763,-1.39392981148001,0.529026566195662,-2.63489567547438,0.0084163146458944,0.0257438429438758,"ENSG00000229955","downregulated",FALSE,FALSE,"Neither_bound","Neither_bound_downregulated"
"ENSG00000232448.2","ENSG00000232448.2",5.7021194364414,-2.17886600423626,0.827475370757648,-2.63314907154429,0.00845972079172943,0.0258519113613513,"ENSG00000232448","downregulated",FALSE,FALSE,"Neither_bound","Neither_bound_downregulated"
"ENSG00000286568.1","ENSG00000286568.1",6.29984069224781,-2.02717832706373,0.770395499163468,-2.63134757311658,0.00850470078924414,0.0259650976459684,"ENSG00000286568","downregulated",FALSE,FALSE,"Neither_bound","Neither_bound_downregulated"
"ENSG00000230183.4","ENSG00000230183.4",8.89949101924574,-1.65342536095796,0.628596088574141,-2.63034624461068,0.00852979442024607,0.0260300113976209,"ENSG00000230183","downregulated",FALSE,FALSE,"Neither_bound","Neither_bound_downregulated"
"ENSG00000104808.8","DHDH",6.45646773310445,-2.14124003078055,0.81445697182235,-2.62904009034328,0.00856262657671283,0.0261184715838525,"ENSG00000104808","downregulated",FALSE,FALSE,"Neither_bound","Neither_bound_downregulated"
"ENSG00000206613.1","RNU6-1336P",3.22545015726489,-3.48514442871196,1.32570119814903,-2.62890644858583,0.00856599222699781,0.0261263916644215,"ENSG00000206613","downregulated",FALSE,FALSE,"Neither_bound","Neither_bound_downregulated"
"ENSG00000207963.1","MIR569",8.04872551600705,-1.78231605435741,0.678451279549548,-2.62703617500841,0.00861321767489119,0.0262586409962937,"ENSG00000207963","downregulated",FALSE,FALSE,"Neither_bound","Neither_bound_downregulated"
"ENSG00000287680.1","ENSG00000287680.1",9.89119209488024,-1.89272515141545,0.720762400879923,-2.6260042825552,0.00863937304118785,0.0263265653057387,"ENSG00000287680","downregulated",FALSE,FALSE,"Neither_bound","Neither_bound_downregulated"
"ENSG00000177359.23","OVOS2",4.81282423738354,-2.42861659946555,0.924981686111255,-2.62558344227957,0.00865006043988724,0.026356768301228,"ENSG00000177359","downregulated",FALSE,FALSE,"Neither_bound","Neither_bound_downregulated"
"ENSG00000275586.1","ENSG00000275586.1",20.5418052092692,-1.14484486830508,0.436110294034763,-2.62512690932679,0.00866166762928863,0.0263874014378185,"ENSG00000275586","downregulated",FALSE,FALSE,"Neither_bound","Neither_bound_downregulated"
"ENSG00000233429.9","HOTAIRM1",15.2352957866379,-1.28448585852014,0.489430109477515,-2.62445205892905,0.00867885096180838,0.0264373786629636,"ENSG00000233429","downregulated",FALSE,FALSE,"Neither_bound","Neither_bound_downregulated"
"ENSG00000186160.5","CYP4Z1",2.37454643356305,-4.09423271078135,1.56047597480582,-2.62370762311213,0.0086978414439931,0.0264833522920005,"ENSG00000186160","downregulated",FALSE,FALSE,"Neither_bound","Neither_bound_downregulated"
"ENSG00000226984.1","RPL26P10",10.6816927392385,-1.63701038534898,0.624098484621851,-2.62300009643648,0.00871592478930468,0.0265312781829108,"ENSG00000226984","downregulated",FALSE,FALSE,"Neither_bound","Neither_bound_downregulated"
"ENSG00000080947.16","CROCCP3",22.6950004429123,-1.16364714976829,0.443969109839355,-2.62100926388626,0.00876698796183835,0.0266675962288641,"ENSG00000080947","downregulated",FALSE,FALSE,"Neither_bound","Neither_bound_downregulated"
"ENSG00000242960.1","ENSG00000242960.1",12.5616211055039,-1.44643278944802,0.552037336820545,-2.62017202999119,0.00878854203105104,0.0267235874774632,"ENSG00000242960","downregulated",FALSE,FALSE,"Neither_bound","Neither_bound_downregulated"
"ENSG00000200754.1","ENSG00000200754.1",4.29600742008271,-2.88754541839986,1.10215498091365,-2.61990869560485,0.00879533119339953,0.0267346586109526,"ENSG00000200754","downregulated",FALSE,FALSE,"Neither_bound","Neither_bound_downregulated"
"ENSG00000146677.7","RPL32P18",13.7989534749858,-1.35930431495303,0.519064116748362,-2.61875993946237,0.00882500271914627,0.0268128526264723,"ENSG00000146677","downregulated",FALSE,FALSE,"Neither_bound","Neither_bound_downregulated"
"ENSG00000231587.1","SNORD62B",13.3109419041591,-1.45554819888382,0.556028375534929,-2.61775884636014,0.00885093310686066,0.0268844224066747,"ENSG00000231587","downregulated",FALSE,FALSE,"Neither_bound","Neither_bound_downregulated"
"ENSG00000278464.2","ENSG00000278464.2",18.3883319261272,-1.14994340181212,0.439318147086994,-2.61756408069436,0.00885598584352257,0.0268949599582275,"ENSG00000278464","downregulated",FALSE,FALSE,"Neither_bound","Neither_bound_downregulated"
"ENSG00000272777.1","ENSG00000272777.1",10.6067350260993,-1.58615066657898,0.606850982735859,-2.61373996533408,0.00895571687681142,0.027155568390291,"ENSG00000272777","downregulated",FALSE,FALSE,"Neither_bound","Neither_bound_downregulated"
"ENSG00000258171.2","ENSG00000258171.2",14.5168797940922,-1.313882406684,0.502686373342192,-2.61372194744099,0.00895618913908473,0.027155568390291,"ENSG00000258171","downregulated",FALSE,FALSE,"Neither_bound","Neither_bound_downregulated"
"ENSG00000256972.1","ENSG00000256972.1",23.0417911017411,-1.13401769981308,0.434020152268358,-2.61282268550496,0.00897978773227202,0.0272174024886067,"ENSG00000256972","downregulated",FALSE,FALSE,"Neither_bound","Neither_bound_downregulated"
"ENSG00000289233.1","ENSG00000289233.1",3.94898216854125,-2.9112262266009,1.11502056171272,-2.61091707773454,0.00902997862875287,0.0273532676749446,"ENSG00000289233","downregulated",FALSE,FALSE,"Neither_bound","Neither_bound_downregulated"
"ENSG00000224863.3","LINC01398",2.27294295964222,-4.08248570822105,1.56492873058652,-2.60873586664293,0.00908773584163623,0.0275126747833065,"ENSG00000224863","downregulated",FALSE,FALSE,"Neither_bound","Neither_bound_downregulated"
"ENSG00000288766.1","ENSG00000288766.1",3.33091967635807,-3.1476731238799,1.20662366894617,-2.60866184286688,0.0090897017219283,0.0275161739676019,"ENSG00000288766","downregulated",FALSE,FALSE,"Neither_bound","Neither_bound_downregulated"
"ENSG00000225043.1","RPL18AP2",8.24872496971117,-1.9348404255724,0.741890789619962,-2.60798550493333,0.00910768109961247,0.0275583210040652,"ENSG00000225043","downregulated",FALSE,FALSE,"Neither_bound","Neither_bound_downregulated"
"ENSG00000286976.1","ENSG00000286976.1",6.35806782715704,-2.02052591662705,0.775195036812739,-2.6064742686364,0.00914796970532448,0.0276679044564564,"ENSG00000286976","downregulated",FALSE,FALSE,"Neither_bound","Neither_bound_downregulated"
"ENSG00000256029.6","ENSG00000256029.6",3.1886664545056,-3.5229829628559,1.35168075730273,-2.60637206220647,0.00915070019887952,0.0276736987496029,"ENSG00000256029","downregulated",FALSE,FALSE,"Neither_bound","Neither_bound_downregulated"
"ENSG00000201988.2","ENSG00000201988.2",18.5435732492576,-1.12571080051114,0.432223498317738,-2.60446459966321,0.00920179262715935,0.0278142954631781,"ENSG00000201988","downregulated",FALSE,FALSE,"Neither_bound","Neither_bound_downregulated"
"ENSG00000248571.1","ENSG00000248571.1",14.1152154597119,-1.36086569283936,0.522672760953072,-2.60366675768196,0.00922323867397228,0.0278583470814059,"ENSG00000248571","downregulated",FALSE,FALSE,"Neither_bound","Neither_bound_downregulated"
"ENSG00000286518.1","ENSG00000286518.1",14.0105154197249,-1.32866790341335,0.510445293556775,-2.60295847603024,0.00924231469886444,0.0279042730693651,"ENSG00000286518","downregulated",FALSE,FALSE,"Neither_bound","Neither_bound_downregulated"
"ENSG00000174837.15","ADGRE1",7.50064196866651,-1.78744886942913,0.686827124787528,-2.60247274011212,0.00925541728379552,0.0279381377440639,"ENSG00000174837","downregulated",FALSE,FALSE,"Neither_bound","Neither_bound_downregulated"
"ENSG00000246090.9","LOC100507053",13.4589650094616,-1.3857753598556,0.532602371859399,-2.60189483388449,0.00927102772684577,0.0279703588085529,"ENSG00000246090","downregulated",FALSE,FALSE,"Neither_bound","Neither_bound_downregulated"
"ENSG00000287329.1","ENSG00000287329.1",8.84753185497778,-1.73311447781615,0.666167880502139,-2.60161819346465,0.00927850866889965,0.0279904424924674,"ENSG00000287329","downregulated",FALSE,FALSE,"Neither_bound","Neither_bound_downregulated"
"ENSG00000237073.1","ENSG00000237073.1",5.91177929380616,-2.05694600771677,0.790894839379189,-2.60078319556538,0.00930112145487246,0.0280511847269029,"ENSG00000237073","downregulated",FALSE,FALSE,"Neither_bound","Neither_bound_downregulated"
"ENSG00000207732.1","MIR218-1",8.43016325836822,-1.66737982226049,0.641640342774509,-2.59862061517297,0.00935991559456686,0.0282084653461314,"ENSG00000207732","downregulated",FALSE,FALSE,"Neither_bound","Neither_bound_downregulated"
"ENSG00000206763.1","RNU6-10P",12.39739435373,-1.62395866957565,0.625041462687375,-2.59816150850764,0.00937243992531363,0.0282437047004128,"ENSG00000206763","downregulated",FALSE,FALSE,"Neither_bound","Neither_bound_downregulated"
"ENSG00000261762.1","ENSG00000261762.1",14.7324450344376,-1.29436163186078,0.498507593884327,-2.59647324883303,0.00941862395432711,0.0283581702210879,"ENSG00000261762","downregulated",FALSE,FALSE,"Neither_bound","Neither_bound_downregulated"
"ENSG00000280062.1","ENSG00000280062.1",9.30353008312417,-1.72082763995941,0.663031563767048,-2.59539324218961,0.00944827497918718,0.0284343939481731,"ENSG00000280062","downregulated",FALSE,FALSE,"Neither_bound","Neither_bound_downregulated"
"ENSG00000288765.1","ENSG00000288765.1",2.35920203806188,-4.01838859710294,1.55185009445355,-2.58941801883121,0.00961383113365077,0.0288712417954071,"ENSG00000288765","downregulated",FALSE,FALSE,"Neither_bound","Neither_bound_downregulated"
"ENSG00000289084.1","ENSG00000289084.1",8.90616799493189,-1.6207835526772,0.626589897304319,-2.58667361163985,0.00969073377592743,0.0290729192253616,"ENSG00000289084","downregulated",FALSE,FALSE,"Neither_bound","Neither_bound_downregulated"
"ENSG00000264705.1","ENSG00000264705.1",13.3818068309401,-1.36307806931905,0.527743880737732,-2.58284012201829,0.00979907209245238,0.0293755962259662,"ENSG00000264705","downregulated",FALSE,FALSE,"Neither_bound","Neither_bound_downregulated"
"ENSG00000224584.2","ENSG00000224584.2",7.57931734185979,-1.79936661761038,0.697495700460057,-2.57975298833176,0.00988710082550492,0.0296133533939468,"ENSG00000224584","downregulated",FALSE,FALSE,"Neither_bound","Neither_bound_downregulated"
"ENSG00000219409.2","LOC100420214",13.8311859929004,-1.32970270111287,0.515810489628392,-2.57788999613178,0.00994056375482671,0.0297603622090564,"ENSG00000219409","downregulated",FALSE,FALSE,"Neither_bound","Neither_bound_downregulated"
"ENSG00000278969.1","ENSG00000278969.1",11.5959720454519,-1.47757872598118,0.573309999781449,-2.57727708664501,0.00995820884465807,0.0298079342646586,"ENSG00000278969","downregulated",FALSE,FALSE,"Neither_bound","Neither_bound_downregulated"
"ENSG00000163012.4","ZSWIM2",3.9932983705205,-2.81821224390078,1.09457954017222,-2.57469844855437,0.0100327514157365,0.0299940591524148,"ENSG00000163012","downregulated",FALSE,FALSE,"Neither_bound","Neither_bound_downregulated"
"ENSG00000287040.1","ENSG00000287040.1",3.27039962917975,-3.54902878224933,1.37874868738477,-2.57409404246193,0.0100502951528931,0.0300385768370852,"ENSG00000287040","downregulated",FALSE,FALSE,"Neither_bound","Neither_bound_downregulated"
"ENSG00000228369.2","TXNDC12-AS1",14.0876995231536,-1.27297696392343,0.494624517287924,-2.57362285821029,0.0100639908848482,0.0300715730450848,"ENSG00000228369","downregulated",FALSE,FALSE,"Neither_bound","Neither_bound_downregulated"
"ENSG00000207497.1","ENSG00000207497.1",1.52824902687645,-4.60843441083421,1.79066465686661,-2.57358874715172,0.010064983022781,0.0300718922788129,"ENSG00000207497","downregulated",FALSE,FALSE,"Neither_bound","Neither_bound_downregulated"
"ENSG00000229068.1","ENSG00000229068.1",1.56795891184044,-4.65831799616143,1.81021014844941,-2.5733575740649,0.0100717091083088,0.0300866955405007,"ENSG00000229068","downregulated",FALSE,FALSE,"Neither_bound","Neither_bound_downregulated"
"ENSG00000259121.2","ENSG00000259121.2",9.19121924424678,-1.61943032147224,0.629376161989049,-2.57307222496999,0.0100800169888901,0.0301088653780004,"ENSG00000259121","downregulated",FALSE,FALSE,"Neither_bound","Neither_bound_downregulated"
"ENSG00000231458.2","RNASEH1P2",2.64714875605212,-4.08028113764027,1.5865842575716,-2.57173933131385,0.0101189047998514,0.0302143950634101,"ENSG00000231458","downregulated",FALSE,FALSE,"Neither_bound","Neither_bound_downregulated"
"ENSG00000241135.8","ENSG00000241135.8",7.01009896669391,-1.93704026034763,0.753740809412656,-2.5699023273757,0.0101727191841055,0.0303430738712414,"ENSG00000241135","downregulated",FALSE,FALSE,"Neither_bound","Neither_bound_downregulated"
"ENSG00000099377.14","HSD3B7",15.3069587924552,-1.22994088821162,0.478682032871041,-2.56943190625868,0.0101865409203141,0.0303789659333828,"ENSG00000099377","downregulated",FALSE,FALSE,"Neither_bound","Neither_bound_downregulated"
"ENSG00000206656.1","SNORD116-17",3.77737054251446,-2.82262939762586,1.09939732550312,-2.56743338568168,0.0102454472720796,0.0305198064490047,"ENSG00000206656","downregulated",FALSE,FALSE,"Neither_bound","Neither_bound_downregulated"
"ENSG00000280044.1","ENSG00000280044.1",4.4007837484476,-2.6351826506897,1.02681860469019,-2.56635654891039,0.0102773125559671,0.030603993416419,"ENSG00000280044","downregulated",FALSE,FALSE,"Neither_bound","Neither_bound_downregulated"
"ENSG00000212126.3","TAS2R50",19.3900902345194,-1.09110020900959,0.425548868657059,-2.5639833386301,0.0103478511789008,0.0307843588058242,"ENSG00000212126","downregulated",FALSE,FALSE,"Neither_bound","Neither_bound_downregulated"
"ENSG00000249888.1","ENSG00000249888.1",5.68359826033205,-2.343735631656,0.915342459413,-2.56050138126337,0.0104521247961576,0.0310707678953398,"ENSG00000249888","downregulated",FALSE,FALSE,"Neither_bound","Neither_bound_downregulated"
"ENSG00000225678.3","ENSG00000225678.3",3.28734374622172,-3.44972963888978,1.34775293800293,-2.55961574381839,0.0104787955224289,0.0311382543050332,"ENSG00000225678","downregulated",FALSE,FALSE,"Neither_bound","Neither_bound_downregulated"
"ENSG00000285731.1","ENSG00000285731.1",9.4756065100967,-1.59894186070448,0.624747332722684,-2.55934163613985,0.0104870624597058,0.0311500960408364,"ENSG00000285731","downregulated",FALSE,FALSE,"Neither_bound","Neither_bound_downregulated"
"ENSG00000201786.1","ENSG00000201786.1",13.9137193602101,-1.31521526388643,0.51399583346039,-2.55880530204294,0.0105032547866687,0.0311947677357317,"ENSG00000201786","downregulated",FALSE,FALSE,"Neither_bound","Neither_bound_downregulated"
"ENSG00000157992.12","KRTCAP3",20.2662393898591,-1.07339421541037,0.41968887968942,-2.55759508377899,0.0105398739202028,0.0312871132851044,"ENSG00000157992","downregulated",FALSE,FALSE,"Neither_bound","Neither_bound_downregulated"
"ENSG00000200661.1","SNORD116-10",2.55288624128241,-4.01670176442661,1.57134636282759,-2.55621666835991,0.0105817207117137,0.0313921300555014,"ENSG00000200661","downregulated",FALSE,FALSE,"Neither_bound","Neither_bound_downregulated"
"ENSG00000287918.2","ENSG00000287918.2",15.8969008768023,-1.2353952290693,0.483362106096411,-2.55583798044543,0.0105932429998685,0.03141808069672,"ENSG00000287918","downregulated",FALSE,FALSE,"Neither_bound","Neither_bound_downregulated"
"ENSG00000005243.10","COPZ2",18.3570158026459,-1.14615329620045,0.449363520955057,-2.55061490920417,0.0107533069061341,0.0318427625305173,"ENSG00000005243","downregulated",FALSE,FALSE,"Neither_bound","Neither_bound_downregulated"
"ENSG00000249222.1","ATP5MGL",7.38977052981696,-1.83892862643464,0.721440272347895,-2.54896863526891,0.0108042016686097,0.0319656059819994,"ENSG00000249222","downregulated",FALSE,FALSE,"Neither_bound","Neither_bound_downregulated"
"ENSG00000250955.1","ENSG00000250955.1",6.6221465814521,-2.12154130871012,0.832419524946973,-2.54864433753553,0.0108142525812756,0.0319897702412932,"ENSG00000250955","downregulated",FALSE,FALSE,"Neither_bound","Neither_bound_downregulated"
"ENSG00000257588.1","AQP5-AS1",13.7055115430221,-1.44485211871371,0.56721862932888,-2.54725787201882,0.010857316894947,0.0321115664159827,"ENSG00000257588","downregulated",FALSE,FALSE,"Neither_bound","Neither_bound_downregulated"
"ENSG00000236670.1","KRT18P5",16.2546354081719,-1.19339621165553,0.468516510590609,-2.54718069626008,0.010859718484927,0.0321158730189798,"ENSG00000236670","downregulated",FALSE,FALSE,"Neither_bound","Neither_bound_downregulated"
"ENSG00000287078.1","ENSG00000287078.1",11.9178627370299,-1.4144559283039,0.555363948091228,-2.54689907972123,0.0108684859605643,0.0321390033175282,"ENSG00000287078","downregulated",FALSE,FALSE,"Neither_bound","Neither_bound_downregulated"
"ENSG00000132840.10","BHMT2",8.03622688944084,-1.75342192829969,0.689192283150923,-2.54416941565743,0.0109537942707311,0.0323743568944744,"ENSG00000132840","downregulated",FALSE,FALSE,"Neither_bound","Neither_bound_downregulated"
"ENSG00000244244.2","RPS3AP42",2.31207078067702,-3.99282167321867,1.56983544293287,-2.54346510724653,0.0109759018825294,0.0324368744689194,"ENSG00000244244","downregulated",FALSE,FALSE,"Neither_bound","Neither_bound_downregulated"
"ENSG00000214535.3","RPS15AP1",17.6927847772466,-1.15468018447919,0.454009022184298,-2.54329788188762,0.0109811567579519,0.0324495809268475,"ENSG00000214535","downregulated",FALSE,FALSE,"Neither_bound","Neither_bound_downregulated"
"ENSG00000258082.2","ENSG00000258082.2",2.82687887139217,-3.5994810843843,1.41725993298353,-2.53974659172569,0.0110932812868066,0.0327384607353946,"ENSG00000258082","downregulated",FALSE,FALSE,"Neither_bound","Neither_bound_downregulated"
"ENSG00000224324.1","ENSG00000224324.1",5.5746285461609,-2.18389674860576,0.859977598581919,-2.5394809727683,0.0111017083840199,0.0327545236157723,"ENSG00000224324","downregulated",FALSE,FALSE,"Neither_bound","Neither_bound_downregulated"
"ENSG00000260392.6","ENSG00000260392.6",15.2678122915082,-1.29336073320855,0.509466073137454,-2.53865919911727,0.0111278162159529,0.0328172999846752,"ENSG00000260392","downregulated",FALSE,FALSE,"Neither_bound","Neither_bound_downregulated"
"ENSG00000251495.1","ENSG00000251495.1",11.4043585009023,-1.46699123137421,0.578400791753026,-2.53628842195744,0.0112034419291797,0.0330259928360997,"ENSG00000251495","downregulated",FALSE,FALSE,"Neither_bound","Neither_bound_downregulated"
"ENSG00000211454.16","AKR7L",23.47826888093,-1.02833472299098,0.405456588781702,-2.53623877732724,0.0112050304167595,0.0330278091978903,"ENSG00000211454","downregulated",FALSE,FALSE,"Neither_bound","Neither_bound_downregulated"
"ENSG00000287676.1","ENSG00000287676.1",15.557191910646,-1.20726209857624,0.47643800624313,-2.53393323529309,0.0112790219301829,0.0332286051105336,"ENSG00000287676","downregulated",FALSE,FALSE,"Neither_bound","Neither_bound_downregulated"
"ENSG00000235126.1","ENSG00000235126.1",3.5339642913942,-3.20084508382619,1.26337476035076,-2.53356738180959,0.0112908030272024,0.0332604281699774,"ENSG00000235126","downregulated",FALSE,FALSE,"Neither_bound","Neither_bound_downregulated"
"ENSG00000289259.2","ENSG00000289259.2",7.82570758237817,-1.85710609253841,0.733366558265916,-2.53230266857222,0.0113316131342713,0.0333575036783889,"ENSG00000289259","downregulated",FALSE,FALSE,"Neither_bound","Neither_bound_downregulated"
"ENSG00000289721.1","PYDC5",5.24048650758934,-2.15855431090954,0.852594221570073,-2.53174869861834,0.0113495299936763,0.0334015625390051,"ENSG00000289721","downregulated",FALSE,FALSE,"Neither_bound","Neither_bound_downregulated"
"ENSG00000275532.2","ENSG00000275532.2",16.6407387246107,-1.1500710678338,0.454454248321377,-2.53066413633899,0.0113846804536369,0.0334963036508565,"ENSG00000275532","downregulated",FALSE,FALSE,"Neither_bound","Neither_bound_downregulated"
"ENSG00000290096.1","ENSG00000290096.1",12.7416100282056,-1.32906922570657,0.526065418939188,-2.52643336333842,0.0115227245644366,0.0338555408705807,"ENSG00000290096","downregulated",FALSE,FALSE,"Neither_bound","Neither_bound_downregulated"
"ENSG00000270681.1","ENSG00000270681.1",10.2139273851855,-1.47853417591762,0.58542607683874,-2.52556938341661,0.0115510969653954,0.0339212986704031,"ENSG00000270681","downregulated",FALSE,FALSE,"Neither_bound","Neither_bound_downregulated"
"ENSG00000199866.1","ENSG00000199866.1",5.45318548652275,-2.15746483038729,0.855227087746525,-2.5226806555813,0.0116464111314607,0.0341687073167609,"ENSG00000199866","downregulated",FALSE,FALSE,"Neither_bound","Neither_bound_downregulated"
"ENSG00000277245.1","ENSG00000277245.1",6.85652972731814,-1.82936895357579,0.725343473903028,-2.52207267231904,0.0116665603209745,0.0342219102748586,"ENSG00000277245","downregulated",FALSE,FALSE,"Neither_bound","Neither_bound_downregulated"
"ENSG00000286694.1","ENSG00000286694.1",2.23541486014822,-4.08105836809706,1.61823784633761,-2.52191504316457,0.0116717893588276,0.0342313366379429,"ENSG00000286694","downregulated",FALSE,FALSE,"Neither_bound","Neither_bound_downregulated"
"ENSG00000286497.1","ENSG00000286497.1",3.96542463492377,-2.69100072889389,1.06738893508749,-2.52110607524081,0.0116986580123457,0.0342894136994872,"ENSG00000286497","downregulated",FALSE,FALSE,"Neither_bound","Neither_bound_downregulated"
"ENSG00000280092.1","ENSG00000280092.1",17.0813674488971,-1.40480903491757,0.558618485868242,-2.51479152669665,0.011910278809403,0.0348405400101449,"ENSG00000280092","downregulated",FALSE,FALSE,"Neither_bound","Neither_bound_downregulated"
"ENSG00000167580.8","AQP2",6.37404348130126,-1.89426698914399,0.753281256284437,-2.51468753980083,0.0119137919699717,0.0348478158646342,"ENSG00000167580","downregulated",FALSE,FALSE,"Neither_bound","Neither_bound_downregulated"
"ENSG00000227740.2","LINC02803",21.9403317078367,-1.1443466208353,0.455403857782682,-2.51281714302337,0.0119771397506529,0.0349969447785098,"ENSG00000227740","downregulated",FALSE,FALSE,"Neither_bound","Neither_bound_downregulated"
"ENSG00000289881.1","ENSG00000289881.1",20.8721824094496,-1.09327900137428,0.435317573855521,-2.51145156326063,0.0120235784852318,0.0351024421131374,"ENSG00000289881","downregulated",FALSE,FALSE,"Neither_bound","Neither_bound_downregulated"
"ENSG00000234041.1","ENSG00000234041.1",8.93760098394123,-1.62286621475714,0.646178976539388,-2.5114809885156,0.0120225761519759,0.0351024421131374,"ENSG00000234041","downregulated",FALSE,FALSE,"Neither_bound","Neither_bound_downregulated"
"ENSG00000260310.1","ENSG00000260310.1",3.17539271767534,-3.37800554802618,1.34515405560679,-2.51124065228528,0.012030765063431,0.0351143691076322,"ENSG00000260310","downregulated",FALSE,FALSE,"Neither_bound","Neither_bound_downregulated"
"ENSG00000237153.4","ENSG00000237153.4",18.3455542737548,-1.18552997332199,0.472777259201099,-2.50758671287469,0.0121558751740059,0.0354308192818458,"ENSG00000237153","downregulated",FALSE,FALSE,"Neither_bound","Neither_bound_downregulated"
"ENSG00000153093.21","ACOXL",7.25838911932583,-1.79026152483858,0.714465723643898,-2.50573465681172,0.0122197284056538,0.0355833462908913,"ENSG00000153093","downregulated",FALSE,FALSE,"Neither_bound","Neither_bound_downregulated"
"ENSG00000168754.15","FAM178B",3.17699656410795,-3.07968531861319,1.22915117161004,-2.50553828507455,0.0122265160983499,0.0355970085565054,"ENSG00000168754","downregulated",FALSE,FALSE,"Neither_bound","Neither_bound_downregulated"
"ENSG00000228084.3","ENSG00000228084.3",4.1504455432211,-2.61127974344855,1.04252959181383,-2.50475359544025,0.0122536726671265,0.0356699591359115,"ENSG00000228084","downregulated",FALSE,FALSE,"Neither_bound","Neither_bound_downregulated"
"ENSG00000228998.4","ENSG00000228998.4",18.2161427237589,-1.16907160980879,0.466764742770349,-2.50462706945281,0.0122580564829666,0.0356796626061189,"ENSG00000228998","downregulated",FALSE,FALSE,"Neither_bound","Neither_bound_downregulated"
"ENSG00000113600.12","C9",2.83653323528944,-3.5275102288502,1.40903255497416,-2.50349803231827,0.0122972364179488,0.0357722468651951,"ENSG00000113600","downregulated",FALSE,FALSE,"Neither_bound","Neither_bound_downregulated"
"ENSG00000248200.2","ENSG00000248200.2",10.9779694740614,-1.49841903459621,0.598606451420614,-2.50317889331156,0.0123083312975597,0.0358014555159708,"ENSG00000248200","downregulated",FALSE,FALSE,"Neither_bound","Neither_bound_downregulated"
"ENSG00000224819.2","ENSG00000224819.2",13.6992249947753,-1.29657490903672,0.518019634931693,-2.50294549010229,0.012316451182315,0.0358220064869319,"ENSG00000224819","downregulated",FALSE,FALSE,"Neither_bound","Neither_bound_downregulated"
"ENSG00000213036.3","ENSG00000213036.3",7.8757032886102,-1.80815752685227,0.723323499726492,-2.49979093384354,0.0124266617160056,0.0361054524992968,"ENSG00000213036","downregulated",FALSE,FALSE,"Neither_bound","Neither_bound_downregulated"
"ENSG00000238082.1","ENSG00000238082.1",4.62137302563942,-2.31787012591362,0.927255556365616,-2.49971015002436,0.0124294954887545,0.0361105972256253,"ENSG00000238082","downregulated",FALSE,FALSE,"Neither_bound","Neither_bound_downregulated"
"ENSG00000229154.2","KCNQ5-AS1",13.0208128392752,-1.27653412706634,0.510951514706898,-2.49834688874269,0.0124774030042842,0.0362342844532381,"ENSG00000229154","downregulated",FALSE,FALSE,"Neither_bound","Neither_bound_downregulated"
"ENSG00000168658.20","VWA3B",6.01837960860258,-2.10717305503266,0.843858643763296,-2.49706875743484,0.0125224673419064,0.0363496129439307,"ENSG00000168658","downregulated",FALSE,FALSE,"Neither_bound","Neither_bound_downregulated"
"ENSG00000277895.1","ENSG00000277895.1",12.495968473282,-1.37389990348631,0.550302561914904,-2.49662639894954,0.0125380975488067,0.0363887643145819,"ENSG00000277895","downregulated",FALSE,FALSE,"Neither_bound","Neither_bound_downregulated"
"ENSG00000120729.10","MYOT",6.71814255063802,-1.84100864186724,0.737515858050002,-2.49622922920584,0.0125521457803857,0.0364233117946474,"ENSG00000120729","downregulated",FALSE,FALSE,"Neither_bound","Neither_bound_downregulated"
"ENSG00000236440.1","ENSG00000236440.1",17.3425806314977,-1.20297436181721,0.48198716133421,-2.49586391157641,0.0125650796785362,0.0364577284121054,"ENSG00000236440","downregulated",FALSE,FALSE,"Neither_bound","Neither_bound_downregulated"
"ENSG00000124232.11","RBPJL",5.14829465149054,-2.13957972847665,0.857476409106031,-2.49520535580365,0.0125884253455989,0.0365067559241273,"ENSG00000124232","downregulated",FALSE,FALSE,"Neither_bound","Neither_bound_downregulated"
"ENSG00000287976.1","ENSG00000287976.1",2.38138574205471,-3.91767583653244,1.57068706064087,-2.49424340131379,0.0126225954502227,0.0365871360124696,"ENSG00000287976","downregulated",FALSE,FALSE,"Neither_bound","Neither_bound_downregulated"
"ENSG00000290439.1","HSD17B7P2",6.44617349808456,-1.90362715600487,0.763575414960729,-2.49304406441998,0.0126653127301889,0.0366890109857629,"ENSG00000290439","downregulated",FALSE,FALSE,"Neither_bound","Neither_bound_downregulated"
"ENSG00000226641.1","ENSG00000226641.1",2.34460203929542,-3.91833482469371,1.57282218492634,-2.49127642161101,0.0127285048861547,0.0368594930923192,"ENSG00000226641","downregulated",FALSE,FALSE,"Neither_bound","Neither_bound_downregulated"
"ENSG00000186076.5","ENSG00000186076.5",5.12100297982301,-2.14925103449396,0.863344042373446,-2.48944908287708,0.0127941243263092,0.0370179569945545,"ENSG00000186076","downregulated",FALSE,FALSE,"Neither_bound","Neither_bound_downregulated"
"ENSG00000261096.1","ENSG00000261096.1",22.8955148779438,-1.10068537509448,0.442150409331906,-2.48939128374352,0.0127962047592336,0.0370208230356568,"ENSG00000261096","downregulated",FALSE,FALSE,"Neither_bound","Neither_bound_downregulated"
"ENSG00000205853.12","RFPL3S",8.65039866268569,-1.61641611607964,0.649993632907335,-2.48681838443497,0.0128891179778176,0.0372492280365663,"ENSG00000205853","downregulated",FALSE,FALSE,"Neither_bound","Neither_bound_downregulated"
"ENSG00000233771.2","ENSG00000233771.2",12.7524551085988,-1.32532271952967,0.533039814556777,-2.48634845528693,0.012906152501295,0.0372912715348748,"ENSG00000233771","downregulated",FALSE,FALSE,"Neither_bound","Neither_bound_downregulated"
"ENSG00000257322.7","ENSG00000257322.7",3.28309522824493,-2.98986174060508,1.20357053837465,-2.4841599601156,0.0129857461971716,0.0374925479664706,"ENSG00000257322","downregulated",FALSE,FALSE,"Neither_bound","Neither_bound_downregulated"
"ENSG00000232298.2","ENSG00000232298.2",6.96566570045891,-1.8184450846618,0.732120292187451,-2.4838064237075,0.0129986446697387,0.0375202211201294,"ENSG00000232298","downregulated",FALSE,FALSE,"Neither_bound","Neither_bound_downregulated"
"ENSG00000206997.1","RNU6-524P",2.96250219867309,-3.41717270254156,1.37599486718424,-2.48341965805024,0.0130127684622009,0.0375546065525947,"ENSG00000206997","downregulated",FALSE,FALSE,"Neither_bound","Neither_bound_downregulated"
"ENSG00000233198.4","RNF224",21.2305288558197,-1.02885301216139,0.414296969138249,-2.48337083976608,0.0130145521581451,0.0375565633937535,"ENSG00000233198","downregulated",FALSE,FALSE,"Neither_bound","Neither_bound_downregulated"
"ENSG00000250286.2","LOC105371824",7.80128035955782,-1.80381214471532,0.726441689882842,-2.48307905484642,0.013025217746855,0.0375809561220736,"ENSG00000250286","downregulated",FALSE,FALSE,"Neither_bound","Neither_bound_downregulated"
"ENSG00000237979.1","ENSG00000237979.1",7.00085360784151,-1.83279086447046,0.7382390873427,-2.48265215957016,0.0130408359422074,0.0376196276250446,"ENSG00000237979","downregulated",FALSE,FALSE,"Neither_bound","Neither_bound_downregulated"
"ENSG00000226890.1","ENSG00000226890.1",6.72962090096684,-1.89560004986989,0.764098189693358,-2.48083305972837,0.0131075745246905,0.0377672484056905,"ENSG00000226890","downregulated",FALSE,FALSE,"Neither_bound","Neither_bound_downregulated"
"ENSG00000237772.2","LINC02631",16.1104879512733,-1.16535533073263,0.469853461208848,-2.48025273185044,0.0131289288741638,0.0378191533240837,"ENSG00000237772","downregulated",FALSE,FALSE,"Neither_bound","Neither_bound_downregulated"
"ENSG00000222522.1","RNU6-519P",2.81376746736742,-3.38794104883995,1.36652288930201,-2.47924207882858,0.0131661913655027,0.0379136307479988,"ENSG00000222522","downregulated",FALSE,FALSE,"Neither_bound","Neither_bound_downregulated"
"ENSG00000232915.1","ENSG00000232915.1",15.2995925522049,-1.19024070201881,0.480399276115322,-2.47760719300727,0.0132266671560643,0.0380555166828047,"ENSG00000232915","downregulated",FALSE,FALSE,"Neither_bound","Neither_bound_downregulated"
"ENSG00000264150.1","ENSG00000264150.1",4.93841072796274,-2.19409603929208,0.885951098377272,-2.47654305447652,0.0132661623568271,0.0381523545943421,"ENSG00000264150","downregulated",FALSE,FALSE,"Neither_bound","Neither_bound_downregulated"
"ENSG00000249318.1","ENSG00000249318.1",4.68373755172635,-2.46533113854997,0.995872167086258,-2.4755497944712,0.0133031209572293,0.0382333879918068,"ENSG00000249318","downregulated",FALSE,FALSE,"Neither_bound","Neither_bound_downregulated"
"ENSG00000289602.1","ENSG00000289602.1",11.4322467915194,-1.3935593390531,0.563138091139126,-2.47463164183084,0.0133373657818584,0.038322080940464,"ENSG00000289602","downregulated",FALSE,FALSE,"Neither_bound","Neither_bound_downregulated"
"ENSG00000168124.3","OR1F1",9.02506945876903,-1.55846340462446,0.630202241365018,-2.47295757191981,0.0134000050507308,0.0384662698861848,"ENSG00000168124","downregulated",FALSE,FALSE,"Neither_bound","Neither_bound_downregulated"
"ENSG00000253770.1","HMGB1P23",9.6271602229721,-1.6008086893811,0.648045957527732,-2.47020858750222,0.0135034289030712,0.0387369709466703,"ENSG00000253770","downregulated",FALSE,FALSE,"Neither_bound","Neither_bound_downregulated"
"ENSG00000287723.1","ENSG00000287723.1",2.0794210892272,-3.92743480639656,1.59004976924948,-2.47000746916894,0.0135110231067143,0.0387554832704672,"ENSG00000287723","downregulated",FALSE,FALSE,"Neither_bound","Neither_bound_downregulated"
"ENSG00000228604.3","ENSG00000228604.3",23.1318555443891,-1.00462570839893,0.406757870754739,-2.46983717004628,0.0135174565310784,0.0387673896865645,"ENSG00000228604","downregulated",FALSE,FALSE,"Neither_bound","Neither_bound_downregulated"
"ENSG00000270324.1","ENSG00000270324.1",13.3883994671924,-1.35684856710625,0.549747055091959,-2.46813248845741,0.0135820039313418,0.0389130827884463,"ENSG00000270324","downregulated",FALSE,FALSE,"Neither_bound","Neither_bound_downregulated"
"ENSG00000246228.7","CASC8",5.21018824044737,-2.11653501704002,0.857983162080843,-2.4668724406046,0.0136298902459195,0.0390371089269302,"ENSG00000246228","downregulated",FALSE,FALSE,"Neither_bound","Neither_bound_downregulated"
"ENSG00000216192.1","MIR920",17.0364291940509,-1.22296469197518,0.496115651465975,-2.46507984249526,0.013698272371362,0.0392098184806965,"ENSG00000216192","downregulated",FALSE,FALSE,"Neither_bound","Neither_bound_downregulated"
"ENSG00000238444.1","RNU6-893P",8.63590586455421,-1.63035379832675,0.661554514409446,-2.46442849805375,0.0137231941178547,0.039273106829951,"ENSG00000238444","downregulated",FALSE,FALSE,"Neither_bound","Neither_bound_downregulated"
"ENSG00000233661.1","ENSG00000233661.1",5.19042906799979,-2.10137667613262,0.852712138429538,-2.46434474358813,0.0137264016358584,0.0392737879689048,"ENSG00000233661","downregulated",FALSE,FALSE,"Neither_bound","Neither_bound_downregulated"
"ENSG00000268584.1","ENSG00000268584.1",17.8416509291008,-1.07674601228901,0.437208436480718,-2.46277501174546,0.0137866397703621,0.0394129422420182,"ENSG00000268584","downregulated",FALSE,FALSE,"Neither_bound","Neither_bound_downregulated"
"ENSG00000239279.3","RN7SL184P",5.18300769557893,-2.11384339077182,0.858358585290526,-2.46265771321708,0.0137911504368339,0.0394225194006877,"ENSG00000239279","downregulated",FALSE,FALSE,"Neither_bound","Neither_bound_downregulated"
"ENSG00000272164.1","ENSG00000272164.1",9.70831344731631,-1.47504915324655,0.599300175912973,-2.46128603416388,0.0138439945936956,0.0395502782471532,"ENSG00000272164","downregulated",FALSE,FALSE,"Neither_bound","Neither_bound_downregulated"
"ENSG00000270615.1","SGO1P1",3.19918026810078,-3.00554311604814,1.2214580702409,-2.46061914794617,0.0138697510250318,0.0396022108280836,"ENSG00000270615","downregulated",FALSE,FALSE,"Neither_bound","Neither_bound_downregulated"
"ENSG00000252695.1","MIR2276",5.59681225015373,-2.13293250104999,0.866976955001253,-2.46019515137736,0.0138861485823043,0.0396440321939579,"ENSG00000252695","downregulated",FALSE,FALSE,"Neither_bound","Neither_bound_downregulated"
"ENSG00000255156.1","RNY1P9",7.89082734538474,-1.62872288508702,0.662067730665855,-2.46005477936371,0.0138915810710833,0.0396562085740446,"ENSG00000255156","downregulated",FALSE,FALSE,"Neither_bound","Neither_bound_downregulated"
"ENSG00000266283.1","ENSG00000266283.1",3.5587348597378,-2.99795211049433,1.22165002211481,-2.4540187911629,0.0141269599053305,0.0402469658696859,"ENSG00000266283","downregulated",FALSE,FALSE,"Neither_bound","Neither_bound_downregulated"
"ENSG00000286015.1","ENSG00000286015.1",2.83887735356495,-3.3848698380252,1.37947746919088,-2.45373332556897,0.0141381785412817,0.0402755492024703,"ENSG00000286015","downregulated",FALSE,FALSE,"Neither_bound","Neither_bound_downregulated"
"ENSG00000258274.1","CRADD-AS1",27.929332206222,-1.06369837438067,0.433558780857157,-2.45341213543804,0.0141508105296098,0.0403081536326864,"ENSG00000258274","downregulated",FALSE,FALSE,"Neither_bound","Neither_bound_downregulated"
"ENSG00000201821.1","RNU4-9P",3.09291927115829,-3.15943784036128,1.28791070546364,-2.453149761826,0.0141611367305246,0.0403308034260468,"ENSG00000201821","downregulated",FALSE,FALSE,"Neither_bound","Neither_bound_downregulated"
"ENSG00000230789.1","ARHGAP26-IT1",22.1286526586636,-1.07348719573758,0.437705506627357,-2.4525329918947,0.014185437047351,0.0403864659814282,"ENSG00000230789","downregulated",FALSE,FALSE,"Neither_bound","Neither_bound_downregulated"
"ENSG00000275178.1","ENSG00000275178.1",3.84168866301654,-2.69560470707126,1.09969302973002,-2.45123378451626,0.0142367453494704,0.0405189581927785,"ENSG00000275178","downregulated",FALSE,FALSE,"Neither_bound","Neither_bound_downregulated"
"ENSG00000237971.1","ENSG00000237971.1",20.2521941626301,-1.008140784942,0.411752821821479,-2.44841257063465,0.0143487248732476,0.0407932278619412,"ENSG00000237971","downregulated",FALSE,FALSE,"Neither_bound","Neither_bound_downregulated"
"ENSG00000235933.2","ENSG00000235933.2",7.47748980177593,-1.75462154073239,0.71750832813912,-2.44543717740956,0.0144676651276607,0.0410935403508972,"ENSG00000235933","downregulated",FALSE,FALSE,"Neither_bound","Neither_bound_downregulated"
"ENSG00000143570.19","SLC39A1",23.8771983632966,-1.08171274453552,0.442662094153328,-2.44365342960864,0.014539385896774,0.0412661982070202,"ENSG00000143570","downregulated",FALSE,FALSE,"Neither_bound","Neither_bound_downregulated"
"ENSG00000271662.1","ENSG00000271662.1",20.815505041216,-1.00008085777247,0.409371041738645,-2.44296922792831,0.014566979289445,0.0413307010110146,"ENSG00000271662","downregulated",FALSE,FALSE,"Neither_bound","Neither_bound_downregulated"
"ENSG00000266649.1","MIR3126",3.91404485956213,-2.4567871018147,1.00576997360128,-2.44269282867719,0.0145781393717202,0.0413416461995819,"ENSG00000266649","downregulated",FALSE,FALSE,"Neither_bound","Neither_bound_downregulated"
"ENSG00000226249.1","LOC105378044",8.64711468144253,-1.67054560964777,0.683989905049883,-2.44235418873023,0.0145918228010857,0.0413735423127945,"ENSG00000226249","downregulated",FALSE,FALSE,"Neither_bound","Neither_bound_downregulated"
"ENSG00000288612.1","ENSG00000288612.1",12.765841784793,-1.37305855521221,0.562512499184004,-2.44093874750162,0.0146491392075073,0.0415118011679825,"ENSG00000288612","downregulated",FALSE,FALSE,"Neither_bound","Neither_bound_downregulated"
"ENSG00000289488.1","ENSG00000289488.1",17.7318804348831,-1.15308681082281,0.472408458155893,-2.44086825905708,0.0146519987237978,0.0415164408283254,"ENSG00000289488","downregulated",FALSE,FALSE,"Neither_bound","Neither_bound_downregulated"
"ENSG00000269980.1","ENSG00000269980.1",7.276659498304,-1.73654356629826,0.711673868007672,-2.44008336453284,0.0146838729276289,0.0415812069747346,"ENSG00000269980","downregulated",FALSE,FALSE,"Neither_bound","Neither_bound_downregulated"
"ENSG00000261471.1","ENSG00000261471.1",20.1921245601048,-1.04593895570539,0.429092251635372,-2.43756197348955,0.0147866793660972,0.0418526726695766,"ENSG00000261471","downregulated",FALSE,FALSE,"Neither_bound","Neither_bound_downregulated"
"ENSG00000226254.1","PTP4A1P3",8.2337152057485,-1.57125262268676,0.644790597065695,-2.43684171239034,0.0148161633184295,0.0419221520700053,"ENSG00000226254","downregulated",FALSE,FALSE,"Neither_bound","Neither_bound_downregulated"
"ENSG00000242882.1","RPL5P11",19.3092906843219,-1.06353072615483,0.436528237552052,-2.43633890013361,0.0148367766780824,0.0419664943126908,"ENSG00000242882","downregulated",FALSE,FALSE,"Neither_bound","Neither_bound_downregulated"
"ENSG00000226193.1","ENSG00000226193.1",2.10660163409564,-3.88333773463478,1.59420017265516,-2.43591601684939,0.014854132819297,0.042005093540283,"ENSG00000226193","downregulated",FALSE,FALSE,"Neither_bound","Neither_bound_downregulated"
"ENSG00000224479.6","ENSG00000224479.6",10.8738734967467,-1.4522927492507,0.596537131614338,-2.43453872740584,0.0149107841533004,0.0421512579992766,"ENSG00000224479","downregulated",FALSE,FALSE,"Neither_bound","Neither_bound_downregulated"
"ENSG00000081237.21","PTPRC",12.8068412807072,-1.29395234826112,0.531534960115176,-2.43436922376797,0.0149177693975691,0.0421642027347073,"ENSG00000081237","downregulated",FALSE,FALSE,"Neither_bound","Neither_bound_downregulated"
"ENSG00000144410.5","CPO",6.83779233737397,-1.7353855219076,0.712869201401087,-2.43436736851142,0.0149178458686326,0.0421642027347073,"ENSG00000144410","downregulated",FALSE,FALSE,"Neither_bound","Neither_bound_downregulated"
"ENSG00000279099.1","ENSG00000279099.1",5.25053799653397,-2.49199863997431,1.02384207625767,-2.4339677942159,0.0149343238082298,0.0422037530048213,"ENSG00000279099","downregulated",FALSE,FALSE,"Neither_bound","Neither_bound_downregulated"
"ENSG00000203756.8","TMEM244",5.58767801810043,-1.96969983133541,0.809455385239858,-2.43336429314352,0.0149592418306454,0.0422636219332414,"ENSG00000203756","downregulated",FALSE,FALSE,"Neither_bound","Neither_bound_downregulated"
"ENSG00000227678.8","ENSG00000227678.8",12.0703151283896,-1.34971596498744,0.554984350879918,-2.43198923149363,0.015016153748124,0.0423856332488181,"ENSG00000227678","downregulated",FALSE,FALSE,"Neither_bound","Neither_bound_downregulated"
"ENSG00000265112.1","MIR3153",4.06018880035293,-2.85808366339619,1.17551193592584,-2.43135231216955,0.0150425795362641,0.0424390649242374,"ENSG00000265112","downregulated",FALSE,FALSE,"Neither_bound","Neither_bound_downregulated"
"ENSG00000242017.1","ENSG00000242017.1",5.03466348813361,-2.21445760615316,0.911585933956612,-2.42923626140392,0.0151306688462951,0.0426637894814329,"ENSG00000242017","downregulated",FALSE,FALSE,"Neither_bound","Neither_bound_downregulated"
"ENSG00000230457.3","ENSG00000230457.3",3.89616087955251,-2.68516729926105,1.10586926227523,-2.42810555538596,0.0151779251108779,0.0427676283837661,"ENSG00000230457","downregulated",FALSE,FALSE,"Neither_bound","Neither_bound_downregulated"
"ENSG00000226375.1","ENSG00000226375.1",5.63641312191789,-1.97663042808594,0.814747846581374,-2.42606401033123,0.0152635778671627,0.0429744628100726,"ENSG00000226375","downregulated",FALSE,FALSE,"Neither_bound","Neither_bound_downregulated"
"ENSG00000197766.9","CFD",13.4467562100852,-1.24397236518887,0.51275533950451,-2.42605443444228,0.015263980623043,0.0429744628100726,"ENSG00000197766","downregulated",FALSE,FALSE,"Neither_bound","Neither_bound_downregulated"
"ENSG00000231615.2","LOC646870",8.70740261140189,-1.60591160803622,0.66247344690712,-2.42411468042035,0.0153457586271042,0.0431689216600807,"ENSG00000231615","downregulated",FALSE,FALSE,"Neither_bound","Neither_bound_downregulated"
"ENSG00000207967.1","MIR620",8.19646257715166,-1.67116518160667,0.689625928418638,-2.42329227011342,0.0153805468512911,0.0432417162261758,"ENSG00000207967","downregulated",FALSE,FALSE,"Neither_bound","Neither_bound_downregulated"
"ENSG00000227914.3","ENSG00000227914.3",16.1393219964052,-1.28801928361216,0.531710560087015,-2.42240681358928,0.0154180795385566,0.0433328914252598,"ENSG00000227914","downregulated",FALSE,FALSE,"Neither_bound","Neither_bound_downregulated"
"ENSG00000285130.2","ENSG00000285130.2",8.23117954740416,-1.61441253450636,0.666781920328002,-2.42120022347367,0.0154693541832923,0.0434626156243237,"ENSG00000285130","downregulated",FALSE,FALSE,"Neither_bound","Neither_bound_downregulated"
"ENSG00000231780.1","RBISP6",3.17089752745918,-3.46559888781758,1.43189923345364,-2.42028126480575,0.0155085064018699,0.0435654106399864,"ENSG00000231780","downregulated",FALSE,FALSE,"Neither_bound","Neither_bound_downregulated"
"ENSG00000279819.1","ENSG00000279819.1",15.8819509313256,-1.23510474850498,0.510970091935063,-2.41717620659085,0.0156414432235397,0.0438824111214037,"ENSG00000279819","downregulated",FALSE,FALSE,"Neither_bound","Neither_bound_downregulated"
"ENSG00000196188.12","CTSE",3.26551784126734,-2.91455046195759,1.2059557833329,-2.41679711830118,0.0156577416007525,0.0439192540622925,"ENSG00000196188","downregulated",FALSE,FALSE,"Neither_bound","Neither_bound_downregulated"
"ENSG00000198658.4","ENSG00000198658.4",16.2845033153339,-1.2157425001411,0.503760546206302,-2.4133340915571,0.0158073226514784,0.0442898793676138,"ENSG00000198658","downregulated",FALSE,FALSE,"Neither_bound","Neither_bound_downregulated"
"ENSG00000271537.1","ENSG00000271537.1",5.75796730835513,-1.99014437019392,0.824727643143362,-2.41309283948419,0.0158177899019113,0.0443096394019565,"ENSG00000271537","downregulated",FALSE,FALSE,"Neither_bound","Neither_bound_downregulated"
"ENSG00000236745.2","YRDCP2",9.65232342877531,-1.49268566571094,0.618979479473413,-2.41152690066691,0.0158858799108986,0.0444747027786537,"ENSG00000236745","downregulated",FALSE,FALSE,"Neither_bound","Neither_bound_downregulated"
"ENSG00000226284.1","ENSG00000226284.1",21.4385658241437,-1.00330634767415,0.41608240071354,-2.41131647470209,0.0158950492504278,0.0444930393851282,"ENSG00000226284","downregulated",FALSE,FALSE,"Neither_bound","Neither_bound_downregulated"
"ENSG00000200403.1","RNU6-1099P",7.86508026308748,-1.65042572617358,0.684524854119691,-2.41105303370767,0.0159065352873229,0.0445178537233075,"ENSG00000200403","downregulated",FALSE,FALSE,"Neither_bound","Neither_bound_downregulated"
"ENSG00000212370.1","RNU6-482P",9.20926948322601,-1.51550728368442,0.629054355368202,-2.40918335713192,0.015988263170464,0.0447171118463828,"ENSG00000212370","downregulated",FALSE,FALSE,"Neither_bound","Neither_bound_downregulated"
"ENSG00000249816.8","LINC00964",3.86691360217727,-2.43972771311196,1.0134941996461,-2.40724388355047,0.0160734319427732,0.044914637728868,"ENSG00000249816","downregulated",FALSE,FALSE,"Neither_bound","Neither_bound_downregulated"
"ENSG00000248265.2","FLJ12825",20.6849046784456,-1.04419033343707,0.433865184991397,-2.40671611726065,0.0160966768460618,0.0449684940461409,"ENSG00000248265","downregulated",FALSE,FALSE,"Neither_bound","Neither_bound_downregulated"
"ENSG00000288728.2","ENSG00000288728.2",13.3989365505942,-1.27803027329761,0.531136356078235,-2.40621877729146,0.0161186086922459,0.0450223583634741,"ENSG00000288728","downregulated",FALSE,FALSE,"Neither_bound","Neither_bound_downregulated"
"ENSG00000262380.1","ENSG00000262380.1",13.5785814640424,-1.2535575819115,0.521175428288783,-2.40525073491551,0.0161613730434213,0.0451306740824511,"ENSG00000262380","downregulated",FALSE,FALSE,"Neither_bound","Neither_bound_downregulated"
"ENSG00000254197.1","ENSG00000254197.1",6.26564778000339,-1.84404764686713,0.766854804377252,-2.40468943578524,0.0161862147045235,0.045174048236238,"ENSG00000254197","downregulated",FALSE,FALSE,"Neither_bound","Neither_bound_downregulated"
"ENSG00000201264.1","SNORD73B",8.97783100074919,-1.51689800640386,0.630969160936542,-2.40407630089613,0.0162133888284065,0.0452424539327456,"ENSG00000201264","downregulated",FALSE,FALSE,"Neither_bound","Neither_bound_downregulated"
"ENSG00000276763.1","ENSG00000276763.1",7.88679705253533,-1.986933889385,0.826754794861083,-2.4032928526515,0.0162481695758816,0.0453320594787308,"ENSG00000276763","downregulated",FALSE,FALSE,"Neither_bound","Neither_bound_downregulated"
"ENSG00000103241.7","FOXF1",9.83309581909585,-1.48042557740564,0.616083017026919,-2.40296443253678,0.0162627690959883,0.0453690654280987,"ENSG00000103241","downregulated",FALSE,FALSE,"Neither_bound","Neither_bound_downregulated"
"ENSG00000138792.10","ENPEP",5.15168764593354,-2.20650896609663,0.918667580885437,-2.40185787765574,0.0163120445451674,0.0454788469371096,"ENSG00000138792","downregulated",FALSE,FALSE,"Neither_bound","Neither_bound_downregulated"
"ENSG00000248479.1","ENSG00000248479.1",10.3001032929281,-1.65635371401989,0.689636785831989,-2.40177691800712,0.0163156548640726,0.0454807620254639,"ENSG00000248479","downregulated",FALSE,FALSE,"Neither_bound","Neither_bound_downregulated"
"ENSG00000252914.1","RNU6-789P",6.70911733178455,-1.8489535220943,0.769970956849552,-2.40132891461201,0.0163356458464963,0.0455237688172767,"ENSG00000252914","downregulated",FALSE,FALSE,"Neither_bound","Neither_bound_downregulated"
"ENSG00000177938.5","CAPZA3",2.60606532930961,-3.46323336273939,1.44347219705754,-2.39923801081798,0.0164292318514726,0.0457507909108723,"ENSG00000177938","downregulated",FALSE,FALSE,"Neither_bound","Neither_bound_downregulated"
"ENSG00000259319.2","ENSG00000259319.2",2.65542957817089,-3.41922897511265,1.42579487665402,-2.39812123826445,0.0164794097709806,0.0458684592824085,"ENSG00000259319","downregulated",FALSE,FALSE,"Neither_bound","Neither_bound_downregulated"
"ENSG00000227401.1","RPL37P1",5.54686593736327,-2.0622913533017,0.860451861424311,-2.39675389845514,0.0165410292449394,0.0460130768480962,"ENSG00000227401","downregulated",FALSE,FALSE,"Neither_bound","Neither_bound_downregulated"
"ENSG00000199940.1","RN7SKP75",7.79667595741412,-1.61403123709129,0.673573673772316,-2.39622078465743,0.0165651089126255,0.0460687423893945,"ENSG00000199940","downregulated",FALSE,FALSE,"Neither_bound","Neither_bound_downregulated"
"ENSG00000254362.1","ENSG00000254362.1",12.9287242576473,-1.29883020963,0.542413624356069,-2.39453832151048,0.0166413043635708,0.046257923618803,"ENSG00000254362","downregulated",FALSE,FALSE,"Neither_bound","Neither_bound_downregulated"
"ENSG00000289639.1","ENSG00000289639.1",4.06887862751657,-2.33799789928693,0.976653898441416,-2.39388580030039,0.0166709384918501,0.0463251340552326,"ENSG00000289639","downregulated",FALSE,FALSE,"Neither_bound","Neither_bound_downregulated"
"ENSG00000225171.2","DUTP6",13.0727127464808,-1.22001595957467,0.509740053226885,-2.39340807505985,0.0166926636644924,0.0463627472899001,"ENSG00000225171","downregulated",FALSE,FALSE,"Neither_bound","Neither_bound_downregulated"
"ENSG00000289872.1","ENSG00000289872.1",12.8525139931494,-1.32476255962819,0.553664509877541,-2.39271713464387,0.0167241290483802,0.046437791984421,"ENSG00000289872","downregulated",FALSE,FALSE,"Neither_bound","Neither_bound_downregulated"
"ENSG00000277541.1","ENSG00000277541.1",2.72243113480241,-3.42658897868489,1.43381439998371,-2.38984137606919,0.0168556510045976,0.0467771857290991,"ENSG00000277541","downregulated",FALSE,FALSE,"Neither_bound","Neither_bound_downregulated"
"ENSG00000259376.1","ENSG00000259376.1",14.0106220589363,-1.2119920806073,0.507460692005634,-2.38834672261441,0.0169243664194583,0.0469295411049927,"ENSG00000259376","downregulated",FALSE,FALSE,"Neither_bound","Neither_bound_downregulated"
"ENSG00000160408.16","ST6GALNAC6",15.9352324313657,-1.20606987611791,0.505291848917337,-2.38687775926346,0.0169921401856687,0.0471097794504404,"ENSG00000160408","downregulated",FALSE,FALSE,"Neither_bound","Neither_bound_downregulated"
"ENSG00000268873.1","ENSG00000268873.1",17.3868388275558,-1.08789246265307,0.456073121311752,-2.38534658548632,0.0170630375565753,0.0472831832045808,"ENSG00000268873","downregulated",FALSE,FALSE,"Neither_bound","Neither_bound_downregulated"
"ENSG00000228791.8","ENSG00000228791.8",7.82920721603252,-1.59457681777456,0.668582297439788,-2.38501202302349,0.0170785631850669,0.047314626398365,"ENSG00000228791","downregulated",FALSE,FALSE,"Neither_bound","Neither_bound_downregulated"
"ENSG00000287490.1","ENSG00000287490.1",20.4738072336179,-1.01443467489586,0.425717951158126,-2.38287972620414,0.0171778056071357,0.0475624144818376,"ENSG00000287490","downregulated",FALSE,FALSE,"Neither_bound","Neither_bound_downregulated"
"ENSG00000258649.3","ENSG00000258649.3",7.03376733926434,-1.88099588106998,0.789462232038346,-2.38262934531188,0.017189492084566,0.0475908930742961,"ENSG00000258649","downregulated",FALSE,FALSE,"Neither_bound","Neither_bound_downregulated"
"ENSG00000228264.1","PSMD8P1",4.32588988226512,-2.45913281979202,1.03301354577107,-2.38054266554313,0.0172871590128191,0.0478301064875327,"ENSG00000228264","downregulated",FALSE,FALSE,"Neither_bound","Neither_bound_downregulated"
"ENSG00000258909.1","ENSG00000258909.1",4.61786890439733,-2.23537112892646,0.940556255068994,-2.37664798557157,0.0174707518603761,0.0482712298026073,"ENSG00000258909","downregulated",FALSE,FALSE,"Neither_bound","Neither_bound_downregulated"
"ENSG00000188761.13","BCL2L15",21.7315842215186,-1.00782554055465,0.424218030357407,-2.37572537806926,0.0175144926532257,0.0483763446450457,"ENSG00000188761","downregulated",FALSE,FALSE,"Neither_bound","Neither_bound_downregulated"
"ENSG00000257458.1","ENSG00000257458.1",6.66910689355188,-1.70717744808858,0.719111087944986,-2.37401074285644,0.0175960385242467,0.0485502588410049,"ENSG00000257458","downregulated",FALSE,FALSE,"Neither_bound","Neither_bound_downregulated"
"ENSG00000265980.1","ENSG00000265980.1",1.9504455303691,-3.86756624783803,1.63052458396948,-2.37197665454544,0.0176932086087769,0.0487866636920963,"ENSG00000265980","downregulated",FALSE,FALSE,"Neither_bound","Neither_bound_downregulated"
"ENSG00000251996.1","ENSG00000251996.1",3.75788482967148,-2.67741419253534,1.12911179225006,-2.37125695693947,0.0177277016204251,0.0488559265204504,"ENSG00000251996","downregulated",FALSE,FALSE,"Neither_bound","Neither_bound_downregulated"
"ENSG00000185792.10","NLRP9",5.62595051432913,-2.05212009813624,0.865632329266088,-2.37066018534231,0.0177563478232802,0.048925018077643,"ENSG00000185792","downregulated",FALSE,FALSE,"Neither_bound","Neither_bound_downregulated"
"ENSG00000232015.2","ENSG00000232015.2",11.2981979046801,-1.3441603358775,0.567083585760262,-2.37030372528849,0.0177734779464764,0.0489642740377867,"ENSG00000232015","downregulated",FALSE,FALSE,"Neither_bound","Neither_bound_downregulated"
"ENSG00000250677.1","ENSG00000250677.1",3.30320827356686,-2.89907652109408,1.22340245502372,-2.36968342607902,0.017803321710409,0.0490146889170994,"ENSG00000250677","downregulated",FALSE,FALSE,"Neither_bound","Neither_bound_downregulated"
"ENSG00000287996.1","LOC124903236",1.98223239225279,-3.81378052039573,1.60946910447941,-2.36958914575084,0.0178078615566516,0.049019241601,"ENSG00000287996","downregulated",FALSE,FALSE,"Neither_bound","Neither_bound_downregulated"
"ENSG00000230801.1","ENSG00000230801.1",2.52656514611188,-3.37254270502388,1.42348769166737,-2.36921100531156,0.0178260802099364,0.0490654154907317,"ENSG00000230801","downregulated",FALSE,FALSE,"Neither_bound","Neither_bound_downregulated"
"ENSG00000284879.1","ENSG00000284879.1",7.01729214805992,-1.77784005696069,0.751491928550698,-2.36574737454515,0.0179937178531181,0.0494867304699793,"ENSG00000284879","downregulated",FALSE,FALSE,"Neither_bound","Neither_bound_downregulated"
"ENSG00000288929.2","ENSG00000288929.2",16.0630428099518,-1.32720716712145,0.561086171372335,-2.36542483995871,0.0180093983895746,0.0495138198702605,"ENSG00000288929","downregulated",FALSE,FALSE,"Neither_bound","Neither_bound_downregulated"
"ENSG00000267416.2","HEATR6-DT",18.7489804637537,-1.04064431949406,0.43997936947202,-2.36521162513335,0.0180197707406207,0.0495383273322601,"ENSG00000267416","downregulated",FALSE,FALSE,"Neither_bound","Neither_bound_downregulated"
"ENSG00000157542.11","KCNJ6",21.2440742396897,-1.0330236904489,0.436990219502368,-2.36395151274844,0.0180811788648828,0.0496910585503511,"ENSG00000157542","downregulated",FALSE,FALSE,"Neither_bound","Neither_bound_downregulated"
"ENSG00000279837.1","ENSG00000279837.1",9.98889211249137,-1.41766608817045,0.59978346158539,-2.36362984138172,0.0180968839712971,0.0497301961602637,"ENSG00000279837","downregulated",FALSE,FALSE,"Neither_bound","Neither_bound_downregulated"
"ENSG00000235060.1","ENSG00000235060.1",15.4556682426617,-1.18910979563352,0.50325840528816,-2.36282153092436,0.018136401216516,0.0498266965806062,"ENSG00000235060","downregulated",FALSE,FALSE,"Neither_bound","Neither_bound_downregulated"
