"gene_id","gene_symbol","baseMean","log2FoldChange","lfcSE","stat","pvalue","padj","ensembl_id","expression_status","tes_bound","tead1_bound","binding_status","combined_class"
"ENSG00000213076.3","ENSG00000213076.3",1.78207518079945,0.624303329482821,1.36657212491177,0.456838916952976,0.647786831195415,0.775035154874638,"ENSG00000213076","unchanged",FALSE,FALSE,"Neither_bound","Neither_bound_unchanged"
"ENSG00000155366.17","RHOC",1231.37544305365,-0.0313050466122314,0.161266457043283,-0.194120012221942,0.846081912184273,0.91294556795013,"ENSG00000155366","unchanged",FALSE,FALSE,"Neither_bound","Neither_bound_unchanged"
"ENSG00000286459.1","ENSG00000286459.1",1.3970442914469,2.47414299682521,1.67667303532132,1.47562640103594,0.140044213656961,0.260330643545101,"ENSG00000286459","unchanged",FALSE,FALSE,"Neither_bound","Neither_bound_unchanged"
"ENSG00000136710.10","CCDC115",283.801766578641,0.798245894612804,0.191298719887033,4.1727717523891,3.00916357864665e-05,0.000160161812033014,"ENSG00000136710","unchanged",FALSE,FALSE,"Neither_bound","Neither_bound_unchanged"
"ENSG00000180438.15","ENSG00000180438.15",1.33435318487739,1.26654092371825,1.64355724442757,0.770609559242566,0.440938393402682,0.600529062471524,"ENSG00000180438","unchanged",FALSE,FALSE,"Neither_bound","Neither_bound_unchanged"
"ENSG00000019995.6","ZRANB1",436.783475368219,0.211319443297181,0.137531656009756,1.53651493356694,0.124412138048605,0.237564309698972,"ENSG00000019995","unchanged",FALSE,FALSE,"Neither_bound","Neither_bound_unchanged"
"ENSG00000289499.2","ENSG00000289499.2",24.8190762732265,0.553121479670314,0.409970006489528,1.34917547848575,0.177280609103611,0.310982634271403,"ENSG00000289499","unchanged",FALSE,FALSE,"Neither_bound","Neither_bound_unchanged"
"ENSG00000251402.3","ENSG00000251402.3",3.59394199441961,-1.11781263659285,1.13783514690803,-0.982402977821886,0.325901359884676,0.486709931526167,"ENSG00000251402","unchanged",FALSE,FALSE,"Neither_bound","Neither_bound_unchanged"
"ENSG00000274925.1","ZKSCAN2-DT",97.2468439697664,0.190322190315612,0.214561797058784,0.88702738756177,0.375064155528635,0.537084407697681,"ENSG00000274925","unchanged",FALSE,FALSE,"Neither_bound","Neither_bound_unchanged"
"ENSG00000235449.2","ENSG00000235449.2",12.2319668409481,-0.354191162813665,0.542665724842433,-0.652687550732095,0.51395772993708,0.665299194790699,"ENSG00000235449","unchanged",FALSE,FALSE,"Neither_bound","Neither_bound_unchanged"
"ENSG00000132204.14","ENSG00000132204.14",2.24201055115415,2.37431232492512,1.39893251938349,1.69723149045922,0.0896529037600769,0.183896729161974,"ENSG00000132204","unchanged",FALSE,FALSE,"Neither_bound","Neither_bound_unchanged"
"ENSG00000199875.1","ENSG00000199875.1",2.91181561403973,-3.06930164873916,1.31425503065916,-2.33539273363083,0.0195229136768174,0.0530184147564865,"ENSG00000199875","unchanged",FALSE,FALSE,"Neither_bound","Neither_bound_unchanged"
"ENSG00000261489.1","ENSG00000261489.1",2.98893366049138,-1.66606029728837,1.10798258991956,-1.50368815579433,0.132661680329591,0.249460360796919,"ENSG00000261489","unchanged",FALSE,FALSE,"Neither_bound","Neither_bound_unchanged"
"ENSG00000254481.1","ENSG00000254481.1",10.2720613694536,-1.16870728137481,0.566754979362814,-2.06210324378403,0.0391979076031752,0.0946119893032512,"ENSG00000254481","unchanged",FALSE,FALSE,"Neither_bound","Neither_bound_unchanged"
"ENSG00000166454.10","ATMIN",1321.40724208649,0.656577389431128,0.143267782402995,4.5828683770944,4.58640753004914e-06,2.78995506770611e-05,"ENSG00000166454","unchanged",FALSE,FALSE,"Neither_bound","Neither_bound_unchanged"
"ENSG00000142512.15","SIGLEC10",2.92051193113122,0.170120410908127,1.04561311450404,0.162699193944999,0.870755281672514,0.92833920491673,"ENSG00000142512","unchanged",FALSE,FALSE,"Neither_bound","Neither_bound_unchanged"
"ENSG00000129250.12","KIF1C",1802.91909062666,-0.0984748765336112,0.128697124739793,-0.765167650269679,0.444171720278931,0.60334003413241,"ENSG00000129250","unchanged",FALSE,FALSE,"Neither_bound","Neither_bound_unchanged"
"ENSG00000203414.2","ENSG00000203414.2",1.73265781106021,-0.411610528527706,1.32352264503715,-0.310996211565502,0.75580350166375,0.851881896335136,"ENSG00000203414","unchanged",FALSE,FALSE,"Neither_bound","Neither_bound_unchanged"
"ENSG00000152207.8","CYSLTR2",4.78571805198484,-0.999836222253176,0.889578570585536,-1.12394369121894,0.261036914579208,0.415194882675901,"ENSG00000152207","unchanged",FALSE,FALSE,"Neither_bound","Neither_bound_unchanged"
"ENSG00000111666.11","CHPT1",418.465410478295,-0.934628693446058,0.153131918208677,-6.10342183640914,1.03821352056429e-09,9.80156666662805e-09,"ENSG00000111666","unchanged",FALSE,FALSE,"Neither_bound","Neither_bound_unchanged"
"ENSG00000200799.1","RNU6-770P",2.3367554892841,-0.210358615559731,1.15626609236575,-0.18192924357864,0.85563825439964,0.918391007850569,"ENSG00000200799","unchanged",FALSE,FALSE,"Neither_bound","Neither_bound_unchanged"
"ENSG00000105357.20","MYH14",287.158141661722,0.917944199898958,0.169111562295827,5.4280392625857,5.69765077393159e-08,4.46351018193977e-07,"ENSG00000105357","unchanged",FALSE,FALSE,"Neither_bound","Neither_bound_unchanged"
"ENSG00000157349.17","DDX19B",358.632638634852,0.141229333641945,0.146518818759217,0.963898936927926,0.335096596892495,0.496578012531379,"ENSG00000157349","unchanged",FALSE,FALSE,"Neither_bound","Neither_bound_unchanged"
"ENSG00000224855.5","OPA1-AS1",31.9782627836046,-0.624812430162043,0.355593416817294,-1.7570978556194,0.0789011311873038,0.165920486855094,"ENSG00000224855","unchanged",FALSE,FALSE,"Neither_bound","Neither_bound_unchanged"
"ENSG00000133119.13","RFC3",247.506162942842,-0.590831428238965,0.188640200094484,-3.13205471550091,0.00173587521588182,0.00641961996005157,"ENSG00000133119","unchanged",FALSE,FALSE,"Neither_bound","Neither_bound_unchanged"
"ENSG00000142541.18","RPL13A",3715.76015134307,-0.318482843639286,0.213511898999287,-1.49163978744037,0.135793601861081,0.254167790831893,"ENSG00000142541","unchanged",FALSE,FALSE,"Neither_bound","Neither_bound_unchanged"
"ENSG00000224600.5","RPLP1P3",1.69831786714537,2.69243571774544,1.59865661892693,1.68418638866468,0.092145652935148,0.187893153603435,"ENSG00000224600","unchanged",FALSE,FALSE,"Neither_bound","Neither_bound_unchanged"
"ENSG00000081386.13","ZNF510",799.108535733448,0.0239762937914096,0.133874133174543,0.179095791120079,0.857862486777591,0.919732126088477,"ENSG00000081386","unchanged",FALSE,FALSE,"Neither_bound","Neither_bound_unchanged"
"ENSG00000196656.7","ENSG00000196656.7",5.62148758612993,-0.0813248133942029,0.789880475298807,-0.10295837906797,0.917996004035122,0.956107446650673,"ENSG00000196656","unchanged",FALSE,FALSE,"Neither_bound","Neither_bound_unchanged"
"ENSG00000238038.1","ENSG00000238038.1",1.41275117230196,0.706700053911298,1.51478544793018,0.466534752414569,0.6408327781747,0.7694795789543,"ENSG00000238038","unchanged",FALSE,FALSE,"Neither_bound","Neither_bound_unchanged"
"ENSG00000165443.12","PHYHIPL",41.5434021619871,-0.954389564286726,0.311672121160749,-3.06215891473491,0.00219746755542729,0.00791890281378677,"ENSG00000165443","unchanged",FALSE,FALSE,"Neither_bound","Neither_bound_unchanged"
"ENSG00000284188.3","C1orf202",1.19693447109502,1.19867134142388,1.73012763113232,0.692822494626817,0.488420953644909,0.643673441451417,"ENSG00000284188","unchanged",FALSE,FALSE,"Neither_bound","Neither_bound_unchanged"
"ENSG00000228741.2","SPATA13",8.16960105269977,-0.751017646153562,0.633264724560179,-1.18594580911666,0.235643700905396,0.384839998721652,"ENSG00000228741","unchanged",FALSE,FALSE,"Neither_bound","Neither_bound_unchanged"
"ENSG00000134152.11","KATNBL1",388.745211889246,-0.199033083345626,0.161185614027403,-1.23480674467505,0.216902436606605,0.361535991297569,"ENSG00000134152","unchanged",FALSE,FALSE,"Neither_bound","Neither_bound_unchanged"
"ENSG00000255384.1","ENSG00000255384.1",6.2116258968613,-0.446124613598948,0.72575786930915,-0.614701724176432,0.538751720970585,0.68708196112681,"ENSG00000255384","unchanged",FALSE,FALSE,"Neither_bound","Neither_bound_unchanged"
"ENSG00000111832.13","RWDD1",562.087916503398,0.854080685176568,0.18700966696174,4.56704029824994,4.94658941786639e-06,2.99297736633569e-05,"ENSG00000111832","unchanged",FALSE,FALSE,"Neither_bound","Neither_bound_unchanged"
"ENSG00000249786.7","ENSG00000249786.7",29.9258222847353,0.429389535144472,0.357664394454435,1.20053754805379,0.229930639101046,0.377636783144007,"ENSG00000249786","unchanged",FALSE,FALSE,"Neither_bound","Neither_bound_unchanged"
"ENSG00000111271.15","ACAD10",392.516038003312,-0.0883742956282424,0.14130190658471,-0.625428897346565,0.531689601094202,0.680909077438088,"ENSG00000111271","unchanged",FALSE,FALSE,"Neither_bound","Neither_bound_unchanged"
"ENSG00000278075.1","ENSG00000278075.1",8.14281463891649,1.69376294856606,0.750775794900601,2.25601698945329,0.0240695671544307,0.0631835438254794,"ENSG00000278075","unchanged",FALSE,FALSE,"Neither_bound","Neither_bound_unchanged"
"ENSG00000287771.1","ENSG00000287771.1",1.55362481261256,-0.127236469398975,1.47295715872615,-0.086381649761635,0.931163033768505,0.963528373931476,"ENSG00000287771","unchanged",FALSE,FALSE,"Neither_bound","Neither_bound_unchanged"
"ENSG00000259569.2","ENSG00000259569.2",1.80065512298125,-1.62322220758612,1.48671238886722,-1.09181992410981,0.274912259772051,0.431204369537971,"ENSG00000259569","unchanged",FALSE,FALSE,"Neither_bound","Neither_bound_unchanged"
"ENSG00000051620.11","HEBP2",577.113261698417,0.0820877517369326,0.149573160539675,0.548813379624738,0.58313352736379,0.724104538749524,"ENSG00000051620","unchanged",FALSE,FALSE,"Neither_bound","Neither_bound_unchanged"
"ENSG00000265145.1","SNORD53",3.54939291507007,-0.198870623559066,0.950646528948618,-0.20919512931795,0.834295914551704,0.904919488632126,"ENSG00000265145","unchanged",FALSE,FALSE,"Neither_bound","Neither_bound_unchanged"
"ENSG00000262786.1","ENSG00000262786.1",2.3278879169207,1.34009610618313,1.25875183941086,1.06462295761994,0.287046586549803,0.444898633506283,"ENSG00000262786","unchanged",FALSE,FALSE,"Neither_bound","Neither_bound_unchanged"
"ENSG00000272006.1","ENSG00000272006.1",5.60563835991989,0.630281720804511,0.844234299879378,0.746572036808459,0.455321933028472,0.613473772683268,"ENSG00000272006","unchanged",FALSE,FALSE,"Neither_bound","Neither_bound_unchanged"
"ENSG00000249207.2","ENSG00000249207.2",90.3709647402911,-0.636499130887498,0.220077271936856,-2.89216203602397,0.00382600566845551,0.0129379552559579,"ENSG00000249207","unchanged",FALSE,FALSE,"Neither_bound","Neither_bound_unchanged"
"ENSG00000279306.1","ENSG00000279306.1",28.1307438825259,0.61586364836486,0.414093979527337,1.48725574099829,0.136947279105883,0.255823362033454,"ENSG00000279306","unchanged",FALSE,FALSE,"Neither_bound","Neither_bound_unchanged"
"ENSG00000265083.1","MIR3691",1.86753205529098,1.24312964982699,1.37376258663059,0.904908651556739,0.365513783267214,0.527710157709947,"ENSG00000265083","unchanged",FALSE,FALSE,"Neither_bound","Neither_bound_unchanged"
"ENSG00000241228.1","ENSG00000241228.1",5.41183317523194,-0.833298848304925,0.804395556091369,-1.03593169056527,0.300234011840798,0.459136904115263,"ENSG00000241228","unchanged",FALSE,FALSE,"Neither_bound","Neither_bound_unchanged"
"ENSG00000283442.1","LOC124904686",7.17719242109181,0.617886209901274,0.698761804559173,0.884258707144246,0.376556573490645,0.538835356320255,"ENSG00000283442","unchanged",FALSE,FALSE,"Neither_bound","Neither_bound_unchanged"
"ENSG00000113194.13","FAF2",2421.18264570593,0.640663735472042,0.119883657804224,5.34404561227419,9.0894679731263e-08,6.96640451514337e-07,"ENSG00000113194","unchanged",FALSE,FALSE,"Neither_bound","Neither_bound_unchanged"
"ENSG00000189001.11","SBSN",2.19847732580382,0.00347432873449724,1.31292573895258,0.00264624923666206,0.997888601054257,0.999035633252115,"ENSG00000189001","unchanged",FALSE,FALSE,"Neither_bound","Neither_bound_unchanged"
"ENSG00000162129.15","CLPB",1091.66424803458,0.875139314827139,0.128288439661385,6.82165374477275,8.99983798511828e-12,1.02414236743215e-10,"ENSG00000162129","unchanged",FALSE,FALSE,"Neither_bound","Neither_bound_unchanged"
"ENSG00000105675.9","ATP4A",11.114434136946,1.21739008103971,0.58744742058898,2.07233879726486,0.0382338566621739,0.0926735866348453,"ENSG00000105675","unchanged",FALSE,FALSE,"Neither_bound","Neither_bound_unchanged"
"ENSG00000253048.1","RNU4-60P",1.28382480815773,2.30250384043014,1.71434217644066,1.34308300412385,0.179245098248769,0.313392912153294,"ENSG00000253048","unchanged",FALSE,FALSE,"Neither_bound","Neither_bound_unchanged"
"ENSG00000288957.2","ENSG00000288957.2",5.18858572897325,-0.0300187219656503,0.781380308481855,-0.0384175562652375,0.969354763439065,0.983842879039282,"ENSG00000288957","unchanged",FALSE,FALSE,"Neither_bound","Neither_bound_unchanged"
"ENSG00000169139.12","UBE2V2",852.821165980396,0.266976004316725,0.185276925820701,1.44095657424221,0.149596951500887,0.273773547360931,"ENSG00000169139","unchanged",FALSE,FALSE,"Neither_bound","Neither_bound_unchanged"
"ENSG00000271278.1","ENSG00000271278.1",24.0826548371663,-0.202270476349204,0.390269783397219,-0.518283723091449,0.604260327761337,0.741555504656855,"ENSG00000271278","unchanged",FALSE,FALSE,"Neither_bound","Neither_bound_unchanged"
"ENSG00000216895.9","RBM33-DT",137.698165516679,0.442318530285464,0.192986276562279,2.29196882889609,0.0219074419494149,0.0583923405632238,"ENSG00000216895","unchanged",FALSE,FALSE,"Neither_bound","Neither_bound_unchanged"
"ENSG00000145708.11","CRHBP",35.0317623062858,-0.273019120097206,0.346158701757578,-0.788710839019749,0.430281031386434,0.590823270843819,"ENSG00000145708","unchanged",FALSE,FALSE,"Neither_bound","Neither_bound_unchanged"
"ENSG00000229473.2","ENSG00000229473.2",19.0610172470644,0.894150475843535,0.451664937846257,1.97967652770934,0.0477398877038804,0.110941267395868,"ENSG00000229473","unchanged",FALSE,FALSE,"Neither_bound","Neither_bound_unchanged"
"ENSG00000128607.14","KLHDC10",2191.58645791714,0.246494932443574,0.121835764758625,2.02317384334491,0.0430552274198383,0.10228703070339,"ENSG00000128607","unchanged",FALSE,FALSE,"Neither_bound","Neither_bound_unchanged"
"ENSG00000243538.1","ENSG00000243538.1",5.58837502373367,-0.264549175637628,0.774003909524569,-0.341793074146262,0.732506622075052,0.836927681876097,"ENSG00000243538","unchanged",FALSE,FALSE,"Neither_bound","Neither_bound_unchanged"
"ENSG00000160613.15","PCSK7",1025.83870247894,0.153880881534796,0.121714210339059,1.26428032606982,0.206129428493102,0.348168581895612,"ENSG00000160613","unchanged",FALSE,FALSE,"Neither_bound","Neither_bound_unchanged"
"ENSG00000075292.19","ZNF638",3193.6775290746,-0.938425192522137,0.118956358004811,-7.88881912881178,3.05059270685523e-15,4.5769670082358e-14,"ENSG00000075292","unchanged",FALSE,FALSE,"Neither_bound","Neither_bound_unchanged"
"ENSG00000163959.10","SLC51A",216.427884662048,-0.163034525499979,0.170103675197436,-0.95844211073481,0.337839869259613,0.499336205683167,"ENSG00000163959","unchanged",FALSE,FALSE,"Neither_bound","Neither_bound_unchanged"
"ENSG00000284032.1","MIR29A",2.47571199252205,0.951500016328775,1.21036552310857,0.786126172765603,0.43179357233026,0.592229833841326,"ENSG00000284032","unchanged",FALSE,FALSE,"Neither_bound","Neither_bound_unchanged"
"ENSG00000259195.1","ENSG00000259195.1",4.5714877735237,0.150456349882843,0.830519343826165,0.181159356493369,0.85624249551665,0.91881382649272,"ENSG00000259195","unchanged",FALSE,FALSE,"Neither_bound","Neither_bound_unchanged"
"ENSG00000095209.12","TMEM38B",442.276842586656,0.805513553464869,0.178532892600392,4.51184956302613,6.42647633021826e-06,3.82570185742822e-05,"ENSG00000095209","unchanged",FALSE,FALSE,"Neither_bound","Neither_bound_unchanged"
"ENSG00000180279.7","ENSG00000180279.7",2.42640287583131,0.848982558377003,1.17378232035324,0.723287907524034,0.469503020500929,0.626742065565337,"ENSG00000180279","unchanged",FALSE,FALSE,"Neither_bound","Neither_bound_unchanged"
"ENSG00000277684.1","ENSG00000277684.1",4.77780182881922,-1.39402615298961,0.829450998715502,-1.68066125081338,0.0928287312129474,0.189021505357322,"ENSG00000277684","unchanged",FALSE,FALSE,"Neither_bound","Neither_bound_unchanged"
"ENSG00000289433.1","ENSG00000289433.1",19.7058711493332,-0.698294622886656,0.432041818023248,-1.61626628200393,0.106036753568627,0.20965644779224,"ENSG00000289433","unchanged",FALSE,FALSE,"Neither_bound","Neither_bound_unchanged"
"ENSG00000291242.1","ENSG00000291242.1",20.2437993310092,-0.37541984618676,0.416674118032535,-0.900991518166354,0.367592829423306,0.529510759927521,"ENSG00000291242","unchanged",FALSE,FALSE,"Neither_bound","Neither_bound_unchanged"
"ENSG00000287113.1","ENSG00000287113.1",2.64370817177997,1.08215037201604,1.19714186775126,0.903944971909452,0.366024580974009,0.528133852061358,"ENSG00000287113","unchanged",FALSE,FALSE,"Neither_bound","Neither_bound_unchanged"
"ENSG00000271964.1","ENSG00000271964.1",11.3072536256947,0.454899257152874,0.605836297591247,0.750861674946704,0.452735907312432,0.611115970371298,"ENSG00000271964","unchanged",FALSE,FALSE,"Neither_bound","Neither_bound_unchanged"
"ENSG00000253829.1","ENSG00000253829.1",15.6131191256913,-0.382782454692918,0.48323525378049,-0.792124439800903,0.428288120903373,0.588800829320292,"ENSG00000253829","unchanged",FALSE,FALSE,"Neither_bound","Neither_bound_unchanged"
"ENSG00000140471.17","LINS1",546.642333401883,0.433267944771273,0.134611046182467,3.21866560775386,0.00128788577682377,0.00490931478702162,"ENSG00000140471","unchanged",FALSE,FALSE,"Neither_bound","Neither_bound_unchanged"
"ENSG00000145390.12","USP53",942.73970821838,0.919843950479538,0.140668087097769,6.53910897245811,6.18864220953568e-11,6.60432920432007e-10,"ENSG00000145390","unchanged",FALSE,FALSE,"Neither_bound","Neither_bound_unchanged"
"ENSG00000144649.10","GASK1A",10.6433179882094,1.05142288278035,0.588692291672517,1.78603134040227,0.0740941838254789,0.157725840457722,"ENSG00000144649","unchanged",FALSE,FALSE,"Neither_bound","Neither_bound_unchanged"
"ENSG00000255549.2","ENPP7P6",8.13299422372975,0.102499741240906,0.652521970343228,0.157082436913184,0.87517987905267,0.931428086069387,"ENSG00000255549","unchanged",FALSE,FALSE,"Neither_bound","Neither_bound_unchanged"
"ENSG00000266126.1","ENSG00000266126.1",22.5029029457473,-0.26982661123383,0.399171356351702,-0.675966867212013,0.499061681476871,0.652854451203335,"ENSG00000266126","unchanged",FALSE,FALSE,"Neither_bound","Neither_bound_unchanged"
"ENSG00000101000.6","PROCR",119.538842233659,0.779245801546666,0.242117405755025,3.21846254347822,0.00128879802232672,0.00491003714921421,"ENSG00000101000","unchanged",FALSE,FALSE,"Neither_bound","Neither_bound_unchanged"
"ENSG00000136718.10","IMP4",521.735972452439,0.48685052333433,0.155308957650632,3.13472275327159,0.00172016600302701,0.00636915181936142,"ENSG00000136718","unchanged",FALSE,FALSE,"Neither_bound","Neither_bound_unchanged"
"ENSG00000106348.19","IMPDH1",701.983494140223,-0.999896647879189,0.144664490816884,-6.9118319376996,4.7843447675517e-12,5.56556928302042e-11,"ENSG00000106348","unchanged",FALSE,FALSE,"Neither_bound","Neither_bound_unchanged"
"ENSG00000259564.2","ENSG00000259564.2",37.87774336315,-0.0199666185753654,0.355623340632434,-0.0561454108716745,0.955225968323884,0.976381671040734,"ENSG00000259564","unchanged",FALSE,FALSE,"Neither_bound","Neither_bound_unchanged"
"ENSG00000064201.16","TSPAN32",20.1747651898846,0.757318247746689,0.43214560522393,1.7524608340151,0.0796945988442774,0.167330086138115,"ENSG00000064201","unchanged",FALSE,FALSE,"Neither_bound","Neither_bound_unchanged"
"ENSG00000235635.1","ENSG00000235635.1",16.9370303541608,-0.0982502930001754,0.480257234345163,-0.204578475812324,0.837901473533069,0.907226644567424,"ENSG00000235635","unchanged",FALSE,FALSE,"Neither_bound","Neither_bound_unchanged"
"ENSG00000215835.2","LOC284685",2.33600716638528,-0.059177709963641,1.16537943219921,-0.0507797789531653,0.959501004143409,0.978481392777166,"ENSG00000215835","unchanged",FALSE,FALSE,"Neither_bound","Neither_bound_unchanged"
"ENSG00000198113.3","TOR4A",114.132657091179,0.457114692654485,0.21088828408676,2.16756798337089,0.0301915719462415,0.0763056038593699,"ENSG00000198113","unchanged",FALSE,FALSE,"Neither_bound","Neither_bound_unchanged"
"ENSG00000281664.1","LINC00538",4.33884849816583,2.04892542513277,1.03351558469145,1.98248140181114,0.0474253869078538,0.11039166329651,"ENSG00000281664","unchanged",FALSE,FALSE,"Neither_bound","Neither_bound_unchanged"
"ENSG00000126803.10","HSPA2",16.8408195097498,0.412015504142846,0.467475418371385,0.881362929366954,0.378121415454086,0.540573579130657,"ENSG00000126803","unchanged",FALSE,FALSE,"Neither_bound","Neither_bound_unchanged"
"ENSG00000230325.1","ENSG00000230325.1",7.69825575402932,-0.531317457337802,0.672631432212101,-0.789908755215979,0.429581057891416,0.590124534899325,"ENSG00000230325","unchanged",FALSE,FALSE,"Neither_bound","Neither_bound_unchanged"
"ENSG00000086159.14","AQP6",9.09375909000787,-0.52249043837068,0.613501657986439,-0.851652854672854,0.394406794644735,0.556108505271361,"ENSG00000086159","unchanged",FALSE,FALSE,"Neither_bound","Neither_bound_unchanged"
"ENSG00000286626.2","LOC101929918",11.3773808443966,1.06578133772967,0.578986978515148,1.84076909719617,0.0656554032387578,0.143213865623845,"ENSG00000286626","unchanged",FALSE,FALSE,"Neither_bound","Neither_bound_unchanged"
"ENSG00000288542.1","ENSG00000288542.1",12.0705580591559,-0.915334730368061,0.583501524547789,-1.5686929542771,0.116719501122172,0.225833220216332,"ENSG00000288542","unchanged",FALSE,FALSE,"Neither_bound","Neither_bound_unchanged"
"ENSG00000279807.1","ENSG00000279807.1",3.76462755234782,-0.0775307192803615,0.951328747282656,-0.0814972947068168,0.935046476235254,0.966045948803428,"ENSG00000279807","unchanged",FALSE,FALSE,"Neither_bound","Neither_bound_unchanged"
"ENSG00000240571.1","ENSG00000240571.1",18.2162366255989,-0.910474315325817,0.435037454839606,-2.09286420099506,0.0363612787397341,0.0889151188705843,"ENSG00000240571","unchanged",FALSE,FALSE,"Neither_bound","Neither_bound_unchanged"
"ENSG00000243007.1","ENSG00000243007.1",3.803535034656,0.240170072427064,0.955362465147283,0.251391572506503,0.801511382711905,0.882710311591445,"ENSG00000243007","unchanged",FALSE,FALSE,"Neither_bound","Neither_bound_unchanged"
"ENSG00000235215.2","ENSG00000235215.2",2.94381705819642,2.07886660770347,1.19641838581972,1.73757494229674,0.0822857382759744,0.171593219826773,"ENSG00000235215","unchanged",FALSE,FALSE,"Neither_bound","Neither_bound_unchanged"
"ENSG00000100167.21","SEPTIN3",78.1407925775321,-0.140270283701799,0.237354917656177,-0.59097273015,0.554538692738527,0.700903196143272,"ENSG00000100167","unchanged",FALSE,FALSE,"Neither_bound","Neither_bound_unchanged"
"ENSG00000232467.2","ENSG00000232467.2",9.82583731422702,1.07402395833937,0.654830612545444,1.64015538944406,0.100972862151154,0.201850646277684,"ENSG00000232467","unchanged",FALSE,FALSE,"Neither_bound","Neither_bound_unchanged"
"ENSG00000010219.14","DYRK4",124.417317163076,-0.3382044029227,0.238582404597605,-1.41755802777291,0.15631984150192,0.283042237533967,"ENSG00000010219","unchanged",FALSE,FALSE,"Neither_bound","Neither_bound_unchanged"
"ENSG00000259258.1","ENSG00000259258.1",16.9796788657488,0.993432673339629,0.475523523834641,2.08913465590208,0.0366956034954656,0.0895392758806103,"ENSG00000259258","unchanged",FALSE,FALSE,"Neither_bound","Neither_bound_unchanged"
"ENSG00000203897.4","SPATA42",2.20139882169308,0.600550584709198,1.20812187405485,0.497094372352975,0.619122502970001,0.753182291440264,"ENSG00000203897","unchanged",FALSE,FALSE,"Neither_bound","Neither_bound_unchanged"
"ENSG00000251443.3","LINC02160",1.75304824215084,-0.00946947352926608,1.42933052402282,-0.00662511110629223,0.994713964803909,0.997472474601635,"ENSG00000251443","unchanged",FALSE,FALSE,"Neither_bound","Neither_bound_unchanged"
"ENSG00000253205.6","LOC105375875",2.81383120306504,0.308753851161662,1.12049718689254,0.275550759763997,0.782893133854214,0.870230675252548,"ENSG00000253205","unchanged",FALSE,FALSE,"Neither_bound","Neither_bound_unchanged"
"ENSG00000230107.1","ENSG00000230107.1",5.64451207394509,-0.991549253543088,0.797597220661993,-1.2431703971086,0.213805048862114,0.357742470801847,"ENSG00000230107","unchanged",FALSE,FALSE,"Neither_bound","Neither_bound_unchanged"
"ENSG00000229992.1","ENSG00000229992.1",5.1395459469953,0.341459300917822,0.832243680043235,0.410287646642246,0.68159495296236,0.800630739524921,"ENSG00000229992","unchanged",FALSE,FALSE,"Neither_bound","Neither_bound_unchanged"
"ENSG00000221063.3","MIR1296",11.8983643691999,-0.807255240968987,0.571731375837288,-1.4119484693083,0.157965134684343,0.285321689618088,"ENSG00000221063","unchanged",FALSE,FALSE,"Neither_bound","Neither_bound_unchanged"
"ENSG00000229694.8","LINC00484",8.11557035835043,0.572398787646539,0.647484778416672,0.884034353743814,0.376677668276411,0.538940526347379,"ENSG00000229694","unchanged",FALSE,FALSE,"Neither_bound","Neither_bound_unchanged"
"ENSG00000279349.1","ENSG00000279349.1",17.4850502392356,0.114308539168132,0.486024782948393,0.235190762237879,0.814060675596405,0.891051881179992,"ENSG00000279349","unchanged",FALSE,FALSE,"Neither_bound","Neither_bound_unchanged"
"ENSG00000201524.1","RNU6-450P",14.2782137190036,0.248474785606682,0.496134877672958,0.500821040383442,0.616497076463809,0.751118102342993,"ENSG00000201524","unchanged",FALSE,FALSE,"Neither_bound","Neither_bound_unchanged"
"ENSG00000253042.1","LOC124900426",9.75630633774222,0.704665081512377,0.600256178085214,1.17394057277381,0.240418829730033,0.390912201822305,"ENSG00000253042","unchanged",FALSE,FALSE,"Neither_bound","Neither_bound_unchanged"
"ENSG00000272109.2","ENSG00000272109.2",10.5936194177965,-0.00276918897400348,0.579503716089823,-0.00477855257372371,0.996187281188742,0.998033656385815,"ENSG00000272109","unchanged",FALSE,FALSE,"Neither_bound","Neither_bound_unchanged"
"ENSG00000017483.16","SLC38A5",2.91398198711548,-1.14918244942308,1.04265819774565,-1.10216603284543,0.27038949610156,0.426347562397932,"ENSG00000017483","unchanged",FALSE,FALSE,"Neither_bound","Neither_bound_unchanged"
"ENSG00000099338.23","CATSPERG",118.111193515968,0.795785974553052,0.22529859575622,3.5321390791717,0.000412212495969578,0.00176214876203053,"ENSG00000099338","unchanged",FALSE,FALSE,"Neither_bound","Neither_bound_unchanged"
"ENSG00000085365.18","SCAMP1",1263.26459955895,-0.233037229957786,0.15249316722989,-1.52818145357603,0.126467492242003,0.240528990844141,"ENSG00000085365","unchanged",FALSE,FALSE,"Neither_bound","Neither_bound_unchanged"
"ENSG00000288781.2","LOC105377378",2.48909398240081,1.47963226923575,1.27312667837151,1.16220349033011,0.245152817240479,0.396540878024684,"ENSG00000288781","unchanged",FALSE,FALSE,"Neither_bound","Neither_bound_unchanged"
"ENSG00000146063.20","TRIM41",683.97316354415,0.388292401938923,0.148768526412763,2.610044014697,0.00905305737809289,0.0274174619310859,"ENSG00000146063","unchanged",FALSE,FALSE,"Neither_bound","Neither_bound_unchanged"
"ENSG00000130433.8","CACNG6",1.20749747940406,3.32880334568931,1.79282233213891,1.85673911241272,0.0633482800256632,0.139248972750387,"ENSG00000130433","unchanged",FALSE,FALSE,"Neither_bound","Neither_bound_unchanged"
"ENSG00000071564.19","TCF3",1217.92252651131,0.126612903303701,0.121925765991546,1.03844254964517,0.299064068801,0.457925004013359,"ENSG00000071564","unchanged",FALSE,FALSE,"Neither_bound","Neither_bound_unchanged"
"ENSG00000025796.14","SEC63",1361.04593630555,-0.442549866151961,0.136565370980385,-3.24057162496578,0.00119290299534604,0.00458584528586627,"ENSG00000025796","unchanged",FALSE,FALSE,"Neither_bound","Neither_bound_unchanged"
"ENSG00000197170.10","PSMD12",2284.02202744026,0.159578099768465,0.13677901209693,1.16668557055653,0.243337372111171,0.394392778694163,"ENSG00000197170","unchanged",FALSE,FALSE,"Neither_bound","Neither_bound_unchanged"
"ENSG00000113211.6","PCDHB6",7.01238028147371,0.206610088710301,0.748173739743468,0.276152553524724,0.782430897494378,0.870084879397926,"ENSG00000113211","unchanged",FALSE,FALSE,"Neither_bound","Neither_bound_unchanged"
"ENSG00000135773.13","CAPN9",9.5760493929502,1.0704821837267,0.625769524860047,1.7106652548574,0.0871429252270366,0.179738034175654,"ENSG00000135773","unchanged",FALSE,FALSE,"Neither_bound","Neither_bound_unchanged"
"ENSG00000244124.1","ENSG00000244124.1",22.7867798231624,0.441866700685649,0.395538526032433,1.11712683241737,0.263940099216437,0.418499616775612,"ENSG00000244124","unchanged",FALSE,FALSE,"Neither_bound","Neither_bound_unchanged"
"ENSG00000213062.5","ENSG00000213062.5",92.2076649858521,-0.178371319518279,0.218885440958074,-0.814907189521322,0.415125437520705,0.576420752225946,"ENSG00000213062","unchanged",FALSE,FALSE,"Neither_bound","Neither_bound_unchanged"
"ENSG00000287216.1","ENSG00000287216.1",1.92629549458976,-2.12108570169321,1.39348064820607,-1.52214937783588,0.127971655956387,0.242669637108612,"ENSG00000287216","unchanged",FALSE,FALSE,"Neither_bound","Neither_bound_unchanged"
"ENSG00000234636.2","ENSG00000234636.2",3.51467987098169,-0.222498712518373,0.963503978991658,-0.230926615114995,0.817371813621277,0.89344100097628,"ENSG00000234636","unchanged",FALSE,FALSE,"Neither_bound","Neither_bound_unchanged"
"ENSG00000252778.1","LOC124900315",4.60550381197884,-1.6819672238105,0.861263101187289,-1.9529075627318,0.05083054941009,0.116789238525564,"ENSG00000252778","unchanged",FALSE,FALSE,"Neither_bound","Neither_bound_unchanged"
"ENSG00000170835.17","CEL",11.5665488264893,-0.215965395203704,0.531495713451464,-0.406335158944655,0.684496355290843,0.80255903053432,"ENSG00000170835","unchanged",FALSE,FALSE,"Neither_bound","Neither_bound_unchanged"
"ENSG00000258571.1","ENSG00000258571.1",21.3102434959947,0.248286247479215,0.441552248440635,0.562303211808005,0.573909450413049,0.716922484981997,"ENSG00000258571","unchanged",FALSE,FALSE,"Neither_bound","Neither_bound_unchanged"
"ENSG00000223787.2","ENSG00000223787.2",9.82031260043837,-0.0124982363072518,0.60596694719909,-0.0206252772779462,0.98354457640111,0.99083700608556,"ENSG00000223787","unchanged",FALSE,FALSE,"Neither_bound","Neither_bound_unchanged"
"ENSG00000164100.9","NDST3",2.68590452037444,0.310529100141722,1.12189376385173,0.276790111637311,0.781941274418241,0.869678410521727,"ENSG00000164100","unchanged",FALSE,FALSE,"Neither_bound","Neither_bound_unchanged"
"ENSG00000233303.1","XXYLT1-AS1",1.41084677260068,0.995420936846957,1.58858195004875,0.626609748912487,0.530915076326131,0.680327573285273,"ENSG00000233303","unchanged",FALSE,FALSE,"Neither_bound","Neither_bound_unchanged"
"ENSG00000170791.18","CHCHD7",421.159066499674,0.145828045972685,0.198493806177696,0.734673029757597,0.462538649528089,0.620186491546339,"ENSG00000170791","unchanged",FALSE,FALSE,"Neither_bound","Neither_bound_unchanged"
"ENSG00000238832.1","LOC124901856",32.9762400670235,-0.238054068832857,0.33917884738546,-0.701854112271101,0.482770148496651,0.638704436383028,"ENSG00000238832","unchanged",FALSE,FALSE,"Neither_bound","Neither_bound_unchanged"
"ENSG00000201793.1","RN7SKP9",9.95794821777316,0.238573078306862,0.577655941685991,0.41300203302773,0.679605124223595,0.799142412144808,"ENSG00000201793","unchanged",FALSE,FALSE,"Neither_bound","Neither_bound_unchanged"
"ENSG00000287831.1","ENSG00000287831.1",2.53276850964505,-1.87036838976605,1.20563878220212,-1.55135055157216,0.120817698464254,0.232004951180608,"ENSG00000287831","unchanged",FALSE,FALSE,"Neither_bound","Neither_bound_unchanged"
"ENSG00000232004.1","CAP1P2",3.13246202574218,0.472774232845987,1.05705824496086,0.447254666523596,0.654691194826926,0.780303247127073,"ENSG00000232004","unchanged",FALSE,FALSE,"Neither_bound","Neither_bound_unchanged"
"ENSG00000243141.2","RPL23AP66",5.47919253090192,-0.811083467283859,0.769805045518449,-1.05362191636145,0.292056051039699,0.450507185621555,"ENSG00000243141","unchanged",FALSE,FALSE,"Neither_bound","Neither_bound_unchanged"
"ENSG00000277087.1","ENSG00000277087.1",1.89863252636108,0.633396744383656,1.34455488282381,0.471082848662458,0.637581572619843,0.76663259676994,"ENSG00000277087","unchanged",FALSE,FALSE,"Neither_bound","Neither_bound_unchanged"
"ENSG00000262962.1","ENSG00000262962.1",1.52411545060371,2.6095937080438,1.64000947276015,1.59120648471124,0.111563113977882,0.218230685609024,"ENSG00000262962","unchanged",FALSE,FALSE,"Neither_bound","Neither_bound_unchanged"
"ENSG00000133800.9","LYVE1",3.19594652503256,1.90714971447332,1.20044495069399,1.5887023502167,0.112127608096293,0.21913989862409,"ENSG00000133800","unchanged",FALSE,FALSE,"Neither_bound","Neither_bound_unchanged"
"ENSG00000204842.18","ATXN2",1501.98783943236,-0.275793582049549,0.126410528492576,-2.18172952315239,0.0291295006740005,0.0741398830282069,"ENSG00000204842","unchanged",FALSE,FALSE,"Neither_bound","Neither_bound_unchanged"
"ENSG00000172766.19","NAA16",434.722670432842,-0.354824588483325,0.140770567671965,-2.52058789242199,0.0117158974916393,0.0343310564178749,"ENSG00000172766","unchanged",FALSE,FALSE,"Neither_bound","Neither_bound_unchanged"
"ENSG00000107262.26","BAG1",686.781347250536,0.556807175277103,0.163381685821469,3.40801462830748,0.000654373865785381,0.00266753343408355,"ENSG00000107262","unchanged",FALSE,FALSE,"Neither_bound","Neither_bound_unchanged"
"ENSG00000227742.2","ENSG00000227742.2",8.70279626770953,1.17598114802874,0.671864711665577,1.750324325136,0.0800623658009477,0.167977667790401,"ENSG00000227742","unchanged",FALSE,FALSE,"Neither_bound","Neither_bound_unchanged"
"ENSG00000225693.1","ENSG00000225693.1",10.4892758093634,0.418325287821155,0.574646194128173,0.727970170333799,0.466631846621915,0.624232836608525,"ENSG00000225693","unchanged",FALSE,FALSE,"Neither_bound","Neither_bound_unchanged"
"ENSG00000291092.1","PMS2P3",96.3384570696761,0.182578000294553,0.227021088761331,0.804233656400526,0.421262044706577,0.582323246432792,"ENSG00000291092","unchanged",FALSE,FALSE,"Neither_bound","Neither_bound_unchanged"
"ENSG00000116857.17","TMEM9",656.492529836033,-0.807407008653733,0.186477391949805,-4.32978496863077,1.49255012514973e-05,8.39386467733211e-05,"ENSG00000116857","unchanged",FALSE,FALSE,"Neither_bound","Neither_bound_unchanged"
"ENSG00000120156.22","TEK",13.0597386774721,0.0397186624232089,0.526249130352245,0.0754750176909997,0.939836773824977,0.96813875764327,"ENSG00000120156","unchanged",FALSE,FALSE,"Neither_bound","Neither_bound_unchanged"
"ENSG00000158691.15","ZSCAN12",99.3615103018122,0.314020270800715,0.233796082209743,1.34313743768812,0.179227475033742,0.313392912153294,"ENSG00000158691","unchanged",FALSE,FALSE,"Neither_bound","Neither_bound_unchanged"
"ENSG00000289460.1","LOC124909362",2.24566658910979,-0.890325918367317,1.32796700600757,-0.670442800415661,0.502575558192876,0.655788465297042,"ENSG00000289460","unchanged",FALSE,FALSE,"Neither_bound","Neither_bound_unchanged"
"ENSG00000284820.1","ENSG00000284820.1",4.51119123108479,0.539883011194835,0.86509848154977,0.624071158034711,0.532580854351884,0.68179341451062,"ENSG00000284820","unchanged",FALSE,FALSE,"Neither_bound","Neither_bound_unchanged"
"ENSG00000047597.7","XK",124.203561896332,-0.562694959579561,0.192702938090047,-2.92001235246668,0.0035001751173538,0.0120070640664789,"ENSG00000047597","unchanged",FALSE,FALSE,"Neither_bound","Neither_bound_unchanged"
"ENSG00000240096.1","RPL18AP1",1.99428812019536,-1.88346464779128,1.33992070088131,-1.40565381708967,0.159826946971444,0.287781698103684,"ENSG00000240096","unchanged",FALSE,FALSE,"Neither_bound","Neither_bound_unchanged"
"ENSG00000225037.1","EIF1AX-AS1",19.677357232627,-0.069431525233404,0.434148091147517,-0.159925902357157,0.87293944399745,0.929821481144728,"ENSG00000225037","unchanged",FALSE,FALSE,"Neither_bound","Neither_bound_unchanged"
"ENSG00000223584.1","TVP23CP1",23.4519117785815,-0.917079274581601,0.394356095008638,-2.32551058849873,0.0200446743961085,0.054248864623298,"ENSG00000223584","unchanged",FALSE,FALSE,"Neither_bound","Neither_bound_unchanged"
"ENSG00000255725.2","ENSG00000255725.2",1.90702256040738,0.214367577121989,1.471342999453,0.145695175905064,0.884162029802645,0.936933506461619,"ENSG00000255725","unchanged",FALSE,FALSE,"Neither_bound","Neither_bound_unchanged"
"ENSG00000142961.16","MOB3C",436.718057458898,-0.307425722760023,0.142960214469202,-2.15042852237922,0.0315213342372388,0.0791979870481352,"ENSG00000142961","unchanged",FALSE,FALSE,"Neither_bound","Neither_bound_unchanged"
"ENSG00000258384.1","ENSG00000258384.1",19.7805637928291,-0.0300372744536107,0.439780350888056,-0.0683006286955656,0.945546323672825,0.971046000801745,"ENSG00000258384","unchanged",FALSE,FALSE,"Neither_bound","Neither_bound_unchanged"
"ENSG00000179148.10","ALOXE3",53.880334047216,-0.924417994129493,0.338965824717003,-2.72717166959611,0.00638797953314608,0.0202394262458638,"ENSG00000179148","unchanged",FALSE,FALSE,"Neither_bound","Neither_bound_unchanged"
"ENSG00000172425.12","TTC36",11.2140057308178,0.678701404002702,0.55100473643607,1.2317523954378,0.218041590918233,0.362971738876151,"ENSG00000172425","unchanged",FALSE,FALSE,"Neither_bound","Neither_bound_unchanged"
"ENSG00000223745.8","ENSG00000223745.8",380.138531177557,0.427132180445792,0.147778566702853,2.8903527079448,0.00384809811763437,0.0130036009609833,"ENSG00000223745","unchanged",FALSE,FALSE,"Neither_bound","Neither_bound_unchanged"
"ENSG00000267560.1","ENSG00000267560.1",20.8579703351502,0.127240344348544,0.431759826824873,0.294701675429739,0.768221783183759,0.860736798864859,"ENSG00000267560","unchanged",FALSE,FALSE,"Neither_bound","Neither_bound_unchanged"
"ENSG00000236678.8","LINC00347",1.39120341326763,-0.384097877861954,1.49870145359382,-0.2562871190529,0.797729142698966,0.88029574164117,"ENSG00000236678","unchanged",FALSE,FALSE,"Neither_bound","Neither_bound_unchanged"
"ENSG00000135931.19","ARMC9",849.791935413455,0.0420934409274646,0.127040332015263,0.331339191733279,0.740388290897498,0.84227567785948,"ENSG00000135931","unchanged",FALSE,FALSE,"Neither_bound","Neither_bound_unchanged"
"ENSG00000100883.13","SRP54",825.71689695754,0.166953102725068,0.148815075102322,1.12188299881766,0.261912190194576,0.416250867437372,"ENSG00000100883","unchanged",FALSE,FALSE,"Neither_bound","Neither_bound_unchanged"
"ENSG00000130244.13","FAM98C",189.472039258542,0.550496822788677,0.205113029437945,2.68387056783842,0.0072775274536602,0.0226667020489574,"ENSG00000130244","unchanged",FALSE,FALSE,"Neither_bound","Neither_bound_unchanged"
"ENSG00000205133.12","TRIQK",308.687495008142,-0.127609312952718,0.178945712821024,-0.713117464179484,0.475773073541655,0.632157506510511,"ENSG00000205133","unchanged",FALSE,FALSE,"Neither_bound","Neither_bound_unchanged"
"ENSG00000236047.1","RPL13AP12",18.1557425879098,0.036221337938403,0.458688258746732,0.0789672228309705,0.937058694014256,0.966889724127469,"ENSG00000236047","unchanged",FALSE,FALSE,"Neither_bound","Neither_bound_unchanged"
"ENSG00000241420.3","RN7SL505P",5.96433254297996,1.05923967960255,0.793541561608841,1.33482571152925,0.181933396234295,0.316783764496772,"ENSG00000241420","unchanged",FALSE,FALSE,"Neither_bound","Neither_bound_unchanged"
"ENSG00000232778.1","RPL23AP50",16.403485925915,0.168161018670101,0.480654930503542,0.349858095690254,0.726445196737938,0.832174606986767,"ENSG00000232778","unchanged",FALSE,FALSE,"Neither_bound","Neither_bound_unchanged"
"ENSG00000279453.1","ENSG00000279453.1",177.531506265304,-0.82225201360834,0.191294838590001,-4.29834918531524,1.7207492459101e-05,9.56791788919208e-05,"ENSG00000279453","unchanged",FALSE,FALSE,"Neither_bound","Neither_bound_unchanged"
"ENSG00000240106.2","RN7SL146P",6.92601687616966,-0.237137370596726,0.68104530999988,-0.348196173022273,0.727692861659913,0.833050388408733,"ENSG00000240106","unchanged",FALSE,FALSE,"Neither_bound","Neither_bound_unchanged"
"ENSG00000276384.1","ENSG00000276384.1",3.88831738429482,2.25619988550223,1.12110844070591,2.01247248132536,0.044170154686947,0.104395478319386,"ENSG00000276384","unchanged",FALSE,FALSE,"Neither_bound","Neither_bound_unchanged"
"ENSG00000169026.13","SLC49A3",41.0921196638642,0.77244759874885,0.311727176230836,2.47796040142758,0.013213580923743,0.0380243067449764,"ENSG00000169026","unchanged",FALSE,FALSE,"Neither_bound","Neither_bound_unchanged"
"ENSG00000285836.1","ENSG00000285836.1",18.9586945411648,1.09099086909496,0.486611242358634,2.2420173932005,0.0249602482014699,0.0651040244880235,"ENSG00000285836","unchanged",FALSE,FALSE,"Neither_bound","Neither_bound_unchanged"
"ENSG00000286881.2","ENSG00000286881.2",5.74101906642135,-1.91804533969908,0.826610877355102,-2.32037273189077,0.0203207226748418,0.0548430246161628,"ENSG00000286881","unchanged",FALSE,FALSE,"Neither_bound","Neither_bound_unchanged"
"ENSG00000120685.20","PROSER1",584.820457317234,0.31059977367852,0.141190191190969,2.19986793033244,0.0278162666237458,0.0713804445626198,"ENSG00000120685","unchanged",FALSE,FALSE,"Neither_bound","Neither_bound_unchanged"
"ENSG00000287720.1","ENSG00000287720.1",24.3172812675422,0.377413166783681,0.401227322440605,0.940646724873904,0.346885928782548,0.508392856231851,"ENSG00000287720","unchanged",FALSE,FALSE,"Neither_bound","Neither_bound_unchanged"
"ENSG00000139531.13","SUOX",177.042354797761,0.470572828632093,0.178475698669927,2.63662129992483,0.00837362560444659,0.025634040603086,"ENSG00000139531","unchanged",FALSE,FALSE,"Neither_bound","Neither_bound_unchanged"
"ENSG00000214022.12","REPIN1",4929.34637957722,0.18695098856443,0.140492458076797,1.33068344823347,0.183293191495889,0.318601122133475,"ENSG00000214022","unchanged",FALSE,FALSE,"Neither_bound","Neither_bound_unchanged"
"ENSG00000232879.2","GLRX5P2",13.8431662912351,-0.682294605889785,0.484665912844451,-1.40776272440014,0.159201341472384,0.286997164946807,"ENSG00000232879","unchanged",FALSE,FALSE,"Neither_bound","Neither_bound_unchanged"
"ENSG00000287533.1","ENSG00000287533.1",1.40516354091148,0.25718079889928,1.47632041224273,0.174203917229991,0.861705207105697,0.922251007466328,"ENSG00000287533","unchanged",FALSE,FALSE,"Neither_bound","Neither_bound_unchanged"
"ENSG00000069535.14","MAOB",7.7920534678533,-0.709591878145071,0.645891523104621,-1.09862392176051,0.271932138988143,0.427915820307108,"ENSG00000069535","unchanged",FALSE,FALSE,"Neither_bound","Neither_bound_unchanged"
"ENSG00000245060.8","LINC00847",46.0008411976963,0.165484381396229,0.296503322708941,0.558119821000033,0.576762566586699,0.719167735725281,"ENSG00000245060","unchanged",FALSE,FALSE,"Neither_bound","Neither_bound_unchanged"
"ENSG00000168303.9","MPLKIP",471.098007809578,0.506445373599152,0.146694002114343,3.45239318785778,0.000555637413385511,0.00230845054523961,"ENSG00000168303","unchanged",FALSE,FALSE,"Neither_bound","Neither_bound_unchanged"
"ENSG00000119965.13","C10orf88",243.078577244548,-0.671540838471356,0.168260051714268,-3.9910889817848,6.57705958105921e-05,0.000329464031631646,"ENSG00000119965","unchanged",FALSE,FALSE,"Neither_bound","Neither_bound_unchanged"
"ENSG00000232876.1","ENSG00000232876.1",1.72235945114851,0.532682258810297,1.39470233940354,0.38193257712474,0.702511375679383,0.815022910864893,"ENSG00000232876","unchanged",FALSE,FALSE,"Neither_bound","Neither_bound_unchanged"
"ENSG00000231409.3","ENSG00000231409.3",17.1280688423761,-0.834801508555231,0.470829309181637,-1.77304490666952,0.0762212659796208,0.161283496093924,"ENSG00000231409","unchanged",FALSE,FALSE,"Neither_bound","Neither_bound_unchanged"
"ENSG00000198879.13","SFMBT2",519.94728380179,-0.417380269592812,0.137800328596341,-3.02887717209619,0.00245464459073906,0.00873448223949552,"ENSG00000198879","unchanged",FALSE,FALSE,"Neither_bound","Neither_bound_unchanged"
"ENSG00000255331.1","ENSG00000255331.1",1.71498439969093,3.79243807934605,1.72940284942231,2.192917677112,0.0283133108669849,0.0724534084322541,"ENSG00000255331","unchanged",FALSE,FALSE,"Neither_bound","Neither_bound_unchanged"
"ENSG00000157873.18","TNFRSF14",56.4567020320751,-0.44257958640729,0.262948223997883,-1.68314347090191,0.0923473208860988,0.188230050756616,"ENSG00000157873","unchanged",FALSE,FALSE,"Neither_bound","Neither_bound_unchanged"
"ENSG00000255992.1","ENSG00000255992.1",3.50804720496625,0.90655237058707,0.989794010010224,0.915900037198352,0.359719327297546,0.521686709488645,"ENSG00000255992","unchanged",FALSE,FALSE,"Neither_bound","Neither_bound_unchanged"
"ENSG00000264958.2","ENSG00000264958.2",23.0440032951479,0.645384835095047,0.392610774737313,1.64382863798595,0.100211604077182,0.200621540883948,"ENSG00000264958","unchanged",FALSE,FALSE,"Neither_bound","Neither_bound_unchanged"
"ENSG00000224459.2","SLC25A34-AS1",1.73265781106021,-0.411610528527706,1.32352264503715,-0.310996211565502,0.75580350166375,0.851881896335136,"ENSG00000224459","unchanged",FALSE,FALSE,"Neither_bound","Neither_bound_unchanged"
"ENSG00000213079.10","SCAF8",1913.29995937844,-0.97438513149963,0.112338647102485,-8.67364132141198,4.18517172419877e-18,7.64373737375882e-17,"ENSG00000213079","unchanged",FALSE,FALSE,"Neither_bound","Neither_bound_unchanged"
"ENSG00000092820.19","EZR",3065.48917649,0.209617059625867,0.136763591584816,1.53269636455745,0.125350685342772,0.238843214812056,"ENSG00000092820","unchanged",FALSE,FALSE,"Neither_bound","Neither_bound_unchanged"
"ENSG00000164615.6","CAMLG",558.562704393846,0.162332650287923,0.165224739155628,0.982496030058905,0.325855537800723,0.486662896061157,"ENSG00000164615","unchanged",FALSE,FALSE,"Neither_bound","Neither_bound_unchanged"
"ENSG00000196912.13","ANKRD36B",299.257443204726,0.2546101670796,0.167066326358611,1.52400649867092,0.127507087806906,0.241991326328359,"ENSG00000196912","unchanged",FALSE,FALSE,"Neither_bound","Neither_bound_unchanged"
"ENSG00000233694.6","LINC02579",2.88521682311364,0.490360940075258,1.06102396863566,0.462158211850576,0.643967867856638,0.771961481343671,"ENSG00000233694","unchanged",FALSE,FALSE,"Neither_bound","Neither_bound_unchanged"
"ENSG00000186376.15","ZNF75D",431.403917188309,-0.231832184550557,0.151712100542335,-1.52810608858365,0.126486200028554,0.240537635347101,"ENSG00000186376","unchanged",FALSE,FALSE,"Neither_bound","Neither_bound_unchanged"
"ENSG00000245112.2","SMARCA5-AS1",18.9576575716719,0.0709719675128862,0.450383647806509,0.157581137455898,0.874786867977554,0.931205275194659,"ENSG00000245112","unchanged",FALSE,FALSE,"Neither_bound","Neither_bound_unchanged"
"ENSG00000163810.13","TGM4",12.8699676005385,0.139385601405575,0.530899000474912,0.262546362454795,0.792900246469687,0.877418411913029,"ENSG00000163810","unchanged",FALSE,FALSE,"Neither_bound","Neither_bound_unchanged"
"ENSG00000131171.13","SH3BGRL",498.849740984618,-0.58939655619627,0.2240171396529,-2.63103330892226,0.00851256923944889,0.0259844493103523,"ENSG00000131171","unchanged",FALSE,FALSE,"Neither_bound","Neither_bound_unchanged"
"ENSG00000226102.3","SEPTIN7P3",1.51015532295986,1.72428603448117,1.5571367976142,1.10734396433446,0.268145243070407,0.423408219441038,"ENSG00000226102","unchanged",FALSE,FALSE,"Neither_bound","Neither_bound_unchanged"
"ENSG00000206635.1","RNU6-1062P",6.74363987926517,0.146777696764267,0.705408069928685,0.208074876119727,0.835170503780864,0.905607855213829,"ENSG00000206635","unchanged",FALSE,FALSE,"Neither_bound","Neither_bound_unchanged"
"ENSG00000252549.1","RNU6-759P",23.4009487493338,-0.472703453555415,0.381984726198303,-1.23749307533835,0.215904083546036,0.360223526129183,"ENSG00000252549","unchanged",FALSE,FALSE,"Neither_bound","Neither_bound_unchanged"
"ENSG00000166471.11","TMEM41B",643.189058625268,-0.606886085140636,0.143955777670778,-4.21578136675114,2.48914826591782e-05,0.000134635968625313,"ENSG00000166471","unchanged",FALSE,FALSE,"Neither_bound","Neither_bound_unchanged"
"ENSG00000143494.16","VASH2",35.6842567063631,0.0471555631062027,0.331927299814086,0.142065937729782,0.88702792298988,0.938296097447017,"ENSG00000143494","unchanged",FALSE,FALSE,"Neither_bound","Neither_bound_unchanged"
"ENSG00000164237.9","CMBL",198.718966140105,0.668713757456347,0.191065844677233,3.4999126012606,0.000465410724139192,0.00196654701798235,"ENSG00000164237","unchanged",FALSE,FALSE,"Neither_bound","Neither_bound_unchanged"
"ENSG00000248896.3","LOC102723313",19.6473142412515,0.341481353716027,0.425775092322213,0.802022851674012,0.422539739686663,0.58340093804067,"ENSG00000248896","unchanged",FALSE,FALSE,"Neither_bound","Neither_bound_unchanged"
"ENSG00000233551.2","ENSG00000233551.2",3.95958288533403,-0.271710833106226,0.946704139048051,-0.287007124928641,0.774106864741814,0.864279333276614,"ENSG00000233551","unchanged",FALSE,FALSE,"Neither_bound","Neither_bound_unchanged"
"ENSG00000206651.1","ENSG00000206651.1",8.32646488813835,-0.118533177460497,0.643894136862553,-0.184087990050761,0.853944428021008,0.917471670388967,"ENSG00000206651","unchanged",FALSE,FALSE,"Neither_bound","Neither_bound_unchanged"
"ENSG00000165389.7","SPTSSA",351.315351488285,-0.487336556620465,0.245920842765231,-1.98168057306839,0.0475150028585344,0.110532092665299,"ENSG00000165389","unchanged",FALSE,FALSE,"Neither_bound","Neither_bound_unchanged"
"ENSG00000241886.1","ENSG00000241886.1",18.1840388171217,0.284346275619943,0.442749812452137,0.642227884965356,0.520725230029954,0.671206558314066,"ENSG00000241886","unchanged",FALSE,FALSE,"Neither_bound","Neither_bound_unchanged"
"ENSG00000136156.15","ITM2B",9316.89662454778,-0.346568307174259,0.187731033665254,-1.84608959109142,0.0648791979612404,0.141833993843958,"ENSG00000136156","unchanged",FALSE,FALSE,"Neither_bound","Neither_bound_unchanged"
"ENSG00000290877.1","ROCK1P1",34.7021503311557,0.511185521894761,0.35425778473699,1.44297611490536,0.149027199755596,0.273010242762274,"ENSG00000290877","unchanged",FALSE,FALSE,"Neither_bound","Neither_bound_unchanged"
"ENSG00000234608.9","MAPKAPK5-AS1",114.584036058947,0.86276304132241,0.25540377930515,3.37803553130512,0.000730056469392097,0.00294344903884994,"ENSG00000234608","unchanged",FALSE,FALSE,"Neither_bound","Neither_bound_unchanged"
"ENSG00000140682.19","TGFB1I1",312.668198531913,-0.376170317813345,0.161119315626101,-2.33473135329286,0.0195574592850003,0.0530952507187413,"ENSG00000140682","unchanged",FALSE,FALSE,"Neither_bound","Neither_bound_unchanged"
"ENSG00000187987.10","ZSCAN23",3.99525970600472,0.195418201845351,0.916744056650873,0.213165496331953,0.831197879690199,0.902944339043282,"ENSG00000187987","unchanged",FALSE,FALSE,"Neither_bound","Neither_bound_unchanged"
"ENSG00000205089.8","CCNI2",11.1842796639842,0.779730034344667,0.583893464620881,1.33539777646071,0.181746192132514,0.316641260417358,"ENSG00000205089","unchanged",FALSE,FALSE,"Neither_bound","Neither_bound_unchanged"
"ENSG00000224671.2","ENSG00000224671.2",2.81775314055926,-0.274844355972466,1.06152545528265,-0.258914522119759,0.7957011931286,0.879143186579245,"ENSG00000224671","unchanged",FALSE,FALSE,"Neither_bound","Neither_bound_unchanged"
"ENSG00000121335.12","PRB2",1.40223735870678,0.521802361006737,1.57135345691453,0.332071920999451,0.739834952014213,0.841815350216688,"ENSG00000121335","unchanged",FALSE,FALSE,"Neither_bound","Neither_bound_unchanged"
"ENSG00000253183.1","ST13P17",4.66016545498439,-1.85016491968956,1.02923885780602,-1.79760500262637,0.0722396250256922,0.154552848955893,"ENSG00000253183","unchanged",FALSE,FALSE,"Neither_bound","Neither_bound_unchanged"
"ENSG00000229380.1","PRKAR1B-AS2",2.20872523986043,-2.91145070868658,1.49684564225365,-1.94505741039744,0.0517680690275285,0.118502444149005,"ENSG00000229380","unchanged",FALSE,FALSE,"Neither_bound","Neither_bound_unchanged"
"ENSG00000258038.6","LINC02327",3.36930222924768,0.944620345546398,1.00727667703449,0.937796304712868,0.348349100500298,0.509943210041119,"ENSG00000258038","unchanged",FALSE,FALSE,"Neither_bound","Neither_bound_unchanged"
"ENSG00000250267.2","ENSG00000250267.2",9.53198024363091,-0.242743915807669,0.619027415141783,-0.392137585299143,0.694956557884003,0.81004338611639,"ENSG00000250267","unchanged",FALSE,FALSE,"Neither_bound","Neither_bound_unchanged"
"ENSG00000109606.13","DHX15",2757.41142194801,0.196576931737264,0.142539111059272,1.37910872515209,0.16786123409762,0.298498083961258,"ENSG00000109606","unchanged",FALSE,FALSE,"Neither_bound","Neither_bound_unchanged"
"ENSG00000285744.1","ENSG00000285744.1",17.6711270046182,0.656847893297704,0.445599983647,1.47407521858899,0.140461339975317,0.260906151707856,"ENSG00000285744","unchanged",FALSE,FALSE,"Neither_bound","Neither_bound_unchanged"
"ENSG00000228878.10","ENSG00000228878.10",29.2839576224466,-0.18124629658289,0.367243257036324,-0.493531993059747,0.621636739865522,0.755402167200373,"ENSG00000228878","unchanged",FALSE,FALSE,"Neither_bound","Neither_bound_unchanged"
"ENSG00000123119.12","NECAB1",70.0871005887426,0.573706775855707,0.252059104858164,2.27608035098965,0.0228412008814583,0.0604966792624853,"ENSG00000123119","unchanged",FALSE,FALSE,"Neither_bound","Neither_bound_unchanged"
"ENSG00000255503.1","LINC02951",18.3136630583096,0.0185795534559072,0.44479259879676,0.0417712738614988,0.966681035155813,0.982418091843077,"ENSG00000255503","unchanged",FALSE,FALSE,"Neither_bound","Neither_bound_unchanged"
"ENSG00000276791.1","ENSG00000276791.1",54.6012967750855,0.0336979300195763,0.263573555535037,0.127850193283509,0.898267527466363,0.944988266137214,"ENSG00000276791","unchanged",FALSE,FALSE,"Neither_bound","Neither_bound_unchanged"
"ENSG00000272183.1","ENSG00000272183.1",3.27561785224306,0.953202999226027,1.10282446561574,0.864328847378107,0.38740726749332,0.549503886472869,"ENSG00000272183","unchanged",FALSE,FALSE,"Neither_bound","Neither_bound_unchanged"
"ENSG00000233478.1","ENSG00000233478.1",3.41298717258386,0.679025516215285,0.997485860557317,0.680736983916643,0.49603793009767,0.650280437248954,"ENSG00000233478","unchanged",FALSE,FALSE,"Neither_bound","Neither_bound_unchanged"
"ENSG00000197857.16","ZNF44",1196.29185674456,0.808827712187157,0.124106245729199,6.5172200434781,7.16223233107198e-11,7.6027096194329e-10,"ENSG00000197857","unchanged",FALSE,FALSE,"Neither_bound","Neither_bound_unchanged"
"ENSG00000253572.2","ENSG00000253572.2",2.3752820190905,-1.66858532092861,1.26267466988567,-1.32146891097427,0.1863450620146,0.322716889288872,"ENSG00000253572","unchanged",FALSE,FALSE,"Neither_bound","Neither_bound_unchanged"
"ENSG00000235700.1","CYCSP52",7.16231983413123,-0.835971500481118,0.695022356904976,-1.20279799948279,0.229054499147681,0.37654373648785,"ENSG00000235700","unchanged",FALSE,FALSE,"Neither_bound","Neither_bound_unchanged"
"ENSG00000138433.16","CIR1",433.806183662652,0.532329340139525,0.161008244116065,3.30622411952887,0.000945624185904257,0.00371985667015585,"ENSG00000138433","unchanged",FALSE,FALSE,"Neither_bound","Neither_bound_unchanged"
"ENSG00000252690.3","ENSG00000252690.3",32.5965240829706,-0.0943160693224364,0.340629862949316,-0.276887259695344,0.781866675574749,0.869656741737551,"ENSG00000252690","unchanged",FALSE,FALSE,"Neither_bound","Neither_bound_unchanged"
"ENSG00000128335.14","APOL2",1596.28827041668,-0.0353501195271487,0.121967252507714,-0.28983287563121,0.771944095712365,0.862891102044044,"ENSG00000128335","unchanged",FALSE,FALSE,"Neither_bound","Neither_bound_unchanged"
"ENSG00000147262.5","GPR119",4.62154108822144,0.374258953078841,0.890822724265353,0.420127308031444,0.674392454439455,0.795002513563553,"ENSG00000147262","unchanged",FALSE,FALSE,"Neither_bound","Neither_bound_unchanged"
"ENSG00000285856.1","ENSG00000285856.1",7.78288034591893,1.45286471374623,0.737700124553894,1.96945163134521,0.0489012517192923,0.113121609806655,"ENSG00000285856","unchanged",FALSE,FALSE,"Neither_bound","Neither_bound_unchanged"
"ENSG00000105642.16","KCNN1",9.19526970554978,0.252305880912989,0.659066537891633,0.382823078410444,0.701850948568057,0.814668979666476,"ENSG00000105642","unchanged",FALSE,FALSE,"Neither_bound","Neither_bound_unchanged"
"ENSG00000266858.1","ENSG00000266858.1",1.62098024211842,-0.0488894936023193,1.38303270470616,-0.0353494848212621,0.971801064783856,0.984802947822315,"ENSG00000266858","unchanged",FALSE,FALSE,"Neither_bound","Neither_bound_unchanged"
"ENSG00000112561.19","TFEB",369.30100669014,-0.446102370831406,0.149483160013687,-2.98429850419645,0.00284229335984473,0.00996460118146411,"ENSG00000112561","unchanged",FALSE,FALSE,"Neither_bound","Neither_bound_unchanged"
"ENSG00000104549.12","SQLE",535.015854735189,-0.457196656045638,0.154458871835061,-2.95998961156375,0.00307649416190142,0.0106918716688631,"ENSG00000104549","unchanged",FALSE,FALSE,"Neither_bound","Neither_bound_unchanged"
"ENSG00000166886.13","NAB2",438.894904808042,-0.0566893131873151,0.16951247661682,-0.334425608773685,0.738058417727767,0.840878310050177,"ENSG00000166886","unchanged",FALSE,FALSE,"Neither_bound","Neither_bound_unchanged"
"ENSG00000267611.1","ENSG00000267611.1",5.99130339061854,-1.66816740558347,0.783178409976324,-2.12999667040604,0.0331718882563348,0.0826208168566639,"ENSG00000267611","unchanged",FALSE,FALSE,"Neither_bound","Neither_bound_unchanged"
"ENSG00000231889.9","TRAF3IP2-AS1",323.420740324461,0.335311413725258,0.154900395568091,2.16469049349756,0.0304113955895721,0.076781201530146,"ENSG00000231889","unchanged",FALSE,FALSE,"Neither_bound","Neither_bound_unchanged"
"ENSG00000255101.1","ENSG00000255101.1",1.21232806131005,2.23342495127143,1.73543138663857,1.28695664286529,0.198109400655956,0.337939040901999,"ENSG00000255101","unchanged",FALSE,FALSE,"Neither_bound","Neither_bound_unchanged"
"ENSG00000282742.1","ENSG00000282742.1",8.3015058485162,0.481894721888376,0.641940130419327,0.750684836565044,0.45284235084389,0.611227408943227,"ENSG00000282742","unchanged",FALSE,FALSE,"Neither_bound","Neither_bound_unchanged"
"ENSG00000212605.1","RNU1-56P",2.35225340638353,1.44122393982077,1.28520671145818,1.12139465735093,0.262119909299027,0.416468921795657,"ENSG00000212605","unchanged",FALSE,FALSE,"Neither_bound","Neither_bound_unchanged"
"ENSG00000130544.12","ZNF557",760.713111927812,0.296586052643414,0.126891730069651,2.33731585565597,0.0194227667036608,0.0527844259052685,"ENSG00000130544","unchanged",FALSE,FALSE,"Neither_bound","Neither_bound_unchanged"
"ENSG00000267606.1","ENSG00000267606.1",2.45787464346256,-1.61079044965263,1.16333343440684,-1.38463350404258,0.16616456132235,0.296298721265882,"ENSG00000267606","unchanged",FALSE,FALSE,"Neither_bound","Neither_bound_unchanged"
"ENSG00000188037.14","CLCN1",6.56810852576443,0.359989145586981,0.726356729424926,0.495609293620771,0.620170094550016,0.754055545040791,"ENSG00000188037","unchanged",FALSE,FALSE,"Neither_bound","Neither_bound_unchanged"
"ENSG00000174032.17","SLC25A30",210.490608698322,0.254333961804917,0.174726515351211,1.45561171006982,0.145499989051747,0.268168400874105,"ENSG00000174032","unchanged",FALSE,FALSE,"Neither_bound","Neither_bound_unchanged"
"ENSG00000226636.1","ENSG00000226636.1",9.83863295131655,1.36275262722688,0.661514193416626,2.06005047327626,0.0393937158673009,0.0950041021793022,"ENSG00000226636","unchanged",FALSE,FALSE,"Neither_bound","Neither_bound_unchanged"
"ENSG00000283654.3","CIROP",9.84974961427004,-1.06657073821063,0.622446650657821,-1.71351349884114,0.0866181121159637,0.178925081023781,"ENSG00000283654","unchanged",FALSE,FALSE,"Neither_bound","Neither_bound_unchanged"
"ENSG00000260193.1","ENSG00000260193.1",7.22235161691365,-0.325029521420132,0.728753806025895,-0.446007305529713,0.655591968805804,0.781044752960001,"ENSG00000260193","unchanged",FALSE,FALSE,"Neither_bound","Neither_bound_unchanged"
"ENSG00000162989.5","KCNJ3",1.65973496297967,-3.54107140972756,1.7958529513827,-1.9718047666437,0.0486318980017969,0.112590533759885,"ENSG00000162989","unchanged",FALSE,FALSE,"Neither_bound","Neither_bound_unchanged"
"ENSG00000243546.3","RN7SL108P",1.77294563506159,-0.341436601553682,1.38110590797727,-0.247219709641051,0.804738192547875,0.884982741662335,"ENSG00000243546","unchanged",FALSE,FALSE,"Neither_bound","Neither_bound_unchanged"
"ENSG00000113492.14","AGXT2",2.58134384442073,0.766993289879221,1.21154575011249,0.633070018039358,0.526687920284912,0.676777332684867,"ENSG00000113492","unchanged",FALSE,FALSE,"Neither_bound","Neither_bound_unchanged"
"ENSG00000164989.17","CCDC171",141.225410830052,-0.368520132265689,0.201336545860945,-1.83036880209622,0.0671948095376001,0.145966188551078,"ENSG00000164989","unchanged",FALSE,FALSE,"Neither_bound","Neither_bound_unchanged"
"ENSG00000276691.1","ENSG00000276691.1",4.45513134066179,-0.833638849890474,0.87932593551473,-0.948043059144488,0.34310753395066,0.504487780851702,"ENSG00000276691","unchanged",FALSE,FALSE,"Neither_bound","Neither_bound_unchanged"
"ENSG00000285492.2","LOC112267968",5.10322437015886,0.861137596765387,0.853553819270751,1.00888494354242,0.313029816866092,0.472724706322297,"ENSG00000285492","unchanged",FALSE,FALSE,"Neither_bound","Neither_bound_unchanged"
"ENSG00000287982.1","ENSG00000287982.1",2.37402074399315,2.5063645792099,1.39897614415278,1.79157063520033,0.073201770449091,0.156139261451474,"ENSG00000287982","unchanged",FALSE,FALSE,"Neither_bound","Neither_bound_unchanged"
"ENSG00000140006.12","WDR89",91.1977091014923,-0.567743842646429,0.231539821070804,-2.45203542103807,0.0142050678079888,0.0404389660829503,"ENSG00000140006","unchanged",FALSE,FALSE,"Neither_bound","Neither_bound_unchanged"
"ENSG00000285770.1","ENSG00000285770.1",1.72178151211113,0.284737620146076,1.43200848570189,0.198837941945932,0.842389515160596,0.910442172865033,"ENSG00000285770","unchanged",FALSE,FALSE,"Neither_bound","Neither_bound_unchanged"
"ENSG00000252612.1","ENSG00000252612.1",3.54445980989209,2.396218474374,1.15320598042685,2.07787551837622,0.0377208259252802,0.0916000153724562,"ENSG00000252612","unchanged",FALSE,FALSE,"Neither_bound","Neither_bound_unchanged"
"ENSG00000117036.12","ETV3",1088.71843011224,0.0647390263232369,0.131644263287432,0.491772483711546,0.622880190676329,0.756265420062306,"ENSG00000117036","unchanged",FALSE,FALSE,"Neither_bound","Neither_bound_unchanged"
"ENSG00000148803.12","FUOM",1.2283588476248,3.37724779421853,1.79533601687787,1.88112295551873,0.0599551950039667,0.133056191290653,"ENSG00000148803","unchanged",FALSE,FALSE,"Neither_bound","Neither_bound_unchanged"
"ENSG00000267089.1","ENSG00000267089.1",3.18453680439697,0.271595211701706,1.01664272025105,0.267149123572772,0.789354346387941,0.874834038242866,"ENSG00000267089","unchanged",FALSE,FALSE,"Neither_bound","Neither_bound_unchanged"
"ENSG00000236031.1","ENSG00000236031.1",41.6983761468352,0.591755705218376,0.311444230562174,1.90003746144285,0.0574282036807666,0.128539880246987,"ENSG00000236031","unchanged",FALSE,FALSE,"Neither_bound","Neither_bound_unchanged"
"ENSG00000266289.1","ENSG00000266289.1",18.4147081445158,-0.552570893799796,0.440846025315884,-1.25343285879431,0.210048219446018,0.35319627335985,"ENSG00000266289","unchanged",FALSE,FALSE,"Neither_bound","Neither_bound_unchanged"
"ENSG00000054965.11","FAM168A",3050.7185166241,0.246813914038408,0.122368800707428,2.01696766342031,0.0436988879781009,0.103562675423158,"ENSG00000054965","unchanged",FALSE,FALSE,"Neither_bound","Neither_bound_unchanged"
"ENSG00000162006.10","MSLNL",2.36244331451902,0.0329736382744583,1.17529528591218,0.0280556202936409,0.977617790001895,0.987949734795352,"ENSG00000162006","unchanged",FALSE,FALSE,"Neither_bound","Neither_bound_unchanged"
"ENSG00000128191.17","DGCR8",451.929114808674,-0.539447293380487,0.142364443851277,-3.78919959778741,0.000151133448425133,0.000705566379343719,"ENSG00000128191","unchanged",FALSE,FALSE,"Neither_bound","Neither_bound_unchanged"
"ENSG00000277039.1","ENSG00000277039.1",14.6018721190748,-0.695228764374349,0.514790948609929,-1.3505069703569,0.176853419332764,0.310441679907774,"ENSG00000277039","unchanged",FALSE,FALSE,"Neither_bound","Neither_bound_unchanged"
"ENSG00000289862.1","ENSG00000289862.1",6.48842945748485,-0.577775875796721,0.707692595949849,-0.81642210064561,0.414258760604972,0.57561734354208,"ENSG00000289862","unchanged",FALSE,FALSE,"Neither_bound","Neither_bound_unchanged"
"ENSG00000244630.2","RPS26P27",8.51403263102331,0.55386546602256,0.634819303089001,0.872477354307716,0.382948016978141,0.544973741703192,"ENSG00000244630","unchanged",FALSE,FALSE,"Neither_bound","Neither_bound_unchanged"
"ENSG00000226891.9","LINC01359",67.9229673028706,0.698449360879267,0.269994378619445,2.58690334387934,0.00968427534885988,0.0290591241180994,"ENSG00000226891","unchanged",FALSE,FALSE,"Neither_bound","Neither_bound_unchanged"
"ENSG00000116704.8","SLC35D1",659.279695947488,-0.287326929034824,0.134267571971776,-2.1399577337648,0.0323581826491688,0.0809085571017273,"ENSG00000116704","unchanged",FALSE,FALSE,"Neither_bound","Neither_bound_unchanged"
"ENSG00000175073.8","VCPIP1",2659.12007875315,-0.434626022297611,0.111097130779912,-3.91212643608793,9.14869895468177e-05,0.000446626913039136,"ENSG00000175073","unchanged",FALSE,FALSE,"Neither_bound","Neither_bound_unchanged"
"ENSG00000009954.11","BAZ1B",4343.85982127644,-0.557929589708612,0.11889859790895,-4.69248249786649,2.69909632510814e-06,1.69563351158264e-05,"ENSG00000009954","unchanged",FALSE,FALSE,"Neither_bound","Neither_bound_unchanged"
"ENSG00000253796.4","LOC101927413",3.85523402916189,1.61798103747392,1.02687902438219,1.57562964970227,0.115111178935058,0.223443280524809,"ENSG00000253796","unchanged",FALSE,FALSE,"Neither_bound","Neither_bound_unchanged"
"ENSG00000269952.1","ENSG00000269952.1",5.27176278231054,1.56771135947715,0.87291649766282,1.79594653517788,0.0725030204854249,0.154987058010565,"ENSG00000269952","unchanged",FALSE,FALSE,"Neither_bound","Neither_bound_unchanged"
"ENSG00000225795.1","ENSG00000225795.1",2.00558671403186,0.821816259264506,1.40205417676072,0.586151571662668,0.557773662436165,0.703988992889371,"ENSG00000225795","unchanged",FALSE,FALSE,"Neither_bound","Neither_bound_unchanged"
"ENSG00000198876.13","DCAF12",887.953294277265,-0.301624878251353,0.147828757063066,-2.04036673407647,0.041313812614711,0.0987855544767353,"ENSG00000198876","unchanged",FALSE,FALSE,"Neither_bound","Neither_bound_unchanged"
"ENSG00000234722.5","LINC01287",2.14758177741482,2.3037171677408,1.41538990541265,1.62762017655422,0.103605448194836,0.205998001889615,"ENSG00000234722","unchanged",FALSE,FALSE,"Neither_bound","Neither_bound_unchanged"
"ENSG00000279544.1","ENSG00000279544.1",128.134026052804,-0.490437122994102,0.236592202006853,-2.07292175665154,0.0381795618825479,0.092557667703134,"ENSG00000279544","unchanged",FALSE,FALSE,"Neither_bound","Neither_bound_unchanged"
"ENSG00000291138.1","ENSG00000291138.1",2.22055670291226,-0.925372852554381,1.23615767020319,-0.748588044114366,0.454105540434442,0.612448108861739,"ENSG00000291138","unchanged",FALSE,FALSE,"Neither_bound","Neither_bound_unchanged"
"ENSG00000259756.1","ENSG00000259756.1",7.98234628151554,0.559623260325674,0.643910311500009,0.869101255766528,0.384791749922821,0.546658559656143,"ENSG00000259756","unchanged",FALSE,FALSE,"Neither_bound","Neither_bound_unchanged"
"ENSG00000254387.1","ENSG00000254387.1",1.87958778323355,2.11555380936025,1.47052170459729,1.43864167577153,0.150252072031663,0.274676410460768,"ENSG00000254387","unchanged",FALSE,FALSE,"Neither_bound","Neither_bound_unchanged"
"ENSG00000246225.7","ENSG00000246225.7",3.95189686451582,-1.30222661430266,0.942401250409583,-1.38181757901604,0.167027720043923,0.297451902823318,"ENSG00000246225","unchanged",FALSE,FALSE,"Neither_bound","Neither_bound_unchanged"
"ENSG00000267342.1","ENSG00000267342.1",12.2889228460917,-0.351884357105316,0.561389897248566,-0.626809208412799,0.530784306664057,0.680313988708954,"ENSG00000267342","unchanged",FALSE,FALSE,"Neither_bound","Neither_bound_unchanged"
"ENSG00000233426.3","EIF3FP3",3.54078742734029,-0.501181134724961,0.990843712069945,-0.50581249961001,0.612988282831386,0.748461156722426,"ENSG00000233426","unchanged",FALSE,FALSE,"Neither_bound","Neither_bound_unchanged"
"ENSG00000175213.3","ZNF408",395.49591674611,0.343868561283325,0.147012295290852,2.33904627230674,0.0193330388395244,0.0525826457923745,"ENSG00000175213","unchanged",FALSE,FALSE,"Neither_bound","Neither_bound_unchanged"
"ENSG00000239944.1","ENSG00000239944.1",3.39865719824779,1.9156251103493,1.11067148565408,1.72474501694908,0.0845734344320383,0.175480448401898,"ENSG00000239944","unchanged",FALSE,FALSE,"Neither_bound","Neither_bound_unchanged"
"ENSG00000185055.11","EFCAB10",23.694533421511,-0.115888760267502,0.375734590732867,-0.308432502957637,0.75775325290011,0.853229107783702,"ENSG00000185055","unchanged",FALSE,FALSE,"Neither_bound","Neither_bound_unchanged"
"ENSG00000235173.7","HGH1",698.128099528254,0.435876674770741,0.150622322031373,2.89383850210431,0.00380563843176419,0.0128831897797654,"ENSG00000235173","unchanged",FALSE,FALSE,"Neither_bound","Neither_bound_unchanged"
"ENSG00000290618.1","CDRT15P3",1.51928486869772,3.67101083340123,1.68324735889858,2.18090990251328,0.0291900811404764,0.0742440042066419,"ENSG00000290618","unchanged",FALSE,FALSE,"Neither_bound","Neither_bound_unchanged"
"ENSG00000213189.5","ENSG00000213189.5",10.7018463490701,0.0843812818977423,0.605804620635715,0.139287947010366,0.889222613929666,0.939798187615523,"ENSG00000213189","unchanged",FALSE,FALSE,"Neither_bound","Neither_bound_unchanged"
"ENSG00000199872.1","RNU6-942P",12.9430565265856,-0.549595370812508,0.5049755729024,-1.08836030949705,0.276436075763038,0.432937462378112,"ENSG00000199872","unchanged",FALSE,FALSE,"Neither_bound","Neither_bound_unchanged"
"ENSG00000185088.14","RPS27L",669.063133535999,-0.933376897770268,0.203426848173586,-4.58826799977655,4.46938636606939e-06,2.72169444393411e-05,"ENSG00000185088","unchanged",FALSE,FALSE,"Neither_bound","Neither_bound_unchanged"
"ENSG00000123219.13","CENPK",420.988924537346,0.79881687688511,0.176586765352935,4.52365088226491,6.07819532997409e-06,3.62981960211955e-05,"ENSG00000123219","unchanged",FALSE,FALSE,"Neither_bound","Neither_bound_unchanged"
"ENSG00000238160.2","LINC02863",79.2172803399355,-0.739191058229639,0.26442130488674,-2.79550491798026,0.00518187133750932,0.0168842019753013,"ENSG00000238160","unchanged",FALSE,FALSE,"Neither_bound","Neither_bound_unchanged"
"ENSG00000117505.13","DR1",2054.97969347588,0.267312409636728,0.130724287823868,2.04485649978749,0.0408690076065733,0.097908064770441,"ENSG00000117505","unchanged",FALSE,FALSE,"Neither_bound","Neither_bound_unchanged"
"ENSG00000144426.19","NBEAL1",1345.52750466024,-0.582876332302729,0.132613469240828,-4.39530264640175,1.10618525037654e-05,6.35355099506095e-05,"ENSG00000144426","unchanged",FALSE,FALSE,"Neither_bound","Neither_bound_unchanged"
"ENSG00000257599.5","OVCH1-AS1",6.4321724692671,0.637530396600501,0.763333029803812,0.835192991405541,0.403609055175039,0.565095931172899,"ENSG00000257599","unchanged",FALSE,FALSE,"Neither_bound","Neither_bound_unchanged"
"ENSG00000255087.6","LOC101929473",2.97439559381015,-2.19782215124607,1.16788461191207,-1.88188296072142,0.0598519084403,0.132861692974782,"ENSG00000255087","unchanged",FALSE,FALSE,"Neither_bound","Neither_bound_unchanged"
"ENSG00000289992.1","ENSG00000289992.1",3.03840903615174,-1.5599016009645,1.11183237602797,-1.40300069920366,0.16061663044329,0.288927908854402,"ENSG00000289992","unchanged",FALSE,FALSE,"Neither_bound","Neither_bound_unchanged"
"ENSG00000242049.1","DNAJB8-AS1",1.65023144565777,0.083189942220985,1.42461020054635,0.0583948803603127,0.953434092696097,0.975454663044936,"ENSG00000242049","unchanged",FALSE,FALSE,"Neither_bound","Neither_bound_unchanged"
"ENSG00000124406.17","ATP8A1",7.17649274043569,-0.249185642731395,0.676439241914305,-0.368378454842753,0.712591060233107,0.822525932241341,"ENSG00000124406","unchanged",FALSE,FALSE,"Neither_bound","Neither_bound_unchanged"
"ENSG00000283692.2","ENSG00000283692.2",3.27980836429873,1.74063353717961,1.18648437999717,1.46705137170349,0.142362081130749,0.263647187894227,"ENSG00000283692","unchanged",FALSE,FALSE,"Neither_bound","Neither_bound_unchanged"
"ENSG00000062524.16","LTK",8.76712139580646,-0.199430161067739,0.607433021346808,-0.328316298355923,0.742672522256115,0.843602870385089,"ENSG00000062524","unchanged",FALSE,FALSE,"Neither_bound","Neither_bound_unchanged"
"ENSG00000177112.9","IRAG1-AS1",2.00586142477769,1.82354511438755,1.42651076525871,1.27832551902041,0.201134673551053,0.341726733915978,"ENSG00000177112","unchanged",FALSE,FALSE,"Neither_bound","Neither_bound_unchanged"
"ENSG00000213719.8","CLIC1",1763.94798183035,-0.445015582294225,0.192229112627112,-2.31502698114968,0.0206114555266956,0.0554646218276793,"ENSG00000213719","unchanged",FALSE,FALSE,"Neither_bound","Neither_bound_unchanged"
"ENSG00000244055.2","ENSG00000244055.2",136.734180127524,-0.212754845357785,0.204647029124806,-1.03961853864995,0.298517160474662,0.457128793932167,"ENSG00000244055","unchanged",FALSE,FALSE,"Neither_bound","Neither_bound_unchanged"
"ENSG00000289237.2","ENSG00000289237.2",9.78103614284846,-0.781010959331751,0.586174961207955,-1.33238539858866,0.182733577686087,0.317879991098048,"ENSG00000289237","unchanged",FALSE,FALSE,"Neither_bound","Neither_bound_unchanged"
"ENSG00000260441.5","ENSG00000260441.5",8.45485914321859,-0.219308064103892,0.660027936877409,-0.332270881050033,0.739684725570609,0.841748104691595,"ENSG00000260441","unchanged",FALSE,FALSE,"Neither_bound","Neither_bound_unchanged"
"ENSG00000057608.17","GDI2",1945.93943515443,-0.103869263755913,0.158520498762473,-0.655241842959067,0.51231205803851,0.663851987008931,"ENSG00000057608","unchanged",FALSE,FALSE,"Neither_bound","Neither_bound_unchanged"
"ENSG00000277399.6","GPR179",33.2286870458125,-0.398144650773442,0.325290621178913,-1.22396597027757,0.220965065098189,0.366670314179545,"ENSG00000277399","unchanged",FALSE,FALSE,"Neither_bound","Neither_bound_unchanged"
"ENSG00000241042.1","ENSG00000241042.1",1.38430217269074,0.164916215406765,1.51061172834717,0.109171809216129,0.91306621962453,0.952989194905701,"ENSG00000241042","unchanged",FALSE,FALSE,"Neither_bound","Neither_bound_unchanged"
"ENSG00000259415.1","ENSG00000259415.1",25.2855561612121,-0.806007163911227,0.38336022857434,-2.1024798709784,0.0355112611031804,0.0871736495851214,"ENSG00000259415","unchanged",FALSE,FALSE,"Neither_bound","Neither_bound_unchanged"
"ENSG00000263063.1","LOC101929552",2.12645576079673,0.253228746092895,1.22098581205573,0.207396960384448,0.835699856258411,0.905915280857813,"ENSG00000263063","unchanged",FALSE,FALSE,"Neither_bound","Neither_bound_unchanged"
"ENSG00000226241.2","LOC100128601",2.46982517311025,3.30812958818501,1.520601646183,2.17553992295684,0.029589679779905,0.075046833626806,"ENSG00000226241","unchanged",FALSE,FALSE,"Neither_bound","Neither_bound_unchanged"
"ENSG00000200135.1","ENSG00000200135.1",3.59148549820378,-1.76384192275212,1.02214406722412,-1.72562946781295,0.0844140944516681,0.175192641310824,"ENSG00000200135","unchanged",FALSE,FALSE,"Neither_bound","Neither_bound_unchanged"
"ENSG00000072849.11","DERL2",839.083621538749,0.233158896949507,0.156319356323275,1.49155486840238,0.135815877099166,0.254195477067853,"ENSG00000072849","unchanged",FALSE,FALSE,"Neither_bound","Neither_bound_unchanged"
"ENSG00000131721.6","RHOXF2",2.49928389053631,0.307500424318565,1.20078897551501,0.256081984918857,0.797887532241992,0.880410351473003,"ENSG00000131721","unchanged",FALSE,FALSE,"Neither_bound","Neither_bound_unchanged"
"ENSG00000280287.1","ENSG00000280287.1",90.0036058851809,-0.249686171402933,0.227802749076047,-1.09606303003648,0.273051192085174,0.429239304551517,"ENSG00000280287","unchanged",FALSE,FALSE,"Neither_bound","Neither_bound_unchanged"
"ENSG00000260498.7","ENSG00000260498.7",5.66533486227162,-0.0720652581454788,0.750857784905931,-0.0959772404231079,0.923538648611898,0.959481398710046,"ENSG00000260498","unchanged",FALSE,FALSE,"Neither_bound","Neither_bound_unchanged"
"ENSG00000175115.13","PACS1",1478.70889410494,-0.891109933133972,0.129591764778862,-6.8762851918452,6.14334545669268e-12,7.08716715855741e-11,"ENSG00000175115","unchanged",FALSE,FALSE,"Neither_bound","Neither_bound_unchanged"
"ENSG00000259257.1","ENSG00000259257.1",14.7880553983729,1.00763463712125,0.526856785001599,1.91253992699019,0.055806976506063,0.125716921878153,"ENSG00000259257","unchanged",FALSE,FALSE,"Neither_bound","Neither_bound_unchanged"
"ENSG00000291217.1","LINC01347",49.6415644588983,0.373328715015162,0.306204890311948,1.21921212504095,0.222763691069759,0.369059831760858,"ENSG00000291217","unchanged",FALSE,FALSE,"Neither_bound","Neither_bound_unchanged"
"ENSG00000230536.1","ENSG00000230536.1",4.61771306151967,-0.387724435015965,0.845780898062424,-0.458421839396222,0.646649404337006,0.774165120590682,"ENSG00000230536","unchanged",FALSE,FALSE,"Neither_bound","Neither_bound_unchanged"
"ENSG00000243257.1","MTCO2P29",3.21929904319922,0.826960610814233,1.04092309682992,0.794449285766356,0.426933921645613,0.587462183037275,"ENSG00000243257","unchanged",FALSE,FALSE,"Neither_bound","Neither_bound_unchanged"
"ENSG00000219294.6","ENSG00000219294.6",13.2767172119351,-1.10160452233944,0.518897458627732,-2.12297151204542,0.0337562391402283,0.0837263184458031,"ENSG00000219294","unchanged",FALSE,FALSE,"Neither_bound","Neither_bound_unchanged"
"ENSG00000254332.1","ENSG00000254332.1",6.94130326574971,-0.0906152940114232,0.675765133680001,-0.134092881528174,0.893329128525358,0.942159101937207,"ENSG00000254332","unchanged",FALSE,FALSE,"Neither_bound","Neither_bound_unchanged"
"ENSG00000290076.1","ENSG00000290076.1",36.2885782786995,-0.53536252263891,0.342602298439852,-1.56263552543825,0.118138347364887,0.22791636186122,"ENSG00000290076","unchanged",FALSE,FALSE,"Neither_bound","Neither_bound_unchanged"
"ENSG00000257506.1","PLA2G10HP",2.05416417135925,-0.910510880401024,1.31116642548644,-0.694428153972314,0.487413742744932,0.642844885014943,"ENSG00000257506","unchanged",FALSE,FALSE,"Neither_bound","Neither_bound_unchanged"
"ENSG00000202533.1","ENSG00000202533.1",31.0187540411058,-0.706522736413557,0.345095397094122,-2.0473258767368,0.0406260988143641,0.097436088718938,"ENSG00000202533","unchanged",FALSE,FALSE,"Neither_bound","Neither_bound_unchanged"
"ENSG00000101407.13","TTI1",681.590811635915,0.352351521050872,0.131552189311199,2.67841624602196,0.00739712291611092,0.0229780952185145,"ENSG00000101407","unchanged",FALSE,FALSE,"Neither_bound","Neither_bound_unchanged"
"ENSG00000271098.1","IMMP1LP3",8.91107473992002,0.069597421992018,0.622869626734613,0.111736740731574,0.91103214683825,0.951481462654787,"ENSG00000271098","unchanged",FALSE,FALSE,"Neither_bound","Neither_bound_unchanged"
"ENSG00000154719.14","MRPL39",231.395909493479,0.212397839297693,0.186242188735396,1.14043891311575,0.254103488829021,0.406776347073104,"ENSG00000154719","unchanged",FALSE,FALSE,"Neither_bound","Neither_bound_unchanged"
"ENSG00000223393.2","ENSG00000223393.2",5.9179399525533,-0.464624629444152,0.74082598847793,-0.627171072114721,0.530547103275435,0.680112612425842,"ENSG00000223393","unchanged",FALSE,FALSE,"Neither_bound","Neither_bound_unchanged"
"ENSG00000113758.14","DBN1",723.062614653246,-0.0450907166638057,0.131589381917252,-0.342662272645679,0.731852548234368,0.836377699118624,"ENSG00000113758","unchanged",FALSE,FALSE,"Neither_bound","Neither_bound_unchanged"
"ENSG00000130487.9","KLHDC7B",5.48449797610212,-1.05325256743112,0.823322876770146,-1.27927037757408,0.200801860204378,0.341349093555315,"ENSG00000130487","unchanged",FALSE,FALSE,"Neither_bound","Neither_bound_unchanged"
"ENSG00000234616.9","JRK",929.55777217495,0.464947957071985,0.138083740140711,3.36714486874553,0.000759507786791111,0.00305024361571535,"ENSG00000234616","unchanged",FALSE,FALSE,"Neither_bound","Neither_bound_unchanged"
"ENSG00000199038.1","MIR210",5.35885635335238,-1.19143003973176,0.782783898603781,-1.52204208831692,0.127998535133526,0.24270705824582,"ENSG00000199038","unchanged",FALSE,FALSE,"Neither_bound","Neither_bound_unchanged"
"ENSG00000206675.1","RNU6-32P",7.42915976280259,-0.789167720272631,0.665180212516895,-1.1863968672288,0.235465608310335,0.384699907800754,"ENSG00000206675","unchanged",FALSE,FALSE,"Neither_bound","Neither_bound_unchanged"
"ENSG00000160991.17","ORAI2",1345.0180351113,-0.554508965773316,0.134139690396838,-4.13381724777254,3.56787218966432e-05,0.000187518927028497,"ENSG00000160991","unchanged",FALSE,FALSE,"Neither_bound","Neither_bound_unchanged"
"ENSG00000213176.4","RPL13P6",16.3835483482253,-0.14408523519279,0.463706328912978,-0.310725185766939,0.756009548905545,0.852028279934424,"ENSG00000213176","unchanged",FALSE,FALSE,"Neither_bound","Neither_bound_unchanged"
"ENSG00000107018.8","RLN1",11.4308847967625,1.00252443071459,0.583133306764359,1.71920282907061,0.0855774458698052,0.177141662480533,"ENSG00000107018","unchanged",FALSE,FALSE,"Neither_bound","Neither_bound_unchanged"
"ENSG00000198718.13","TOGARAM1",1224.78545174198,0.294485489273831,0.137453135495978,2.14244286397125,0.0321578617565249,0.0805024871505372,"ENSG00000198718","unchanged",FALSE,FALSE,"Neither_bound","Neither_bound_unchanged"
"ENSG00000291088.1","NPEPPSP1",38.0833913709789,-0.454240845683571,0.316642056699398,-1.43455626336713,0.151413585381172,0.276160688800884,"ENSG00000291088","unchanged",FALSE,FALSE,"Neither_bound","Neither_bound_unchanged"
"ENSG00000257376.1","ENSG00000257376.1",26.9334357942801,0.248518856818477,0.372616977876497,0.666955269281499,0.50480070577407,0.65773189005499,"ENSG00000257376","unchanged",FALSE,FALSE,"Neither_bound","Neither_bound_unchanged"
"ENSG00000259199.2","ENSG00000259199.2",1.38653047785171,2.34561856125332,1.67672931656954,1.39892500123531,0.161835474448005,0.290581847766668,"ENSG00000259199","unchanged",FALSE,FALSE,"Neither_bound","Neither_bound_unchanged"
"ENSG00000253476.1","ENSG00000253476.1",39.2631963738566,-0.185366810838358,0.327542870133335,-0.565931448188446,0.571440382350071,0.714731825158966,"ENSG00000253476","unchanged",FALSE,FALSE,"Neither_bound","Neither_bound_unchanged"
"ENSG00000274902.1","ENSG00000274902.1",1.60941467860517,1.21126617691519,1.49167245892054,0.812018864913369,0.416780806769561,0.578055448882319,"ENSG00000274902","unchanged",FALSE,FALSE,"Neither_bound","Neither_bound_unchanged"
"ENSG00000263241.1","MTCYBP33",1.77156136720427,0.471161901409772,1.3834220459622,0.340577123795991,0.733421953477679,0.837599147803427,"ENSG00000263241","unchanged",FALSE,FALSE,"Neither_bound","Neither_bound_unchanged"
"ENSG00000185090.15","MANEAL",137.953561200707,-0.823290513731792,0.194983599278694,-4.22235776125482,2.41759965856949e-05,0.000131079050602216,"ENSG00000185090","unchanged",FALSE,FALSE,"Neither_bound","Neither_bound_unchanged"
"ENSG00000199944.1","RNU6-653P",4.50316655614297,-0.149199433559934,0.867213730141318,-0.172044593361801,0.863402471209093,0.923340211630843,"ENSG00000199944","unchanged",FALSE,FALSE,"Neither_bound","Neither_bound_unchanged"
"ENSG00000170889.14","RPS9",1967.2975382165,-0.250307633085493,0.182680999978942,-1.370189746686,0.170627678132317,0.302073329379192,"ENSG00000170889","unchanged",FALSE,FALSE,"Neither_bound","Neither_bound_unchanged"
"ENSG00000139505.13","MTMR6",584.894160597831,0.0957027461723068,0.165543082863889,0.578113833067821,0.563187268361381,0.708413964073362,"ENSG00000139505","unchanged",FALSE,FALSE,"Neither_bound","Neither_bound_unchanged"
"ENSG00000256458.1","ENSG00000256458.1",12.7888705695506,-0.0407103654486474,0.508453348145331,-0.0800670614071975,0.93618391980328,0.966577791386919,"ENSG00000256458","unchanged",FALSE,FALSE,"Neither_bound","Neither_bound_unchanged"
"ENSG00000213416.4","KRTAP4-12",1.44778812185004,3.6162843530462,1.71479272023879,2.10887549869154,0.034955329589589,0.0860594792707951,"ENSG00000213416","unchanged",FALSE,FALSE,"Neither_bound","Neither_bound_unchanged"
"ENSG00000289003.1","ENSG00000289003.1",33.9764854407293,0.108399125075496,0.336034529256829,0.322583293196776,0.747010847963532,0.846662144932441,"ENSG00000289003","unchanged",FALSE,FALSE,"Neither_bound","Neither_bound_unchanged"
"ENSG00000105939.14","ZC3HAV1",5049.21804166347,-0.0201683593902086,0.114475294962211,-0.176180890356005,0.860151833242822,0.921274537649486,"ENSG00000105939","unchanged",FALSE,FALSE,"Neither_bound","Neither_bound_unchanged"
"ENSG00000182676.5","PPP1R27",33.3041760759915,-0.543390907674698,0.338054015009936,-1.6074085310264,0.107964779895988,0.212797240542354,"ENSG00000182676","unchanged",FALSE,FALSE,"Neither_bound","Neither_bound_unchanged"
"ENSG00000207729.3","MIR556",4.00666963432046,-1.41118157744113,1.00173341488318,-1.4087396471702,0.15891216689313,0.286620744704818,"ENSG00000207729","unchanged",FALSE,FALSE,"Neither_bound","Neither_bound_unchanged"
"ENSG00000166845.15","C18orf54",200.373340458701,0.19921849903989,0.183652586047639,1.08475738527424,0.278029124269911,0.434850966626777,"ENSG00000166845","unchanged",FALSE,FALSE,"Neither_bound","Neither_bound_unchanged"
"ENSG00000078808.20","SDF4",3120.77623199511,0.627040455136088,0.184426441244939,3.39994878664556,0.000673984754496772,0.00273850647616583,"ENSG00000078808","unchanged",FALSE,FALSE,"Neither_bound","Neither_bound_unchanged"
"ENSG00000235790.7","ENSG00000235790.7",6.48010929532055,0.424444756487355,0.735716084729214,0.576913792286566,0.563997692975297,0.708973193508434,"ENSG00000235790","unchanged",FALSE,FALSE,"Neither_bound","Neither_bound_unchanged"
"ENSG00000280486.2","ENSG00000280486.2",39.9869273035749,-0.0156902027298556,0.303753083455742,-0.0516544640513639,0.958804021190536,0.978243324176257,"ENSG00000280486","unchanged",FALSE,FALSE,"Neither_bound","Neither_bound_unchanged"
"ENSG00000214046.9","SMIM7",386.054444010159,0.12704951104193,0.155101081987968,0.819140069260035,0.412706503043881,0.574141561018739,"ENSG00000214046","unchanged",FALSE,FALSE,"Neither_bound","Neither_bound_unchanged"
"ENSG00000115568.16","ZNF142",896.505606172544,-0.053329521957284,0.126547563090029,-0.421418798237499,0.673449294723671,0.794318208097703,"ENSG00000115568","unchanged",FALSE,FALSE,"Neither_bound","Neither_bound_unchanged"
"ENSG00000267651.1","ENSG00000267651.1",6.70253999666735,-1.04552479309528,0.730332834225879,-1.43157303642728,0.152266050892167,0.277477103900491,"ENSG00000267651","unchanged",FALSE,FALSE,"Neither_bound","Neither_bound_unchanged"
"ENSG00000184100.6","BRD7P2",5.0460649760204,1.80076060150453,0.935263090594776,1.92540539620712,0.0541786610358306,0.122853188121835,"ENSG00000184100","unchanged",FALSE,FALSE,"Neither_bound","Neither_bound_unchanged"
"ENSG00000124171.9","PARD6B",501.248737996795,-0.867901811684578,0.139603661138683,-6.21689864438726,5.0707706410678e-10,4.9424372205392e-09,"ENSG00000124171","unchanged",FALSE,FALSE,"Neither_bound","Neither_bound_unchanged"
"ENSG00000170144.22","HNRNPA3",908.518619605067,-0.463720315672054,0.134750913818011,-3.44131481214544,0.000578894581553119,0.00239220086936695,"ENSG00000170144","unchanged",FALSE,FALSE,"Neither_bound","Neither_bound_unchanged"
"ENSG00000198382.9","UVRAG",1032.98531839293,0.535977715249858,0.140203507945786,3.82285524166136,0.000131915230296661,0.000622779227618762,"ENSG00000198382","unchanged",FALSE,FALSE,"Neither_bound","Neither_bound_unchanged"
"ENSG00000273821.1","ENSG00000273821.1",2.5440759146888,-1.07425621467653,1.15997935724104,-0.926099424072166,0.354394313270883,0.516522184552706,"ENSG00000273821","unchanged",FALSE,FALSE,"Neither_bound","Neither_bound_unchanged"
"ENSG00000213385.3","RPL7AP39",5.55592886470047,-0.722610093989958,0.800919681587294,-0.902225417357532,0.366937135415033,0.52893327476496,"ENSG00000213385","unchanged",FALSE,FALSE,"Neither_bound","Neither_bound_unchanged"
"ENSG00000162931.12","TRIM17",102.979439040334,-0.956620981058278,0.225376728562452,-4.24454195941173,2.19040379945774e-05,0.000119619993987107,"ENSG00000162931","unchanged",FALSE,FALSE,"Neither_bound","Neither_bound_unchanged"
"ENSG00000140905.11","GCSH",18.6598025815025,-0.543546619214753,0.449702616456512,-1.20868013510283,0.226785756339587,0.373827270895476,"ENSG00000140905","unchanged",FALSE,FALSE,"Neither_bound","Neither_bound_unchanged"
"ENSG00000253591.2","KCNIP1-AS1",3.17348831797405,-2.80318844177221,1.21542206351262,-2.30634980713685,0.0210910941792502,0.0565670972823349,"ENSG00000253591","unchanged",FALSE,FALSE,"Neither_bound","Neither_bound_unchanged"
"ENSG00000134287.10","ARF3",1786.40217774569,-0.00129730470697496,0.128348001443607,-0.0101077125657073,0.991935349521006,0.996099448723749,"ENSG00000134287","unchanged",FALSE,FALSE,"Neither_bound","Neither_bound_unchanged"
"ENSG00000100580.8","TMED8",801.338173198346,0.15709437299859,0.123970734089475,1.26718918099822,0.205087653341302,0.346933137883334,"ENSG00000100580","unchanged",FALSE,FALSE,"Neither_bound","Neither_bound_unchanged"
"ENSG00000257256.1","ENSG00000257256.1",8.33510502959824,-0.537076358064531,0.632482075468374,-0.849156646323626,0.395794133439485,0.557462998079048,"ENSG00000257256","unchanged",FALSE,FALSE,"Neither_bound","Neither_bound_unchanged"
"ENSG00000239553.3","RN7SL12P",3.14477178726244,0.11016120234036,1.01829600296355,0.108181905869962,0.913851397735934,0.953545010698968,"ENSG00000239553","unchanged",FALSE,FALSE,"Neither_bound","Neither_bound_unchanged"
"ENSG00000249976.2","ENSG00000249976.2",5.25641265703286,-0.209999681999465,0.809347892499501,-0.25946775662926,0.795274356818279,0.878843718601618,"ENSG00000249976","unchanged",FALSE,FALSE,"Neither_bound","Neither_bound_unchanged"
"ENSG00000291144.1","ENSG00000291144.1",9.47829031700443,0.676801117949555,0.660548723483775,1.02460438403402,0.305549895094895,0.464672225849902,"ENSG00000291144","unchanged",FALSE,FALSE,"Neither_bound","Neither_bound_unchanged"
"ENSG00000116679.16","IVNS1ABP",1451.30787633929,-0.172339573612051,0.148988087307566,-1.15673391562024,0.247381088586854,0.399101799062344,"ENSG00000116679","unchanged",FALSE,FALSE,"Neither_bound","Neither_bound_unchanged"
"ENSG00000246363.4","LINC02458",2.92439509000353,1.87924090692969,1.24161491804704,1.51354568925894,0.130141104736489,0.245818398549879,"ENSG00000246363","unchanged",FALSE,FALSE,"Neither_bound","Neither_bound_unchanged"
"ENSG00000267924.1","ENSG00000267924.1",5.72382540338943,-1.54385712796943,0.855276404014538,-1.80509730038476,0.071059457452324,0.152585349942509,"ENSG00000267924","unchanged",FALSE,FALSE,"Neither_bound","Neither_bound_unchanged"
"ENSG00000104976.13","SNAPC2",276.650044890046,-0.381191591800195,0.19581804395891,-1.94666223854316,0.0515752415917831,0.118180505018193,"ENSG00000104976","unchanged",FALSE,FALSE,"Neither_bound","Neither_bound_unchanged"
"ENSG00000140274.14","DUOXA2",2.00443063722939,0.681929539124721,1.33343055523813,0.511409864162697,0.609064089208138,0.745331601029118,"ENSG00000140274","unchanged",FALSE,FALSE,"Neither_bound","Neither_bound_unchanged"
"ENSG00000147535.17","PLPP5",266.105177127607,0.0863234334726363,0.160113245435138,0.539139864650397,0.589790350442138,0.729430381020175,"ENSG00000147535","unchanged",FALSE,FALSE,"Neither_bound","Neither_bound_unchanged"
"ENSG00000272462.4","LINC02980",25.4932796572032,-0.151391796078863,0.377036685104043,-0.401530678737763,0.688029455741384,0.805312861466639,"ENSG00000272462","unchanged",FALSE,FALSE,"Neither_bound","Neither_bound_unchanged"
"ENSG00000286523.1","ENSG00000286523.1",1.74470941411096,1.45838794140461,1.48948867349054,0.979119859963054,0.327520759847734,0.488248273962425,"ENSG00000286523","unchanged",FALSE,FALSE,"Neither_bound","Neither_bound_unchanged"
"ENSG00000173744.18","AGFG1",2263.49088659269,-0.316674167331506,0.117682412062262,-2.69092179351289,0.00712548965632395,0.0222543796107036,"ENSG00000173744","unchanged",FALSE,FALSE,"Neither_bound","Neither_bound_unchanged"
"ENSG00000188554.15","NBR1",3287.30754764523,-0.40389196571435,0.131666231635534,-3.06754405208744,0.0021582564669065,0.00779330877728076,"ENSG00000188554","unchanged",FALSE,FALSE,"Neither_bound","Neither_bound_unchanged"
"ENSG00000052795.13","FNIP2",556.670334524522,-0.062827120659523,0.134486768838389,-0.467162094845342,0.64038391081009,0.769185314087593,"ENSG00000052795","unchanged",FALSE,FALSE,"Neither_bound","Neither_bound_unchanged"
"ENSG00000261367.1","ENSG00000261367.1",1.60426019123949,-0.135049783081264,1.48398733420945,-0.0910046736707543,0.927488877416807,0.961622148069315,"ENSG00000261367","unchanged",FALSE,FALSE,"Neither_bound","Neither_bound_unchanged"
"ENSG00000232871.8","ENSG00000232871.8",28.0267520251053,0.282169608489115,0.368180874613725,0.766388555041464,0.443445140674517,0.6026668190834,"ENSG00000232871","unchanged",FALSE,FALSE,"Neither_bound","Neither_bound_unchanged"
"ENSG00000225489.8","LINC02851",2.71037846161347,0.758391070428624,1.12410715305035,0.674660834930789,0.499891272832664,0.653666965222309,"ENSG00000225489","unchanged",FALSE,FALSE,"Neither_bound","Neither_bound_unchanged"
"ENSG00000141696.13","P3H4",802.141824431155,0.683795271762221,0.158769800695632,4.30683460435329,1.65607342462504e-05,9.2385452599217e-05,"ENSG00000141696","unchanged",FALSE,FALSE,"Neither_bound","Neither_bound_unchanged"
"ENSG00000281920.1","ENSG00000281920.1",2.89402714970726,-0.738400712033051,1.17956318905039,-0.625995045358701,0.531318191138944,0.680587386552818,"ENSG00000281920","unchanged",FALSE,FALSE,"Neither_bound","Neither_bound_unchanged"
"ENSG00000176125.7","UFSP1",37.2202065724656,0.504081356629244,0.330209683926747,1.52654928418474,0.126873126387585,0.240987941133412,"ENSG00000176125","unchanged",FALSE,FALSE,"Neither_bound","Neither_bound_unchanged"
"ENSG00000252552.1","RNU6-307P",8.74781255675276,0.666185681617124,0.672709232893052,0.990302569138418,0.322026251215617,0.482556365859011,"ENSG00000252552","unchanged",FALSE,FALSE,"Neither_bound","Neither_bound_unchanged"
"ENSG00000198018.7","ENTPD7",966.352772805359,0.984152908752239,0.130068031995338,7.5664472941938,3.83569705660025e-14,5.33760580166314e-13,"ENSG00000198018","unchanged",FALSE,FALSE,"Neither_bound","Neither_bound_unchanged"
"ENSG00000266270.1","ENSG00000266270.1",2.04853607184059,-1.23682619597517,1.27070905984836,-0.973335466832015,0.33038660072702,0.491228875735593,"ENSG00000266270","unchanged",FALSE,FALSE,"Neither_bound","Neither_bound_unchanged"
"ENSG00000104960.15","PTOV1",470.257411719127,0.248254422159851,0.160762051344692,1.5442352226992,0.122531358806312,0.234632459323119,"ENSG00000104960","unchanged",FALSE,FALSE,"Neither_bound","Neither_bound_unchanged"
"ENSG00000171813.14","PWWP2B",305.281295756057,0.69581762411918,0.161043916511901,4.32067003330586,1.55556137349943e-05,8.71238106390135e-05,"ENSG00000171813","unchanged",FALSE,FALSE,"Neither_bound","Neither_bound_unchanged"
"ENSG00000129932.10","DOHH",278.878479825824,0.729895609587116,0.198828451015306,3.67098172248461,0.000241620620217161,0.00108262356252955,"ENSG00000129932","unchanged",FALSE,FALSE,"Neither_bound","Neither_bound_unchanged"
"ENSG00000161265.15","U2AF1L4",28.6563161544588,0.669844985714632,0.372714328180924,1.79720749933036,0.072302684434086,0.154668277905223,"ENSG00000161265","unchanged",FALSE,FALSE,"Neither_bound","Neither_bound_unchanged"
"ENSG00000100441.10","KHNYN",749.513902445007,0.310427416365571,0.140947699973452,2.20242981207953,0.0276349619589465,0.0709795378314929,"ENSG00000100441","unchanged",FALSE,FALSE,"Neither_bound","Neither_bound_unchanged"
"ENSG00000256060.3","TRAPPC2B",79.484879849169,0.187239078446322,0.262783478913251,0.712522260610349,0.476141431818162,0.632394894760653,"ENSG00000256060","unchanged",FALSE,FALSE,"Neither_bound","Neither_bound_unchanged"
"ENSG00000236133.2","ENSG00000236133.2",1.62337480624902,1.88193795655226,1.53333063264354,1.22735300299043,0.219689942242992,0.365035853745046,"ENSG00000236133","unchanged",FALSE,FALSE,"Neither_bound","Neither_bound_unchanged"
"ENSG00000235908.1","ENSG00000235908.1",16.1573822887804,-0.699820048966084,0.485100032479548,-1.44263038983735,0.149124617843249,0.273129786417529,"ENSG00000235908","unchanged",FALSE,FALSE,"Neither_bound","Neither_bound_unchanged"
"ENSG00000286681.1","ENSG00000286681.1",45.1349671027864,0.310902184954376,0.32389291728126,0.959891891320355,0.337109627632026,0.498647440838036,"ENSG00000286681","unchanged",FALSE,FALSE,"Neither_bound","Neither_bound_unchanged"
"ENSG00000267446.1","ENSG00000267446.1",2.44635827466317,0.0193114073064921,1.16355626136104,0.0165968831484806,0.986758211104039,0.992808356232991,"ENSG00000267446","unchanged",FALSE,FALSE,"Neither_bound","Neither_bound_unchanged"
"ENSG00000252101.2","RNU6-758P",2.18457051776564,-0.33334264502894,1.19634417505728,-0.278634403024514,0.780525408076535,0.869046819745067,"ENSG00000252101","unchanged",FALSE,FALSE,"Neither_bound","Neither_bound_unchanged"
"ENSG00000248356.1","ENSG00000248356.1",5.04006721150239,0.149906268416691,0.846760721536428,0.177034981198336,0.859480912509857,0.92086675028602,"ENSG00000248356","unchanged",FALSE,FALSE,"Neither_bound","Neither_bound_unchanged"
"ENSG00000282386.1","ENSG00000282386.1",8.00128890777893,-0.226812730548957,0.670137004994142,-0.338457254052012,0.735018634583755,0.838666878721565,"ENSG00000282386","unchanged",FALSE,FALSE,"Neither_bound","Neither_bound_unchanged"
"ENSG00000107140.17","TESK1",458.992474092614,0.458181280349214,0.149312047198536,3.06861562041262,0.0021505309349054,0.00776871581376865,"ENSG00000107140","unchanged",FALSE,FALSE,"Neither_bound","Neither_bound_unchanged"
"ENSG00000047056.18","WDR37",487.410373603043,0.0183911123487052,0.138201575743636,0.133074548895309,0.894134423143324,0.942701535952958,"ENSG00000047056","unchanged",FALSE,FALSE,"Neither_bound","Neither_bound_unchanged"
"ENSG00000177666.17","PNPLA2",496.611867494406,-0.366933617047354,0.143102433545996,-2.56413261434449,0.0103434016108365,0.0307738167571949,"ENSG00000177666","unchanged",FALSE,FALSE,"Neither_bound","Neither_bound_unchanged"
"ENSG00000159579.14","RSPRY1",1814.19592950076,-0.0619077165059712,0.129349740301728,-0.478607195975516,0.632218098114289,0.762687586053651,"ENSG00000159579","unchanged",FALSE,FALSE,"Neither_bound","Neither_bound_unchanged"
"ENSG00000227688.2","HNRNPA3P2",2.52183420477485,-0.587304036838668,1.14171327765456,-0.514405891858571,0.606968240807354,0.743884298013573,"ENSG00000227688","unchanged",FALSE,FALSE,"Neither_bound","Neither_bound_unchanged"
"ENSG00000228667.1","ENSG00000228667.1",3.64934133655186,-0.325672676516696,0.926088641298295,-0.351664691686674,0.725089743135727,0.831055163603905,"ENSG00000228667","unchanged",FALSE,FALSE,"Neither_bound","Neither_bound_unchanged"
"ENSG00000134905.17","CARS2",516.872097135781,-0.616296362791172,0.13784741557536,-4.47085903075382,7.79060392214886e-06,4.5783950523798e-05,"ENSG00000134905","unchanged",FALSE,FALSE,"Neither_bound","Neither_bound_unchanged"
"ENSG00000248332.6","TUB-AS1",10.2818473296379,0.335875952887531,0.596339219498202,0.563229688582546,0.573278489092731,0.716397752832826,"ENSG00000248332","unchanged",FALSE,FALSE,"Neither_bound","Neither_bound_unchanged"
"ENSG00000270951.1","ENSG00000270951.1",8.23929896891933,0.836380580608513,0.646831619700628,1.29304220006377,0.195996464105817,0.335237108970725,"ENSG00000270951","unchanged",FALSE,FALSE,"Neither_bound","Neither_bound_unchanged"
"ENSG00000092108.22","SCFD1",1451.61070642587,0.50437976017219,0.130094189741974,3.87703525555266,0.000105737041363432,0.000509602131247597,"ENSG00000092108","unchanged",FALSE,FALSE,"Neither_bound","Neither_bound_unchanged"
"ENSG00000171953.16","ATPAF2",274.2996608731,-0.614168485362141,0.161689677009087,-3.79843968225395,0.000145609853695079,0.00068165318499372,"ENSG00000171953","unchanged",FALSE,FALSE,"Neither_bound","Neither_bound_unchanged"
"ENSG00000260035.1","ENSG00000260035.1",16.741888184456,0.546617539197523,0.486578155977324,1.12339103694371,0.261271454803128,0.415490111271192,"ENSG00000260035","unchanged",FALSE,FALSE,"Neither_bound","Neither_bound_unchanged"
"ENSG00000206768.1","ENSG00000206768.1",6.95148436267795,-0.0538621115634914,0.70956656596557,-0.0759084688413926,0.939491919140833,0.968039247509451,"ENSG00000206768","unchanged",FALSE,FALSE,"Neither_bound","Neither_bound_unchanged"
"ENSG00000141012.13","GALNS",630.977359086679,-0.0201538780921542,0.142228334946059,-0.141700865019601,0.887316291650125,0.938363584001527,"ENSG00000141012","unchanged",FALSE,FALSE,"Neither_bound","Neither_bound_unchanged"
"ENSG00000243303.1","RPL34P32",9.93927637609148,1.14759374393068,0.633462521411901,1.81162058549708,0.070044841935238,0.150905936656701,"ENSG00000243303","unchanged",FALSE,FALSE,"Neither_bound","Neither_bound_unchanged"
"ENSG00000261513.1","ENSG00000261513.1",12.3307884893118,-0.546994261867718,0.561706418040151,-0.973808103842279,0.330151828614432,0.490942403115835,"ENSG00000261513","unchanged",FALSE,FALSE,"Neither_bound","Neither_bound_unchanged"
"ENSG00000170270.5","GON7",70.0695411711921,0.0723595027742378,0.305897213356624,0.236548420890251,0.813007138696456,0.890443879771755,"ENSG00000170270","unchanged",FALSE,FALSE,"Neither_bound","Neither_bound_unchanged"
"ENSG00000125977.7","EIF2S2",1222.41199499118,0.00437125882666243,0.182854032040789,0.023905728399182,0.980927804988086,0.98949206152626,"ENSG00000125977","unchanged",FALSE,FALSE,"Neither_bound","Neither_bound_unchanged"
"ENSG00000233990.1","ENSG00000233990.1",9.578046253575,0.538849083404639,0.630681619497966,0.854391608611605,0.392888043854416,0.554819201531837,"ENSG00000233990","unchanged",FALSE,FALSE,"Neither_bound","Neither_bound_unchanged"
"ENSG00000289082.1","ENSG00000289082.1",8.61610704207424,0.492290534223292,0.626083281587713,0.78630199639714,0.431690583168967,0.592178016171082,"ENSG00000289082","unchanged",FALSE,FALSE,"Neither_bound","Neither_bound_unchanged"
"ENSG00000182177.15","ASB18",7.20081265136191,1.03150119335487,0.736672240165931,1.40021727046825,0.161448265649259,0.290024574941775,"ENSG00000182177","unchanged",FALSE,FALSE,"Neither_bound","Neither_bound_unchanged"
"ENSG00000197245.6","FAM110D",2.78813657791544,1.1834244726577,1.14308027959218,1.03529427791363,0.300531501293909,0.459385025468072,"ENSG00000197245","unchanged",FALSE,FALSE,"Neither_bound","Neither_bound_unchanged"
"ENSG00000254537.1","ENSG00000254537.1",1.36636431165181,0.993656974559987,1.67500829846029,0.593225105495525,0.553030513208404,0.699692359679047,"ENSG00000254537","unchanged",FALSE,FALSE,"Neither_bound","Neither_bound_unchanged"
"ENSG00000229115.1","ENSG00000229115.1",5.62494719897359,-0.664901162318407,0.762309836538009,-0.872219051164316,0.383088888294382,0.545060038434429,"ENSG00000229115","unchanged",FALSE,FALSE,"Neither_bound","Neither_bound_unchanged"
"ENSG00000111325.16","OGFOD2",31.2180625897314,0.0501236785402026,0.342405879701329,0.146386734316374,0.883616098982031,0.936665180557182,"ENSG00000111325","unchanged",FALSE,FALSE,"Neither_bound","Neither_bound_unchanged"
"ENSG00000206710.1","RNU6-147P",2.1422165226811,-0.959528618519553,1.2857859486366,-0.746258441801299,0.455511310676302,0.613586398106541,"ENSG00000206710","unchanged",FALSE,FALSE,"Neither_bound","Neither_bound_unchanged"
"ENSG00000201545.1","RNU4-85P",4.21692121155504,0.823582294823229,0.909402365501664,0.905630253522495,0.365131590179739,0.527374345404599,"ENSG00000201545","unchanged",FALSE,FALSE,"Neither_bound","Neither_bound_unchanged"
"ENSG00000286280.1","ENSG00000286280.1",1.19486381242411,1.20400187928255,1.63605506317827,0.735917700070314,0.461780784773543,0.619501172874712,"ENSG00000286280","unchanged",FALSE,FALSE,"Neither_bound","Neither_bound_unchanged"
"ENSG00000289440.1","ENSG00000289440.1",11.9662273044375,-1.21226290447188,0.532882074333335,-2.27491777798772,0.0229108626615932,0.0606552312377377,"ENSG00000289440","unchanged",FALSE,FALSE,"Neither_bound","Neither_bound_unchanged"
"ENSG00000274629.1","ENSG00000274629.1",3.06865991219226,0.989314364492011,1.06135572270399,0.932123267750006,0.351272824574471,0.513007236129913,"ENSG00000274629","unchanged",FALSE,FALSE,"Neither_bound","Neither_bound_unchanged"
"ENSG00000104472.10","CHRAC1",456.786592444605,0.339968748133214,0.189384313216519,1.79512622961826,0.0726335905745467,0.155200214168472,"ENSG00000104472","unchanged",FALSE,FALSE,"Neither_bound","Neither_bound_unchanged"
"ENSG00000291097.1","HLA-L",165.963812918166,-0.788613985713897,0.188883469598778,-4.1751350046092,2.97809387265421e-05,0.000158682184574617,"ENSG00000291097","unchanged",FALSE,FALSE,"Neither_bound","Neither_bound_unchanged"
"ENSG00000122585.8","NPY",11.0642734406102,-0.0415501245494133,0.561334278265927,-0.0740202873014808,0.940994242608862,0.968784704503036,"ENSG00000122585","unchanged",FALSE,FALSE,"Neither_bound","Neither_bound_unchanged"
"ENSG00000233325.6","ENSG00000233325.6",4.29669686564993,0.885692704288372,0.96554365668834,0.917299490450961,0.358985724322556,0.520956426871815,"ENSG00000233325","unchanged",FALSE,FALSE,"Neither_bound","Neither_bound_unchanged"
"ENSG00000213290.4","PGK1P2",1.41567735450666,0.457462395159131,1.55957672099803,0.293324713686662,0.769273965214585,0.861319073452734,"ENSG00000213290","unchanged",FALSE,FALSE,"Neither_bound","Neither_bound_unchanged"
"ENSG00000165527.8","ARF6",1128.99705669881,-0.241607655962141,0.140951727351945,-1.71411631841068,0.0865073653910274,0.178728920844378,"ENSG00000165527","unchanged",FALSE,FALSE,"Neither_bound","Neither_bound_unchanged"
"ENSG00000257740.1","ENSG00000257740.1",20.6935901819897,-0.894395477104712,0.41656607547178,-2.14706748765312,0.0317879092066379,0.0797173643359967,"ENSG00000257740","unchanged",FALSE,FALSE,"Neither_bound","Neither_bound_unchanged"
"ENSG00000253668.1","LOC100129667",4.844152028098,-0.155001402775648,0.817316894352479,-0.1896466399345,0.849586036987353,0.914883053491656,"ENSG00000253668","unchanged",FALSE,FALSE,"Neither_bound","Neither_bound_unchanged"
"ENSG00000165175.17","MID1IP1",672.039466841376,-0.678484644500459,0.166681345409546,-4.07054936371783,4.69024008655898e-05,0.00024109878217348,"ENSG00000165175","unchanged",FALSE,FALSE,"Neither_bound","Neither_bound_unchanged"
"ENSG00000257272.1","ENSG00000257272.1",4.31606350294459,0.978420736433559,0.92455078850782,1.05826607753229,0.289934153706804,0.448188010062469,"ENSG00000257272","unchanged",FALSE,FALSE,"Neither_bound","Neither_bound_unchanged"
"ENSG00000229097.1","ENSG00000229097.1",88.2015977625406,0.0151005118635857,0.235699155062841,0.0640668900979287,0.948916965538118,0.972948518983331,"ENSG00000229097","unchanged",FALSE,FALSE,"Neither_bound","Neither_bound_unchanged"
"ENSG00000256053.9","COA8",151.902746781732,0.186280183788948,0.188932798244041,0.985960010756488,0.324152736613782,0.484759186285857,"ENSG00000256053","unchanged",FALSE,FALSE,"Neither_bound","Neither_bound_unchanged"
"ENSG00000186212.4","SOWAHB",1.42480690024453,1.68888412210921,1.62987658048171,1.03620368703627,0.300107127037826,0.459004857995447,"ENSG00000186212","unchanged",FALSE,FALSE,"Neither_bound","Neither_bound_unchanged"
"ENSG00000164823.11","OSGIN2",494.535580200802,-0.820553010837521,0.172489290409485,-4.75712439241619,1.96370173763506e-06,1.25783557654135e-05,"ENSG00000164823","unchanged",FALSE,FALSE,"Neither_bound","Neither_bound_unchanged"
"ENSG00000267691.1","ENSG00000267691.1",3.50056802535198,0.997368285464314,0.991325487704245,1.00609567476577,0.314369549095196,0.474284025923413,"ENSG00000267691","unchanged",FALSE,FALSE,"Neither_bound","Neither_bound_unchanged"
"ENSG00000260616.6","CYLD-AS2",29.5715665021718,0.669281470245772,0.357131250518678,1.87404902055965,0.0609236688877253,0.134870645514745,"ENSG00000260616","unchanged",FALSE,FALSE,"Neither_bound","Neither_bound_unchanged"
"ENSG00000278974.1","ENSG00000278974.1",85.0754479480281,-0.0939858225901335,0.309561974347559,-0.303609068226873,0.761425742077621,0.855983890064264,"ENSG00000278974","unchanged",FALSE,FALSE,"Neither_bound","Neither_bound_unchanged"
"ENSG00000265791.1","ENSG00000265791.1",87.6490431603153,-0.121176872672506,0.223343571350323,-0.542558140088282,0.587434066806475,0.727405862331292,"ENSG00000265791","unchanged",FALSE,FALSE,"Neither_bound","Neither_bound_unchanged"
"ENSG00000160190.14","SLC37A1",232.99349324731,0.0279592522283922,0.166245054420415,0.168180956274864,0.86644092223809,0.925336893874849,"ENSG00000160190","unchanged",FALSE,FALSE,"Neither_bound","Neither_bound_unchanged"
"ENSG00000288894.1","ENSG00000288894.1",2.12995988203882,0.29373029880793,1.24387199743196,0.236141901589835,0.813322560414407,0.890559626463689,"ENSG00000288894","unchanged",FALSE,FALSE,"Neither_bound","Neither_bound_unchanged"
"ENSG00000244945.1","RUFY1-AS1",52.6101328670916,0.238733632921734,0.271758759987167,0.878476310875895,0.37968528784108,0.542238799974177,"ENSG00000244945","unchanged",FALSE,FALSE,"Neither_bound","Neither_bound_unchanged"
"ENSG00000288891.2","ENSG00000288891.2",97.9740711375074,0.139724521058211,0.241402511574091,0.578803095904521,0.562722041941988,0.708234551879857,"ENSG00000288891","unchanged",FALSE,FALSE,"Neither_bound","Neither_bound_unchanged"
"ENSG00000289207.1","ENSG00000289207.1",18.8695633602974,1.04257478423483,0.447581965363343,2.32934940394319,0.0198405631262206,0.0537692873999888,"ENSG00000289207","unchanged",FALSE,FALSE,"Neither_bound","Neither_bound_unchanged"
"ENSG00000213994.3","PFKFB3-AS1",11.5948042747392,-0.0791777002168566,0.540583241664992,-0.146467174922015,0.883552601051547,0.936665180557182,"ENSG00000213994","unchanged",FALSE,FALSE,"Neither_bound","Neither_bound_unchanged"
"ENSG00000256197.1","TSPAN9-IT1",8.49578627691894,-0.287609994377914,0.639607790243091,-0.449666184129189,0.652951157894701,0.77904618656014,"ENSG00000256197","unchanged",FALSE,FALSE,"Neither_bound","Neither_bound_unchanged"
"ENSG00000144034.16","TPRKB",138.941225744813,0.104368296555645,0.21393003197559,0.487861828429744,0.625647713661722,0.758297322409628,"ENSG00000144034","unchanged",FALSE,FALSE,"Neither_bound","Neither_bound_unchanged"
"ENSG00000256377.6","ENSG00000256377.6",4.60938408814811,1.98172409088267,0.962436886322549,2.05906913902146,0.0394876157005197,0.0951827512145367,"ENSG00000256377","unchanged",FALSE,FALSE,"Neither_bound","Neither_bound_unchanged"
"ENSG00000076864.21","RAP1GAP",32.4897535045244,-0.639502555568701,0.33326572596651,-1.91889686139811,0.0549973879291805,0.124369301190227,"ENSG00000076864","unchanged",FALSE,FALSE,"Neither_bound","Neither_bound_unchanged"
"ENSG00000219163.2","ENSG00000219163.2",7.83191867802795,1.06294742460494,0.685158387993587,1.55138934767722,0.1208084064612,0.232004951180608,"ENSG00000219163","unchanged",FALSE,FALSE,"Neither_bound","Neither_bound_unchanged"
"ENSG00000229950.1","ENSG00000229950.1",2.99731488333043,-0.908531215410184,1.04050992380507,-0.873159587068381,0.382576098943777,0.544672657233004,"ENSG00000229950","unchanged",FALSE,FALSE,"Neither_bound","Neither_bound_unchanged"
"ENSG00000196189.14","SEMA4A",36.9207289713693,-0.181324499980271,0.342088216857331,-0.530051872718823,0.596075966089684,0.734856763914434,"ENSG00000196189","unchanged",FALSE,FALSE,"Neither_bound","Neither_bound_unchanged"
"ENSG00000255987.1","ENSG00000255987.1",1.93908680805978,0.503188126838001,1.32594099624237,0.379495111972556,0.704320233390493,0.816558574961885,"ENSG00000255987","unchanged",FALSE,FALSE,"Neither_bound","Neither_bound_unchanged"
"ENSG00000269867.1","ENSG00000269867.1",69.6813526268451,0.179316319363939,0.258687139698649,0.693178329517383,0.488197645933574,0.643553928790424,"ENSG00000269867","unchanged",FALSE,FALSE,"Neither_bound","Neither_bound_unchanged"
"ENSG00000240086.7","LOC102724019",4.52568277807504,0.15901111576255,0.850583027190028,0.186943673550431,0.85170479622353,0.916108566121624,"ENSG00000240086","unchanged",FALSE,FALSE,"Neither_bound","Neither_bound_unchanged"
"ENSG00000204370.13","SDHD",310.349176315474,0.0532155246874198,0.226664157733683,0.234776972325483,0.814381841659129,0.891279529809851,"ENSG00000204370","unchanged",FALSE,FALSE,"Neither_bound","Neither_bound_unchanged"
"ENSG00000251807.1","RNU6-202P",9.27465178103068,-0.962498866516452,0.617383856902823,-1.55899584311281,0.118997364030965,0.229170113471132,"ENSG00000251807","unchanged",FALSE,FALSE,"Neither_bound","Neither_bound_unchanged"
"ENSG00000223768.4","LINC00205",716.714568104922,0.220580923448948,0.135346252462784,1.6297527226297,0.103153769502034,0.205280171213609,"ENSG00000223768","unchanged",FALSE,FALSE,"Neither_bound","Neither_bound_unchanged"
"ENSG00000251602.7","MTA1-DT",39.8144127191562,-0.281808627376119,0.341151950413055,-0.826050172173762,0.408775631497358,0.570344587660402,"ENSG00000251602","unchanged",FALSE,FALSE,"Neither_bound","Neither_bound_unchanged"
"ENSG00000111602.12","TIMELESS",307.494638619234,-0.46696031584479,0.174060833912222,-2.68274203535228,0.00730212916494969,0.0227266559900139,"ENSG00000111602","unchanged",FALSE,FALSE,"Neither_bound","Neither_bound_unchanged"
"ENSG00000224081.10","ENSG00000224081.10",67.64986978993,0.459205499479736,0.256359279482242,1.79125756792254,0.0732519719300377,0.156226720821217,"ENSG00000224081","unchanged",FALSE,FALSE,"Neither_bound","Neither_bound_unchanged"
"ENSG00000196844.9","PATE2",3.53809199995417,1.90672171067167,1.1577737658792,1.6468862629857,0.0995814259681568,0.199613803330747,"ENSG00000196844","unchanged",FALSE,FALSE,"Neither_bound","Neither_bound_unchanged"
"ENSG00000066739.12","ATG2B",1695.78774350364,0.0148409763511503,0.117577203824792,0.126223246244787,0.899555210687327,0.945464307186036,"ENSG00000066739","unchanged",FALSE,FALSE,"Neither_bound","Neither_bound_unchanged"
"ENSG00000099875.16","MKNK2",1363.6806156795,-0.352380395400317,0.127233542456343,-2.76955579949547,0.00561327883939625,0.0181006128362077,"ENSG00000099875","unchanged",FALSE,FALSE,"Neither_bound","Neither_bound_unchanged"
"ENSG00000236940.1","ENSG00000236940.1",4.27392908643534,0.893584753776108,0.921505772560759,0.969700657753818,0.332195722519808,0.493254810160407,"ENSG00000236940","unchanged",FALSE,FALSE,"Neither_bound","Neither_bound_unchanged"
"ENSG00000254416.6","ENSG00000254416.6",236.723767824583,-0.547746601457149,0.167749311004177,-3.26526885969451,0.00109360219318391,0.00424251705094461,"ENSG00000254416","unchanged",FALSE,FALSE,"Neither_bound","Neither_bound_unchanged"
"ENSG00000257771.6","LINC02395",3.42922299649015,-0.566184233280731,0.97124699306385,-0.582945674297197,0.559929872023548,0.705740181554578,"ENSG00000257771","unchanged",FALSE,FALSE,"Neither_bound","Neither_bound_unchanged"
"ENSG00000186350.12","RXRA",1164.19884101055,-0.701251698735922,0.120055259006705,-5.84107438972546,5.18652367928652e-09,4.58313830223737e-08,"ENSG00000186350","unchanged",FALSE,FALSE,"Neither_bound","Neither_bound_unchanged"
"ENSG00000160716.6","CHRNB2",71.2383776344492,0.262987347233116,0.262926586132836,1.00023109530753,0.317198684187378,0.477407280095567,"ENSG00000160716","unchanged",FALSE,FALSE,"Neither_bound","Neither_bound_unchanged"
"ENSG00000253603.1","CERNA3",2.2223671918211,1.16128593851451,1.2886990552092,0.901130433688411,0.367518973279437,0.52944927623546,"ENSG00000253603","unchanged",FALSE,FALSE,"Neither_bound","Neither_bound_unchanged"
"ENSG00000230696.1","ENSG00000230696.1",6.34220510342431,-0.410407694695025,0.722488099801308,-0.568047687993603,0.570002587231314,0.713656516372352,"ENSG00000230696","unchanged",FALSE,FALSE,"Neither_bound","Neither_bound_unchanged"
"ENSG00000240972.2","MIF",6.15128484602397,-0.810558833598106,0.831431383563897,-0.974895643370687,0.329612027390305,0.490375847336802,"ENSG00000240972","unchanged",FALSE,FALSE,"Neither_bound","Neither_bound_unchanged"
"ENSG00000131626.19","PPFIA1",1682.07545081481,0.124050056657968,0.115196907830837,1.0768523130858,0.28154625008673,0.438494407287761,"ENSG00000131626","unchanged",FALSE,FALSE,"Neither_bound","Neither_bound_unchanged"
"ENSG00000179046.9","TRIML2",1.35510610132192,0.584748395718724,1.51388456966592,0.386256923041209,0.699306400037269,0.812971456292349,"ENSG00000179046","unchanged",FALSE,FALSE,"Neither_bound","Neither_bound_unchanged"
"ENSG00000186628.12","FSD2",76.2044982834613,0.0554304821665071,0.243564585160615,0.227580221196584,0.819972597689335,0.895445401006634,"ENSG00000186628","unchanged",FALSE,FALSE,"Neither_bound","Neither_bound_unchanged"
"ENSG00000124444.16","ZNF576",195.019761257763,0.404608201333275,0.185071520804805,2.18622616582924,0.0287990628428263,0.0734419344328171,"ENSG00000124444","unchanged",FALSE,FALSE,"Neither_bound","Neither_bound_unchanged"
"ENSG00000227512.1","ENSG00000227512.1",18.7640744418545,-0.336569267269212,0.44037031348769,-0.764286912538712,0.444696282795478,0.603783009592965,"ENSG00000227512","unchanged",FALSE,FALSE,"Neither_bound","Neither_bound_unchanged"
"ENSG00000289989.1","LOC107984236",1.86260183281605,-0.563105977720448,1.42561564731547,-0.394991440210982,0.692849205155579,0.808582812502328,"ENSG00000289989","unchanged",FALSE,FALSE,"Neither_bound","Neither_bound_unchanged"
"ENSG00000183378.13","OVCH2",3.35809934981603,0.900906033320665,1.05616066297707,0.853000935275534,0.393658785545501,0.555539573737569,"ENSG00000183378","unchanged",FALSE,FALSE,"Neither_bound","Neither_bound_unchanged"
"ENSG00000243396.1","RPL32P7",9.10635417709361,0.249430050921262,0.647367926989973,0.385298746697294,0.70001608998545,0.813428658477893,"ENSG00000243396","unchanged",FALSE,FALSE,"Neither_bound","Neither_bound_unchanged"
"ENSG00000122033.15","MTIF3",117.457556615686,-0.526541716763428,0.220364674997876,-2.38941072006438,0.0168754248870261,0.0468129385514498,"ENSG00000122033","unchanged",FALSE,FALSE,"Neither_bound","Neither_bound_unchanged"
"ENSG00000269220.1","LINC00528",4.57026115215645,1.18258908810926,0.973027063659658,1.21537121861895,0.224224540141252,0.370630617008177,"ENSG00000269220","unchanged",FALSE,FALSE,"Neither_bound","Neither_bound_unchanged"
"ENSG00000289073.1","ENSG00000289073.1",2.29110421416141,1.31522503219118,1.27417089120114,1.03222027851487,0.301968937434528,0.460959952668347,"ENSG00000289073","unchanged",FALSE,FALSE,"Neither_bound","Neither_bound_unchanged"
"ENSG00000172586.8","CHCHD1",109.811258343137,0.436085090159766,0.268261953655319,1.62559425299674,0.10403599858467,0.206672600732445,"ENSG00000172586","unchanged",FALSE,FALSE,"Neither_bound","Neither_bound_unchanged"
"ENSG00000128606.13","LRRC17",24.7612520428074,-0.557564455514286,0.370069872403028,-1.50664643920828,0.131901307207088,0.248539612981104,"ENSG00000128606","unchanged",FALSE,FALSE,"Neither_bound","Neither_bound_unchanged"
"ENSG00000261251.1","ENSG00000261251.1",15.9321060172264,-0.145003820510042,0.494684507509547,-0.293123836119414,0.76942749798195,0.861389603862377,"ENSG00000261251","unchanged",FALSE,FALSE,"Neither_bound","Neither_bound_unchanged"
"ENSG00000184809.13","ENSG00000184809.13",1.68834160908097,-0.408486657961312,1.42140508121662,-0.287382297530326,0.773819614306514,0.864167262272571,"ENSG00000184809","unchanged",FALSE,FALSE,"Neither_bound","Neither_bound_unchanged"
"ENSG00000117691.10","NENF",455.717087679254,0.434472504560094,0.234074760081778,1.85612709549848,0.0634354444849266,0.139395470194332,"ENSG00000117691","unchanged",FALSE,FALSE,"Neither_bound","Neither_bound_unchanged"
"ENSG00000270806.2","C17orf50",2.86892319201393,2.67190628434758,1.29876788590981,2.05726235868226,0.0396609960416229,0.0955150039088973,"ENSG00000270806","unchanged",FALSE,FALSE,"Neither_bound","Neither_bound_unchanged"
"ENSG00000169306.11","IL1RAPL1",1.37045049682309,0.2154615211332,1.4905262277212,0.144553995176998,0.885063022140332,0.937177055471888,"ENSG00000169306","unchanged",FALSE,FALSE,"Neither_bound","Neither_bound_unchanged"
"ENSG00000224289.1","ENSG00000224289.1",3.05645142280277,-1.44168219917956,1.18487268764282,-1.21674017319754,0.223703088988532,0.37008643175979,"ENSG00000224289","unchanged",FALSE,FALSE,"Neither_bound","Neither_bound_unchanged"
"ENSG00000090520.12","DNAJB11",744.414301619977,0.278134523395628,0.182685643445635,1.52247608596785,0.127889833000719,0.24252801738323,"ENSG00000090520","unchanged",FALSE,FALSE,"Neither_bound","Neither_bound_unchanged"
"ENSG00000228485.1","ENSG00000228485.1",12.1472566488411,1.27163756595498,0.588857838001473,2.15949841182516,0.0308115204111734,0.0776644201043883,"ENSG00000228485","unchanged",FALSE,FALSE,"Neither_bound","Neither_bound_unchanged"
"ENSG00000071994.11","PDCD2",625.584005877666,0.507437967276722,0.15661169049937,3.2401027385549,0.00119486639355774,0.0045918341052573,"ENSG00000071994","unchanged",FALSE,FALSE,"Neither_bound","Neither_bound_unchanged"
"ENSG00000136051.15","WASHC4",2147.58557463334,-0.357971437761611,0.136268995903181,-2.62694705709837,0.00861547374971298,0.0262631618352554,"ENSG00000136051","unchanged",FALSE,FALSE,"Neither_bound","Neither_bound_unchanged"
"ENSG00000250166.4","ENSG00000250166.4",18.062766141345,0.228986617735549,0.454585840459253,0.503725803479078,0.614454073174826,0.749634157049972,"ENSG00000250166","unchanged",FALSE,FALSE,"Neither_bound","Neither_bound_unchanged"
"ENSG00000276593.1","ENSG00000276593.1",7.46710134597676,0.489502245914547,0.682147496586308,0.717590034947248,0.473010103768495,0.629765500129669,"ENSG00000276593","unchanged",FALSE,FALSE,"Neither_bound","Neither_bound_unchanged"
"ENSG00000237306.1","HSPE1P22",4.84225335817323,1.9442243573332,0.971401027858491,2.00146417553145,0.0453423907154976,0.10660841153382,"ENSG00000237306","unchanged",FALSE,FALSE,"Neither_bound","Neither_bound_unchanged"
"ENSG00000188725.8","SMIM15",787.54744201752,0.203522241719416,0.177643604154638,1.14567728282664,0.25192870685809,0.404285648157774,"ENSG00000188725","unchanged",FALSE,FALSE,"Neither_bound","Neither_bound_unchanged"
"ENSG00000258581.2","ENSG00000258581.2",26.8025270637401,-0.559987757166828,0.361704438946622,-1.548191553296,0.121576184454179,0.233197799623894,"ENSG00000258581","unchanged",FALSE,FALSE,"Neither_bound","Neither_bound_unchanged"
"ENSG00000252427.1","LOC124900314",5.55472807181942,0.520086138270561,0.813284756852071,0.639488363563612,0.522505281232927,0.672774322160649,"ENSG00000252427","unchanged",FALSE,FALSE,"Neither_bound","Neither_bound_unchanged"
"ENSG00000110448.11","CD5",37.5746853161143,0.832433801253904,0.330962420693957,2.51519130029467,0.0118967811517966,0.0348130480844442,"ENSG00000110448","unchanged",FALSE,FALSE,"Neither_bound","Neither_bound_unchanged"
"ENSG00000169432.19","SCN9A",9.65959364463394,-0.917929717094841,0.646172900767689,-1.42056362314837,0.155443660080683,0.281831344842307,"ENSG00000169432","unchanged",FALSE,FALSE,"Neither_bound","Neither_bound_unchanged"
"ENSG00000137975.8","CLCA2",4.89574237209999,0.839253433939759,0.860089853366633,0.975774136451774,0.329176404210209,0.489951743915916,"ENSG00000137975","unchanged",FALSE,FALSE,"Neither_bound","Neither_bound_unchanged"
"ENSG00000173275.13","ZNF449",283.259783125165,0.273784465130251,0.184521206008449,1.48375610073628,0.137873637137015,0.257253046210938,"ENSG00000173275","unchanged",FALSE,FALSE,"Neither_bound","Neither_bound_unchanged"
"ENSG00000128791.12","TWSG1",1284.95209212171,-0.759407993317718,0.146307606279601,-5.19048881072152,2.09742727025692e-07,1.53084249067656e-06,"ENSG00000128791","unchanged",FALSE,FALSE,"Neither_bound","Neither_bound_unchanged"
"ENSG00000267397.1","ENSG00000267397.1",11.1114111879229,0.619265576719931,0.555967697778701,1.11385172051205,0.26534280437967,0.420135383357508,"ENSG00000267397","unchanged",FALSE,FALSE,"Neither_bound","Neither_bound_unchanged"
"ENSG00000111291.9","GPRC5D",3.7215912913415,-1.18844809693117,1.0292770067949,-1.15464358873801,0.248236409040424,0.400118361122004,"ENSG00000111291","unchanged",FALSE,FALSE,"Neither_bound","Neither_bound_unchanged"
"ENSG00000197265.9","GTF2E2",243.71663228279,0.527202308363964,0.167956215662222,3.13892704884601,0.00169567656398097,0.0062873858230876,"ENSG00000197265","unchanged",FALSE,FALSE,"Neither_bound","Neither_bound_unchanged"
"ENSG00000283611.2","TMEM274P",22.0589038049092,-0.768539596342635,0.404076412477091,-1.9019659960632,0.0571756001985051,0.128092651862737,"ENSG00000283611","unchanged",FALSE,FALSE,"Neither_bound","Neither_bound_unchanged"
"ENSG00000023330.15","ALAS1",842.255556935513,-0.16568131957977,0.160537492135062,-1.03204128441461,0.302052777794846,0.461067215932024,"ENSG00000023330","unchanged",FALSE,FALSE,"Neither_bound","Neither_bound_unchanged"
"ENSG00000261864.1","ENSG00000261864.1",3.20826242273719,0.91973595674324,1.08433556890831,0.848202330639409,0.396325299509686,0.557933514598409,"ENSG00000261864","unchanged",FALSE,FALSE,"Neither_bound","Neither_bound_unchanged"
"ENSG00000125730.18","C3",124.035845391404,-0.999687327636217,0.203651949826259,-4.90880312459114,9.16339101126252e-07,6.15994589096705e-06,"ENSG00000125730","unchanged",FALSE,FALSE,"Neither_bound","Neither_bound_unchanged"
"ENSG00000258301.3","ENSG00000258301.3",4.704461742945,0.588072945514638,0.889121586800034,0.66140891667148,0.508350109159956,0.660355520591433,"ENSG00000258301","unchanged",FALSE,FALSE,"Neither_bound","Neither_bound_unchanged"
"ENSG00000279030.1","ENSG00000279030.1",4.30921846467642,-1.43431139664041,0.884747475822767,-1.62115342042268,0.104984739581159,0.208155593864862,"ENSG00000279030","unchanged",FALSE,FALSE,"Neither_bound","Neither_bound_unchanged"
"ENSG00000136936.11","XPA",281.93696638284,-0.236870150467893,0.174482736717906,-1.35755636874754,0.174604495578316,0.30743134489966,"ENSG00000136936","unchanged",FALSE,FALSE,"Neither_bound","Neither_bound_unchanged"
"ENSG00000110619.18","CARS1",1046.86847975969,-0.304987907133422,0.1345506130383,-2.26671510628202,0.02340763499592,0.0617369784565115,"ENSG00000110619","unchanged",FALSE,FALSE,"Neither_bound","Neither_bound_unchanged"
"ENSG00000214381.6","LINC00488",8.47068221691893,0.774396240715637,0.716117776860772,1.08138111598114,0.279527618218091,0.436393418286107,"ENSG00000214381","unchanged",FALSE,FALSE,"Neither_bound","Neither_bound_unchanged"
"ENSG00000112339.15","HBS1L",1116.26426543932,-0.219019226885252,0.136579111680404,-1.60360705374742,0.108800694942907,0.214004782868316,"ENSG00000112339","unchanged",FALSE,FALSE,"Neither_bound","Neither_bound_unchanged"
"ENSG00000146276.13","GABRR1",1.30590418526616,0.660476321562236,1.55503282536975,0.424734649189922,0.671030122071557,0.792736451379913,"ENSG00000146276","unchanged",FALSE,FALSE,"Neither_bound","Neither_bound_unchanged"
"ENSG00000005700.15","IBTK",1389.15302800679,-0.206545685667933,0.132188888979425,-1.56250413527632,0.118169272449153,0.227950130419265,"ENSG00000005700","unchanged",FALSE,FALSE,"Neither_bound","Neither_bound_unchanged"
"ENSG00000286415.1","ENSG00000286415.1",5.55090386002261,2.16235513448513,0.981497299333606,2.20311878183799,0.0275863777383066,0.0708869111895603,"ENSG00000286415","unchanged",FALSE,FALSE,"Neither_bound","Neither_bound_unchanged"
"ENSG00000286953.1","ENSG00000286953.1",2.57794797622715,1.47950016423408,1.19396629326114,1.23914734660813,0.215290935690841,0.359520303994222,"ENSG00000286953","unchanged",FALSE,FALSE,"Neither_bound","Neither_bound_unchanged"
"ENSG00000070018.9","LRP6",1452.7461843297,-0.515039795884825,0.128450322585429,-4.00964190294099,6.08108995447183e-05,0.000306199916355617,"ENSG00000070018","unchanged",FALSE,FALSE,"Neither_bound","Neither_bound_unchanged"
"ENSG00000109381.21","ELF2",650.707685029461,-0.264344782639293,0.137334641703328,-1.92482231256943,0.054251591587872,0.122936495200589,"ENSG00000109381","unchanged",FALSE,FALSE,"Neither_bound","Neither_bound_unchanged"
"ENSG00000137674.4","MMP20",1.55016988608433,0.789820416603591,1.5291889187567,0.516496298734462,0.605507823353243,0.742469487533859,"ENSG00000137674","unchanged",FALSE,FALSE,"Neither_bound","Neither_bound_unchanged"
"ENSG00000164304.16","CAGE1",14.9029644914102,0.713336915170518,0.495363536982372,1.4400270950825,0.149859733479344,0.274091935538786,"ENSG00000164304","unchanged",FALSE,FALSE,"Neither_bound","Neither_bound_unchanged"
"ENSG00000228158.2","ENSG00000228158.2",5.09754994967692,-0.00624061118705123,0.779893223656864,-0.00800187897234117,0.993615492444036,0.997020295620319,"ENSG00000228158","unchanged",FALSE,FALSE,"Neither_bound","Neither_bound_unchanged"
"ENSG00000200026.1","LOC124900277",2.15155683578701,2.09565589112509,1.40837998997204,1.48799039041068,0.136753427901454,0.255555946468426,"ENSG00000200026","unchanged",FALSE,FALSE,"Neither_bound","Neither_bound_unchanged"
"ENSG00000267886.1","ENSG00000267886.1",15.9566217748061,-0.486151072683345,0.454024752280891,-1.07075896245978,0.284277823337673,0.441736006547761,"ENSG00000267886","unchanged",FALSE,FALSE,"Neither_bound","Neither_bound_unchanged"
"ENSG00000162688.17","AGL",1033.28771163516,0.441233329434257,0.130112795775467,3.39116016072458,0.000695974167247751,0.00281774141991318,"ENSG00000162688","unchanged",FALSE,FALSE,"Neither_bound","Neither_bound_unchanged"
"ENSG00000172409.7","CLP1",194.096178135275,0.840340296086962,0.212338354141347,3.95755302656049,7.57214812713948e-05,0.000374288020347314,"ENSG00000172409","unchanged",FALSE,FALSE,"Neither_bound","Neither_bound_unchanged"
"ENSG00000242889.3","RN7SL449P",33.2466043120677,-0.467156232469434,0.353013577314289,-1.32333786146,0.185723046078527,0.321803735421108,"ENSG00000242889","unchanged",FALSE,FALSE,"Neither_bound","Neither_bound_unchanged"
"ENSG00000101474.12","APMAP",1189.01513037555,0.875505267680334,0.2118345029708,4.13296821529125,3.58108265077098e-05,0.000188155012345535,"ENSG00000101474","unchanged",FALSE,FALSE,"Neither_bound","Neither_bound_unchanged"
"ENSG00000248816.1","ENSG00000248816.1",2.46355394898764,-1.03930088632059,1.22065446097147,-0.851429228787199,0.394530960979508,0.55623740018063,"ENSG00000248816","unchanged",FALSE,FALSE,"Neither_bound","Neither_bound_unchanged"
"ENSG00000235141.1","ENSG00000235141.1",5.72160695289678,-0.374675777053554,0.772765475833731,-0.484850564331072,0.627782351797682,0.759582208657964,"ENSG00000235141","unchanged",FALSE,FALSE,"Neither_bound","Neither_bound_unchanged"
"ENSG00000141959.17","PFKL",2710.95435547225,-0.759180024700769,0.123161330280081,-6.16411030129602,7.08805244874353e-10,6.8128739552609e-09,"ENSG00000141959","unchanged",FALSE,FALSE,"Neither_bound","Neither_bound_unchanged"
"ENSG00000275681.1","ENSG00000275681.1",3.10135742978027,1.46595572286391,1.09803564968551,1.33507115482432,0.181853059182397,0.316713736377546,"ENSG00000275681","unchanged",FALSE,FALSE,"Neither_bound","Neither_bound_unchanged"
"ENSG00000268764.1","ENSG00000268764.1",8.0087881861029,-1.16835451787197,0.679548395457162,-1.71931024439542,0.0855578955823539,0.17711198714982,"ENSG00000268764","unchanged",FALSE,FALSE,"Neither_bound","Neither_bound_unchanged"
"ENSG00000175967.4","LINC02880",4.98057211284027,0.594580173312781,0.821539146416768,0.723739307988069,0.469225796023626,0.62644585305705,"ENSG00000175967","unchanged",FALSE,FALSE,"Neither_bound","Neither_bound_unchanged"
"ENSG00000255094.1","ENSG00000255094.1",3.20756541710394,-1.82935734284032,1.07336200250651,-1.70432467198245,0.0883204481702426,0.181701228480819,"ENSG00000255094","unchanged",FALSE,FALSE,"Neither_bound","Neither_bound_unchanged"
"ENSG00000165671.22","NSD1",4359.21970892323,0.239033016273833,0.114454331453291,2.08845758162839,0.0367565779547138,0.0896365453346054,"ENSG00000165671","unchanged",FALSE,FALSE,"Neither_bound","Neither_bound_unchanged"
"ENSG00000139372.15","TDG",407.4608563593,0.649251417931225,0.180989540229401,3.58723171023204,0.000334207317936233,0.00145580330541908,"ENSG00000139372","unchanged",FALSE,FALSE,"Neither_bound","Neither_bound_unchanged"
"ENSG00000130725.8","UBE2M",789.427187141555,-0.419327028084087,0.142647688620429,-2.93959917710181,0.00328637076264053,0.0113501300921397,"ENSG00000130725","unchanged",FALSE,FALSE,"Neither_bound","Neither_bound_unchanged"
"ENSG00000149926.14","TLCD3B",20.5385636398601,-0.324541567183551,0.437160054171967,-0.742386144585581,0.457853411834601,0.615715772326605,"ENSG00000149926","unchanged",FALSE,FALSE,"Neither_bound","Neither_bound_unchanged"
"ENSG00000230280.2","ENSG00000230280.2",37.7948826373014,0.463741082933928,0.320424528844813,1.44727085846329,0.1478210775983,0.271386140085344,"ENSG00000230280","unchanged",FALSE,FALSE,"Neither_bound","Neither_bound_unchanged"
"ENSG00000103226.19","NOMO3",379.076951064886,0.518423762416767,0.188511971215439,2.75008403484516,0.00595799829446175,0.0190458579019647,"ENSG00000103226","unchanged",FALSE,FALSE,"Neither_bound","Neither_bound_unchanged"
"ENSG00000283064.1","ENSG00000283064.1",71.6562815348738,0.710201639607663,0.263569147427826,2.69455528668104,0.0070482632512599,0.0220435877100448,"ENSG00000283064","unchanged",FALSE,FALSE,"Neither_bound","Neither_bound_unchanged"
"ENSG00000239221.3","RN7SL442P",17.200069888229,0.453453332592332,0.54094375732296,0.838263361862971,0.401882808096673,0.563538442265018,"ENSG00000239221","unchanged",FALSE,FALSE,"Neither_bound","Neither_bound_unchanged"
"ENSG00000119862.13","LGALSL",425.216642010907,0.735753180943275,0.150996044407859,4.8726652663557,1.10102683694151e-06,7.31462538572836e-06,"ENSG00000119862","unchanged",FALSE,FALSE,"Neither_bound","Neither_bound_unchanged"
"ENSG00000236474.1","ENSG00000236474.1",29.615459815967,0.37572833389264,0.42161546968624,0.891163538596559,0.372841441953845,0.534939629313843,"ENSG00000236474","unchanged",FALSE,FALSE,"Neither_bound","Neither_bound_unchanged"
"ENSG00000102100.16","SLC35A2",524.900319590421,0.446335579486482,0.183175167341784,2.43665987024141,0.0148236152289245,0.0419362506951034,"ENSG00000102100","unchanged",FALSE,FALSE,"Neither_bound","Neither_bound_unchanged"
"ENSG00000018189.13","RUFY3",4225.36887087223,-0.0892001189244246,0.114320081004085,-0.780266407624721,0.435234081256753,0.595410039151406,"ENSG00000018189","unchanged",FALSE,FALSE,"Neither_bound","Neither_bound_unchanged"
"ENSG00000158106.14","RHPN1",421.459572028474,-0.740916081218394,0.161891527059658,-4.57662049815221,4.72547569006542e-06,2.86890005791139e-05,"ENSG00000158106","unchanged",FALSE,FALSE,"Neither_bound","Neither_bound_unchanged"
"ENSG00000152969.21","JAKMIP1",1.4289974123002,3.57361594271326,1.75366569700859,2.03779771070914,0.0415701674227627,0.0992936816691092,"ENSG00000152969","unchanged",FALSE,FALSE,"Neither_bound","Neither_bound_unchanged"
"ENSG00000236901.6","MIR600HG",252.094134047227,0.309793146365429,0.170475831410796,1.81722619447985,0.0691824856503082,0.149366978489142,"ENSG00000236901","unchanged",FALSE,FALSE,"Neither_bound","Neither_bound_unchanged"
"ENSG00000165349.12","SLC7A3",1.47182970585318,0.878930962494659,1.47530532353849,0.595762076142014,0.551334181892617,0.698248368462339,"ENSG00000165349","unchanged",FALSE,FALSE,"Neither_bound","Neither_bound_unchanged"
"ENSG00000275930.1","ENSG00000275930.1",3.89074354740189,-1.15178129407837,0.956352849388307,-1.20434763676927,0.228455241819727,0.375776846357682,"ENSG00000275930","unchanged",FALSE,FALSE,"Neither_bound","Neither_bound_unchanged"
"ENSG00000107362.14","ABHD17B",681.694492802606,0.886741750981063,0.143303271793309,6.18786814763057,6.09833021899354e-10,5.90838793151091e-09,"ENSG00000107362","unchanged",FALSE,FALSE,"Neither_bound","Neither_bound_unchanged"
"ENSG00000251712.3","RNU7-20P",1.25877292788131,0.744432221186947,1.6479736617826,0.451725800266553,0.651466529217197,0.777903296110302,"ENSG00000251712","unchanged",FALSE,FALSE,"Neither_bound","Neither_bound_unchanged"
"ENSG00000187118.14","CMC1",207.017946597249,-0.0663364533252528,0.19973352839929,-0.332124775729385,0.739795042641699,0.841815350216688,"ENSG00000187118","unchanged",FALSE,FALSE,"Neither_bound","Neither_bound_unchanged"
"ENSG00000159459.12","UBR1",2933.89796700217,0.255504202530142,0.117598087126541,2.17269012424672,0.0298036475685343,0.0755162092054285,"ENSG00000159459","unchanged",FALSE,FALSE,"Neither_bound","Neither_bound_unchanged"
"ENSG00000132938.22","MTUS2",25.5115913518899,0.857065984397777,0.38108206513336,2.24903259117651,0.0245104226226194,0.0641748296130588,"ENSG00000132938","unchanged",FALSE,FALSE,"Neither_bound","Neither_bound_unchanged"
"ENSG00000290793.1","ENSG00000290793.1",72.0930482737104,0.739003631465786,0.242133526744942,3.0520500048068,0.00227284234242144,0.00815677851953212,"ENSG00000290793","unchanged",FALSE,FALSE,"Neither_bound","Neither_bound_unchanged"
"ENSG00000254088.1","ENSG00000254088.1",41.8420369509337,-0.450069281406631,0.297543837417984,-1.51261503283761,0.130377473412119,0.24611881832071,"ENSG00000254088","unchanged",FALSE,FALSE,"Neither_bound","Neither_bound_unchanged"
"ENSG00000168556.7","ING2",54.7107814986574,-0.150647624485679,0.292317205554657,-0.515356679740533,0.606303798375415,0.743284517944857,"ENSG00000168556","unchanged",FALSE,FALSE,"Neither_bound","Neither_bound_unchanged"
"ENSG00000272899.4","SPMIP1",54.4933247658349,-0.021426828023528,0.282950186336647,-0.0757265026079005,0.939636690496443,0.968048634818652,"ENSG00000272899","unchanged",FALSE,FALSE,"Neither_bound","Neither_bound_unchanged"
"ENSG00000251785.1","RNA5SP20",12.5186435838929,-0.154761743885544,0.516500110463196,-0.299635451668643,0.764455239405357,0.858046372781205,"ENSG00000251785","unchanged",FALSE,FALSE,"Neither_bound","Neither_bound_unchanged"
"ENSG00000006125.18","AP2B1",9035.4220233465,0.138258217957512,0.112230071688121,1.23191775499993,0.217979808298606,0.3629399602121,"ENSG00000006125","unchanged",FALSE,FALSE,"Neither_bound","Neither_bound_unchanged"
"ENSG00000100360.15","IFT27",317.74460863768,0.648412918299814,0.161647838608371,4.01126871773857,6.03933225433676e-05,0.00030432285716557,"ENSG00000100360","unchanged",FALSE,FALSE,"Neither_bound","Neither_bound_unchanged"
"ENSG00000124279.12","FASTKD3",213.133935388583,-0.106235610951053,0.179981534061328,-0.590258392368483,0.555017429647882,0.701291295203461,"ENSG00000124279","unchanged",FALSE,FALSE,"Neither_bound","Neither_bound_unchanged"
"ENSG00000207155.1","RNY1P14",1.74322081936925,0.594178946262909,1.34567627651515,0.441546720138094,0.658817246244902,0.783293812406259,"ENSG00000207155","unchanged",FALSE,FALSE,"Neither_bound","Neither_bound_unchanged"
"ENSG00000154945.7","ANKRD40",1547.20612397372,0.14914431317945,0.11947227635363,1.24835918199125,0.211899549980927,0.355376908944017,"ENSG00000154945","unchanged",FALSE,FALSE,"Neither_bound","Neither_bound_unchanged"
"ENSG00000135040.16","NAA35",1205.58256341526,0.423167014814607,0.134257028183934,3.15191703956728,0.00162202350668307,0.00604596669318671,"ENSG00000135040","unchanged",FALSE,FALSE,"Neither_bound","Neither_bound_unchanged"
"ENSG00000154262.13","ABCA6",32.2144285875532,-0.820012977469041,0.351927530694381,-2.33006203251871,0.0198028727523446,0.0536842762690854,"ENSG00000154262","unchanged",FALSE,FALSE,"Neither_bound","Neither_bound_unchanged"
"ENSG00000258940.2","MIA2-AS1",3.50204887902462,-1.16569477410915,0.978896026191424,-1.19082593341859,0.233721925866881,0.382389193336291,"ENSG00000258940","unchanged",FALSE,FALSE,"Neither_bound","Neither_bound_unchanged"
"ENSG00000244540.2","RPL35AP29",1.73558399326491,-0.544560928035363,1.41572403208529,-0.384651892384176,0.70049534206946,0.813679368717827,"ENSG00000244540","unchanged",FALSE,FALSE,"Neither_bound","Neither_bound_unchanged"
"ENSG00000143751.10","SDE2",1024.336757997,0.131681265632835,0.137161115541303,0.960048080049201,0.337031017347529,0.498574583976172,"ENSG00000143751","unchanged",FALSE,FALSE,"Neither_bound","Neither_bound_unchanged"
"ENSG00000277041.1","ENSG00000277041.1",3.2622397885284,0.266477443499399,1.00307084022631,0.265661639051611,0.790499809592369,0.875475124131381,"ENSG00000277041","unchanged",FALSE,FALSE,"Neither_bound","Neither_bound_unchanged"
"ENSG00000100031.19","GGT1",10.5784971735868,0.0355624553299318,0.564836799074701,0.0629605850542833,0.949797890590451,0.973442358307052,"ENSG00000100031","unchanged",FALSE,FALSE,"Neither_bound","Neither_bound_unchanged"
"ENSG00000251703.1","RNU6-998P",15.3143635985631,-1.21968704649383,0.524881081562422,-2.32373977523284,0.0201394452863337,0.0544662959781992,"ENSG00000251703","unchanged",FALSE,FALSE,"Neither_bound","Neither_bound_unchanged"
"ENSG00000242747.1","RPL21P14",2.45231027964152,1.45842304033046,1.26963227810663,1.14869719798348,0.250680861659822,0.402987577324224,"ENSG00000242747","unchanged",FALSE,FALSE,"Neither_bound","Neither_bound_unchanged"
"ENSG00000188070.9","ZFTA",426.926947038664,0.0227647792426598,0.153534177934718,0.148271736944065,0.882128319443892,0.935848982765352,"ENSG00000188070","unchanged",FALSE,FALSE,"Neither_bound","Neither_bound_unchanged"
"ENSG00000287205.1","ENSG00000287205.1",1.83287701712371,0.403458386394948,1.3616961209246,0.296291059506725,0.767007813077803,0.859851105955199,"ENSG00000287205","unchanged",FALSE,FALSE,"Neither_bound","Neither_bound_unchanged"
"ENSG00000112640.16","PPP2R5D",460.499083398473,-0.585228636510118,0.140423647969945,-4.16759317230793,3.07832702183442e-05,0.000163484384424127,"ENSG00000112640","unchanged",FALSE,FALSE,"Neither_bound","Neither_bound_unchanged"
"ENSG00000279632.1","ENSG00000279632.1",55.3052248606089,-0.0635221044762675,0.275792869322199,-0.230325405556649,0.817838920461445,0.893833733920024,"ENSG00000279632","unchanged",FALSE,FALSE,"Neither_bound","Neither_bound_unchanged"
"ENSG00000286644.1","ENSG00000286644.1",6.61556456001945,-0.879772150073499,0.716265103021738,-1.22827727661444,0.219342898159259,0.364637574740553,"ENSG00000286644","unchanged",FALSE,FALSE,"Neither_bound","Neither_bound_unchanged"
"ENSG00000279214.1","ENSG00000279214.1",4.47462385341946,-1.50663009925824,0.894109208449694,-1.68506272502282,0.0919764703114425,0.187673685585448,"ENSG00000279214","unchanged",FALSE,FALSE,"Neither_bound","Neither_bound_unchanged"
"ENSG00000225981.3","MICALL2-DT",9.00986172560112,1.40321772112806,0.653251081763961,2.1480526558624,0.0317095726745381,0.0795855448949837,"ENSG00000225981","unchanged",FALSE,FALSE,"Neither_bound","Neither_bound_unchanged"
"ENSG00000229716.2","ENSG00000229716.2",3.72997644034466,-0.612531213263759,0.937282414957266,-0.653518303009757,0.513422193696771,0.664884676915437,"ENSG00000229716","unchanged",FALSE,FALSE,"Neither_bound","Neither_bound_unchanged"
"ENSG00000271958.1","ENSG00000271958.1",1.60739321464813,2.6546262644011,1.68725459688408,1.57334066198634,0.115639958778689,0.224191434267137,"ENSG00000271958","unchanged",FALSE,FALSE,"Neither_bound","Neither_bound_unchanged"
"ENSG00000289183.2","ENSG00000289183.2",34.4597116981998,0.135203111729498,0.332882201241612,0.406159029305882,0.68462575557828,0.802628828103921,"ENSG00000289183","unchanged",FALSE,FALSE,"Neither_bound","Neither_bound_unchanged"
"ENSG00000020426.11","MNAT1",206.483861140382,-0.234603171491858,0.182175591036343,-1.28778597701959,0.197820475009455,0.337683596920508,"ENSG00000020426","unchanged",FALSE,FALSE,"Neither_bound","Neither_bound_unchanged"
"ENSG00000106588.12","PSMA2",102.583224535161,-0.232593368699632,0.217962051022834,-1.06712782160077,0.28591412011042,0.443568432606109,"ENSG00000106588","unchanged",FALSE,FALSE,"Neither_bound","Neither_bound_unchanged"
"ENSG00000202514.1","ENSG00000202514.1",6.69369376520241,0.0308501711015924,0.703618169985963,0.0438450461025016,0.965027919990834,0.981880107653666,"ENSG00000202514","unchanged",FALSE,FALSE,"Neither_bound","Neither_bound_unchanged"
"ENSG00000269148.1","ENSG00000269148.1",11.3510560307421,0.108782484729582,0.534795023413333,0.203409680283254,0.838814834198629,0.907849682589104,"ENSG00000269148","unchanged",FALSE,FALSE,"Neither_bound","Neither_bound_unchanged"
"ENSG00000253559.1","ENSG00000253559.1",10.9933593191154,-0.184353693046713,0.545146595902824,-0.338172694156518,0.735233051836082,0.838812016983123,"ENSG00000253559","unchanged",FALSE,FALSE,"Neither_bound","Neither_bound_unchanged"
"ENSG00000127585.13","FBXL16",24.2279978162178,0.195140241757552,0.392119838597731,0.49765460083682,0.618727512098331,0.752917393815151,"ENSG00000127585","unchanged",FALSE,FALSE,"Neither_bound","Neither_bound_unchanged"
"ENSG00000119673.16","ACOT2",204.361881774709,0.339183671152046,0.209503309364937,1.61898956240933,0.105449508889051,0.20884548527452,"ENSG00000119673","unchanged",FALSE,FALSE,"Neither_bound","Neither_bound_unchanged"
"ENSG00000201183.1","RNVU1-3",6.42818443103922,-1.7881591927791,0.810404943933789,-2.20650084400916,0.0273489512045069,0.0703353402873024,"ENSG00000201183","unchanged",FALSE,FALSE,"Neither_bound","Neither_bound_unchanged"
"ENSG00000273712.1","ENSG00000273712.1",9.03484660774612,0.610568629648573,0.632590136689277,0.965188349037568,0.33445048151715,0.495847086642703,"ENSG00000273712","unchanged",FALSE,FALSE,"Neither_bound","Neither_bound_unchanged"
"ENSG00000249514.1","ENSG00000249514.1",3.32715327175467,-1.08052772451775,1.01342667433612,-1.06621204264787,0.286327799518771,0.444047970326147,"ENSG00000249514","unchanged",FALSE,FALSE,"Neither_bound","Neither_bound_unchanged"
"ENSG00000253135.1","ENSG00000253135.1",1.27899422625174,3.39450643364795,1.77261222581879,1.91497406156047,0.0554958116212893,0.125163118594513,"ENSG00000253135","unchanged",FALSE,FALSE,"Neither_bound","Neither_bound_unchanged"
"ENSG00000135870.12","RC3H1",2545.82142296923,-0.38204589129061,0.121137752086652,-3.15381361061849,0.00161151975041461,0.00601077225014643,"ENSG00000135870","unchanged",FALSE,FALSE,"Neither_bound","Neither_bound_unchanged"
"ENSG00000238113.7","LINC01410",157.697938006838,-0.936357217716606,0.192539849284805,-4.86318661406838,1.15510848101706e-06,7.64848438268759e-06,"ENSG00000238113","unchanged",FALSE,FALSE,"Neither_bound","Neither_bound_unchanged"
"ENSG00000090581.11","GNPTG",453.65633146537,0.432443495867014,0.19317245167553,2.23863957886389,0.0251793768138756,0.0655849299604115,"ENSG00000090581","unchanged",FALSE,FALSE,"Neither_bound","Neither_bound_unchanged"
"ENSG00000281468.1","ENSG00000281468.1",9.55931843498942,0.0763157734158799,0.622697517264066,0.122556733084768,0.902458118065344,0.946775506654012,"ENSG00000281468","unchanged",FALSE,FALSE,"Neither_bound","Neither_bound_unchanged"
"ENSG00000234650.6","ENSG00000234650.6",30.1627931493278,-0.256629184089679,0.356419216313612,-0.720020617137184,0.471512301629381,0.628584374479859,"ENSG00000234650","unchanged",FALSE,FALSE,"Neither_bound","Neither_bound_unchanged"
"ENSG00000174886.14","NDUFA11",173.452590794622,-0.51267397545033,0.1746346763837,-2.93569402175261,0.00332802414471354,0.0114668919169437,"ENSG00000174886","unchanged",FALSE,FALSE,"Neither_bound","Neither_bound_unchanged"
"ENSG00000213892.12","CEACAM16",10.7878824314649,-0.950701244425473,0.560998512648914,-1.69465911760883,0.090140105344032,0.184706466690359,"ENSG00000213892","unchanged",FALSE,FALSE,"Neither_bound","Neither_bound_unchanged"
"ENSG00000226393.1","IFNA20P",8.45049873829138,-0.0119874196969254,0.622438856999612,-0.0192587907424501,0.984634658049573,0.991474868695806,"ENSG00000226393","unchanged",FALSE,FALSE,"Neither_bound","Neither_bound_unchanged"
"ENSG00000259657.1","ENSG00000259657.1",31.2532726071163,-0.214125284359254,0.353541483811767,-0.605658159406434,0.544741773354601,0.692170297284595,"ENSG00000259657","unchanged",FALSE,FALSE,"Neither_bound","Neither_bound_unchanged"
"ENSG00000272345.1","ENSG00000272345.1",19.316156192078,0.27332865690611,0.430871647617784,0.634362131779379,0.525844516955875,0.676002825216684,"ENSG00000272345","unchanged",FALSE,FALSE,"Neither_bound","Neither_bound_unchanged"
"ENSG00000201098.1","RNY1",85.5249962814248,0.494635735653945,0.23687499458452,2.08817201883863,0.0367823204011132,0.0896735706154464,"ENSG00000201098","unchanged",FALSE,FALSE,"Neither_bound","Neither_bound_unchanged"
"ENSG00000265808.4","SEC22B",6918.5700454858,0.13786323642295,0.148944199983267,0.925603255705413,0.35465220081447,0.516765011893699,"ENSG00000265808","unchanged",FALSE,FALSE,"Neither_bound","Neither_bound_unchanged"
"ENSG00000151365.2","THRSP",17.1633314800067,0.711274518270594,0.459192627948463,1.54896763357974,0.121389500840762,0.232905476985936,"ENSG00000151365","unchanged",FALSE,FALSE,"Neither_bound","Neither_bound_unchanged"
"ENSG00000184949.18","FAM227A",168.089022726406,-0.0742570451700552,0.177006389015729,-0.419516185731898,0.674838928180093,0.795355078325575,"ENSG00000184949","unchanged",FALSE,FALSE,"Neither_bound","Neither_bound_unchanged"
"ENSG00000290427.1","ENSG00000290427.1",2.32465256896777,2.37929799159272,1.46642681510397,1.622513968707,0.104693344633802,0.207699073152726,"ENSG00000290427","unchanged",FALSE,FALSE,"Neither_bound","Neither_bound_unchanged"
"ENSG00000151247.13","EIF4E",562.70329019809,0.32589242525478,0.192894829144637,1.6894824329916,0.0911270155597192,0.186256842441335,"ENSG00000151247","unchanged",FALSE,FALSE,"Neither_bound","Neither_bound_unchanged"
"ENSG00000146038.12","DCDC2",1.47061169696548,2.53224111845869,1.69111972370594,1.49737542703925,0.134295598522089,0.251913151758045,"ENSG00000146038","unchanged",FALSE,FALSE,"Neither_bound","Neither_bound_unchanged"
"ENSG00000222024.2","ENSG00000222024.2",30.5414684046901,-0.482373024769471,0.357791162437808,-1.34819714797544,0.177594981686533,0.311325093560827,"ENSG00000222024","unchanged",FALSE,FALSE,"Neither_bound","Neither_bound_unchanged"
"ENSG00000271659.1","ENSG00000271659.1",7.52048728416035,-0.361616911773662,0.67695890911387,-0.534178525321447,0.593218025143405,0.732476549548207,"ENSG00000271659","unchanged",FALSE,FALSE,"Neither_bound","Neither_bound_unchanged"
"ENSG00000287528.1","ENSG00000287528.1",2.86169624236495,-2.26085219829149,1.15650186250104,-1.95490579963459,0.0505941899035061,0.116301241296765,"ENSG00000287528","unchanged",FALSE,FALSE,"Neither_bound","Neither_bound_unchanged"
"ENSG00000169599.13","NFU1",151.327974578873,-0.889524217003501,0.201534407104617,-4.41375857245928,1.01591248573318e-05,5.87179093336478e-05,"ENSG00000169599","unchanged",FALSE,FALSE,"Neither_bound","Neither_bound_unchanged"
"ENSG00000260526.1","ENSG00000260526.1",9.97641033554786,0.102918940279589,0.577110984352246,0.178334745083921,0.858460093510773,0.920140495925466,"ENSG00000260526","unchanged",FALSE,FALSE,"Neither_bound","Neither_bound_unchanged"
"ENSG00000254557.1","ENSG00000254557.1",7.60836263639713,0.540721749508507,0.732992183714659,0.737691017069564,0.460702232062829,0.618409553533184,"ENSG00000254557","unchanged",FALSE,FALSE,"Neither_bound","Neither_bound_unchanged"
"ENSG00000254105.1","ENSG00000254105.1",12.129310365968,-0.23661139464027,0.562137435885346,-0.42091378288588,0.673818040312291,0.794597690623569,"ENSG00000254105","unchanged",FALSE,FALSE,"Neither_bound","Neither_bound_unchanged"
"ENSG00000114779.20","ABHD14B",238.698658681521,0.794872368844753,0.172010495301705,4.62106900774022,3.81767751826646e-06,2.34882937765758e-05,"ENSG00000114779","unchanged",FALSE,FALSE,"Neither_bound","Neither_bound_unchanged"
"ENSG00000290393.1","ENSG00000290393.1",1.51928486869772,3.67101083340123,1.68324735889858,2.18090990251328,0.0291900811404764,0.0742440042066419,"ENSG00000290393","unchanged",FALSE,FALSE,"Neither_bound","Neither_bound_unchanged"
"ENSG00000264869.2","ENSG00000264869.2",3.09902212271202,0.116389564645581,1.02899254536028,0.113110211702098,0.909943179183552,0.950990299746113,"ENSG00000264869","unchanged",FALSE,FALSE,"Neither_bound","Neither_bound_unchanged"
"ENSG00000272609.1","ENSG00000272609.1",1.36132095108523,-0.988564303234652,1.53074653922858,-0.645805349155216,0.518405423346011,0.669474790716546,"ENSG00000272609","unchanged",FALSE,FALSE,"Neither_bound","Neither_bound_unchanged"
"ENSG00000151239.14","TWF1",1422.17475798848,0.999242425310018,0.181710136240404,5.49910118381076,3.81732049201882e-08,3.04310590173422e-07,"ENSG00000151239","unchanged",FALSE,FALSE,"Neither_bound","Neither_bound_unchanged"
"ENSG00000200455.1","RNU6-1112P",2.5251334871531,1.04127587379187,1.16844839712859,0.891161198347106,0.372842697261883,0.534939629313843,"ENSG00000200455","unchanged",FALSE,FALSE,"Neither_bound","Neither_bound_unchanged"
"ENSG00000198755.11","RPL10A",1655.68163933117,-0.509584435414291,0.212070549228059,-2.40290053130522,0.0162656110874525,0.0453732674237158,"ENSG00000198755","unchanged",FALSE,FALSE,"Neither_bound","Neither_bound_unchanged"
"ENSG00000236154.3","LOC101929021",1.57692993967776,3.7337203431438,1.68915679793603,2.21040482902832,0.0270770789633701,0.0697100362458508,"ENSG00000236154","unchanged",FALSE,FALSE,"Neither_bound","Neither_bound_unchanged"
"ENSG00000240031.2","OR9A3P",3.69818076725372,0.0893402104938973,0.928230222737639,0.0962479009037276,0.923323687953414,0.959365431014024,"ENSG00000240031","unchanged",FALSE,FALSE,"Neither_bound","Neither_bound_unchanged"
"ENSG00000199719.1","ENSG00000199719.1",1.78293070433325,0.431547239070006,1.40346475076912,0.307487052192447,0.758472676845051,0.853784460732791,"ENSG00000199719","unchanged",FALSE,FALSE,"Neither_bound","Neither_bound_unchanged"
"ENSG00000264500.1","MIR3124",4.79309022073937,0.653389662183198,0.853815567256352,0.765258549083145,0.444117601564381,0.603310805436469,"ENSG00000264500","unchanged",FALSE,FALSE,"Neither_bound","Neither_bound_unchanged"
"ENSG00000272273.3","IER3-AS1",1.71424020168392,2.67456996195029,1.59361460474573,1.67830412320865,0.0932877435376707,0.189748387574108,"ENSG00000272273","unchanged",FALSE,FALSE,"Neither_bound","Neither_bound_unchanged"
"ENSG00000131471.7","AOC3",32.2716141223614,-0.560972475973533,0.341909683717939,-1.64070367903446,0.10085894086505,0.201694130654893,"ENSG00000131471","unchanged",FALSE,FALSE,"Neither_bound","Neither_bound_unchanged"
"ENSG00000099937.11","SERPIND1",49.5750190100192,-0.11351619037206,0.315840407198568,-0.359409967137907,0.719288419493241,0.827276665312738,"ENSG00000099937","unchanged",FALSE,FALSE,"Neither_bound","Neither_bound_unchanged"
"ENSG00000204389.10","HSPA1A",5.01425563335617,-1.13822674653012,0.829087482342072,-1.37286688168873,0.169793733989548,0.301020540509236,"ENSG00000204389","unchanged",FALSE,FALSE,"Neither_bound","Neither_bound_unchanged"
"ENSG00000204248.12","COL11A2",67.9069007242952,0.330844066303103,0.283372430213852,1.16752383445851,0.242998888750733,0.393975765027201,"ENSG00000204248","unchanged",FALSE,FALSE,"Neither_bound","Neither_bound_unchanged"
"ENSG00000280958.1","ENSG00000280958.1",7.36014535469358,-0.851779898648704,0.656473659496813,-1.29750811220909,0.194456415733015,0.33338189721996,"ENSG00000280958","unchanged",FALSE,FALSE,"Neither_bound","Neither_bound_unchanged"
"ENSG00000119844.17","AFTPH",1353.98782643263,0.52894623468279,0.14510232560827,3.64533257799586,0.000267046223134451,0.00118715169577687,"ENSG00000119844","unchanged",FALSE,FALSE,"Neither_bound","Neither_bound_unchanged"
"ENSG00000180150.5","ENSG00000180150.5",2.14949498832336,0.378351450593343,1.33871400608646,0.282623061291037,0.777465800409654,0.866779815709194,"ENSG00000180150","unchanged",FALSE,FALSE,"Neither_bound","Neither_bound_unchanged"
"ENSG00000033800.14","PIAS1",1126.79655433008,-0.263828417453781,0.122910349779514,-2.14651099705644,0.031832232349004,0.0798117681255451,"ENSG00000033800","unchanged",FALSE,FALSE,"Neither_bound","Neither_bound_unchanged"
"ENSG00000151413.17","NUBPL",203.96899481095,0.391360042307094,0.178016327167792,2.19845026876782,0.0279170348009766,0.0716011656689498,"ENSG00000151413","unchanged",FALSE,FALSE,"Neither_bound","Neither_bound_unchanged"
"ENSG00000228242.6","ENSG00000228242.6",102.54272230989,-0.233963288452836,0.21670184183537,-1.07965528336662,0.280295713481485,0.437268521885693,"ENSG00000228242","unchanged",FALSE,FALSE,"Neither_bound","Neither_bound_unchanged"
"ENSG00000287524.1","LOC124907968",9.23581789804092,-0.33129962828018,0.64684010096327,-0.512181647035815,0.608523886508221,0.74487419054533,"ENSG00000287524","unchanged",FALSE,FALSE,"Neither_bound","Neither_bound_unchanged"
"ENSG00000257086.1","ENSG00000257086.1",2.82190125781577,-1.11181347255063,1.11609896946978,-0.996160289511618,0.319172270377302,0.479462820796803,"ENSG00000257086","unchanged",FALSE,FALSE,"Neither_bound","Neither_bound_unchanged"
"ENSG00000225472.2","NFIB-AS1",18.5704484166056,0.79287717011336,0.437678038913078,1.81155346994877,0.0700552200641637,0.150905936656701,"ENSG00000225472","unchanged",FALSE,FALSE,"Neither_bound","Neither_bound_unchanged"
"ENSG00000286145.2","ENSG00000286145.2",91.0824442630696,-0.50007533785047,0.234890314764571,-2.12897385041905,0.033256423949454,0.0827888756845037,"ENSG00000286145","unchanged",FALSE,FALSE,"Neither_bound","Neither_bound_unchanged"
"ENSG00000173702.7","MUC13",8.80278672129456,1.60362091626781,0.683484232646528,2.34624419945784,0.0189636782578366,0.0517396163102165,"ENSG00000173702","unchanged",FALSE,FALSE,"Neither_bound","Neither_bound_unchanged"
"ENSG00000139626.16","ITGB7",5.78450222564733,0.879761913863196,0.76838353326072,1.14495154539534,0.252229229886637,0.404634102238088,"ENSG00000139626","unchanged",FALSE,FALSE,"Neither_bound","Neither_bound_unchanged"
"ENSG00000259238.1","ENSG00000259238.1",17.3648571671924,-0.186654340315793,0.471829080075353,-0.395597363956421,0.692402082055744,0.808397398888758,"ENSG00000259238","unchanged",FALSE,FALSE,"Neither_bound","Neither_bound_unchanged"
"ENSG00000289446.1","ENSG00000289446.1",3.90205900350156,-0.907375527605639,0.978801484767293,-0.927027126262855,0.353912450359725,0.515952708747602,"ENSG00000289446","unchanged",FALSE,FALSE,"Neither_bound","Neither_bound_unchanged"
"ENSG00000251733.1","SCARNA8",9.89509658201054,0.979335090240906,0.602548787596709,1.62532082115213,0.104094217187727,0.20676407048902,"ENSG00000251733","unchanged",FALSE,FALSE,"Neither_bound","Neither_bound_unchanged"
"ENSG00000173812.11","EIF1",7998.550845529,0.606111587407326,0.174622955044111,3.47097314470607,0.000518575859827341,0.00216639832820257,"ENSG00000173812","unchanged",FALSE,FALSE,"Neither_bound","Neither_bound_unchanged"
"ENSG00000264943.1","ENSG00000264943.1",91.3748007787834,0.100821639017983,0.247893704692915,0.406713188392091,0.684218652960364,0.802317702421902,"ENSG00000264943","unchanged",FALSE,FALSE,"Neither_bound","Neither_bound_unchanged"
"ENSG00000139193.4","CD27",5.23354648839054,-0.629984443366865,0.816692743762364,-0.77138489129294,0.440478827816137,0.600307620245917,"ENSG00000139193","unchanged",FALSE,FALSE,"Neither_bound","Neither_bound_unchanged"
"ENSG00000289106.2","ENSG00000289106.2",48.512752411348,0.45707975245359,0.282439640347687,1.61832720042738,0.105592101744706,0.209054759693662,"ENSG00000289106","unchanged",FALSE,FALSE,"Neither_bound","Neither_bound_unchanged"
"ENSG00000236804.1","RPS3AP12",20.01760846355,0.244604749856334,0.436195720779555,0.560768339082247,0.574955472864361,0.717713608337835,"ENSG00000236804","unchanged",FALSE,FALSE,"Neither_bound","Neither_bound_unchanged"
"ENSG00000259379.1","MTND5P32",2.54837956483612,-0.953427770772281,1.39763099583148,-0.682174174453729,0.49512882271586,0.649514785278919,"ENSG00000259379","unchanged",FALSE,FALSE,"Neither_bound","Neither_bound_unchanged"
"ENSG00000170035.16","UBE2E3",617.807895516348,0.307375187611654,0.161630966670432,1.90170976480266,0.0572091085729486,0.128133917974807,"ENSG00000170035","unchanged",FALSE,FALSE,"Neither_bound","Neither_bound_unchanged"
"ENSG00000224418.1","ENSG00000224418.1",11.3228605032849,-0.157243481552561,0.55315670307889,-0.284265707488199,0.776206764016829,0.866098960263939,"ENSG00000224418","unchanged",FALSE,FALSE,"Neither_bound","Neither_bound_unchanged"
"ENSG00000185100.12","ADSS1",23.214738124245,-0.755128239552292,0.444043279230212,-1.70057351360294,0.0890231012439847,0.18284778709975,"ENSG00000185100","unchanged",FALSE,FALSE,"Neither_bound","Neither_bound_unchanged"
"ENSG00000072134.16","EPN2",933.545382227658,0.216167497646591,0.142752256346229,1.51428427948839,0.129953753961726,0.245591916911755,"ENSG00000072134","unchanged",FALSE,FALSE,"Neither_bound","Neither_bound_unchanged"
"ENSG00000100034.14","PPM1F",549.608881963054,-0.370977633305686,0.137944295601793,-2.68932928097727,0.00715957576265901,0.0223402966659931,"ENSG00000100034","unchanged",FALSE,FALSE,"Neither_bound","Neither_bound_unchanged"
"ENSG00000188525.4","ENSG00000188525.4",10.2239867872498,1.51255028946565,0.643363597367752,2.35100384239032,0.0187228405140283,0.0512182851397692,"ENSG00000188525","unchanged",FALSE,FALSE,"Neither_bound","Neither_bound_unchanged"
"ENSG00000071626.17","DAZAP1",1151.74009456007,-0.638753519236848,0.117839125670205,-5.42055548701641,5.94141272373257e-08,4.64162620514599e-07,"ENSG00000071626","unchanged",FALSE,FALSE,"Neither_bound","Neither_bound_unchanged"
"ENSG00000215186.7","GOLGA6B",1.9640343614518,0.119590528059967,1.27544066815916,0.0937640856572119,0.925296561448898,0.960427947995903,"ENSG00000215186","unchanged",FALSE,FALSE,"Neither_bound","Neither_bound_unchanged"
"ENSG00000163528.13","CHCHD4",140.903085335827,0.568132862987344,0.246747074874714,2.30249077228499,0.0213075112175216,0.0570799322584206,"ENSG00000163528","unchanged",FALSE,FALSE,"Neither_bound","Neither_bound_unchanged"
"ENSG00000242110.9","AMACR",12.226628670926,-0.149425081337287,0.57604125773722,-0.259399963683594,0.79532665773121,0.878843718601618,"ENSG00000242110","unchanged",FALSE,FALSE,"Neither_bound","Neither_bound_unchanged"
"ENSG00000108819.11","PPP1R9B",2624.97844330929,0.375864919176184,0.123314386610445,3.04802164214266,0.00230353336797444,0.00825036075952718,"ENSG00000108819","unchanged",FALSE,FALSE,"Neither_bound","Neither_bound_unchanged"
"ENSG00000103591.13","AAGAB",1405.46859507264,0.647679699553248,0.164083289639372,3.94726178989184,7.90501052946514e-05,0.000389720461052063,"ENSG00000103591","unchanged",FALSE,FALSE,"Neither_bound","Neither_bound_unchanged"
"ENSG00000160410.15","SHKBP1",1054.01282092881,0.340538770456052,0.136616274844658,2.49266619839596,0.012678797825497,0.0367218114372852,"ENSG00000160410","unchanged",FALSE,FALSE,"Neither_bound","Neither_bound_unchanged"
"ENSG00000238478.1","RNU6-498P",1.62633956834793,-1.24475154100681,1.41531315012841,-0.879488430453629,0.379136503448756,0.541679411395966,"ENSG00000238478","unchanged",FALSE,FALSE,"Neither_bound","Neither_bound_unchanged"
"ENSG00000108963.19","DPH1",446.133751221683,-0.118257538084871,0.152279490277146,-0.776582177085331,0.437405320164826,0.597201813391165,"ENSG00000108963","unchanged",FALSE,FALSE,"Neither_bound","Neither_bound_unchanged"
"ENSG00000173559.15","NABP1",979.00941878704,-0.0395192976750949,0.12899109973178,-0.306372282717722,0.759321209528874,0.854218033167517,"ENSG00000173559","unchanged",FALSE,FALSE,"Neither_bound","Neither_bound_unchanged"
"ENSG00000178498.16","DTX3",399.499440108617,-0.00708879184541136,0.18940306963201,-0.0374270166749892,0.97014453156581,0.984197038742867,"ENSG00000178498","unchanged",FALSE,FALSE,"Neither_bound","Neither_bound_unchanged"
"ENSG00000161960.16","EIF4A1",198.971714662586,-0.255593414828196,0.183801349895047,-1.39059596120563,0.16434798176833,0.293974315150428,"ENSG00000161960","unchanged",FALSE,FALSE,"Neither_bound","Neither_bound_unchanged"
"ENSG00000002933.9","TMEM176A",1.43865857611217,1.66409309521347,1.58051007100301,1.05288357584296,0.292394354431447,0.450719342499882,"ENSG00000002933","unchanged",FALSE,FALSE,"Neither_bound","Neither_bound_unchanged"
"ENSG00000279187.1","ENSG00000279187.1",47.5864763776217,-0.357182940313082,0.2815938116278,-1.2684332025918,0.204643290824389,0.34642296933733,"ENSG00000279187","unchanged",FALSE,FALSE,"Neither_bound","Neither_bound_unchanged"
"ENSG00000212246.1","RNU6-360P",2.15490350926673,0.207779562767205,1.22876425845388,0.169096359482859,0.865720848408641,0.924800483638742,"ENSG00000212246","unchanged",FALSE,FALSE,"Neither_bound","Neither_bound_unchanged"
"ENSG00000132424.17","PNISR",2637.22366601341,0.290587503690759,0.164688938686657,1.76446278668199,0.0776540953384407,0.163805148758378,"ENSG00000132424","unchanged",FALSE,FALSE,"Neither_bound","Neither_bound_unchanged"
"ENSG00000289586.2","LOC105377294",57.2704285211585,-0.0108043177260729,0.262617718890124,-0.041140855886397,0.967183603872449,0.982738127031924,"ENSG00000289586","unchanged",FALSE,FALSE,"Neither_bound","Neither_bound_unchanged"
"ENSG00000287493.1","ENSG00000287493.1",3.85990716330551,0.353048593864658,0.920643348662714,0.383480306871799,0.701363669148942,0.814298154754461,"ENSG00000287493","unchanged",FALSE,FALSE,"Neither_bound","Neither_bound_unchanged"
"ENSG00000243353.1","RPS29P19",5.28168411588457,0.300836486551514,0.789997975885951,0.380806654870397,0.703346720810935,0.815680485234068,"ENSG00000243353","unchanged",FALSE,FALSE,"Neither_bound","Neither_bound_unchanged"
"ENSG00000183579.16","ZNRF3",408.895356605188,-0.460562758207029,0.151211642635609,-3.04581545560547,0.00232050214077534,0.00830588163517986,"ENSG00000183579","unchanged",FALSE,FALSE,"Neither_bound","Neither_bound_unchanged"
"ENSG00000287933.1","ENSG00000287933.1",5.41538180487245,-0.11476593322603,0.816693462425339,-0.140525103366457,0.888245119658867,0.938942270134384,"ENSG00000287933","unchanged",FALSE,FALSE,"Neither_bound","Neither_bound_unchanged"
"ENSG00000207512.1","ENSG00000207512.1",2.58935589325034,-0.348399680220424,1.09634898905902,-0.317781731635882,0.750650508997498,0.848933554179257,"ENSG00000207512","unchanged",FALSE,FALSE,"Neither_bound","Neither_bound_unchanged"
"ENSG00000259826.1","CDK13-DT",33.0837474733663,0.546978899994164,0.34495313163247,1.58566149959451,0.112816117217812,0.220123951384608,"ENSG00000259826","unchanged",FALSE,FALSE,"Neither_bound","Neither_bound_unchanged"
"ENSG00000269858.6","EGLN2",302.202782037789,-0.450549665323922,0.163452587446801,-2.75645477604055,0.00584316922557977,0.0187405129123306,"ENSG00000269858","unchanged",FALSE,FALSE,"Neither_bound","Neither_bound_unchanged"
"ENSG00000230870.2","FBXW11P1",13.4467251635799,0.630910434950567,0.508580634777416,1.24053176980812,0.214778770866902,0.358987694153308,"ENSG00000230870","unchanged",FALSE,FALSE,"Neither_bound","Neither_bound_unchanged"
"ENSG00000274011.1","ENSG00000274011.1",39.4360348466554,-0.971191785717612,0.335092556911533,-2.89827919387064,0.00375216410110178,0.0127338905171571,"ENSG00000274011","unchanged",FALSE,FALSE,"Neither_bound","Neither_bound_unchanged"
"ENSG00000033170.17","FUT8",770.55678885317,-0.191925682387072,0.130914642824151,-1.46603678738117,0.142638265100579,0.264040141086456,"ENSG00000033170","unchanged",FALSE,FALSE,"Neither_bound","Neither_bound_unchanged"
"ENSG00000170759.11","KIF5B",2805.64497306614,-0.40752330052695,0.143613016094499,-2.83764878427729,0.00454471600305894,0.0150462878354684,"ENSG00000170759","unchanged",FALSE,FALSE,"Neither_bound","Neither_bound_unchanged"
"ENSG00000266479.1","ENSG00000266479.1",1.98366317980109,-2.28367982068399,1.492805742177,-1.52979035125738,0.126068630677615,0.239918160505194,"ENSG00000266479","unchanged",FALSE,FALSE,"Neither_bound","Neither_bound_unchanged"
"ENSG00000203437.3","LOC100422622",11.1672008818649,-1.18621124050526,0.587209175369015,-2.02008294533175,0.0433747845728879,0.102895082224447,"ENSG00000203437","unchanged",FALSE,FALSE,"Neither_bound","Neither_bound_unchanged"
"ENSG00000232075.1","MRPL35P2",2.2333014966913,-0.126305487155408,1.22139926940586,-0.103410481993204,0.917637193321195,0.955792351978853,"ENSG00000232075","unchanged",FALSE,FALSE,"Neither_bound","Neither_bound_unchanged"
"ENSG00000289841.1","ENSG00000289841.1",9.8106498317417,-0.967529456542316,0.591427769121161,-1.63592159018848,0.101855998757323,0.203161747844319,"ENSG00000289841","unchanged",FALSE,FALSE,"Neither_bound","Neither_bound_unchanged"
"ENSG00000179886.6","TIGD5",492.21500383756,0.124626897115767,0.149752905981248,0.83221688620435,0.405286534120314,0.566697114024568,"ENSG00000179886","unchanged",FALSE,FALSE,"Neither_bound","Neither_bound_unchanged"
"ENSG00000224546.2","EIF4BP3",24.9280028265615,0.426009820216663,0.412578096930647,1.03255558980455,0.30181192020404,0.460803097154388,"ENSG00000224546","unchanged",FALSE,FALSE,"Neither_bound","Neither_bound_unchanged"
"ENSG00000258231.5","LOC100506869",2.93377505314183,-2.36936315957237,1.18928796693436,-1.9922535377869,0.0463432467350101,0.108386370034645,"ENSG00000258231","unchanged",FALSE,FALSE,"Neither_bound","Neither_bound_unchanged"
"ENSG00000139540.12","SLC39A5",11.8883272225113,-0.0663372479461466,0.533446756484744,-0.124355893329054,0.901033494222426,0.946017612527238,"ENSG00000139540","unchanged",FALSE,FALSE,"Neither_bound","Neither_bound_unchanged"
"ENSG00000163605.16","PPP4R2",1273.88586596147,-0.63880458337938,0.131175820030908,-4.86983487680018,1.11691544719961e-06,7.41438028346225e-06,"ENSG00000163605","unchanged",FALSE,FALSE,"Neither_bound","Neither_bound_unchanged"
"ENSG00000229833.11","PET100",24.0882574619423,0.105841412684252,0.420279124982394,0.251835997537794,0.801167831814558,0.882484885890035,"ENSG00000229833","unchanged",FALSE,FALSE,"Neither_bound","Neither_bound_unchanged"
"ENSG00000120279.7","MYCT1",2.65001224602026,-1.14534070407051,1.16953531816286,-0.979312626376811,0.327425533602756,0.488192016742095,"ENSG00000120279","unchanged",FALSE,FALSE,"Neither_bound","Neither_bound_unchanged"
"ENSG00000285579.1","ENSG00000285579.1",2.06551789736628,2.74968864105007,1.58293283408021,1.73708484772686,0.0823721954728566,0.171731340810286,"ENSG00000285579","unchanged",FALSE,FALSE,"Neither_bound","Neither_bound_unchanged"
"ENSG00000212145.2","LOC124900553",2.17438041090245,1.49545532826545,1.35864007007857,1.10070014950978,0.271027181170104,0.426974811272116,"ENSG00000212145","unchanged",FALSE,FALSE,"Neither_bound","Neither_bound_unchanged"
"ENSG00000288963.1","ENSG00000288963.1",6.81636077118492,-0.373276122532883,0.693076081094476,-0.538578855503744,0.590177480670052,0.729730222168037,"ENSG00000288963","unchanged",FALSE,FALSE,"Neither_bound","Neither_bound_unchanged"
"ENSG00000288904.2","ENSG00000288904.2",63.7116007294521,0.0638864568802669,0.26571615854136,0.24043120761255,0.809995987441409,0.888557132245827,"ENSG00000288904","unchanged",FALSE,FALSE,"Neither_bound","Neither_bound_unchanged"
"ENSG00000231630.1","ENSG00000231630.1",2.10299211583098,2.084507666713,1.43618290126409,1.45142214468525,0.146662347090446,0.269725317052965,"ENSG00000231630","unchanged",FALSE,FALSE,"Neither_bound","Neither_bound_unchanged"
"ENSG00000119661.15","DNAL1",250.665482924484,-0.621441881159855,0.17284211472075,-3.59543090619945,0.000323855076431561,0.00141451835363601,"ENSG00000119661","unchanged",FALSE,FALSE,"Neither_bound","Neither_bound_unchanged"
"ENSG00000291202.1","GTF2IP12",200.751229019151,0.602700910964488,0.169120298413502,3.56374082010472,0.000365606961029886,0.00157821035103103,"ENSG00000291202","unchanged",FALSE,FALSE,"Neither_bound","Neither_bound_unchanged"
"ENSG00000173175.16","ADCY5",91.538315916393,-0.0979428745001097,0.217482132892102,-0.450349061771901,0.652458767986887,0.778678317780463,"ENSG00000173175","unchanged",FALSE,FALSE,"Neither_bound","Neither_bound_unchanged"
"ENSG00000187607.16","ZNF286A",293.522670402823,-0.510736604607382,0.158380688742706,-3.22474039393205,0.00126086948656419,0.00481876853280968,"ENSG00000187607","unchanged",FALSE,FALSE,"Neither_bound","Neither_bound_unchanged"
"ENSG00000201662.1","RNU6-60P",6.51258810574375,-1.19863045761207,0.761718708954877,-1.57358673683709,0.115583021493321,0.224106631319432,"ENSG00000201662","unchanged",FALSE,FALSE,"Neither_bound","Neither_bound_unchanged"
"ENSG00000176731.12","RBIS",197.896532668352,0.557163172458072,0.21600029766093,2.57945557710614,0.00989561851671721,0.0296362519640143,"ENSG00000176731","unchanged",FALSE,FALSE,"Neither_bound","Neither_bound_unchanged"
"ENSG00000233319.1","ENSG00000233319.1",1.57113825621235,1.6259886283846,1.54970939514036,1.04922163696203,0.294076122515842,0.452408411667487,"ENSG00000233319","unchanged",FALSE,FALSE,"Neither_bound","Neither_bound_unchanged"
"ENSG00000250282.1","ENSG00000250282.1",7.40824295242447,0.526429150959691,0.729981485948097,0.721154112937491,0.470814700625833,0.628024101741931,"ENSG00000250282","unchanged",FALSE,FALSE,"Neither_bound","Neither_bound_unchanged"
"ENSG00000152443.13","ZNF776",915.551930860853,0.217859428424718,0.130356739566757,1.67125558025445,0.094671206197204,0.19196463300541,"ENSG00000152443","unchanged",FALSE,FALSE,"Neither_bound","Neither_bound_unchanged"
"ENSG00000163479.14","SSR2",586.526428924394,-0.420675578869647,0.184358264151931,-2.2818373822557,0.022498942861678,0.059701905407818,"ENSG00000163479","unchanged",FALSE,FALSE,"Neither_bound","Neither_bound_unchanged"
"ENSG00000134007.5","ADAM20",87.1016715187551,0.898800501811586,0.305426813042966,2.9427688186798,0.00325291232541131,0.0112485926773462,"ENSG00000134007","unchanged",FALSE,FALSE,"Neither_bound","Neither_bound_unchanged"
"ENSG00000177992.10","SPATA31E1",4.0781616948527,-0.677225241904795,0.905907531671664,-0.74756552763737,0.454722264183768,0.613009718212257,"ENSG00000177992","unchanged",FALSE,FALSE,"Neither_bound","Neither_bound_unchanged"
"ENSG00000252213.1","SNORA74D",25.114126223584,-0.44710096111701,0.379584873496606,-1.177868224828,0.238849144480158,0.388918447807009,"ENSG00000252213","unchanged",FALSE,FALSE,"Neither_bound","Neither_bound_unchanged"
"ENSG00000073067.14","CYP2W1",34.2889820813478,0.979709419197535,0.350897960229503,2.79200659518443,0.00523822884352905,0.017048209002299,"ENSG00000073067","unchanged",FALSE,FALSE,"Neither_bound","Neither_bound_unchanged"
"ENSG00000287400.1","ENSG00000287400.1",9.04632007303179,1.01595357633094,0.667178745242523,1.52276070479678,0.127818584334048,0.242431334073849,"ENSG00000287400","unchanged",FALSE,FALSE,"Neither_bound","Neither_bound_unchanged"
"ENSG00000235120.1","ENSG00000235120.1",1.2262881889539,3.37875397434228,1.80400375926241,1.87291958622289,0.0610794900981034,0.135109932251392,"ENSG00000235120","unchanged",FALSE,FALSE,"Neither_bound","Neither_bound_unchanged"
"ENSG00000277734.8","TRAC",1.81275535932223,1.24820379124846,1.47065091133495,0.848742404895689,0.396024644756742,0.557718289100208,"ENSG00000277734","unchanged",FALSE,FALSE,"Neither_bound","Neither_bound_unchanged"
"ENSG00000168925.12","CTRB1",8.49115517487857,0.646317553683117,0.646561448239418,0.999622782092925,0.317493093674291,0.477681065063043,"ENSG00000168925","unchanged",FALSE,FALSE,"Neither_bound","Neither_bound_unchanged"
"ENSG00000166681.14","BEX3",610.397756267423,-0.817272229529016,0.215786549074614,-3.7874104434861,0.000152225525322039,0.000710274264304811,"ENSG00000166681","unchanged",FALSE,FALSE,"Neither_bound","Neither_bound_unchanged"
"ENSG00000141098.13","GFOD2",849.641127281903,0.441380836590363,0.132549139858317,3.32994116040405,0.000868643379716519,0.00344094207839192,"ENSG00000141098","unchanged",FALSE,FALSE,"Neither_bound","Neither_bound_unchanged"
"ENSG00000230290.1","ENSG00000230290.1",2.52427796361931,1.25801104896929,1.20586180074267,1.04324645510332,0.296834163067398,0.455474527391891,"ENSG00000230290","unchanged",FALSE,FALSE,"Neither_bound","Neither_bound_unchanged"
"ENSG00000285184.5","ENSG00000285184.5",62.5370303552056,0.741890334707589,0.264251795648077,2.80751293624364,0.00499256745794961,0.0163284740430996,"ENSG00000285184","unchanged",FALSE,FALSE,"Neither_bound","Neither_bound_unchanged"
"ENSG00000204113.6","BMP2KL",78.1670815206172,-0.962718533757596,0.28623644087909,-3.36336816794149,0.00076997601903798,0.0030904579244573,"ENSG00000204113","unchanged",FALSE,FALSE,"Neither_bound","Neither_bound_unchanged"
"ENSG00000125731.13","SH2D3A",25.0715281200239,-0.201679881404794,0.395507356852888,-0.509927003658266,0.610102602798282,0.74604247848575,"ENSG00000125731","unchanged",FALSE,FALSE,"Neither_bound","Neither_bound_unchanged"
"ENSG00000060642.12","PIGV",273.859027869711,0.656859610801357,0.177011822691396,3.71082338351225,0.000206586204556463,0.000937267289484967,"ENSG00000060642","unchanged",FALSE,FALSE,"Neither_bound","Neither_bound_unchanged"
"ENSG00000157870.17","PRXL2B",256.10661717744,-0.0069694582080287,0.177621433416248,-0.0392377095150227,0.968700868928503,0.983439247891283,"ENSG00000157870","unchanged",FALSE,FALSE,"Neither_bound","Neither_bound_unchanged"
"ENSG00000108950.12","FAM20A",298.708474970379,0.978788855072015,0.166945881614554,5.86291105600227,4.54821882192068e-09,4.04011236775632e-08,"ENSG00000108950","unchanged",FALSE,FALSE,"Neither_bound","Neither_bound_unchanged"
"ENSG00000136874.11","STX17",1299.0899338323,-0.395186214296793,0.116951837406771,-3.37905092437577,0.000727365334488756,0.00293364351483188,"ENSG00000136874","unchanged",FALSE,FALSE,"Neither_bound","Neither_bound_unchanged"
"ENSG00000204152.14","TIMM23B",202.911159518914,-0.359059994599898,0.178691516680341,-2.00938467180966,0.0444963545304643,0.105013280472339,"ENSG00000204152","unchanged",FALSE,FALSE,"Neither_bound","Neither_bound_unchanged"
"ENSG00000253659.2","ENSG00000253659.2",6.42829216642072,1.94248866891749,0.849197610460662,2.28744010226754,0.0221701478308042,0.0589861033537053,"ENSG00000253659","unchanged",FALSE,FALSE,"Neither_bound","Neither_bound_unchanged"
"ENSG00000230623.8","ENSG00000230623.8",15.0719596534516,1.20209773170808,0.511827216125779,2.34863972417728,0.0188421282920636,0.0514824174569512,"ENSG00000230623","unchanged",FALSE,FALSE,"Neither_bound","Neither_bound_unchanged"
"ENSG00000100558.9","PLEK2",4.60312580012457,-1.04965179749643,0.858301997993155,-1.22293994415798,0.221352380201814,0.367091716373432,"ENSG00000100558","unchanged",FALSE,FALSE,"Neither_bound","Neither_bound_unchanged"
"ENSG00000283518.1","ENSG00000283518.1",2.63898604165019,2.20894420229762,1.3761048829453,1.60521500190435,0.108446497093961,0.213474189458024,"ENSG00000283518","unchanged",FALSE,FALSE,"Neither_bound","Neither_bound_unchanged"
"ENSG00000249773.3","ENSG00000249773.3",2.29540404940377,-3.13846773559908,1.44247798763735,-2.17574740307796,0.0295741535396366,0.0750221781439331,"ENSG00000249773","unchanged",FALSE,FALSE,"Neither_bound","Neither_bound_unchanged"
"ENSG00000289149.1","ENSG00000289149.1",5.15164618333629,1.26515433933946,0.856778039089815,1.47664188578349,0.139771657668672,0.260014500869955,"ENSG00000289149","unchanged",FALSE,FALSE,"Neither_bound","Neither_bound_unchanged"
"ENSG00000167117.10","ANKRD40CL",16.2731284115265,0.148879970930265,0.471252179668741,0.315924206514902,0.752060038042015,0.849840957739151,"ENSG00000167117","unchanged",FALSE,FALSE,"Neither_bound","Neither_bound_unchanged"
"ENSG00000169239.14","CA5B",123.734161103601,-0.109495446714782,0.204892004364671,-0.53440565948049,0.593060904258327,0.73238903496862,"ENSG00000169239","unchanged",FALSE,FALSE,"Neither_bound","Neither_bound_unchanged"
"ENSG00000285730.1","ENSG00000285730.1",33.0886083593509,-0.55558991375672,0.328901157172655,-1.68923064464947,0.0911752384937198,0.186332982441169,"ENSG00000285730","unchanged",FALSE,FALSE,"Neither_bound","Neither_bound_unchanged"
"ENSG00000238151.1","ENSG00000238151.1",6.66805226093077,0.503497189843485,0.700818748076931,0.718441381919501,0.472485178911718,0.629486058882697,"ENSG00000238151","unchanged",FALSE,FALSE,"Neither_bound","Neither_bound_unchanged"
"ENSG00000211727.3","TRBV7-6",3.22800809766207,2.9425078738595,1.28353626950315,2.29250076041757,0.021876763719412,0.05833615571156,"ENSG00000211727","unchanged",FALSE,FALSE,"Neither_bound","Neither_bound_unchanged"
"ENSG00000235613.2","NSRP1P1",31.8358570925674,-0.652676595449595,0.36378817106323,-1.79411164893581,0.0727953501061063,0.155457843103497,"ENSG00000235613","unchanged",FALSE,FALSE,"Neither_bound","Neither_bound_unchanged"
"ENSG00000188523.9","CFAP77",6.36540322858223,0.190253284045334,0.714816428173638,0.266156843277138,0.790118418617434,0.875281037197828,"ENSG00000188523","unchanged",FALSE,FALSE,"Neither_bound","Neither_bound_unchanged"
"ENSG00000234502.2","ENSG00000234502.2",3.43650126340471,0.416618970025008,1.00734986733301,0.413579217643638,0.679182295901417,0.798894114106909,"ENSG00000234502","unchanged",FALSE,FALSE,"Neither_bound","Neither_bound_unchanged"
"ENSG00000227586.5","ENSG00000227586.5",23.6872702303267,0.964926108515142,0.40222561960209,2.39896729967055,0.0164413828853923,0.0457791319337786,"ENSG00000227586","unchanged",FALSE,FALSE,"Neither_bound","Neither_bound_unchanged"
"ENSG00000233818.1","ENSG00000233818.1",9.68682587754624,0.514788326571439,0.591108809759566,0.870885897946318,0.383816457430801,0.545653996577612,"ENSG00000233818","unchanged",FALSE,FALSE,"Neither_bound","Neither_bound_unchanged"
"ENSG00000223650.1","ENSG00000223650.1",112.828492923946,-0.847264112162644,0.263083572498818,-3.22051317805657,0.00127961309487504,0.00488271148132053,"ENSG00000223650","unchanged",FALSE,FALSE,"Neither_bound","Neither_bound_unchanged"
"ENSG00000165392.11","WRN",523.392204013634,-0.0127799630649217,0.137903869708629,-0.0926729836655338,0.926163360536126,0.960842863315959,"ENSG00000165392","unchanged",FALSE,FALSE,"Neither_bound","Neither_bound_unchanged"
"ENSG00000232875.1","ENSG00000232875.1",18.5452403226732,-0.0851492219275583,0.473237288234277,-0.179929232215119,0.857208125719116,0.91932466020272,"ENSG00000232875","unchanged",FALSE,FALSE,"Neither_bound","Neither_bound_unchanged"
"ENSG00000286579.1","ENSG00000286579.1",18.9950938829252,-0.191516957028693,0.444080991890162,-0.431265828815439,0.666275093677619,0.789039932435288,"ENSG00000286579","unchanged",FALSE,FALSE,"Neither_bound","Neither_bound_unchanged"
"ENSG00000084444.14","FAM234B",276.514691235664,0.572524447958802,0.166994604080158,3.42840088224639,0.000607148193596897,0.00249499272200573,"ENSG00000084444","unchanged",FALSE,FALSE,"Neither_bound","Neither_bound_unchanged"
"ENSG00000188859.7","FAM78B",6.03578498015693,0.377616166368405,0.753266344791592,0.501304975297789,0.616156504314864,0.750837816630217,"ENSG00000188859","unchanged",FALSE,FALSE,"Neither_bound","Neither_bound_unchanged"
"ENSG00000235590.9","GNAS-AS1",21.1305669835701,0.994562628094303,0.421064590036119,2.36201915722476,0.0181757029366856,0.0499225582075958,"ENSG00000235590","unchanged",FALSE,FALSE,"Neither_bound","Neither_bound_unchanged"
"ENSG00000013375.17","PGM3",1034.45153854741,-0.512055147149695,0.13001125314804,-3.93854481632166,8.1977283420901e-05,0.000403156850042155,"ENSG00000013375","unchanged",FALSE,FALSE,"Neither_bound","Neither_bound_unchanged"
"ENSG00000252283.1","ENSG00000252283.1",10.6735598809921,-0.0122936914127603,0.556409111633707,-0.0220946982278275,0.982372415646444,0.99016824240681,"ENSG00000252283","unchanged",FALSE,FALSE,"Neither_bound","Neither_bound_unchanged"
"ENSG00000207199.1","SNORD38D",4.62812254823045,-0.813045674229471,0.830862490260023,-0.978556239763603,0.327799290273553,0.488593396272391,"ENSG00000207199","unchanged",FALSE,FALSE,"Neither_bound","Neither_bound_unchanged"
"ENSG00000144741.19","SLC25A26",723.894255973703,0.767859895794579,0.134414275664857,5.71263648891826,1.11239131821423e-08,9.43699008419105e-08,"ENSG00000144741","unchanged",FALSE,FALSE,"Neither_bound","Neither_bound_unchanged"
"ENSG00000290551.1","ENSG00000290551.1",1.27899422625174,3.39450643364795,1.77261222581879,1.91497406156047,0.0554958116212893,0.125163118594513,"ENSG00000290551","unchanged",FALSE,FALSE,"Neither_bound","Neither_bound_unchanged"
"ENSG00000132522.16","GPS2",34.7394495935892,0.175454015831219,0.371961671866978,0.471699180591824,0.637141522092367,0.766374760001187,"ENSG00000132522","unchanged",FALSE,FALSE,"Neither_bound","Neither_bound_unchanged"
"ENSG00000111837.12","MAK",232.443244687951,-0.484651673658941,0.197049082834462,-2.45954798006388,0.0139112101552905,0.0397055698306787,"ENSG00000111837","unchanged",FALSE,FALSE,"Neither_bound","Neither_bound_unchanged"
"ENSG00000178307.10","TMEM11",550.114342205339,0.583056879044006,0.167827442760914,3.47414504715195,0.000512483918685884,0.00214437715569378,"ENSG00000178307","unchanged",FALSE,FALSE,"Neither_bound","Neither_bound_unchanged"
"ENSG00000222808.1","RNU4-47P",12.2428962607752,-0.357032586815673,0.525508538666185,-0.67940396881442,0.496881935867413,0.651010013019528,"ENSG00000222808","unchanged",FALSE,FALSE,"Neither_bound","Neither_bound_unchanged"
"ENSG00000231760.5","ENSG00000231760.5",20.5732992322762,0.457192722399626,0.452003015085516,1.01148157676145,0.311785994447621,0.471412207753796,"ENSG00000231760","unchanged",FALSE,FALSE,"Neither_bound","Neither_bound_unchanged"
"ENSG00000163214.21","DHX57",891.957297177438,0.148760413633804,0.124080908348081,1.19889848981836,0.23056741904771,0.378389897101779,"ENSG00000163214","unchanged",FALSE,FALSE,"Neither_bound","Neither_bound_unchanged"
"ENSG00000279352.1","ENSG00000279352.1",1.63154325042747,1.09388135091119,1.48518635385174,0.736528010827914,0.461409427403722,0.619174156759358,"ENSG00000279352","unchanged",FALSE,FALSE,"Neither_bound","Neither_bound_unchanged"
"ENSG00000271204.1","ENSG00000271204.1",308.35859677324,-0.838886675291533,0.217262083098777,-3.86117385660036,0.000112843569009083,0.000540554273318364,"ENSG00000271204","unchanged",FALSE,FALSE,"Neither_bound","Neither_bound_unchanged"
"ENSG00000207009.1","ENSG00000207009.1",2.18054213978778,-0.262695414495082,1.28130791806074,-0.205021299558246,0.837555483845926,0.907009141559791,"ENSG00000207009","unchanged",FALSE,FALSE,"Neither_bound","Neither_bound_unchanged"
"ENSG00000235127.1","ENSG00000235127.1",2.07252758971938,2.805037444593,1.56883392431001,1.78797602545896,0.0737798758779468,0.157184823370678,"ENSG00000235127","unchanged",FALSE,FALSE,"Neither_bound","Neither_bound_unchanged"
"ENSG00000277957.1","ENSG00000277957.1",9.27902273034381,-0.0459106666908261,0.613363957370378,-0.0748506105374286,0.940333573338887,0.96843033479744,"ENSG00000277957","unchanged",FALSE,FALSE,"Neither_bound","Neither_bound_unchanged"
"ENSG00000105176.18","URI1",1328.78427542962,0.71271667954478,0.137698970956374,5.17590418137971,2.26809844693093e-07,1.64797364802887e-06,"ENSG00000105176","unchanged",FALSE,FALSE,"Neither_bound","Neither_bound_unchanged"
"ENSG00000198685.4","LINC01565",3.69966936199543,0.35671986722866,1.03024180511557,0.346248682064154,0.729155831720193,0.834219107169805,"ENSG00000198685","unchanged",FALSE,FALSE,"Neither_bound","Neither_bound_unchanged"
"ENSG00000100403.12","ZC3H7B",2149.92012385575,-0.873999406784153,0.123682665385871,-7.06646646122484,1.58928561147945e-12,1.92734215104369e-11,"ENSG00000100403","unchanged",FALSE,FALSE,"Neither_bound","Neither_bound_unchanged"
"ENSG00000134108.14","ARL8B",1775.21620001964,0.696518226089512,0.141630887694305,4.91784128044775,8.75038147501151e-07,5.89630942160665e-06,"ENSG00000134108","unchanged",FALSE,FALSE,"Neither_bound","Neither_bound_unchanged"
"ENSG00000176029.14","C11orf16",13.4513535905974,0.096440303453289,0.520245404369909,0.185374637898228,0.852935199680108,0.91679333152123,"ENSG00000176029","unchanged",FALSE,FALSE,"Neither_bound","Neither_bound_unchanged"
"ENSG00000056586.16","RC3H2",4881.19274522476,0.149141520409551,0.113072207859889,1.31899361684311,0.187171246462185,0.323883489548013,"ENSG00000056586","unchanged",FALSE,FALSE,"Neither_bound","Neither_bound_unchanged"
"ENSG00000182359.15","KBTBD3",70.640346906509,-0.966121367387605,0.241697238625293,-3.99723791998053,6.40858813949e-05,0.000321403989254683,"ENSG00000182359","unchanged",FALSE,FALSE,"Neither_bound","Neither_bound_unchanged"
"ENSG00000079257.8","LXN",47.7117907034942,0.0533040789246591,0.284698906107673,0.187229658355271,0.851480571985613,0.916012417077033,"ENSG00000079257","unchanged",FALSE,FALSE,"Neither_bound","Neither_bound_unchanged"
"ENSG00000258012.1","ENSG00000258012.1",50.257454415858,-0.952178237948164,0.322417190369363,-2.95324897800065,0.0031444823289652,0.0109125230639855,"ENSG00000258012","unchanged",FALSE,FALSE,"Neither_bound","Neither_bound_unchanged"
"ENSG00000140365.16","COMMD4",467.724221656908,0.136801650270035,0.188079743646925,0.727359829492578,0.467005555846714,0.624469845977387,"ENSG00000140365","unchanged",FALSE,FALSE,"Neither_bound","Neither_bound_unchanged"
"ENSG00000224593.1","RPL21P72",32.0716542104734,0.682520058990891,0.370132217805562,1.84398986674927,0.065184616971463,0.142373396944872,"ENSG00000224593","unchanged",FALSE,FALSE,"Neither_bound","Neither_bound_unchanged"
"ENSG00000125910.6","S1PR4",1.88085498683511,1.96883304902793,1.46476106025878,1.34413257045494,0.178905521467557,0.312976399712107,"ENSG00000125910","unchanged",FALSE,FALSE,"Neither_bound","Neither_bound_unchanged"
"ENSG00000237768.2","ENSG00000237768.2",25.4980416013336,-0.849489418653087,0.38925011828984,-2.18237420809349,0.0290819262514993,0.0740354396245919,"ENSG00000237768","unchanged",FALSE,FALSE,"Neither_bound","Neither_bound_unchanged"
"ENSG00000221375.1","RNU6ATAC23P",9.9385721908128,-0.730580438332012,0.658878130753913,-1.10882484063639,0.267505752142878,0.422712848380595,"ENSG00000221375","unchanged",FALSE,FALSE,"Neither_bound","Neither_bound_unchanged"
"ENSG00000212396.1","RNA5SP323",4.64287606859517,-0.0613000399336637,0.864045705460699,-0.0709453672951007,0.943441236436578,0.970031025711036,"ENSG00000212396","unchanged",FALSE,FALSE,"Neither_bound","Neither_bound_unchanged"
"ENSG00000245317.2","MRNIP-DT",13.5503434305269,-1.05020873191046,0.528032051872343,-1.98891095376982,0.0467110325089109,0.109059823785257,"ENSG00000245317","unchanged",FALSE,FALSE,"Neither_bound","Neither_bound_unchanged"
"ENSG00000156453.14","PCDH1",319.991078928433,0.83886360705993,0.177675874650825,4.72131407096486,2.34325777087647e-06,1.48195457011975e-05,"ENSG00000156453","unchanged",FALSE,FALSE,"Neither_bound","Neither_bound_unchanged"
"ENSG00000267412.1","ENSG00000267412.1",4.32058653293951,1.6803133545119,1.02059090950675,1.64641222928782,0.0996789169817238,0.199750137755519,"ENSG00000267412","unchanged",FALSE,FALSE,"Neither_bound","Neither_bound_unchanged"
"ENSG00000278517.1","MIR6865",2.16817724609699,-0.0264414132689887,1.3738563226684,-0.0192461270022998,0.984644760379897,0.991474868695806,"ENSG00000278517","unchanged",FALSE,FALSE,"Neither_bound","Neither_bound_unchanged"
"ENSG00000105426.19","PTPRS",5808.49396958464,-0.107862721828071,0.14285735795654,-0.755037915939096,0.450226232486737,0.608736403499164,"ENSG00000105426","unchanged",FALSE,FALSE,"Neither_bound","Neither_bound_unchanged"
"ENSG00000070985.14","TRPM5",4.91528140454864,0.712363851454147,0.841678795859296,0.846360695978889,0.397351557539084,0.559007567052707,"ENSG00000070985","unchanged",FALSE,FALSE,"Neither_bound","Neither_bound_unchanged"
"ENSG00000270490.1","LETM1P1",5.59496422481175,0.362263685638115,0.791983351557046,0.457413258657396,0.647374036225226,0.77473166937801,"ENSG00000270490","unchanged",FALSE,FALSE,"Neither_bound","Neither_bound_unchanged"
"ENSG00000277562.1","VN1R99P",9.11463785523831,1.49644423548698,0.653115976027577,2.29123814209652,0.0219496440665026,0.058495646449942,"ENSG00000277562","unchanged",FALSE,FALSE,"Neither_bound","Neither_bound_unchanged"
"ENSG00000227619.3","LOC105376292",9.81786595889087,0.665661575066417,0.615883073934563,1.08082459680836,0.279775144948801,0.436656962121893,"ENSG00000227619","unchanged",FALSE,FALSE,"Neither_bound","Neither_bound_unchanged"
"ENSG00000226562.5","CYP4F26P",2.99413466754804,0.204809203562387,1.10549106812279,0.185265362577888,0.853020904363079,0.916819384109914,"ENSG00000226562","unchanged",FALSE,FALSE,"Neither_bound","Neither_bound_unchanged"
"ENSG00000283078.1","ENSG00000283078.1",19.5819118357847,0.864794070671539,0.448536602800747,1.92803455787466,0.05385082787914,0.122228922070123,"ENSG00000283078","unchanged",FALSE,FALSE,"Neither_bound","Neither_bound_unchanged"
"ENSG00000182704.8","TSKU",104.932346600847,0.261249269982072,0.211184638741963,1.23706568592463,0.216062697627626,0.360436976378312,"ENSG00000182704","unchanged",FALSE,FALSE,"Neither_bound","Neither_bound_unchanged"
